snapshot_time,snapshot_label,node_id,position_x,position_y,role,is_failed,is_orphan,parent_gui,cluster_id,num_children,energy_remaining,hop_count,addr,ch_addr
195.000000,Before_T1_Baseline,0,299.84398268804483,185.1910024612609,ROUTER,NO,NO,1,,0,21599.959190,1,"[0,2]",
195.000000,Before_T1_Baseline,1,291.2903844316383,274.3006767325388,ROOT,NO,NO,,0,3,21599.920815,0,"[0,254]","[0,254]"
195.000000,Before_T1_Baseline,2,288.9285774506964,340.4339981094863,ROUTER,NO,NO,1,,0,21599.951508,1,"[0,3]",
195.000000,Before_T1_Baseline,3,296.5319500912085,406.0434434760707,CLUSTER_HEAD,NO,NO,2,3,0,21599.987979,2,"[3,1]","[3,254]"
195.000000,Before_T1_Baseline,4,360.7824473322143,492.5581141021177,ROUTER,NO,NO,13,,0,21599.955313,5,"[24,1]",
195.000000,Before_T1_Baseline,5,367.91709918829287,569.1648823215173,REGISTERED,NO,NO,14,,0,21599.972252,7,"[5,2]",
195.000000,Before_T1_Baseline,6,352.4079665340105,664.5492878578648,UNREGISTERED,NO,NO,,,0,21599.987981,,,
195.000000,Before_T1_Baseline,7,382.4887037301087,744.2326915083939,UNREGISTERED,NO,NO,,,0,21599.971640,,,
195.000000,Before_T1_Baseline,8,379.4091430515301,817.0644939199916,UNREGISTERED,NO,NO,,,0,21599.973153,,,
195.000000,Before_T1_Baseline,9,351.12400325565375,869.1914108340076,UNREGISTERED,NO,NO,,,0,21599.988539,,,
195.000000,Before_T1_Baseline,10,388.670840539026,175.0336926137502,CLUSTER_HEAD,NO,NO,0,1,0,21599.989721,2,"[1,1]","[1,254]"
195.000000,Before_T1_Baseline,11,369.10210290198074,288.18924736088735,ROUTER,NO,NO,1,,0,21599.926566,1,"[0,1]",
195.000000,Before_T1_Baseline,12,376.61202984349086,333.5860857602995,REGISTERED,NO,YES,22,,0,21599.956439,3,"[12,4]",
195.000000,Before_T1_Baseline,13,393.21182623218795,435.88132024084274,CLUSTER_HEAD,NO,NO,23,24,1,21599.956350,4,"[24,1]","[24,254]"
195.000000,Before_T1_Baseline,14,426.6312269368072,526.368384147473,CLUSTER_HEAD,NO,NO,4,5,2,21599.966602,6,"[5,1]","[5,254]"
195.000000,Before_T1_Baseline,15,443.53893714478244,579.753312645143,REGISTERED,NO,NO,14,,0,21599.975511,7,"[5,1]",
195.000000,Before_T1_Baseline,16,441.54849719366985,676.1118822844454,UNREGISTERED,NO,NO,,,0,21599.967745,,,
195.000000,Before_T1_Baseline,17,433.6609522994523,733.0507774777633,UNREGISTERED,NO,NO,,,0,21599.958443,,,
195.000000,Before_T1_Baseline,18,428.42351231786915,809.0596065683781,UNREGISTERED,NO,NO,,,0,21599.956719,,,
195.000000,Before_T1_Baseline,19,413.3044556068666,889.5107155178393,UNREGISTERED,NO,NO,,,0,21599.971665,,,
195.000000,Before_T1_Baseline,20,482.2953568355153,222.1833089845091,REGISTERED,NO,NO,21,,0,21599.943734,4,"[22,3]",
195.000000,Before_T1_Baseline,21,478.7783784943958,258.5316613684891,CLUSTER_HEAD,NO,NO,22,22,3,21599.920510,3,"[12,2]","[22,254]"
195.000000,Before_T1_Baseline,22,441.73491724846247,329.0009384519528,CLUSTER_HEAD,NO,NO,11,12,4,21599.911499,2,"[12,2]","[12,254]"
195.000000,Before_T1_Baseline,23,458.69751636442606,398.45523581462686,ROUTER,NO,NO,22,,0,21599.925765,3,"[12,1]",
195.000000,Before_T1_Baseline,24,511.9003302949405,477.32029189447,REGISTERED,NO,NO,33,,0,21599.963469,5,"[33,1]",
195.000000,Before_T1_Baseline,25,517.0000007495172,581.7945075780798,UNREGISTERED,NO,NO,,,0,21599.978989,,,
195.000000,Before_T1_Baseline,26,492.42351783898073,676.3283129241262,UNREGISTERED,NO,NO,,,0,21599.977680,,,
195.000000,Before_T1_Baseline,27,499.0626031404207,723.2932085737683,UNREGISTERED,NO,NO,,,0,21599.966896,,,
195.000000,Before_T1_Baseline,28,482.34817521778723,804.4247962507183,UNREGISTERED,NO,NO,,,0,21599.968750,,,
195.000000,Before_T1_Baseline,29,489.2929247071711,872.3987072420821,UNREGISTERED,NO,NO,,,0,21599.975478,,,
195.000000,Before_T1_Baseline,30,537.1794862348304,201.23303050622752,ROUTER,NO,NO,21,,0,21599.928030,4,"[22,1]",
195.000000,Before_T1_Baseline,31,523.02796771326,271.5508345546859,REGISTERED,NO,NO,21,,0,21599.927023,4,"[22,2]",
195.000000,Before_T1_Baseline,32,518.6454665015949,325.90097871952514,ROUTER,NO,NO,22,,0,21599.916158,3,"[12,3]",
195.000000,Before_T1_Baseline,33,522.3103078052537,405.3928415665591,CLUSTER_HEAD,NO,YES,32,33,1,21599.961768,4,"[33,1]","[33,254]"
195.000000,Before_T1_Baseline,34,573.4556771716863,533.0321112859832,UNREGISTERED,NO,NO,,,0,21599.965928,,,
195.000000,Before_T1_Baseline,35,566.0100853046647,563.5963199040085,UNREGISTERED,NO,NO,,,0,21599.978958,,,
195.000000,Before_T1_Baseline,36,605.0022421303236,668.5084924994018,UNREGISTERED,NO,NO,,,0,21599.982486,,,
195.000000,Before_T1_Baseline,37,580.8237597534786,727.7000871402527,UNREGISTERED,NO,NO,,,0,21599.968378,,,
195.000000,Before_T1_Baseline,38,571.2958231610007,778.0299222500877,UNREGISTERED,NO,NO,,,0,21599.973680,,,
195.000000,Before_T1_Baseline,39,617.080918925689,873.5739658229493,UNREGISTERED,NO,NO,,,0,21599.988408,,,
195.000000,Before_T1_Baseline,40,575.1484108806133,202.10241670037422,CLUSTER_HEAD,NO,NO,30,31,1,21599.948004,5,"[31,1]","[31,254]"
195.000000,Before_T1_Baseline,41,610.3557282151479,252.31471689396204,REGISTERED,NO,NO,40,,0,21599.955189,6,"[31,1]",
195.000000,Before_T1_Baseline,42,641.3704664381531,365.3979115983206,UNREGISTERED,NO,NO,,,0,21599.983441,,,
195.000000,Before_T1_Baseline,43,627.7229998878051,404.10236557546995,UNREGISTERED,NO,NO,,,0,21599.983726,,,
195.000000,Before_T1_Baseline,44,604.5067311819015,491.355202260328,UNREGISTERED,NO,NO,,,0,21599.963169,,,
195.000000,Before_T1_Baseline,45,639.8210106182687,566.9955759722967,UNREGISTERED,NO,NO,,,0,21599.971411,,,
195.000000,Before_T1_Baseline,46,633.6604449253332,673.8830843422606,UNREGISTERED,NO,NO,,,0,21599.976477,,,
195.000000,Before_T1_Baseline,47,661.8543831007356,761.0914842680075,UNREGISTERED,NO,NO,,,0,21599.964936,,,
195.000000,Before_T1_Baseline,48,694.9938936535937,779.453939119187,UNREGISTERED,NO,NO,,,0,21599.967076,,,
195.000000,Before_T1_Baseline,49,652.4347220547897,859.609507913892,UNREGISTERED,NO,NO,,,0,21599.975429,,,
195.000000,Before_T1_Baseline,50,672.3942720277463,168.434321902835,UNREGISTERED,NO,NO,,,0,21599.993748,,,
195.000000,Before_T1_Baseline,51,714.4149025466832,295.2289437102392,UNREGISTERED,NO,NO,,,0,21599.981829,,,
195.000000,Before_T1_Baseline,52,724.5859085770669,351.074111765282,UNREGISTERED,NO,NO,,,0,21599.978245,,,
195.000000,Before_T1_Baseline,53,727.7140025905433,429.5737199738291,UNREGISTERED,NO,NO,,,0,21599.978982,,,
195.000000,Before_T1_Baseline,54,688.6940550195295,531.6771473298098,UNREGISTERED,NO,NO,,,0,21599.973345,,,
195.000000,Before_T1_Baseline,55,698.8131839976097,562.965811606574,UNREGISTERED,NO,NO,,,0,21599.977873,,,
195.000000,Before_T1_Baseline,56,712.212226776341,667.044229018249,UNREGISTERED,NO,NO,,,0,21599.985494,,,
195.000000,Before_T1_Baseline,57,761.1498749271435,751.9264547384893,UNREGISTERED,NO,NO,,,0,21599.976353,,,
195.000000,Before_T1_Baseline,58,722.8280805245103,778.7569041292918,UNREGISTERED,NO,NO,,,0,21599.959044,,,
195.000000,Before_T1_Baseline,59,729.0983463091471,857.8675543731596,UNREGISTERED,NO,NO,,,0,21599.968489,,,
195.000000,Before_T1_Baseline,60,768.9158594847182,196.2060086996542,UNREGISTERED,NO,NO,,,0,21599.981208,,,
195.000000,Before_T1_Baseline,61,763.497401736886,257.7252476326963,UNREGISTERED,NO,NO,,,0,21599.967386,,,
195.000000,Before_T1_Baseline,62,764.1019348256126,323.9634022554057,UNREGISTERED,NO,NO,,,0,21599.975888,,,
195.000000,Before_T1_Baseline,63,803.6937526222692,419.14580831716245,UNREGISTERED,NO,NO,,,0,21599.974796,,,
195.000000,Before_T1_Baseline,64,756.2482256089158,496.24271759512897,UNREGISTERED,NO,NO,,,0,21599.965401,,,
195.000000,Before_T1_Baseline,65,789.1451940539798,555.7699866092837,UNREGISTERED,NO,NO,,,0,21599.975075,,,
195.000000,Before_T1_Baseline,66,785.5378400805566,664.0001333820411,UNREGISTERED,NO,NO,,,0,21599.981996,,,
195.000000,Before_T1_Baseline,67,812.3223869090717,754.9362062687602,UNREGISTERED,NO,NO,,,0,21599.973780,,,
195.000000,Before_T1_Baseline,68,792.8279931107043,838.3442291074676,UNREGISTERED,NO,NO,,,0,21599.966108,,,
195.000000,Before_T1_Baseline,69,826.5204837453006,882.3333676682533,UNREGISTERED,NO,NO,,,0,21599.987454,,,
195.000000,Before_T1_Baseline,70,819.2870292529333,210.65346116083896,UNREGISTERED,NO,NO,,,0,21599.976688,,,
195.000000,Before_T1_Baseline,71,843.3710593948554,282.65640702292376,UNREGISTERED,NO,NO,,,0,21599.974145,,,
195.000000,Before_T1_Baseline,72,853.0399385612658,322.72681871709284,UNREGISTERED,NO,NO,,,0,21599.970740,,,
195.000000,Before_T1_Baseline,73,847.4528523662768,417.71364256852365,UNREGISTERED,NO,NO,,,0,21599.976316,,,
195.000000,Before_T1_Baseline,74,850.4229535339923,491.8004024076869,UNREGISTERED,NO,NO,,,0,21599.962890,,,
195.000000,Before_T1_Baseline,75,848.1287163093793,555.1281368817013,UNREGISTERED,NO,NO,,,0,21599.979144,,,
195.000000,Before_T1_Baseline,76,887.6745038968746,675.2697823576476,UNREGISTERED,NO,NO,,,0,21599.982089,,,
195.000000,Before_T1_Baseline,77,909.9163440306868,727.5985001413849,UNREGISTERED,NO,NO,,,0,21599.973494,,,
195.000000,Before_T1_Baseline,78,862.5305772485774,789.6746268099105,UNREGISTERED,NO,NO,,,0,21599.980564,,,
195.000000,Before_T1_Baseline,79,917.0905574747093,871.6878207637375,UNREGISTERED,NO,NO,,,0,21599.983082,,,
195.000000,Before_T1_Baseline,80,917.795955104234,170.33145659519425,UNREGISTERED,NO,NO,,,0,21599.988098,,,
195.000000,Before_T1_Baseline,81,946.8865452135002,277.28935313995055,UNREGISTERED,NO,NO,,,0,21599.972532,,,
195.000000,Before_T1_Baseline,82,934.0445743392862,343.7509495641725,UNREGISTERED,NO,NO,,,0,21599.961606,,,
195.000000,Before_T1_Baseline,83,958.3017186380113,421.7531828861063,UNREGISTERED,NO,NO,,,0,21599.976055,,,
195.000000,Before_T1_Baseline,84,928.00628921822,528.9875216650922,UNREGISTERED,NO,NO,,,0,21599.973587,,,
195.000000,Before_T1_Baseline,85,936.0114651670935,566.2318521608157,UNREGISTERED,NO,NO,,,0,21599.984446,,,
195.000000,Before_T1_Baseline,86,962.6796194150663,686.1761530409004,UNREGISTERED,NO,NO,,,0,21599.965047,,,
195.000000,Before_T1_Baseline,87,956.6811462730992,744.0851081130561,UNREGISTERED,NO,NO,,,0,21599.977191,,,
195.000000,Before_T1_Baseline,88,985.6500671215712,805.481766528868,UNREGISTERED,NO,NO,,,0,21599.977191,,,
195.000000,Before_T1_Baseline,89,992.5774581478606,873.1553030235262,UNREGISTERED,NO,NO,,,0,21599.975944,,,
195.000000,Before_T1_Baseline,90,989.0327192088653,231.60860089229863,UNREGISTERED,NO,NO,,,0,21599.978120,,,
195.000000,Before_T1_Baseline,91,985.8849335948341,287.0358579369218,UNREGISTERED,NO,NO,,,0,21599.968954,,,
195.000000,Before_T1_Baseline,92,1001.6632243967489,359.4215143185263,UNREGISTERED,NO,NO,,,0,21599.976756,,,
195.000000,Before_T1_Baseline,93,1033.282098392376,400.10290888078157,UNREGISTERED,NO,NO,,,0,21599.981004,,,
195.000000,Before_T1_Baseline,94,1013.1373601483285,489.64205886732435,UNREGISTERED,NO,NO,,,0,21599.974796,,,
195.000000,Before_T1_Baseline,95,1007.0218830902194,560.9552409644073,UNREGISTERED,NO,NO,,,0,21599.979609,,,
195.000000,Before_T1_Baseline,96,1036.6841918329485,629.868457736494,UNREGISTERED,NO,NO,,,0,21599.983943,,,
195.000000,Before_T1_Baseline,97,1009.9909320039804,723.675538362311,UNREGISTERED,NO,NO,,,0,21599.973897,,,
195.000000,Before_T1_Baseline,98,1016.7150602314451,780.8896686000546,UNREGISTERED,NO,NO,,,0,21599.975385,,,
195.000000,Before_T1_Baseline,99,1083.106315018801,870.8374865629639,UNREGISTERED,NO,NO,,,0,21599.992632,,,
200.000000,At_T1_Failure,0,299.84398268804483,185.1910024612609,ROUTER,NO,NO,1,,0,21599.957690,1,"[0,2]",
200.000000,At_T1_Failure,1,291.2903844316383,274.3006767325388,ROOT,NO,NO,,0,3,21599.918090,0,"[0,254]","[0,254]"
200.000000,At_T1_Failure,2,288.9285774506964,340.4339981094863,ROUTER,NO,NO,1,,0,21599.948531,1,"[0,3]",
200.000000,At_T1_Failure,3,296.5319500912085,406.0434434760707,CLUSTER_HEAD,NO,NO,2,3,0,21599.986002,2,"[3,1]","[3,254]"
200.000000,At_T1_Failure,4,360.7824473322143,492.5581141021177,ROUTER,NO,NO,13,,0,21599.952732,5,"[24,1]",
200.000000,At_T1_Failure,5,367.91709918829287,569.1648823215173,REGISTERED,NO,NO,14,,0,21599.969777,7,"[5,2]",
200.000000,At_T1_Failure,6,352.4079665340105,664.5492878578648,UNREGISTERED,NO,NO,,,0,21599.987981,,,
200.000000,At_T1_Failure,7,382.4887037301087,744.2326915083939,UNREGISTERED,NO,NO,,,0,21599.971640,,,
200.000000,At_T1_Failure,8,379.4091430515301,817.0644939199916,UNREGISTERED,NO,NO,,,0,21599.973153,,,
200.000000,At_T1_Failure,9,351.12400325565375,869.1914108340076,UNREGISTERED,NO,NO,,,0,21599.988539,,,
200.000000,At_T1_Failure,10,388.670840539026,175.0336926137502,CLUSTER_HEAD,NO,NO,0,1,0,21599.988221,2,"[1,1]","[1,254]"
200.000000,At_T1_Failure,11,369.10210290198074,288.18924736088735,ROUTER,NO,NO,1,,0,21599.922029,1,"[0,1]",
200.000000,At_T1_Failure,12,376.61202984349086,333.5860857602995,REGISTERED,NO,YES,22,,0,21599.952660,3,"[12,4]",
200.000000,At_T1_Failure,13,393.21182623218795,435.88132024084274,CLUSTER_HEAD,NO,NO,23,24,1,21599.953441,4,"[24,1]","[24,254]"
200.000000,At_T1_Failure,14,426.6312269368072,526.368384147473,CLUSTER_HEAD,NO,NO,4,5,2,21599.964132,6,"[5,1]","[5,254]"
200.000000,At_T1_Failure,15,443.53893714478244,579.753312645143,REGISTERED,YES,NO,14,,0,21599.972929,7,"[5,1]",
200.000000,At_T1_Failure,16,441.54849719366985,676.1118822844454,UNREGISTERED,NO,NO,,,0,21599.967094,,,
200.000000,At_T1_Failure,17,433.6609522994523,733.0507774777633,UNREGISTERED,NO,NO,,,0,21599.957792,,,
200.000000,At_T1_Failure,18,428.42351231786915,809.0596065683781,UNREGISTERED,NO,NO,,,0,21599.956254,,,
200.000000,At_T1_Failure,19,413.3044556068666,889.5107155178393,UNREGISTERED,NO,NO,,,0,21599.971200,,,
200.000000,At_T1_Failure,20,482.2953568355153,222.1833089845091,REGISTERED,NO,NO,21,,0,21599.940518,4,"[22,3]",
200.000000,At_T1_Failure,21,478.7783784943958,258.5316613684891,CLUSTER_HEAD,NO,NO,22,22,3,21599.915417,3,"[12,2]","[22,254]"
200.000000,At_T1_Failure,22,441.73491724846247,329.0009384519528,CLUSTER_HEAD,NO,NO,11,12,4,21599.905940,2,"[12,2]","[12,254]"
200.000000,At_T1_Failure,23,458.69751636442606,398.45523581462686,ROUTER,NO,NO,22,,0,21599.921041,3,"[12,1]",
200.000000,At_T1_Failure,24,511.9003302949405,477.32029189447,REGISTERED,NO,NO,33,,0,21599.960628,5,"[33,1]",
200.000000,At_T1_Failure,25,517.0000007495172,581.7945075780798,UNREGISTERED,NO,NO,,,0,21599.978105,,,
200.000000,At_T1_Failure,26,492.42351783898073,676.3283129241262,UNREGISTERED,NO,NO,,,0,21599.977060,,,
200.000000,At_T1_Failure,27,499.0626031404207,723.2932085737683,UNREGISTERED,NO,NO,,,0,21599.966257,,,
200.000000,At_T1_Failure,28,482.34817521778723,804.4247962507183,UNREGISTERED,NO,NO,,,0,21599.968099,,,
200.000000,At_T1_Failure,29,489.2929247071711,872.3987072420821,UNREGISTERED,NO,NO,,,0,21599.975044,,,
200.000000,At_T1_Failure,30,537.1794862348304,201.23303050622752,ROUTER,NO,NO,21,,0,21599.924815,4,"[22,1]",
200.000000,At_T1_Failure,31,523.02796771326,271.5508345546859,REGISTERED,NO,NO,21,,0,21599.923208,4,"[22,2]",
200.000000,At_T1_Failure,32,518.6454665015949,325.90097871952514,ROUTER,NO,NO,22,,0,21599.911168,3,"[12,3]",
200.000000,At_T1_Failure,33,522.3103078052537,405.3928415665591,CLUSTER_HEAD,NO,YES,32,33,1,21599.958769,4,"[33,1]","[33,254]"
200.000000,At_T1_Failure,34,573.4556771716863,533.0321112859832,UNREGISTERED,NO,NO,,,0,21599.964065,,,
200.000000,At_T1_Failure,35,566.0100853046647,563.5963199040085,UNREGISTERED,NO,NO,,,0,21599.977470,,,
200.000000,At_T1_Failure,36,605.0022421303236,668.5084924994018,UNREGISTERED,NO,NO,,,0,21599.982486,,,
200.000000,At_T1_Failure,37,580.8237597534786,727.7000871402527,UNREGISTERED,NO,NO,,,0,21599.967634,,,
200.000000,At_T1_Failure,38,571.2958231610007,778.0299222500877,UNREGISTERED,NO,NO,,,0,21599.972936,,,
200.000000,At_T1_Failure,39,617.080918925689,873.5739658229493,UNREGISTERED,NO,NO,,,0,21599.987397,,,
200.000000,At_T1_Failure,40,575.1484108806133,202.10241670037422,CLUSTER_HEAD,NO,NO,30,31,1,21599.945379,5,"[31,1]","[31,254]"
200.000000,At_T1_Failure,41,610.3557282151479,252.31471689396204,REGISTERED,NO,NO,40,,0,21599.952939,6,"[31,1]",
200.000000,At_T1_Failure,42,641.3704664381531,365.3979115983206,UNREGISTERED,NO,NO,,,0,21599.982461,,,
200.000000,At_T1_Failure,43,627.7229998878051,404.10236557546995,UNREGISTERED,NO,NO,,,0,21599.982610,,,
200.000000,At_T1_Failure,44,604.5067311819015,491.355202260328,UNREGISTERED,NO,NO,,,0,21599.961337,,,
200.000000,At_T1_Failure,45,639.8210106182687,566.9955759722967,UNREGISTERED,NO,NO,,,0,21599.969866,,,
200.000000,At_T1_Failure,46,633.6604449253332,673.8830843422606,UNREGISTERED,NO,NO,,,0,21599.975919,,,
200.000000,At_T1_Failure,47,661.8543831007356,761.0914842680075,UNREGISTERED,NO,NO,,,0,21599.964415,,,
200.000000,At_T1_Failure,48,694.9938936535937,779.453939119187,UNREGISTERED,NO,NO,,,0,21599.965680,,,
200.000000,At_T1_Failure,49,652.4347220547897,859.609507913892,UNREGISTERED,NO,NO,,,0,21599.974461,,,
200.000000,At_T1_Failure,50,672.3942720277463,168.434321902835,UNREGISTERED,NO,NO,,,0,21599.992879,,,
200.000000,At_T1_Failure,51,714.4149025466832,295.2289437102392,UNREGISTERED,NO,NO,,,0,21599.980657,,,
200.000000,At_T1_Failure,52,724.5859085770669,351.074111765282,UNREGISTERED,NO,NO,,,0,21599.976688,,,
200.000000,At_T1_Failure,53,727.7140025905433,429.5737199738291,UNREGISTERED,NO,NO,,,0,21599.978610,,,
200.000000,At_T1_Failure,54,688.6940550195295,531.6771473298098,UNREGISTERED,NO,NO,,,0,21599.971795,,,
200.000000,At_T1_Failure,55,698.8131839976097,562.965811606574,UNREGISTERED,NO,NO,,,0,21599.976297,,,
200.000000,At_T1_Failure,56,712.212226776341,667.044229018249,UNREGISTERED,NO,NO,,,0,21599.985029,,,
200.000000,At_T1_Failure,57,761.1498749271435,751.9264547384893,UNREGISTERED,NO,NO,,,0,21599.975330,,,
200.000000,At_T1_Failure,58,722.8280805245103,778.7569041292918,UNREGISTERED,NO,NO,,,0,21599.957928,,,
200.000000,At_T1_Failure,59,729.0983463091471,857.8675543731596,UNREGISTERED,NO,NO,,,0,21599.967094,,,
200.000000,At_T1_Failure,60,768.9158594847182,196.2060086996542,UNREGISTERED,NO,NO,,,0,21599.980228,,,
200.000000,At_T1_Failure,61,763.497401736886,257.7252476326963,UNREGISTERED,NO,NO,,,0,21599.965823,,,
200.000000,At_T1_Failure,62,764.1019348256126,323.9634022554057,UNREGISTERED,NO,NO,,,0,21599.974679,,,
200.000000,At_T1_Failure,63,803.6937526222692,419.14580831716245,UNREGISTERED,NO,NO,,,0,21599.974145,,,
200.000000,At_T1_Failure,64,756.2482256089158,496.24271759512897,UNREGISTERED,NO,NO,,,0,21599.963913,,,
200.000000,At_T1_Failure,65,789.1451940539798,555.7699866092837,UNREGISTERED,NO,NO,,,0,21599.974083,,,
200.000000,At_T1_Failure,66,785.5378400805566,664.0001333820411,UNREGISTERED,NO,NO,,,0,21599.981562,,,
200.000000,At_T1_Failure,67,812.3223869090717,754.9362062687602,UNREGISTERED,NO,NO,,,0,21599.972756,,,
200.000000,At_T1_Failure,68,792.8279931107043,838.3442291074676,UNREGISTERED,NO,NO,,,0,21599.965587,,,
200.000000,At_T1_Failure,69,826.5204837453006,882.3333676682533,UNREGISTERED,NO,NO,,,0,21599.986896,,,
200.000000,At_T1_Failure,70,819.2870292529333,210.65346116083896,UNREGISTERED,NO,NO,,,0,21599.975671,,,
200.000000,At_T1_Failure,71,843.3710593948554,282.65640702292376,UNREGISTERED,NO,NO,,,0,21599.973773,,,
200.000000,At_T1_Failure,72,853.0399385612658,322.72681871709284,UNREGISTERED,NO,NO,,,0,21599.970554,,,
200.000000,At_T1_Failure,73,847.4528523662768,417.71364256852365,UNREGISTERED,NO,NO,,,0,21599.975677,,,
200.000000,At_T1_Failure,74,850.4229535339923,491.8004024076869,UNREGISTERED,NO,NO,,,0,21599.961804,,,
200.000000,At_T1_Failure,75,848.1287163093793,555.1281368817013,UNREGISTERED,NO,NO,,,0,21599.978214,,,
200.000000,At_T1_Failure,76,887.6745038968746,675.2697823576476,UNREGISTERED,NO,NO,,,0,21599.981190,,,
200.000000,At_T1_Failure,77,909.9163440306868,727.5985001413849,UNREGISTERED,NO,NO,,,0,21599.972595,,,
200.000000,At_T1_Failure,78,862.5305772485774,789.6746268099105,UNREGISTERED,NO,NO,,,0,21599.979540,,,
200.000000,At_T1_Failure,79,917.0905574747093,871.6878207637375,UNREGISTERED,NO,NO,,,0,21599.982896,,,
200.000000,At_T1_Failure,80,917.795955104234,170.33145659519425,UNREGISTERED,NO,NO,,,0,21599.987205,,,
200.000000,At_T1_Failure,81,946.8865452135002,277.28935313995055,UNREGISTERED,NO,NO,,,0,21599.972160,,,
200.000000,At_T1_Failure,82,934.0445743392862,343.7509495641725,UNREGISTERED,NO,NO,,,0,21599.960489,,,
200.000000,At_T1_Failure,83,958.3017186380113,421.7531828861063,UNREGISTERED,NO,NO,,,0,21599.974610,,,
200.000000,At_T1_Failure,84,928.00628921822,528.9875216650922,UNREGISTERED,NO,NO,,,0,21599.973122,,,
200.000000,At_T1_Failure,85,936.0114651670935,566.2318521608157,UNREGISTERED,NO,NO,,,0,21599.984446,,,
200.000000,At_T1_Failure,86,962.6796194150663,686.1761530409004,UNREGISTERED,NO,NO,,,0,21599.963373,,,
200.000000,At_T1_Failure,87,956.6811462730992,744.0851081130561,UNREGISTERED,NO,NO,,,0,21599.976446,,,
200.000000,At_T1_Failure,88,985.6500671215712,805.481766528868,UNREGISTERED,NO,NO,,,0,21599.976725,,,
200.000000,At_T1_Failure,89,992.5774581478606,873.1553030235262,UNREGISTERED,NO,NO,,,0,21599.975770,,,
200.000000,At_T1_Failure,90,989.0327192088653,231.60860089229863,UNREGISTERED,NO,NO,,,0,21599.977215,,,
200.000000,At_T1_Failure,91,985.8849335948341,287.0358579369218,UNREGISTERED,NO,NO,,,0,21599.968117,,,
200.000000,At_T1_Failure,92,1001.6632243967489,359.4215143185263,UNREGISTERED,NO,NO,,,0,21599.975299,,,
200.000000,At_T1_Failure,93,1033.282098392376,400.10290888078157,UNREGISTERED,NO,NO,,,0,21599.979540,,,
200.000000,At_T1_Failure,94,1013.1373601483285,489.64205886732435,UNREGISTERED,NO,NO,,,0,21599.973773,,,
200.000000,At_T1_Failure,95,1007.0218830902194,560.9552409644073,UNREGISTERED,NO,NO,,,0,21599.979144,,,
200.000000,At_T1_Failure,96,1036.6841918329485,629.868457736494,UNREGISTERED,NO,NO,,,0,21599.983509,,,
200.000000,At_T1_Failure,97,1009.9909320039804,723.675538362311,UNREGISTERED,NO,NO,,,0,21599.973637,,,
200.000000,At_T1_Failure,98,1016.7150602314451,780.8896686000546,UNREGISTERED,NO,NO,,,0,21599.974920,,,
200.000000,At_T1_Failure,99,1083.106315018801,870.8374865629639,UNREGISTERED,NO,NO,,,0,21599.992446,,,
205.000000,T1-T2_After_Failure,0,299.84398268804483,185.1910024612609,ROUTER,NO,NO,1,,0,21599.955096,1,"[0,2]",
205.000000,T1-T2_After_Failure,1,291.2903844316383,274.3006767325388,ROOT,NO,NO,,0,3,21599.915202,0,"[0,254]","[0,254]"
205.000000,T1-T2_After_Failure,2,288.9285774506964,340.4339981094863,ROUTER,NO,NO,1,,0,21599.945985,1,"[0,3]",
205.000000,T1-T2_After_Failure,3,296.5319500912085,406.0434434760707,CLUSTER_HEAD,NO,NO,2,3,0,21599.984294,2,"[3,1]","[3,254]"
205.000000,T1-T2_After_Failure,4,360.7824473322143,492.5581141021177,ROUTER,NO,NO,13,,0,21599.949944,5,"[24,1]",
205.000000,T1-T2_After_Failure,5,367.91709918829287,569.1648823215173,REGISTERED,NO,NO,14,,0,21599.967643,7,"[5,2]",
205.000000,T1-T2_After_Failure,6,352.4079665340105,664.5492878578648,UNREGISTERED,NO,NO,,,0,21599.986710,,,
205.000000,T1-T2_After_Failure,7,382.4887037301087,744.2326915083939,UNREGISTERED,NO,NO,,,0,21599.969234,,,
205.000000,T1-T2_After_Failure,8,379.4091430515301,817.0644939199916,UNREGISTERED,NO,NO,,,0,21599.971764,,,
205.000000,T1-T2_After_Failure,9,351.12400325565375,869.1914108340076,UNREGISTERED,NO,NO,,,0,21599.987733,,,
205.000000,T1-T2_After_Failure,10,388.670840539026,175.0336926137502,CLUSTER_HEAD,NO,NO,0,1,0,21599.985957,2,"[1,1]","[1,254]"
205.000000,T1-T2_After_Failure,11,369.10210290198074,288.18924736088735,ROUTER,NO,NO,1,,0,21599.918290,1,"[0,1]",
205.000000,T1-T2_After_Failure,12,376.61202984349086,333.5860857602995,REGISTERED,NO,YES,22,,0,21599.949745,3,"[12,4]",
205.000000,T1-T2_After_Failure,13,393.21182623218795,435.88132024084274,CLUSTER_HEAD,NO,NO,23,24,1,21599.950576,4,"[24,1]","[24,254]"
205.000000,T1-T2_After_Failure,14,426.6312269368072,526.368384147473,CLUSTER_HEAD,NO,NO,4,5,2,21599.962008,6,"[5,1]","[5,254]"
205.000000,T1-T2_After_Failure,15,443.53893714478244,579.753312645143,REGISTERED,YES,NO,14,,0,21599.972929,7,"[5,1]",
205.000000,T1-T2_After_Failure,16,441.54849719366985,676.1118822844454,UNREGISTERED,NO,NO,,,0,21599.964719,,,
205.000000,T1-T2_After_Failure,17,433.6609522994523,733.0507774777633,UNREGISTERED,NO,NO,,,0,21599.955510,,,
205.000000,T1-T2_After_Failure,18,428.42351231786915,809.0596065683781,UNREGISTERED,NO,NO,,,0,21599.954232,,,
205.000000,T1-T2_After_Failure,19,413.3044556068666,889.5107155178393,UNREGISTERED,NO,NO,,,0,21599.969544,,,
205.000000,T1-T2_After_Failure,20,482.2953568355153,222.1833089845091,REGISTERED,NO,NO,21,,0,21599.934636,4,"[22,3]",
205.000000,T1-T2_After_Failure,21,478.7783784943958,258.5316613684891,CLUSTER_HEAD,NO,NO,22,22,3,21599.908765,3,"[12,2]","[22,254]"
205.000000,T1-T2_After_Failure,22,441.73491724846247,329.0009384519528,CLUSTER_HEAD,NO,NO,11,12,4,21599.900144,2,"[12,2]","[12,254]"
205.000000,T1-T2_After_Failure,23,458.69751636442606,398.45523581462686,ROUTER,NO,NO,22,,0,21599.916331,3,"[12,1]",
205.000000,T1-T2_After_Failure,24,511.9003302949405,477.32029189447,REGISTERED,NO,NO,33,,0,21599.957774,5,"[33,1]",
205.000000,T1-T2_After_Failure,25,517.0000007495172,581.7945075780798,UNREGISTERED,NO,NO,,,0,21599.977361,,,
205.000000,T1-T2_After_Failure,26,492.42351783898073,676.3283129241262,UNREGISTERED,NO,NO,,,0,21599.975292,,,
205.000000,T1-T2_After_Failure,27,499.0626031404207,723.2932085737683,UNREGISTERED,NO,NO,,,0,21599.964056,,,
205.000000,T1-T2_After_Failure,28,482.34817521778723,804.4247962507183,UNREGISTERED,NO,NO,,,0,21599.966145,,,
205.000000,T1-T2_After_Failure,29,489.2929247071711,872.3987072420821,UNREGISTERED,NO,NO,,,0,21599.973959,,,
205.000000,T1-T2_After_Failure,30,537.1794862348304,201.23303050622752,ROUTER,NO,NO,21,,0,21599.918414,4,"[22,1]",
205.000000,T1-T2_After_Failure,31,523.02796771326,271.5508345546859,REGISTERED,NO,NO,21,,0,21599.916365,4,"[22,2]",
205.000000,T1-T2_After_Failure,32,518.6454665015949,325.90097871952514,ROUTER,NO,NO,22,,0,21599.905557,3,"[12,3]",
205.000000,T1-T2_After_Failure,33,522.3103078052537,405.3928415665591,CLUSTER_HEAD,NO,YES,32,33,1,21599.955509,4,"[33,1]","[33,254]"
205.000000,T1-T2_After_Failure,34,573.4556771716863,533.0321112859832,UNREGISTERED,NO,NO,,,0,21599.963039,,,
205.000000,T1-T2_After_Failure,35,566.0100853046647,563.5963199040085,UNREGISTERED,NO,NO,,,0,21599.976756,,,
205.000000,T1-T2_After_Failure,36,605.0022421303236,668.5084924994018,UNREGISTERED,NO,NO,,,0,21599.981754,,,
205.000000,T1-T2_After_Failure,37,580.8237597534786,727.7000871402527,UNREGISTERED,NO,NO,,,0,21599.966455,,,
205.000000,T1-T2_After_Failure,38,571.2958231610007,778.0299222500877,UNREGISTERED,NO,NO,,,0,21599.972006,,,
205.000000,T1-T2_After_Failure,39,617.080918925689,873.5739658229493,UNREGISTERED,NO,NO,,,0,21599.986963,,,
205.000000,T1-T2_After_Failure,40,575.1484108806133,202.10241670037422,CLUSTER_HEAD,NO,NO,30,31,1,21599.940142,5,"[31,1]","[31,254]"
205.000000,T1-T2_After_Failure,41,610.3557282151479,252.31471689396204,REGISTERED,NO,NO,40,,0,21599.948395,6,"[31,1]",
205.000000,T1-T2_After_Failure,42,641.3704664381531,365.3979115983206,UNREGISTERED,NO,NO,,,0,21599.981996,,,
205.000000,T1-T2_After_Failure,43,627.7229998878051,404.10236557546995,UNREGISTERED,NO,NO,,,0,21599.982610,,,
205.000000,T1-T2_After_Failure,44,604.5067311819015,491.355202260328,UNREGISTERED,NO,NO,,,0,21599.959362,,,
205.000000,T1-T2_After_Failure,45,639.8210106182687,566.9955759722967,UNREGISTERED,NO,NO,,,0,21599.967727,,,
205.000000,T1-T2_After_Failure,46,633.6604449253332,673.8830843422606,UNREGISTERED,NO,NO,,,0,21599.975181,,,
205.000000,T1-T2_After_Failure,47,661.8543831007356,761.0914842680075,UNREGISTERED,NO,NO,,,0,21599.963764,,,
205.000000,T1-T2_After_Failure,48,694.9938936535937,779.453939119187,UNREGISTERED,NO,NO,,,0,21599.965587,,,
205.000000,T1-T2_After_Failure,49,652.4347220547897,859.609507913892,UNREGISTERED,NO,NO,,,0,21599.973996,,,
205.000000,T1-T2_After_Failure,50,672.3942720277463,168.434321902835,UNREGISTERED,NO,NO,,,0,21599.992879,,,
205.000000,T1-T2_After_Failure,51,714.4149025466832,295.2289437102392,UNREGISTERED,NO,NO,,,0,21599.979727,,,
205.000000,T1-T2_After_Failure,52,724.5859085770669,351.074111765282,UNREGISTERED,NO,NO,,,0,21599.975789,,,
205.000000,T1-T2_After_Failure,53,727.7140025905433,429.5737199738291,UNREGISTERED,NO,NO,,,0,21599.977711,,,
205.000000,T1-T2_After_Failure,54,688.6940550195295,531.6771473298098,UNREGISTERED,NO,NO,,,0,21599.970461,,,
205.000000,T1-T2_After_Failure,55,698.8131839976097,562.965811606574,UNREGISTERED,NO,NO,,,0,21599.974933,,,
205.000000,T1-T2_After_Failure,56,712.212226776341,667.044229018249,UNREGISTERED,NO,NO,,,0,21599.984564,,,
205.000000,T1-T2_After_Failure,57,761.1498749271435,751.9264547384893,UNREGISTERED,NO,NO,,,0,21599.974400,,,
205.000000,T1-T2_After_Failure,58,722.8280805245103,778.7569041292918,UNREGISTERED,NO,NO,,,0,21599.957376,,,
205.000000,T1-T2_After_Failure,59,729.0983463091471,857.8675543731596,UNREGISTERED,NO,NO,,,0,21599.967001,,,
205.000000,T1-T2_After_Failure,60,768.9158594847182,196.2060086996542,UNREGISTERED,NO,NO,,,0,21599.979298,,,
205.000000,T1-T2_After_Failure,61,763.497401736886,257.7252476326963,UNREGISTERED,NO,NO,,,0,21599.964458,,,
205.000000,T1-T2_After_Failure,62,764.1019348256126,323.9634022554057,UNREGISTERED,NO,NO,,,0,21599.973284,,,
205.000000,T1-T2_After_Failure,63,803.6937526222692,419.14580831716245,UNREGISTERED,NO,NO,,,0,21599.973215,,,
205.000000,T1-T2_After_Failure,64,756.2482256089158,496.24271759512897,UNREGISTERED,NO,NO,,,0,21599.962053,,,
205.000000,T1-T2_After_Failure,65,789.1451940539798,555.7699866092837,UNREGISTERED,NO,NO,,,0,21599.973153,,,
205.000000,T1-T2_After_Failure,66,785.5378400805566,664.0001333820411,UNREGISTERED,NO,NO,,,0,21599.980750,,,
205.000000,T1-T2_After_Failure,67,812.3223869090717,754.9362062687602,UNREGISTERED,NO,NO,,,0,21599.971857,,,
205.000000,T1-T2_After_Failure,68,792.8279931107043,838.3442291074676,UNREGISTERED,NO,NO,,,0,21599.964657,,,
205.000000,T1-T2_After_Failure,69,826.5204837453006,882.3333676682533,UNREGISTERED,NO,NO,,,0,21599.986269,,,
205.000000,T1-T2_After_Failure,70,819.2870292529333,210.65346116083896,UNREGISTERED,NO,NO,,,0,21599.974306,,,
205.000000,T1-T2_After_Failure,71,843.3710593948554,282.65640702292376,UNREGISTERED,NO,NO,,,0,21599.972409,,,
205.000000,T1-T2_After_Failure,72,853.0399385612658,322.72681871709284,UNREGISTERED,NO,NO,,,0,21599.968973,,,
205.000000,T1-T2_After_Failure,73,847.4528523662768,417.71364256852365,UNREGISTERED,NO,NO,,,0,21599.975243,,,
205.000000,T1-T2_After_Failure,74,850.4229535339923,491.8004024076869,UNREGISTERED,NO,NO,,,0,21599.960874,,,
205.000000,T1-T2_After_Failure,75,848.1287163093793,555.1281368817013,UNREGISTERED,NO,NO,,,0,21599.977314,,,
205.000000,T1-T2_After_Failure,76,887.6745038968746,675.2697823576476,UNREGISTERED,NO,NO,,,0,21599.980321,,,
205.000000,T1-T2_After_Failure,77,909.9163440306868,727.5985001413849,UNREGISTERED,NO,NO,,,0,21599.971665,,,
205.000000,T1-T2_After_Failure,78,862.5305772485774,789.6746268099105,UNREGISTERED,NO,NO,,,0,21599.979075,,,
205.000000,T1-T2_After_Failure,79,917.0905574747093,871.6878207637375,UNREGISTERED,NO,NO,,,0,21599.981333,,,
205.000000,T1-T2_After_Failure,80,917.795955104234,170.33145659519425,UNREGISTERED,NO,NO,,,0,21599.987205,,,
205.000000,T1-T2_After_Failure,81,946.8865452135002,277.28935313995055,UNREGISTERED,NO,NO,,,0,21599.970511,,,
205.000000,T1-T2_After_Failure,82,934.0445743392862,343.7509495641725,UNREGISTERED,NO,NO,,,0,21599.958393,,,
205.000000,T1-T2_After_Failure,83,958.3017186380113,421.7531828861063,UNREGISTERED,NO,NO,,,0,21599.973029,,,
205.000000,T1-T2_After_Failure,84,928.00628921822,528.9875216650922,UNREGISTERED,NO,NO,,,0,21599.971262,,,
205.000000,T1-T2_After_Failure,85,936.0114651670935,566.2318521608157,UNREGISTERED,NO,NO,,,0,21599.983082,,,
205.000000,T1-T2_After_Failure,86,962.6796194150663,686.1761530409004,UNREGISTERED,NO,NO,,,0,21599.961513,,,
205.000000,T1-T2_After_Failure,87,956.6811462730992,744.0851081130561,UNREGISTERED,NO,NO,,,0,21599.975423,,,
205.000000,T1-T2_After_Failure,88,985.6500671215712,805.481766528868,UNREGISTERED,NO,NO,,,0,21599.974989,,,
205.000000,T1-T2_After_Failure,89,992.5774581478606,873.1553030235262,UNREGISTERED,NO,NO,,,0,21599.974033,,,
205.000000,T1-T2_After_Failure,90,989.0327192088653,231.60860089229863,UNREGISTERED,NO,NO,,,0,21599.976192,,,
205.000000,T1-T2_After_Failure,91,985.8849335948341,287.0358579369218,UNREGISTERED,NO,NO,,,0,21599.966021,,,
205.000000,T1-T2_After_Failure,92,1001.6632243967489,359.4215143185263,UNREGISTERED,NO,NO,,,0,21599.973562,,,
205.000000,T1-T2_After_Failure,93,1033.282098392376,400.10290888078157,UNREGISTERED,NO,NO,,,0,21599.978610,,,
205.000000,T1-T2_After_Failure,94,1013.1373601483285,489.64205886732435,UNREGISTERED,NO,NO,,,0,21599.972874,,,
205.000000,T1-T2_After_Failure,95,1007.0218830902194,560.9552409644073,UNREGISTERED,NO,NO,,,0,21599.977314,,,
205.000000,T1-T2_After_Failure,96,1036.6841918329485,629.868457736494,UNREGISTERED,NO,NO,,,0,21599.982610,,,
205.000000,T1-T2_After_Failure,97,1009.9909320039804,723.675538362311,UNREGISTERED,NO,NO,,,0,21599.972644,,,
205.000000,T1-T2_After_Failure,98,1016.7150602314451,780.8896686000546,UNREGISTERED,NO,NO,,,0,21599.973438,,,
205.000000,T1-T2_After_Failure,99,1083.106315018801,870.8374865629639,UNREGISTERED,NO,NO,,,0,21599.991547,,,
265.783302,T2-T3_Recovery_In_Progress,0,299.84398268804483,185.1910024612609,ROUTER,NO,NO,1,,0,21599.930992,1,"[0,2]",
265.783302,T2-T3_Recovery_In_Progress,1,291.2903844316383,274.3006767325388,ROOT,NO,NO,,0,3,21599.881641,0,"[0,254]","[0,254]"
265.783302,T2-T3_Recovery_In_Progress,2,288.9285774506964,340.4339981094863,ROUTER,NO,NO,1,,0,21599.916777,1,"[0,3]",
265.783302,T2-T3_Recovery_In_Progress,3,296.5319500912085,406.0434434760707,CLUSTER_HEAD,NO,NO,2,3,0,21599.962862,2,"[3,1]","[3,254]"
265.783302,T2-T3_Recovery_In_Progress,4,360.7824473322143,492.5581141021177,ROUTER,NO,NO,13,,0,21599.909287,5,"[24,1]",
265.783302,T2-T3_Recovery_In_Progress,5,367.91709918829287,569.1648823215173,REGISTERED,NO,NO,14,,0,21599.933484,7,"[5,2]",
265.783302,T2-T3_Recovery_In_Progress,6,352.4079665340105,664.5492878578648,UNREGISTERED,NO,NO,,,0,21599.976787,,,
265.783302,T2-T3_Recovery_In_Progress,7,382.4887037301087,744.2326915083939,UNREGISTERED,NO,NO,,,0,21599.948601,,,
265.783302,T2-T3_Recovery_In_Progress,8,379.4091430515301,817.0644939199916,UNREGISTERED,NO,NO,,,0,21599.955528,,,
265.783302,T2-T3_Recovery_In_Progress,9,351.12400325565375,869.1914108340076,UNREGISTERED,NO,NO,,,0,21599.977996,,,
265.783302,T2-T3_Recovery_In_Progress,10,388.670840539026,175.0336926137502,CLUSTER_HEAD,NO,NO,0,1,0,21599.964837,2,"[1,1]","[1,254]"
265.783302,T2-T3_Recovery_In_Progress,11,369.10210290198074,288.18924736088735,ROUTER,NO,NO,1,,0,21599.876149,1,"[0,1]",
265.783302,T2-T3_Recovery_In_Progress,12,376.61202984349086,333.5860857602995,REGISTERED,NO,YES,22,,0,21599.917398,3,"[12,4]",
265.783302,T2-T3_Recovery_In_Progress,13,393.21182623218795,435.88132024084274,CLUSTER_HEAD,NO,NO,23,24,1,21599.914550,4,"[24,1]","[24,254]"
265.783302,T2-T3_Recovery_In_Progress,14,426.6312269368072,526.368384147473,CLUSTER_HEAD,NO,NO,4,5,2,21599.929645,6,"[5,1]","[5,254]"
265.783302,T2-T3_Recovery_In_Progress,15,443.53893714478244,579.753312645143,REGISTERED,YES,NO,14,,0,21599.972929,7,"[5,1]",
265.783302,T2-T3_Recovery_In_Progress,16,441.54849719366985,676.1118822844454,UNREGISTERED,NO,NO,,,0,21599.944880,,,
265.783302,T2-T3_Recovery_In_Progress,17,433.6609522994523,733.0507774777633,UNREGISTERED,NO,NO,,,0,21599.932880,,,
265.783302,T2-T3_Recovery_In_Progress,18,428.42351231786915,809.0596065683781,UNREGISTERED,NO,NO,,,0,21599.931485,,,
265.783302,T2-T3_Recovery_In_Progress,19,413.3044556068666,889.5107155178393,UNREGISTERED,NO,NO,,,0,21599.953016,,,
265.783302,T2-T3_Recovery_In_Progress,20,482.2953568355153,222.1833089845091,REGISTERED,NO,NO,21,,0,21599.869604,4,"[22,3]",
265.783302,T2-T3_Recovery_In_Progress,21,478.7783784943958,258.5316613684891,CLUSTER_HEAD,NO,NO,22,22,3,21599.839924,3,"[12,2]","[22,254]"
265.783302,T2-T3_Recovery_In_Progress,22,441.73491724846247,329.0009384519528,CLUSTER_HEAD,NO,NO,11,12,4,21599.838949,2,"[12,2]","[12,254]"
265.783302,T2-T3_Recovery_In_Progress,23,458.69751636442606,398.45523581462686,ROUTER,NO,NO,22,,0,21599.854526,3,"[12,1]",
265.783302,T2-T3_Recovery_In_Progress,24,511.9003302949405,477.32029189447,ROUTER,NO,NO,33,,0,21599.904725,5,"[33,1]",
265.783302,T2-T3_Recovery_In_Progress,25,517.0000007495172,581.7945075780798,REGISTERED,NO,NO,34,,0,21599.954002,7,"[25,2]",
265.783302,T2-T3_Recovery_In_Progress,26,492.42351783898073,676.3283129241262,UNREGISTERED,NO,NO,,,0,21599.961760,,,
265.783302,T2-T3_Recovery_In_Progress,27,499.0626031404207,723.2932085737683,UNREGISTERED,NO,NO,,,0,21599.941346,,,
265.783302,T2-T3_Recovery_In_Progress,28,482.34817521778723,804.4247962507183,UNREGISTERED,NO,NO,,,0,21599.947528,,,
265.783302,T2-T3_Recovery_In_Progress,29,489.2929247071711,872.3987072420821,UNREGISTERED,NO,NO,,,0,21599.961531,,,
265.783302,T2-T3_Recovery_In_Progress,30,537.1794862348304,201.23303050622752,ROUTER,NO,NO,21,,0,21599.844793,4,"[22,1]",
265.783302,T2-T3_Recovery_In_Progress,31,523.02796771326,271.5508345546859,REGISTERED,NO,NO,21,,0,21599.835669,4,"[22,2]",
265.783302,T2-T3_Recovery_In_Progress,32,518.6454665015949,325.90097871952514,ROUTER,NO,NO,22,,0,21599.836627,3,"[12,3]",
265.783302,T2-T3_Recovery_In_Progress,33,522.3103078052537,405.3928415665591,CLUSTER_HEAD,NO,YES,32,33,1,21599.909068,4,"[33,1]","[33,254]"
265.783302,T2-T3_Recovery_In_Progress,34,573.4556771716863,533.0321112859832,CLUSTER_HEAD,NO,NO,24,25,4,21599.917601,6,"[25,1]","[25,254]"
265.783302,T2-T3_Recovery_In_Progress,35,566.0100853046647,563.5963199040085,REGISTERED,NO,NO,34,,0,21599.942431,7,"[25,4]",
265.783302,T2-T3_Recovery_In_Progress,36,605.0022421303236,668.5084924994018,UNREGISTERED,NO,NO,,,0,21599.971670,,,
265.783302,T2-T3_Recovery_In_Progress,37,580.8237597534786,727.7000871402527,UNREGISTERED,NO,NO,,,0,21599.947993,,,
265.783302,T2-T3_Recovery_In_Progress,38,571.2958231610007,778.0299222500877,UNREGISTERED,NO,NO,,,0,21599.957692,,,
265.783302,T2-T3_Recovery_In_Progress,39,617.080918925689,873.5739658229493,UNREGISTERED,NO,NO,,,0,21599.981574,,,
265.783302,T2-T3_Recovery_In_Progress,40,575.1484108806133,202.10241670037422,CLUSTER_HEAD,NO,NO,30,31,1,21599.880257,5,"[31,1]","[31,254]"
265.783302,T2-T3_Recovery_In_Progress,41,610.3557282151479,252.31471689396204,REGISTERED,NO,NO,40,,0,21599.893295,6,"[31,1]",
265.783302,T2-T3_Recovery_In_Progress,42,641.3704664381531,365.3979115983206,UNREGISTERED,NO,NO,,,0,21599.973623,,,
265.783302,T2-T3_Recovery_In_Progress,43,627.7229998878051,404.10236557546995,UNREGISTERED,NO,NO,,,0,21599.970601,,,
265.783302,T2-T3_Recovery_In_Progress,44,604.5067311819015,491.355202260328,REGISTERED,NO,NO,34,,0,21599.915382,7,"[25,3]",
265.783302,T2-T3_Recovery_In_Progress,45,639.8210106182687,566.9955759722967,CLUSTER_HEAD,NO,NO,34,46,1,21599.931302,7,"[25,1]","[46,254]"
265.783302,T2-T3_Recovery_In_Progress,46,633.6604449253332,673.8830843422606,UNREGISTERED,NO,NO,,,0,21599.959578,,,
265.783302,T2-T3_Recovery_In_Progress,47,661.8543831007356,761.0914842680075,UNREGISTERED,NO,NO,,,0,21599.944415,,,
265.783302,T2-T3_Recovery_In_Progress,48,694.9938936535937,779.453939119187,UNREGISTERED,NO,NO,,,0,21599.945717,,,
265.783302,T2-T3_Recovery_In_Progress,49,652.4347220547897,859.609507913892,UNREGISTERED,NO,NO,,,0,21599.960873,,,
265.783302,T2-T3_Recovery_In_Progress,50,672.3942720277463,168.434321902835,UNREGISTERED,NO,NO,,,0,21599.990361,,,
265.783302,T2-T3_Recovery_In_Progress,51,714.4149025466832,295.2289437102392,UNREGISTERED,NO,NO,,,0,21599.968545,,,
265.783302,T2-T3_Recovery_In_Progress,52,724.5859085770669,351.074111765282,UNREGISTERED,NO,NO,,,0,21599.961066,,,
265.783302,T2-T3_Recovery_In_Progress,53,727.7140025905433,429.5737199738291,UNREGISTERED,NO,NO,,,0,21599.966132,,,
265.783302,T2-T3_Recovery_In_Progress,54,688.6940550195295,531.6771473298098,REGISTERED,NO,NO,45,,0,21599.950035,8,"[46,1]",
265.783302,T2-T3_Recovery_In_Progress,55,698.8131839976097,562.965811606574,UNREGISTERED,NO,NO,,,0,21599.957504,,,
265.783302,T2-T3_Recovery_In_Progress,56,712.212226776341,667.044229018249,UNREGISTERED,NO,NO,,,0,21599.976371,,,
265.783302,T2-T3_Recovery_In_Progress,57,761.1498749271435,751.9264547384893,UNREGISTERED,NO,NO,,,0,21599.956564,,,
265.783302,T2-T3_Recovery_In_Progress,58,722.8280805245103,778.7569041292918,UNREGISTERED,NO,NO,,,0,21599.934926,,,
265.783302,T2-T3_Recovery_In_Progress,59,729.0983463091471,857.8675543731596,UNREGISTERED,NO,NO,,,0,21599.950641,,,
265.783302,T2-T3_Recovery_In_Progress,60,768.9158594847182,196.2060086996542,UNREGISTERED,NO,NO,,,0,21599.970926,,,
265.783302,T2-T3_Recovery_In_Progress,61,763.497401736886,257.7252476326963,UNREGISTERED,NO,NO,,,0,21599.946412,,,
265.783302,T2-T3_Recovery_In_Progress,62,764.1019348256126,323.9634022554057,UNREGISTERED,NO,NO,,,0,21599.955479,,,
265.783302,T2-T3_Recovery_In_Progress,63,803.6937526222692,419.14580831716245,UNREGISTERED,NO,NO,,,0,21599.957587,,,
265.783302,T2-T3_Recovery_In_Progress,64,756.2482256089158,496.24271759512897,UNREGISTERED,NO,NO,,,0,21599.940898,,,
265.783302,T2-T3_Recovery_In_Progress,65,789.1451940539798,555.7699866092837,UNREGISTERED,NO,NO,,,0,21599.957388,,,
265.783302,T2-T3_Recovery_In_Progress,66,785.5378400805566,664.0001333820411,UNREGISTERED,NO,NO,,,0,21599.969754,,,
265.783302,T2-T3_Recovery_In_Progress,67,812.3223869090717,754.9362062687602,UNREGISTERED,NO,NO,,,0,21599.954648,,,
265.783302,T2-T3_Recovery_In_Progress,68,792.8279931107043,838.3442291074676,UNREGISTERED,NO,NO,,,0,21599.942685,,,
265.783302,T2-T3_Recovery_In_Progress,69,826.5204837453006,882.3333676682533,UNREGISTERED,NO,NO,,,0,21599.978089,,,
265.783302,T2-T3_Recovery_In_Progress,70,819.2870292529333,210.65346116083896,UNREGISTERED,NO,NO,,,0,21599.962411,,,
265.783302,T2-T3_Recovery_In_Progress,71,843.3710593948554,282.65640702292376,UNREGISTERED,NO,NO,,,0,21599.956551,,,
265.783302,T2-T3_Recovery_In_Progress,72,853.0399385612658,322.72681871709284,UNREGISTERED,NO,NO,,,0,21599.952253,,,
265.783302,T2-T3_Recovery_In_Progress,73,847.4528523662768,417.71364256852365,UNREGISTERED,NO,NO,,,0,21599.963063,,,
265.783302,T2-T3_Recovery_In_Progress,74,850.4229535339923,491.8004024076869,UNREGISTERED,NO,NO,,,0,21599.939156,,,
265.783302,T2-T3_Recovery_In_Progress,75,848.1287163093793,555.1281368817013,UNREGISTERED,NO,NO,,,0,21599.961060,,,
265.783302,T2-T3_Recovery_In_Progress,76,887.6745038968746,675.2697823576476,UNREGISTERED,NO,NO,,,0,21599.970740,,,
265.783302,T2-T3_Recovery_In_Progress,77,909.9163440306868,727.5985001413849,UNREGISTERED,NO,NO,,,0,21599.956551,,,
265.783302,T2-T3_Recovery_In_Progress,78,862.5305772485774,789.6746268099105,UNREGISTERED,NO,NO,,,0,21599.967720,,,
265.783302,T2-T3_Recovery_In_Progress,79,917.0905574747093,871.6878207637375,UNREGISTERED,NO,NO,,,0,21599.969531,,,
265.783302,T2-T3_Recovery_In_Progress,80,917.795955104234,170.33145659519425,UNREGISTERED,NO,NO,,,0,21599.982001,,,
265.783302,T2-T3_Recovery_In_Progress,81,946.8865452135002,277.28935313995055,UNREGISTERED,NO,NO,,,0,21599.957251,,,
265.783302,T2-T3_Recovery_In_Progress,82,934.0445743392862,343.7509495641725,UNREGISTERED,NO,NO,,,0,21599.939106,,,
265.783302,T2-T3_Recovery_In_Progress,83,958.3017186380113,421.7531828861063,UNREGISTERED,NO,NO,,,0,21599.957941,,,
265.783302,T2-T3_Recovery_In_Progress,84,928.00628921822,528.9875216650922,UNREGISTERED,NO,NO,,,0,21599.951832,,,
265.783302,T2-T3_Recovery_In_Progress,85,936.0114651670935,566.2318521608157,UNREGISTERED,NO,NO,,,0,21599.970740,,,
265.783302,T2-T3_Recovery_In_Progress,86,962.6796194150663,686.1761530409004,UNREGISTERED,NO,NO,,,0,21599.942951,,,
265.783302,T2-T3_Recovery_In_Progress,87,956.6811462730992,744.0851081130561,UNREGISTERED,NO,NO,,,0,21599.956266,,,
265.783302,T2-T3_Recovery_In_Progress,88,985.6500671215712,805.481766528868,UNREGISTERED,NO,NO,,,0,21599.956973,,,
265.783302,T2-T3_Recovery_In_Progress,89,992.5774581478606,873.1553030235262,UNREGISTERED,NO,NO,,,0,21599.958505,,,
265.783302,T2-T3_Recovery_In_Progress,90,989.0327192088653,231.60860089229863,UNREGISTERED,NO,NO,,,0,21599.963708,,,
265.783302,T2-T3_Recovery_In_Progress,91,985.8849335948341,287.0358579369218,UNREGISTERED,NO,NO,,,0,21599.949903,,,
265.783302,T2-T3_Recovery_In_Progress,92,1001.6632243967489,359.4215143185263,UNREGISTERED,NO,NO,,,0,21599.958220,,,
265.783302,T2-T3_Recovery_In_Progress,93,1033.282098392376,400.10290888078157,UNREGISTERED,NO,NO,,,0,21599.967249,,,
265.783302,T2-T3_Recovery_In_Progress,94,1013.1373601483285,489.64205886732435,UNREGISTERED,NO,NO,,,0,21599.958319,,,
265.783302,T2-T3_Recovery_In_Progress,95,1007.0218830902194,560.9552409644073,UNREGISTERED,NO,NO,,,0,21599.961246,,,
265.783302,T2-T3_Recovery_In_Progress,96,1036.6841918329485,629.868457736494,UNREGISTERED,NO,NO,,,0,21599.972879,,,
265.783302,T2-T3_Recovery_In_Progress,97,1009.9909320039804,723.675538362311,UNREGISTERED,NO,NO,,,0,21599.957016,,,
265.783302,T2-T3_Recovery_In_Progress,98,1016.7150602314451,780.8896686000546,UNREGISTERED,NO,NO,,,0,21599.958412,,,
265.783302,T2-T3_Recovery_In_Progress,99,1083.106315018801,870.8374865629639,UNREGISTERED,NO,NO,,,0,21599.985710,,,
331.566605,At_T3_After_Recovery_Node_15,0,299.84398268804483,185.1910024612609,ROUTER,NO,NO,1,,0,21599.905614,1,"[0,2]",
331.566605,At_T3_After_Recovery_Node_15,1,291.2903844316383,274.3006767325388,ROOT,NO,NO,,0,3,21599.844177,0,"[0,254]","[0,254]"
331.566605,At_T3_After_Recovery_Node_15,2,288.9285774506964,340.4339981094863,ROUTER,NO,NO,1,,0,21599.883182,1,"[0,3]",
331.566605,At_T3_After_Recovery_Node_15,3,296.5319500912085,406.0434434760707,CLUSTER_HEAD,NO,NO,2,3,0,21599.939321,2,"[3,1]","[3,254]"
331.566605,At_T3_After_Recovery_Node_15,4,360.7824473322143,492.5581141021177,ROUTER,NO,NO,13,,0,21599.865350,5,"[24,1]",
331.566605,At_T3_After_Recovery_Node_15,5,367.91709918829287,569.1648823215173,REGISTERED,NO,NO,14,,0,21599.896386,7,"[5,2]",
331.566605,At_T3_After_Recovery_Node_15,6,352.4079665340105,664.5492878578648,UNREGISTERED,NO,NO,,,0,21599.967205,,,
331.566605,At_T3_After_Recovery_Node_15,7,382.4887037301087,744.2326915083939,UNREGISTERED,NO,NO,,,0,21599.927541,,,
331.566605,At_T3_After_Recovery_Node_15,8,379.4091430515301,817.0644939199916,UNREGISTERED,NO,NO,,,0,21599.937363,,,
331.566605,At_T3_After_Recovery_Node_15,9,351.12400325565375,869.1914108340076,UNREGISTERED,NO,NO,,,0,21599.967577,,,
331.566605,At_T3_After_Recovery_Node_15,10,388.670840539026,175.0336926137502,CLUSTER_HEAD,NO,NO,0,1,0,21599.942218,2,"[1,1]","[1,254]"
331.566605,At_T3_After_Recovery_Node_15,11,369.10210290198074,288.18924736088735,ROUTER,NO,NO,1,,0,21599.828845,1,"[0,1]",
331.566605,At_T3_After_Recovery_Node_15,12,376.61202984349086,333.5860857602995,REGISTERED,NO,YES,22,,0,21599.880940,3,"[12,4]",
331.566605,At_T3_After_Recovery_Node_15,13,393.21182623218795,435.88132024084274,CLUSTER_HEAD,NO,NO,23,24,1,21599.875769,4,"[24,1]","[24,254]"
331.566605,At_T3_After_Recovery_Node_15,14,426.6312269368072,526.368384147473,CLUSTER_HEAD,NO,NO,4,5,2,21599.894505,6,"[5,1]","[5,254]"
331.566605,At_T3_After_Recovery_Node_15,15,443.53893714478244,579.753312645143,UNDISCOVERED,NO,NO,,,0,21599.972929,,,
331.566605,At_T3_After_Recovery_Node_15,16,441.54849719366985,676.1118822844454,UNREGISTERED,NO,NO,,,0,21599.923987,,,
331.566605,At_T3_After_Recovery_Node_15,17,433.6609522994523,733.0507774777633,UNREGISTERED,NO,NO,,,0,21599.906883,,,
331.566605,At_T3_After_Recovery_Node_15,18,428.42351231786915,809.0596065683781,UNREGISTERED,NO,NO,,,0,21599.904787,,,
331.566605,At_T3_After_Recovery_Node_15,19,413.3044556068666,889.5107155178393,UNREGISTERED,NO,NO,,,0,21599.934399,,,
331.566605,At_T3_After_Recovery_Node_15,20,482.2953568355153,222.1833089845091,REGISTERED,NO,NO,21,,0,21599.809237,4,"[22,3]",
331.566605,At_T3_After_Recovery_Node_15,21,478.7783784943958,258.5316613684891,CLUSTER_HEAD,NO,NO,22,22,3,21599.775094,3,"[12,2]","[22,254]"
331.566605,At_T3_After_Recovery_Node_15,22,441.73491724846247,329.0009384519528,CLUSTER_HEAD,NO,NO,11,12,4,21599.775611,2,"[12,2]","[12,254]"
331.566605,At_T3_After_Recovery_Node_15,23,458.69751636442606,398.45523581462686,ROUTER,NO,NO,22,,0,21599.792494,3,"[12,1]",
331.566605,At_T3_After_Recovery_Node_15,24,511.9003302949405,477.32029189447,ROUTER,NO,NO,33,,0,21599.842451,5,"[33,1]",
331.566605,At_T3_After_Recovery_Node_15,25,517.0000007495172,581.7945075780798,REGISTERED,NO,NO,34,,0,21599.912437,7,"[25,2]",
331.566605,At_T3_After_Recovery_Node_15,26,492.42351783898073,676.3283129241262,UNREGISTERED,NO,NO,,,0,21599.947292,,,
331.566605,At_T3_After_Recovery_Node_15,27,499.0626031404207,723.2932085737683,UNREGISTERED,NO,NO,,,0,21599.916056,,,
331.566605,At_T3_After_Recovery_Node_15,28,482.34817521778723,804.4247962507183,UNREGISTERED,NO,NO,,,0,21599.923776,,,
331.566605,At_T3_After_Recovery_Node_15,29,489.2929247071711,872.3987072420821,UNREGISTERED,NO,NO,,,0,21599.945803,,,
331.566605,At_T3_After_Recovery_Node_15,30,537.1794862348304,201.23303050622752,ROUTER,NO,NO,21,,0,21599.778465,4,"[22,1]",
331.566605,At_T3_After_Recovery_Node_15,31,523.02796771326,271.5508345546859,REGISTERED,NO,NO,21,,0,21599.763218,4,"[22,2]",
331.566605,At_T3_After_Recovery_Node_15,32,518.6454665015949,325.90097871952514,ROUTER,NO,NO,22,,0,21599.769471,3,"[12,3]",
331.566605,At_T3_After_Recovery_Node_15,33,522.3103078052537,405.3928415665591,CLUSTER_HEAD,NO,YES,32,33,1,21599.863273,4,"[33,1]","[33,254]"
331.566605,At_T3_After_Recovery_Node_15,34,573.4556771716863,533.0321112859832,CLUSTER_HEAD,NO,NO,24,25,4,21599.848321,6,"[25,1]","[25,254]"
331.566605,At_T3_After_Recovery_Node_15,35,566.0100853046647,563.5963199040085,REGISTERED,NO,NO,34,,0,21599.879122,7,"[25,4]",
331.566605,At_T3_After_Recovery_Node_15,36,605.0022421303236,668.5084924994018,UNREGISTERED,NO,NO,,,0,21599.961337,,,
331.566605,At_T3_After_Recovery_Node_15,37,580.8237597534786,727.7000871402527,UNREGISTERED,NO,NO,,,0,21599.925128,,,
331.566605,At_T3_After_Recovery_Node_15,38,571.2958231610007,778.0299222500877,UNREGISTERED,NO,NO,,,0,21599.938709,,,
331.566605,At_T3_After_Recovery_Node_15,39,617.080918925689,873.5739658229493,UNREGISTERED,NO,NO,,,0,21599.973052,,,
331.566605,At_T3_After_Recovery_Node_15,40,575.1484108806133,202.10241670037422,CLUSTER_HEAD,NO,NO,30,31,1,21599.826917,5,"[31,1]","[31,254]"
331.566605,At_T3_After_Recovery_Node_15,41,610.3557282151479,252.31471689396204,REGISTERED,NO,NO,40,,0,21599.844161,6,"[31,1]",
331.566605,At_T3_After_Recovery_Node_15,42,641.3704664381531,365.3979115983206,REGISTERED,NO,NO,52,,0,21599.948023,12,"[65,1]",
331.566605,At_T3_After_Recovery_Node_15,43,627.7229998878051,404.10236557546995,CLUSTER_HEAD,NO,NO,44,45,0,21599.949510,8,"[45,1]","[45,254]"
331.566605,At_T3_After_Recovery_Node_15,44,604.5067311819015,491.355202260328,ROUTER,NO,NO,34,,0,21599.838493,7,"[25,3]",
331.566605,At_T3_After_Recovery_Node_15,45,639.8210106182687,566.9955759722967,ROUTER,NO,NO,34,,0,21599.854678,7,"[25,1]",
331.566605,At_T3_After_Recovery_Node_15,46,633.6604449253332,673.8830843422606,UNREGISTERED,NO,NO,,,0,21599.941574,,,
331.566605,At_T3_After_Recovery_Node_15,47,661.8543831007356,761.0914842680075,UNREGISTERED,NO,NO,,,0,21599.922356,,,
331.566605,At_T3_After_Recovery_Node_15,48,694.9938936535937,779.453939119187,UNREGISTERED,NO,NO,,,0,21599.923454,,,
331.566605,At_T3_After_Recovery_Node_15,49,652.4347220547897,859.609507913892,UNREGISTERED,NO,NO,,,0,21599.945239,,,
331.566605,At_T3_After_Recovery_Node_15,50,672.3942720277463,168.434321902835,UNREGISTERED,NO,NO,,,0,21599.986540,,,
331.566605,At_T3_After_Recovery_Node_15,51,714.4149025466832,295.2289437102392,REGISTERED,NO,NO,52,,0,21599.933750,12,"[65,2]",
331.566605,At_T3_After_Recovery_Node_15,52,724.5859085770669,351.074111765282,CLUSTER_HEAD,NO,NO,53,65,3,21599.917989,11,"[65,1]","[65,254]"
331.566605,At_T3_After_Recovery_Node_15,53,727.7140025905433,429.5737199738291,ROUTER,NO,NO,64,,0,21599.923190,10,"[65,2]",
331.566605,At_T3_After_Recovery_Node_15,54,688.6940550195295,531.6771473298098,CLUSTER_HEAD,NO,NO,45,46,2,21599.881412,8,"[46,1]","[46,254]"
331.566605,At_T3_After_Recovery_Node_15,55,698.8131839976097,562.965811606574,REGISTERED,NO,NO,54,,0,21599.894129,9,"[46,1]",
331.566605,At_T3_After_Recovery_Node_15,56,712.212226776341,667.044229018249,UNREGISTERED,NO,NO,,,0,21599.965729,,,
331.566605,At_T3_After_Recovery_Node_15,57,761.1498749271435,751.9264547384893,UNREGISTERED,NO,NO,,,0,21599.933717,,,
331.566605,At_T3_After_Recovery_Node_15,58,722.8280805245103,778.7569041292918,UNREGISTERED,NO,NO,,,0,21599.908588,,,
331.566605,At_T3_After_Recovery_Node_15,59,729.0983463091471,857.8675543731596,UNREGISTERED,NO,NO,,,0,21599.931887,,,
331.566605,At_T3_After_Recovery_Node_15,60,768.9158594847182,196.2060086996542,UNREGISTERED,NO,NO,,,0,21599.957524,,,
331.566605,At_T3_After_Recovery_Node_15,61,763.497401736886,257.7252476326963,UNREGISTERED,NO,NO,,,0,21599.917065,,,
331.566605,At_T3_After_Recovery_Node_15,62,764.1019348256126,323.9634022554057,REGISTERED,NO,NO,52,,0,21599.916649,12,"[65,3]",
331.566605,At_T3_After_Recovery_Node_15,63,803.6937526222692,419.14580831716245,REGISTERED,NO,NO,74,,0,21599.920834,12,"[66,4]",
331.566605,At_T3_After_Recovery_Node_15,64,756.2482256089158,496.24271759512897,ROUTER,NO,NO,54,,0,21599.868485,9,"[46,2]",
331.566605,At_T3_After_Recovery_Node_15,65,789.1451940539798,555.7699866092837,ROUTER,NO,NO,64,,0,21599.903617,10,"[65,1]",
331.566605,At_T3_After_Recovery_Node_15,66,785.5378400805566,664.0001333820411,UNREGISTERED,NO,NO,,,0,21599.954845,,,
331.566605,At_T3_After_Recovery_Node_15,67,812.3223869090717,754.9362062687602,UNREGISTERED,NO,NO,,,0,21599.931962,,,
331.566605,At_T3_After_Recovery_Node_15,68,792.8279931107043,838.3442291074676,UNREGISTERED,NO,NO,,,0,21599.916707,,,
331.566605,At_T3_After_Recovery_Node_15,69,826.5204837453006,882.3333676682533,UNREGISTERED,NO,NO,,,0,21599.967267,,,
331.566605,At_T3_After_Recovery_Node_15,70,819.2870292529333,210.65346116083896,UNREGISTERED,NO,NO,,,0,21599.945989,,,
331.566605,At_T3_After_Recovery_Node_15,71,843.3710593948554,282.65640702292376,UNREGISTERED,NO,NO,,,0,21599.933572,,,
331.566605,At_T3_After_Recovery_Node_15,72,853.0399385612658,322.72681871709284,UNREGISTERED,NO,NO,,,0,21599.930471,,,
331.566605,At_T3_After_Recovery_Node_15,73,847.4528523662768,417.71364256852365,REGISTERED,NO,NO,74,,0,21599.937362,12,"[66,2]",
331.566605,At_T3_After_Recovery_Node_15,74,850.4229535339923,491.8004024076869,CLUSTER_HEAD,NO,NO,65,66,4,21599.886595,11,"[66,1]","[66,254]"
331.566605,At_T3_After_Recovery_Node_15,75,848.1287163093793,555.1281368817013,CLUSTER_HEAD,NO,NO,74,76,0,21599.925542,12,"[66,1]","[76,254]"
331.566605,At_T3_After_Recovery_Node_15,76,887.6745038968746,675.2697823576476,UNREGISTERED,NO,NO,,,0,21599.959198,,,
331.566605,At_T3_After_Recovery_Node_15,77,909.9163440306868,727.5985001413849,UNREGISTERED,NO,NO,,,0,21599.937711,,,
331.566605,At_T3_After_Recovery_Node_15,78,862.5305772485774,789.6746268099105,UNREGISTERED,NO,NO,,,0,21599.952706,,,
331.566605,At_T3_After_Recovery_Node_15,79,917.0905574747093,871.6878207637375,UNREGISTERED,NO,NO,,,0,21599.954976,,,
331.566605,At_T3_After_Recovery_Node_15,80,917.795955104234,170.33145659519425,UNREGISTERED,NO,NO,,,0,21599.974540,,,
331.566605,At_T3_After_Recovery_Node_15,81,946.8865452135002,277.28935313995055,UNREGISTERED,NO,NO,,,0,21599.941778,,,
331.566605,At_T3_After_Recovery_Node_15,82,934.0445743392862,343.7509495641725,UNREGISTERED,NO,NO,,,0,21599.916080,,,
331.566605,At_T3_After_Recovery_Node_15,83,958.3017186380113,421.7531828861063,UNREGISTERED,NO,NO,,,0,21599.940148,,,
331.566605,At_T3_After_Recovery_Node_15,84,928.00628921822,528.9875216650922,REGISTERED,NO,NO,74,,0,21599.920459,12,"[66,3]",
331.566605,At_T3_After_Recovery_Node_15,85,936.0114651670935,566.2318521608157,UNREGISTERED,NO,NO,,,0,21599.955580,,,
331.566605,At_T3_After_Recovery_Node_15,86,962.6796194150663,686.1761530409004,UNREGISTERED,NO,NO,,,0,21599.918957,,,
331.566605,At_T3_After_Recovery_Node_15,87,956.6811462730992,744.0851081130561,UNREGISTERED,NO,NO,,,0,21599.933903,,,
331.566605,At_T3_After_Recovery_Node_15,88,985.6500671215712,805.481766528868,UNREGISTERED,NO,NO,,,0,21599.933997,,,
331.566605,At_T3_After_Recovery_Node_15,89,992.5774581478606,873.1553030235262,UNREGISTERED,NO,NO,,,0,21599.941239,,,
331.566605,At_T3_After_Recovery_Node_15,90,989.0327192088653,231.60860089229863,UNREGISTERED,NO,NO,,,0,21599.947683,,,
331.566605,At_T3_After_Recovery_Node_15,91,985.8849335948341,287.0358579369218,UNREGISTERED,NO,NO,,,0,21599.930504,,,
331.566605,At_T3_After_Recovery_Node_15,92,1001.6632243967489,359.4215143185263,UNREGISTERED,NO,NO,,,0,21599.940241,,,
331.566605,At_T3_After_Recovery_Node_15,93,1033.282098392376,400.10290888078157,UNREGISTERED,NO,NO,,,0,21599.952892,,,
331.566605,At_T3_After_Recovery_Node_15,94,1013.1373601483285,489.64205886732435,UNREGISTERED,NO,NO,,,0,21599.939764,,,
331.566605,At_T3_After_Recovery_Node_15,95,1007.0218830902194,560.9552409644073,UNREGISTERED,NO,NO,,,0,21599.943318,,,
331.566605,At_T3_After_Recovery_Node_15,96,1036.6841918329485,629.868457736494,UNREGISTERED,NO,NO,,,0,21599.961896,,,
331.566605,At_T3_After_Recovery_Node_15,97,1009.9909320039804,723.675538362311,UNREGISTERED,NO,NO,,,0,21599.938169,,,
331.566605,At_T3_After_Recovery_Node_15,98,1016.7150602314451,780.8896686000546,UNREGISTERED,NO,NO,,,0,21599.939031,,,
331.566605,At_T3_After_Recovery_Node_15,99,1083.106315018801,870.8374865629639,UNREGISTERED,NO,NO,,,0,21599.978361,,,
345.000000,At_T1_Failure,0,299.84398268804483,185.1910024612609,ROUTER,NO,NO,1,,0,21599.899681,1,"[0,2]",
345.000000,At_T1_Failure,1,291.2903844316383,274.3006767325388,ROOT,NO,NO,,0,3,21599.837098,0,"[0,254]","[0,254]"
345.000000,At_T1_Failure,2,288.9285774506964,340.4339981094863,ROUTER,NO,NO,1,,0,21599.877365,1,"[0,3]",
345.000000,At_T1_Failure,3,296.5319500912085,406.0434434760707,CLUSTER_HEAD,NO,NO,2,3,0,21599.935096,2,"[3,1]","[3,254]"
345.000000,At_T1_Failure,4,360.7824473322143,492.5581141021177,ROUTER,NO,NO,13,,0,21599.855538,5,"[24,1]",
345.000000,At_T1_Failure,5,367.91709918829287,569.1648823215173,REGISTERED,NO,NO,14,,0,21599.888711,7,"[5,2]",
345.000000,At_T1_Failure,6,352.4079665340105,664.5492878578648,UNREGISTERED,NO,NO,,,0,21599.963217,,,
345.000000,At_T1_Failure,7,382.4887037301087,744.2326915083939,UNREGISTERED,NO,NO,,,0,21599.919962,,,
345.000000,At_T1_Failure,8,379.4091430515301,817.0644939199916,UNREGISTERED,NO,NO,,,0,21599.932315,,,
345.000000,At_T1_Failure,9,351.12400325565375,869.1914108340076,UNREGISTERED,NO,NO,,,0,21599.964240,,,
345.000000,At_T1_Failure,10,388.670840539026,175.0336926137502,CLUSTER_HEAD,NO,NO,0,1,0,21599.937520,2,"[1,1]","[1,254]"
345.000000,At_T1_Failure,11,369.10210290198074,288.18924736088735,ROUTER,NO,NO,1,,0,21599.819874,1,"[0,1]",
345.000000,At_T1_Failure,12,376.61202984349086,333.5860857602995,REGISTERED,NO,YES,22,,0,21599.874234,3,"[12,4]",
345.000000,At_T1_Failure,13,393.21182623218795,435.88132024084274,CLUSTER_HEAD,NO,NO,23,24,1,21599.866856,4,"[24,1]","[24,254]"
345.000000,At_T1_Failure,14,426.6312269368072,526.368384147473,CLUSTER_HEAD,NO,NO,4,5,2,21599.887154,6,"[5,1]","[5,254]"
345.000000,At_T1_Failure,15,443.53893714478244,579.753312645143,UNREGISTERED,NO,NO,,,0,21599.968991,,,
345.000000,At_T1_Failure,16,441.54849719366985,676.1118822844454,UNREGISTERED,NO,NO,,,0,21599.917034,,,
345.000000,At_T1_Failure,17,433.6609522994523,733.0507774777633,UNREGISTERED,NO,NO,,,0,21599.899733,,,
345.000000,At_T1_Failure,18,428.42351231786915,809.0596065683781,UNREGISTERED,NO,NO,,,0,21599.898895,,,
345.000000,At_T1_Failure,19,413.3044556068666,889.5107155178393,UNREGISTERED,NO,NO,,,0,21599.930083,,,
345.000000,At_T1_Failure,20,482.2953568355153,222.1833089845091,REGISTERED,NO,NO,21,,0,21599.790522,4,"[22,3]",
345.000000,At_T1_Failure,21,478.7783784943958,258.5316613684891,CLUSTER_HEAD,NO,NO,22,22,3,21599.755791,3,"[12,2]","[22,254]"
345.000000,At_T1_Failure,22,441.73491724846247,329.0009384519528,CLUSTER_HEAD,NO,NO,11,12,4,21599.759198,2,"[12,2]","[12,254]"
345.000000,At_T1_Failure,23,458.69751636442606,398.45523581462686,ROUTER,NO,NO,22,,0,21599.774708,3,"[12,1]",
345.000000,At_T1_Failure,24,511.9003302949405,477.32029189447,ROUTER,NO,NO,33,,0,21599.825958,5,"[33,1]",
345.000000,At_T1_Failure,25,517.0000007495172,581.7945075780798,REGISTERED,NO,NO,34,,0,21599.903119,7,"[25,2]",
345.000000,At_T1_Failure,26,492.42351783898073,676.3283129241262,UNREGISTERED,NO,NO,,,0,21599.942640,,,
345.000000,At_T1_Failure,27,499.0626031404207,723.2932085737683,UNREGISTERED,NO,NO,,,0,21599.908335,,,
345.000000,At_T1_Failure,28,482.34817521778723,804.4247962507183,UNREGISTERED,NO,NO,,,0,21599.920111,,,
345.000000,At_T1_Failure,29,489.2929247071711,872.3987072420821,UNREGISTERED,NO,NO,,,0,21599.943199,,,
345.000000,At_T1_Failure,30,537.1794862348304,201.23303050622752,ROUTER,NO,NO,21,,0,21599.756658,4,"[22,1]",
345.000000,At_T1_Failure,31,523.02796771326,271.5508345546859,REGISTERED,NO,NO,21,,0,21599.738648,4,"[22,2]",
345.000000,At_T1_Failure,32,518.6454665015949,325.90097871952514,ROUTER,NO,NO,22,,0,21599.748771,3,"[12,3]",
345.000000,At_T1_Failure,33,522.3103078052537,405.3928415665591,CLUSTER_HEAD,NO,YES,32,33,1,21599.849481,4,"[33,1]","[33,254]"
345.000000,At_T1_Failure,34,573.4556771716863,533.0321112859832,CLUSTER_HEAD,NO,NO,24,25,4,21599.832578,6,"[25,1]","[25,254]"
345.000000,At_T1_Failure,35,566.0100853046647,563.5963199040085,REGISTERED,NO,NO,34,,0,21599.865377,7,"[25,4]",
345.000000,At_T1_Failure,36,605.0022421303236,668.5084924994018,UNREGISTERED,NO,NO,,,0,21599.957684,,,
345.000000,At_T1_Failure,37,580.8237597534786,727.7000871402527,UNREGISTERED,NO,NO,,,0,21599.920222,,,
345.000000,At_T1_Failure,38,571.2958231610007,778.0299222500877,UNREGISTERED,NO,NO,,,0,21599.934827,,,
345.000000,At_T1_Failure,39,617.080918925689,873.5739658229493,UNREGISTERED,NO,NO,,,0,21599.972122,,,
345.000000,At_T1_Failure,40,575.1484108806133,202.10241670037422,CLUSTER_HEAD,NO,NO,30,31,1,21599.809605,5,"[31,1]","[31,254]"
345.000000,At_T1_Failure,41,610.3557282151479,252.31471689396204,REGISTERED,NO,NO,40,,0,21599.828165,6,"[31,1]",
345.000000,At_T1_Failure,42,641.3704664381531,365.3979115983206,REGISTERED,NO,NO,52,,0,21599.940290,12,"[65,1]",
345.000000,At_T1_Failure,43,627.7229998878051,404.10236557546995,CLUSTER_HEAD,NO,NO,44,45,0,21599.940947,8,"[45,1]","[45,254]"
345.000000,At_T1_Failure,44,604.5067311819015,491.355202260328,ROUTER,NO,NO,34,,0,21599.822178,7,"[25,3]",
345.000000,At_T1_Failure,45,639.8210106182687,566.9955759722967,ROUTER,NO,NO,34,,0,21599.839986,7,"[25,1]",
345.000000,At_T1_Failure,46,633.6604449253332,673.8830843422606,UNREGISTERED,NO,NO,,,0,21599.936148,,,
345.000000,At_T1_Failure,47,661.8543831007356,761.0914842680075,UNREGISTERED,NO,NO,,,0,21599.916557,,,
345.000000,At_T1_Failure,48,694.9938936535937,779.453939119187,UNREGISTERED,NO,NO,,,0,21599.918015,,,
345.000000,At_T1_Failure,49,652.4347220547897,859.609507913892,UNREGISTERED,NO,NO,,,0,21599.942696,,,
345.000000,At_T1_Failure,50,672.3942720277463,168.434321902835,UNREGISTERED,NO,NO,,,0,21599.985672,,,
345.000000,At_T1_Failure,51,714.4149025466832,295.2289437102392,REGISTERED,NO,NO,52,,0,21599.924012,12,"[65,2]",
345.000000,At_T1_Failure,52,724.5859085770669,351.074111765282,CLUSTER_HEAD,NO,NO,53,65,3,21599.906152,11,"[65,1]","[65,254]"
345.000000,At_T1_Failure,53,727.7140025905433,429.5737199738291,ROUTER,NO,NO,64,,0,21599.911153,10,"[65,2]",
345.000000,At_T1_Failure,54,688.6940550195295,531.6771473298098,CLUSTER_HEAD,NO,NO,45,46,2,21599.868773,8,"[46,1]","[46,254]"
345.000000,At_T1_Failure,55,698.8131839976097,562.965811606574,REGISTERED,NO,NO,54,,0,21599.880951,9,"[46,1]",
345.000000,At_T1_Failure,56,712.212226776341,667.044229018249,UNREGISTERED,NO,NO,,,0,21599.963273,,,
345.000000,At_T1_Failure,57,761.1498749271435,751.9264547384893,UNREGISTERED,NO,NO,,,0,21599.929587,,,
345.000000,At_T1_Failure,58,722.8280805245103,778.7569041292918,UNREGISTERED,NO,NO,,,0,21599.903360,,,
345.000000,At_T1_Failure,59,729.0983463091471,857.8675543731596,UNREGISTERED,NO,NO,,,0,21599.927484,,,
345.000000,At_T1_Failure,60,768.9158594847182,196.2060086996542,UNREGISTERED,NO,NO,,,0,21599.956742,,,
345.000000,At_T1_Failure,61,763.497401736886,257.7252476326963,UNREGISTERED,NO,NO,,,0,21599.911305,,,
345.000000,At_T1_Failure,62,764.1019348256126,323.9634022554057,CLUSTER_HEAD,NO,NO,52,63,1,21599.905028,12,"[65,3]","[63,254]"
345.000000,At_T1_Failure,63,803.6937526222692,419.14580831716245,REGISTERED,NO,NO,74,,0,21599.905684,12,"[66,4]",
345.000000,At_T1_Failure,64,756.2482256089158,496.24271759512897,ROUTER,NO,NO,54,,0,21599.849595,9,"[46,2]",
345.000000,At_T1_Failure,65,789.1451940539798,555.7699866092837,ROUTER,NO,NO,64,,0,21599.887232,10,"[65,1]",
345.000000,At_T1_Failure,66,785.5378400805566,664.0001333820411,UNREGISTERED,NO,NO,,,0,21599.952476,,,
345.000000,At_T1_Failure,67,812.3223869090717,754.9362062687602,UNREGISTERED,NO,NO,,,0,21599.927683,,,
345.000000,At_T1_Failure,68,792.8279931107043,838.3442291074676,UNREGISTERED,NO,NO,,,0,21599.911640,,,
345.000000,At_T1_Failure,69,826.5204837453006,882.3333676682533,UNREGISTERED,NO,NO,,,0,21599.965078,,,
345.000000,At_T1_Failure,70,819.2870292529333,210.65346116083896,UNREGISTERED,NO,NO,,,0,21599.944072,,,
345.000000,At_T1_Failure,71,843.3710593948554,282.65640702292376,REGISTERED,NO,NO,62,,0,21599.927930,13,"[63,1]",
345.000000,At_T1_Failure,72,853.0399385612658,322.72681871709284,UNREGISTERED,NO,NO,,,0,21599.921719,,,
345.000000,At_T1_Failure,73,847.4528523662768,417.71364256852365,REGISTERED,NO,NO,74,,0,21599.925741,12,"[66,2]",
345.000000,At_T1_Failure,74,850.4229535339923,491.8004024076869,CLUSTER_HEAD,NO,NO,65,66,4,21599.863965,11,"[66,1]","[66,254]"
345.000000,At_T1_Failure,75,848.1287163093793,555.1281368817013,CLUSTER_HEAD,NO,NO,74,76,1,21599.906981,12,"[66,1]","[76,254]"
345.000000,At_T1_Failure,76,887.6745038968746,675.2697823576476,UNREGISTERED,NO,NO,,,0,21599.956463,,,
345.000000,At_T1_Failure,77,909.9163440306868,727.5985001413849,UNREGISTERED,NO,NO,,,0,21599.933518,,,
345.000000,At_T1_Failure,78,862.5305772485774,789.6746268099105,UNREGISTERED,NO,NO,,,0,21599.949878,,,
345.000000,At_T1_Failure,79,917.0905574747093,871.6878207637375,UNREGISTERED,NO,NO,,,0,21599.951962,,,
345.000000,At_T1_Failure,80,917.795955104234,170.33145659519425,UNREGISTERED,NO,NO,,,0,21599.972928,,,
345.000000,At_T1_Failure,81,946.8865452135002,277.28935313995055,UNREGISTERED,NO,NO,,,0,21599.937592,,,
345.000000,At_T1_Failure,82,934.0445743392862,343.7509495641725,UNREGISTERED,NO,NO,,,0,21599.910802,,,
345.000000,At_T1_Failure,83,958.3017186380113,421.7531828861063,UNREGISTERED,NO,NO,,,0,21599.935360,,,
345.000000,At_T1_Failure,84,928.00628921822,528.9875216650922,ROUTER,NO,NO,74,,0,21599.901835,12,"[66,3]",
345.000000,At_T1_Failure,85,936.0114651670935,566.2318521608157,REGISTERED,YES,NO,75,,0,21599.945182,13,"[76,1]",
345.000000,At_T1_Failure,86,962.6796194150663,686.1761530409004,UNREGISTERED,NO,NO,,,0,21599.915559,,,
345.000000,At_T1_Failure,87,956.6811462730992,744.0851081130561,UNREGISTERED,NO,NO,,,0,21599.928645,,,
345.000000,At_T1_Failure,88,985.6500671215712,805.481766528868,UNREGISTERED,NO,NO,,,0,21599.929916,,,
345.000000,At_T1_Failure,89,992.5774581478606,873.1553030235262,UNREGISTERED,NO,NO,,,0,21599.936030,,,
345.000000,At_T1_Failure,90,989.0327192088653,231.60860089229863,UNREGISTERED,NO,NO,,,0,21599.944383,,,
345.000000,At_T1_Failure,91,985.8849335948341,287.0358579369218,UNREGISTERED,NO,NO,,,0,21599.926429,,,
345.000000,At_T1_Failure,92,1001.6632243967489,359.4215143185263,UNREGISTERED,NO,NO,,,0,21599.935311,,,
345.000000,At_T1_Failure,93,1033.282098392376,400.10290888078157,UNREGISTERED,NO,NO,,,0,21599.949872,,,
345.000000,At_T1_Failure,94,1013.1373601483285,489.64205886732435,UNREGISTERED,NO,NO,,,0,21599.930900,,,
345.000000,At_T1_Failure,95,1007.0218830902194,560.9552409644073,CLUSTER_HEAD,NO,NO,84,85,0,21599.933348,13,"[85,1]","[85,254]"
345.000000,At_T1_Failure,96,1036.6841918329485,629.868457736494,UNREGISTERED,NO,NO,,,0,21599.959883,,,
345.000000,At_T1_Failure,97,1009.9909320039804,723.675538362311,UNREGISTERED,NO,NO,,,0,21599.934169,,,
345.000000,At_T1_Failure,98,1016.7150602314451,780.8896686000546,UNREGISTERED,NO,NO,,,0,21599.935757,,,
345.000000,At_T1_Failure,99,1083.106315018801,870.8374865629639,UNREGISTERED,NO,NO,,,0,21599.976798,,,
350.000000,T1-T2_After_Failure,0,299.84398268804483,185.1910024612609,ROUTER,NO,NO,1,,0,21599.898181,1,"[0,2]",
350.000000,T1-T2_After_Failure,1,291.2903844316383,274.3006767325388,ROOT,NO,NO,,0,3,21599.834524,0,"[0,254]","[0,254]"
350.000000,T1-T2_After_Failure,2,288.9285774506964,340.4339981094863,ROUTER,NO,NO,1,,0,21599.874688,1,"[0,3]",
350.000000,T1-T2_After_Failure,3,296.5319500912085,406.0434434760707,CLUSTER_HEAD,NO,NO,2,3,0,21599.933228,2,"[3,1]","[3,254]"
350.000000,T1-T2_After_Failure,4,360.7824473322143,492.5581141021177,ROUTER,NO,NO,13,,0,21599.850145,5,"[24,1]",
350.000000,T1-T2_After_Failure,5,367.91709918829287,569.1648823215173,REGISTERED,NO,NO,14,,0,21599.883734,7,"[5,2]",
350.000000,T1-T2_After_Failure,6,352.4079665340105,664.5492878578648,UNREGISTERED,NO,NO,,,0,21599.963217,,,
350.000000,T1-T2_After_Failure,7,382.4887037301087,744.2326915083939,UNREGISTERED,NO,NO,,,0,21599.919962,,,
350.000000,T1-T2_After_Failure,8,379.4091430515301,817.0644939199916,UNREGISTERED,NO,NO,,,0,21599.932315,,,
350.000000,T1-T2_After_Failure,9,351.12400325565375,869.1914108340076,UNREGISTERED,NO,NO,,,0,21599.964240,,,
350.000000,T1-T2_After_Failure,10,388.670840539026,175.0336926137502,CLUSTER_HEAD,NO,NO,0,1,0,21599.936020,2,"[1,1]","[1,254]"
350.000000,T1-T2_After_Failure,11,369.10210290198074,288.18924736088735,ROUTER,NO,NO,1,,0,21599.816077,1,"[0,1]",
350.000000,T1-T2_After_Failure,12,376.61202984349086,333.5860857602995,REGISTERED,NO,YES,22,,0,21599.871196,3,"[12,4]",
350.000000,T1-T2_After_Failure,13,393.21182623218795,435.88132024084274,CLUSTER_HEAD,NO,NO,23,24,1,21599.863517,4,"[24,1]","[24,254]"
350.000000,T1-T2_After_Failure,14,426.6312269368072,526.368384147473,CLUSTER_HEAD,NO,NO,4,5,2,21599.882544,6,"[5,1]","[5,254]"
350.000000,T1-T2_After_Failure,15,443.53893714478244,579.753312645143,UNREGISTERED,NO,NO,,,0,21599.966562,,,
350.000000,T1-T2_After_Failure,16,441.54849719366985,676.1118822844454,UNREGISTERED,NO,NO,,,0,21599.916290,,,
350.000000,T1-T2_After_Failure,17,433.6609522994523,733.0507774777633,UNREGISTERED,NO,NO,,,0,21599.898523,,,
350.000000,T1-T2_After_Failure,18,428.42351231786915,809.0596065683781,UNREGISTERED,NO,NO,,,0,21599.897593,,,
350.000000,T1-T2_After_Failure,19,413.3044556068666,889.5107155178393,UNREGISTERED,NO,NO,,,0,21599.929245,,,
350.000000,T1-T2_After_Failure,20,482.2953568355153,222.1833089845091,REGISTERED,NO,NO,21,,0,21599.788872,4,"[22,3]",
350.000000,T1-T2_After_Failure,21,478.7783784943958,258.5316613684891,CLUSTER_HEAD,NO,NO,22,22,3,21599.753156,3,"[12,2]","[22,254]"
350.000000,T1-T2_After_Failure,22,441.73491724846247,329.0009384519528,CLUSTER_HEAD,NO,NO,11,12,4,21599.755593,2,"[12,2]","[12,254]"
350.000000,T1-T2_After_Failure,23,458.69751636442606,398.45523581462686,ROUTER,NO,NO,22,,0,21599.770485,3,"[12,1]",
350.000000,T1-T2_After_Failure,24,511.9003302949405,477.32029189447,ROUTER,NO,NO,33,,0,21599.821629,5,"[33,1]",
350.000000,T1-T2_After_Failure,25,517.0000007495172,581.7945075780798,REGISTERED,NO,NO,34,,0,21599.900603,7,"[25,2]",
350.000000,T1-T2_After_Failure,26,492.42351783898073,676.3283129241262,UNREGISTERED,NO,NO,,,0,21599.941896,,,
350.000000,T1-T2_After_Failure,27,499.0626031404207,723.2932085737683,UNREGISTERED,NO,NO,,,0,21599.906710,,,
350.000000,T1-T2_After_Failure,28,482.34817521778723,804.4247962507183,UNREGISTERED,NO,NO,,,0,21599.917630,,,
350.000000,T1-T2_After_Failure,29,489.2929247071711,872.3987072420821,UNREGISTERED,NO,NO,,,0,21599.941952,,,
350.000000,T1-T2_After_Failure,30,537.1794862348304,201.23303050622752,ROUTER,NO,NO,21,,0,21599.755008,4,"[22,1]",
350.000000,T1-T2_After_Failure,31,523.02796771326,271.5508345546859,REGISTERED,NO,NO,21,,0,21599.736835,4,"[22,2]",
350.000000,T1-T2_After_Failure,32,518.6454665015949,325.90097871952514,ROUTER,NO,NO,22,,0,21599.745100,3,"[12,3]",
350.000000,T1-T2_After_Failure,33,522.3103078052537,405.3928415665591,CLUSTER_HEAD,NO,YES,32,33,1,21599.846535,4,"[33,1]","[33,254]"
350.000000,T1-T2_After_Failure,34,573.4556771716863,533.0321112859832,CLUSTER_HEAD,NO,NO,24,25,4,21599.828517,6,"[25,1]","[25,254]"
350.000000,T1-T2_After_Failure,35,566.0100853046647,563.5963199040085,REGISTERED,NO,NO,34,,0,21599.861738,7,"[25,4]",
350.000000,T1-T2_After_Failure,36,605.0022421303236,668.5084924994018,UNREGISTERED,NO,NO,,,0,21599.957684,,,
350.000000,T1-T2_After_Failure,37,580.8237597534786,727.7000871402527,UNREGISTERED,NO,NO,,,0,21599.918548,,,
350.000000,T1-T2_After_Failure,38,571.2958231610007,778.0299222500877,UNREGISTERED,NO,NO,,,0,21599.932718,,,
350.000000,T1-T2_After_Failure,39,617.080918925689,873.5739658229493,UNREGISTERED,NO,NO,,,0,21599.971067,,,
350.000000,T1-T2_After_Failure,40,575.1484108806133,202.10241670037422,CLUSTER_HEAD,NO,NO,30,31,1,21599.808030,5,"[31,1]","[31,254]"
350.000000,T1-T2_After_Failure,41,610.3557282151479,252.31471689396204,REGISTERED,NO,NO,40,,0,21599.826590,6,"[31,1]",
350.000000,T1-T2_After_Failure,42,641.3704664381531,365.3979115983206,REGISTERED,NO,NO,52,,0,21599.936598,12,"[65,1]",
350.000000,T1-T2_After_Failure,43,627.7229998878051,404.10236557546995,CLUSTER_HEAD,NO,NO,44,45,0,21599.937674,8,"[45,1]","[45,254]"
350.000000,T1-T2_After_Failure,44,604.5067311819015,491.355202260328,ROUTER,NO,NO,34,,0,21599.816849,7,"[25,3]",
350.000000,T1-T2_After_Failure,45,639.8210106182687,566.9955759722967,ROUTER,NO,NO,34,,0,21599.834966,7,"[25,1]",
350.000000,T1-T2_After_Failure,46,633.6604449253332,673.8830843422606,UNREGISTERED,NO,NO,,,0,21599.935218,,,
350.000000,T1-T2_After_Failure,47,661.8543831007356,761.0914842680075,UNREGISTERED,NO,NO,,,0,21599.914728,,,
350.000000,T1-T2_After_Failure,48,694.9938936535937,779.453939119187,UNREGISTERED,NO,NO,,,0,21599.914821,,,
350.000000,T1-T2_After_Failure,49,652.4347220547897,859.609507913892,UNREGISTERED,NO,NO,,,0,21599.939732,,,
350.000000,T1-T2_After_Failure,50,672.3942720277463,168.434321902835,UNREGISTERED,NO,NO,,,0,21599.985585,,,
350.000000,T1-T2_After_Failure,51,714.4149025466832,295.2289437102392,REGISTERED,NO,NO,52,,0,21599.919673,12,"[65,2]",
350.000000,T1-T2_After_Failure,52,724.5859085770669,351.074111765282,CLUSTER_HEAD,NO,NO,53,65,3,21599.901390,11,"[65,1]","[65,254]"
350.000000,T1-T2_After_Failure,53,727.7140025905433,429.5737199738291,ROUTER,NO,NO,64,,0,21599.906086,10,"[65,2]",
350.000000,T1-T2_After_Failure,54,688.6940550195295,531.6771473298098,CLUSTER_HEAD,NO,NO,45,46,2,21599.863997,8,"[46,1]","[46,254]"
350.000000,T1-T2_After_Failure,55,698.8131839976097,562.965811606574,REGISTERED,NO,NO,54,,0,21599.876231,9,"[46,1]",
350.000000,T1-T2_After_Failure,56,712.212226776341,667.044229018249,UNREGISTERED,NO,NO,,,0,21599.962839,,,
350.000000,T1-T2_After_Failure,57,761.1498749271435,751.9264547384893,UNREGISTERED,NO,NO,,,0,21599.927683,,,
350.000000,T1-T2_After_Failure,58,722.8280805245103,778.7569041292918,UNREGISTERED,NO,NO,,,0,21599.900012,,,
350.000000,T1-T2_After_Failure,59,729.0983463091471,857.8675543731596,UNREGISTERED,NO,NO,,,0,21599.925220,,,
350.000000,T1-T2_After_Failure,60,768.9158594847182,196.2060086996542,UNREGISTERED,NO,NO,,,0,21599.955870,,,
350.000000,T1-T2_After_Failure,61,763.497401736886,257.7252476326963,REGISTERED,NO,NO,71,,0,21599.908120,14,"[63,1]",
350.000000,T1-T2_After_Failure,62,764.1019348256126,323.9634022554057,ROUTER,NO,NO,52,,0,21599.899524,12,"[65,3]",
350.000000,T1-T2_After_Failure,63,803.6937526222692,419.14580831716245,REGISTERED,NO,NO,74,,0,21599.899635,12,"[66,4]",
350.000000,T1-T2_After_Failure,64,756.2482256089158,496.24271759512897,ROUTER,NO,NO,54,,0,21599.842078,9,"[46,2]",
350.000000,T1-T2_After_Failure,65,789.1451940539798,555.7699866092837,ROUTER,NO,NO,64,,0,21599.881777,10,"[65,1]",
350.000000,T1-T2_After_Failure,66,785.5378400805566,664.0001333820411,UNREGISTERED,NO,NO,,,0,21599.951267,,,
350.000000,T1-T2_After_Failure,67,812.3223869090717,754.9362062687602,UNREGISTERED,NO,NO,,,0,21599.926195,,,
350.000000,T1-T2_After_Failure,68,792.8279931107043,838.3442291074676,UNREGISTERED,NO,NO,,,0,21599.909240,,,
350.000000,T1-T2_After_Failure,69,826.5204837453006,882.3333676682533,UNREGISTERED,NO,NO,,,0,21599.964798,,,
350.000000,T1-T2_After_Failure,70,819.2870292529333,210.65346116083896,REGISTERED,NO,NO,71,,0,21599.942491,14,"[63,2]",
350.000000,T1-T2_After_Failure,71,843.3710593948554,282.65640702292376,CLUSTER_HEAD,NO,NO,62,63,2,21599.923726,13,"[63,1]","[63,254]"
350.000000,T1-T2_After_Failure,72,853.0399385612658,322.72681871709284,UNREGISTERED,NO,NO,,,0,21599.919203,,,
350.000000,T1-T2_After_Failure,73,847.4528523662768,417.71364256852365,REGISTERED,NO,NO,74,,0,21599.920845,12,"[66,2]",
350.000000,T1-T2_After_Failure,74,850.4229535339923,491.8004024076869,CLUSTER_HEAD,NO,NO,65,66,4,21599.857747,11,"[66,1]","[66,254]"
350.000000,T1-T2_After_Failure,75,848.1287163093793,555.1281368817013,CLUSTER_HEAD,NO,NO,74,76,1,21599.902929,12,"[66,1]","[76,254]"
350.000000,T1-T2_After_Failure,76,887.6745038968746,675.2697823576476,UNREGISTERED,NO,NO,,,0,21599.955254,,,
350.000000,T1-T2_After_Failure,77,909.9163440306868,727.5985001413849,UNREGISTERED,NO,NO,,,0,21599.930914,,,
350.000000,T1-T2_After_Failure,78,862.5305772485774,789.6746268099105,UNREGISTERED,NO,NO,,,0,21599.949165,,,
350.000000,T1-T2_After_Failure,79,917.0905574747093,871.6878207637375,UNREGISTERED,NO,NO,,,0,21599.951031,,,
350.000000,T1-T2_After_Failure,80,917.795955104234,170.33145659519425,UNREGISTERED,NO,NO,,,0,21599.972029,,,
350.000000,T1-T2_After_Failure,81,946.8865452135002,277.28935313995055,UNREGISTERED,NO,NO,,,0,21599.937127,,,
350.000000,T1-T2_After_Failure,82,934.0445743392862,343.7509495641725,UNREGISTERED,NO,NO,,,0,21599.909407,,,
350.000000,T1-T2_After_Failure,83,958.3017186380113,421.7531828861063,UNREGISTERED,NO,NO,,,0,21599.933977,,,
350.000000,T1-T2_After_Failure,84,928.00628921822,528.9875216650922,ROUTER,NO,NO,74,,0,21599.897886,12,"[66,3]",
350.000000,T1-T2_After_Failure,85,936.0114651670935,566.2318521608157,REGISTERED,YES,NO,75,,0,21599.945182,13,"[76,1]",
350.000000,T1-T2_After_Failure,86,962.6796194150663,686.1761530409004,UNREGISTERED,NO,NO,,,0,21599.911595,,,
350.000000,T1-T2_After_Failure,87,956.6811462730992,744.0851081130561,UNREGISTERED,NO,NO,,,0,21599.925637,,,
350.000000,T1-T2_After_Failure,88,985.6500671215712,805.481766528868,UNREGISTERED,NO,NO,,,0,21599.927125,,,
350.000000,T1-T2_After_Failure,89,992.5774581478606,873.1553030235262,UNREGISTERED,NO,NO,,,0,21599.935161,,,
350.000000,T1-T2_After_Failure,90,989.0327192088653,231.60860089229863,UNREGISTERED,NO,NO,,,0,21599.943484,,,
350.000000,T1-T2_After_Failure,91,985.8849335948341,287.0358579369218,UNREGISTERED,NO,NO,,,0,21599.925220,,,
350.000000,T1-T2_After_Failure,92,1001.6632243967489,359.4215143185263,UNREGISTERED,NO,NO,,,0,21599.933965,,,
350.000000,T1-T2_After_Failure,93,1033.282098392376,400.10290888078157,UNREGISTERED,NO,NO,,,0,21599.948507,,,
350.000000,T1-T2_After_Failure,94,1013.1373601483285,489.64205886732435,UNREGISTERED,NO,NO,,,0,21599.929343,,,
350.000000,T1-T2_After_Failure,95,1007.0218830902194,560.9552409644073,CLUSTER_HEAD,NO,NO,84,85,1,21599.929881,13,"[85,1]","[85,254]"
350.000000,T1-T2_After_Failure,96,1036.6841918329485,629.868457736494,CLUSTER_HEAD,NO,NO,95,97,0,21599.955960,14,"[85,1]","[97,254]"
350.000000,T1-T2_After_Failure,97,1009.9909320039804,723.675538362311,UNREGISTERED,NO,NO,,,0,21599.931161,,,
350.000000,T1-T2_After_Failure,98,1016.7150602314451,780.8896686000546,UNREGISTERED,NO,NO,,,0,21599.932966,,,
350.000000,T1-T2_After_Failure,99,1083.106315018801,870.8374865629639,UNREGISTERED,NO,NO,,,0,21599.975868,,,
362.761970,At_T3_After_Recovery_Node_85,0,299.84398268804483,185.1910024612609,ROUTER,NO,NO,1,,0,21599.892581,1,"[0,2]",
362.761970,At_T3_After_Recovery_Node_85,1,291.2903844316383,274.3006767325388,ROOT,NO,NO,,0,3,21599.826878,0,"[0,254]","[0,254]"
362.761970,At_T3_After_Recovery_Node_85,2,288.9285774506964,340.4339981094863,ROUTER,NO,NO,1,,0,21599.868504,1,"[0,3]",
362.761970,At_T3_After_Recovery_Node_85,3,296.5319500912085,406.0434434760707,CLUSTER_HEAD,NO,NO,2,3,0,21599.928497,2,"[3,1]","[3,254]"
362.761970,At_T3_After_Recovery_Node_85,4,360.7824473322143,492.5581141021177,ROUTER,NO,NO,13,,0,21599.841675,5,"[24,1]",
362.761970,At_T3_After_Recovery_Node_85,5,367.91709918829287,569.1648823215173,REGISTERED,NO,NO,14,,0,21599.876536,7,"[5,2]",
362.761970,At_T3_After_Recovery_Node_85,6,352.4079665340105,664.5492878578648,UNREGISTERED,NO,NO,,,0,21599.961778,,,
362.761970,At_T3_After_Recovery_Node_85,7,382.4887037301087,744.2326915083939,UNREGISTERED,NO,NO,,,0,21599.915640,,,
362.761970,At_T3_After_Recovery_Node_85,8,379.4091430515301,817.0644939199916,UNREGISTERED,NO,NO,,,0,21599.928743,,,
362.761970,At_T3_After_Recovery_Node_85,9,351.12400325565375,869.1914108340076,UNREGISTERED,NO,NO,,,0,21599.962473,,,
362.761970,At_T3_After_Recovery_Node_85,10,388.670840539026,175.0336926137502,CLUSTER_HEAD,NO,NO,0,1,0,21599.931159,2,"[1,1]","[1,254]"
362.761970,At_T3_After_Recovery_Node_85,11,369.10210290198074,288.18924736088735,ROUTER,NO,NO,1,,0,21599.807169,1,"[0,1]",
362.761970,At_T3_After_Recovery_Node_85,12,376.61202984349086,333.5860857602995,REGISTERED,NO,YES,22,,0,21599.864412,3,"[12,4]",
362.761970,At_T3_After_Recovery_Node_85,13,393.21182623218795,435.88132024084274,CLUSTER_HEAD,NO,NO,23,24,1,21599.855235,4,"[24,1]","[24,254]"
362.761970,At_T3_After_Recovery_Node_85,14,426.6312269368072,526.368384147473,CLUSTER_HEAD,NO,NO,4,5,2,21599.875685,6,"[5,1]","[5,254]"
362.761970,At_T3_After_Recovery_Node_85,15,443.53893714478244,579.753312645143,REGISTERED,NO,NO,14,,0,21599.961229,7,"[5,1]",
362.761970,At_T3_After_Recovery_Node_85,16,441.54849719366985,676.1118822844454,UNREGISTERED,NO,NO,,,0,21599.912569,,,
362.761970,At_T3_After_Recovery_Node_85,17,433.6609522994523,733.0507774777633,UNREGISTERED,NO,NO,,,0,21599.893376,,,
362.761970,At_T3_After_Recovery_Node_85,18,428.42351231786915,809.0596065683781,UNREGISTERED,NO,NO,,,0,21599.891249,,,
362.761970,At_T3_After_Recovery_Node_85,19,413.3044556068666,889.5107155178393,UNREGISTERED,NO,NO,,,0,21599.925679,,,
362.761970,At_T3_After_Recovery_Node_85,20,482.2953568355153,222.1833089845091,REGISTERED,NO,NO,21,,0,21599.779690,4,"[22,3]",
362.761970,At_T3_After_Recovery_Node_85,21,478.7783784943958,258.5316613684891,CLUSTER_HEAD,NO,NO,22,22,3,21599.741667,3,"[12,2]","[22,254]"
362.761970,At_T3_After_Recovery_Node_85,22,441.73491724846247,329.0009384519528,CLUSTER_HEAD,NO,NO,11,12,4,21599.743267,2,"[12,2]","[12,254]"
362.761970,At_T3_After_Recovery_Node_85,23,458.69751636442606,398.45523581462686,ROUTER,NO,NO,22,,0,21599.758742,3,"[12,1]",
362.761970,At_T3_After_Recovery_Node_85,24,511.9003302949405,477.32029189447,ROUTER,NO,NO,33,,0,21599.810546,5,"[33,1]",
362.761970,At_T3_After_Recovery_Node_85,25,517.0000007495172,581.7945075780798,REGISTERED,NO,NO,34,,0,21599.893482,7,"[25,2]",
362.761970,At_T3_After_Recovery_Node_85,26,492.42351783898073,676.3283129241262,UNREGISTERED,NO,NO,,,0,21599.939719,,,
362.761970,At_T3_After_Recovery_Node_85,27,499.0626031404207,723.2932085737683,UNREGISTERED,NO,NO,,,0,21599.902462,,,
362.761970,At_T3_After_Recovery_Node_85,28,482.34817521778723,804.4247962507183,UNREGISTERED,NO,NO,,,0,21599.912402,,,
362.761970,At_T3_After_Recovery_Node_85,29,489.2929247071711,872.3987072420821,UNREGISTERED,NO,NO,,,0,21599.938094,,,
362.761970,At_T3_After_Recovery_Node_85,30,537.1794862348304,201.23303050622752,ROUTER,NO,NO,21,,0,21599.745024,4,"[22,1]",
362.761970,At_T3_After_Recovery_Node_85,31,523.02796771326,271.5508345546859,REGISTERED,NO,NO,21,,0,21599.725485,4,"[22,2]",
362.761970,At_T3_After_Recovery_Node_85,32,518.6454665015949,325.90097871952514,ROUTER,NO,NO,22,,0,21599.733037,3,"[12,3]",
362.761970,At_T3_After_Recovery_Node_85,33,522.3103078052537,405.3928415665591,CLUSTER_HEAD,NO,YES,32,33,1,21599.838166,4,"[33,1]","[33,254]"
362.761970,At_T3_After_Recovery_Node_85,34,573.4556771716863,533.0321112859832,CLUSTER_HEAD,NO,NO,24,25,4,21599.817105,6,"[25,1]","[25,254]"
362.761970,At_T3_After_Recovery_Node_85,35,566.0100853046647,563.5963199040085,REGISTERED,NO,NO,34,,0,21599.850867,7,"[25,4]",
362.761970,At_T3_After_Recovery_Node_85,36,605.0022421303236,668.5084924994018,UNREGISTERED,NO,NO,,,0,21599.956072,,,
362.761970,At_T3_After_Recovery_Node_85,37,580.8237597534786,727.7000871402527,UNREGISTERED,NO,NO,,,0,21599.914176,,,
362.761970,At_T3_After_Recovery_Node_85,38,571.2958231610007,778.0299222500877,UNREGISTERED,NO,NO,,,0,21599.928966,,,
362.761970,At_T3_After_Recovery_Node_85,39,617.080918925689,873.5739658229493,UNREGISTERED,NO,NO,,,0,21599.969139,,,
362.761970,At_T3_After_Recovery_Node_85,40,575.1484108806133,202.10241670037422,CLUSTER_HEAD,NO,NO,30,31,1,21599.799868,5,"[31,1]","[31,254]"
362.761970,At_T3_After_Recovery_Node_85,41,610.3557282151479,252.31471689396204,REGISTERED,NO,NO,40,,0,21599.819074,6,"[31,1]",
362.761970,At_T3_After_Recovery_Node_85,42,641.3704664381531,365.3979115983206,REGISTERED,NO,NO,52,,0,21599.928691,12,"[65,1]",
362.761970,At_T3_After_Recovery_Node_85,43,627.7229998878051,404.10236557546995,CLUSTER_HEAD,NO,NO,44,45,0,21599.930081,8,"[45,1]","[45,254]"
362.761970,At_T3_After_Recovery_Node_85,44,604.5067311819015,491.355202260328,ROUTER,NO,NO,34,,0,21599.802605,7,"[25,3]",
362.761970,At_T3_After_Recovery_Node_85,45,639.8210106182687,566.9955759722967,ROUTER,NO,NO,34,,0,21599.819758,7,"[25,1]",
362.761970,At_T3_After_Recovery_Node_85,46,633.6604449253332,673.8830843422606,UNREGISTERED,NO,NO,,,0,21599.931174,,,
362.761970,At_T3_After_Recovery_Node_85,47,661.8543831007356,761.0914842680075,UNREGISTERED,NO,NO,,,0,21599.910907,,,
362.761970,At_T3_After_Recovery_Node_85,48,694.9938936535937,779.453939119187,UNREGISTERED,NO,NO,,,0,21599.911007,,,
362.761970,At_T3_After_Recovery_Node_85,49,652.4347220547897,859.609507913892,UNREGISTERED,NO,NO,,,0,21599.937883,,,
362.761970,At_T3_After_Recovery_Node_85,50,672.3942720277463,168.434321902835,UNREGISTERED,NO,NO,,,0,21599.984022,,,
362.761970,At_T3_After_Recovery_Node_85,51,714.4149025466832,295.2289437102392,REGISTERED,NO,NO,52,,0,21599.907585,12,"[65,2]",
362.761970,At_T3_After_Recovery_Node_85,52,724.5859085770669,351.074111765282,CLUSTER_HEAD,NO,NO,53,65,3,21599.890550,11,"[65,1]","[65,254]"
362.761970,At_T3_After_Recovery_Node_85,53,727.7140025905433,429.5737199738291,ROUTER,NO,NO,64,,0,21599.896836,10,"[65,2]",
362.761970,At_T3_After_Recovery_Node_85,54,688.6940550195295,531.6771473298098,CLUSTER_HEAD,NO,NO,45,46,2,21599.850758,8,"[46,1]","[46,254]"
362.761970,At_T3_After_Recovery_Node_85,55,698.8131839976097,562.965811606574,REGISTERED,NO,NO,54,,0,21599.863675,9,"[46,1]",
362.761970,At_T3_After_Recovery_Node_85,56,712.212226776341,667.044229018249,UNREGISTERED,NO,NO,,,0,21599.959285,,,
362.761970,At_T3_After_Recovery_Node_85,57,761.1498749271435,751.9264547384893,UNREGISTERED,NO,NO,,,0,21599.922567,,,
362.761970,At_T3_After_Recovery_Node_85,58,722.8280805245103,778.7569041292918,UNREGISTERED,NO,NO,,,0,21599.895422,,,
362.761970,At_T3_After_Recovery_Node_85,59,729.0983463091471,857.8675543731596,UNREGISTERED,NO,NO,,,0,21599.921313,,,
362.761970,At_T3_After_Recovery_Node_85,60,768.9158594847182,196.2060086996542,UNREGISTERED,NO,NO,,,0,21599.949964,,,
362.761970,At_T3_After_Recovery_Node_85,61,763.497401736886,257.7252476326963,REGISTERED,NO,NO,71,,0,21599.893361,14,"[63,1]",
362.761970,At_T3_After_Recovery_Node_85,62,764.1019348256126,323.9634022554057,ROUTER,NO,NO,52,,0,21599.884827,12,"[65,3]",
362.761970,At_T3_After_Recovery_Node_85,63,803.6937526222692,419.14580831716245,REGISTERED,NO,NO,74,,0,21599.889806,12,"[66,4]",
362.761970,At_T3_After_Recovery_Node_85,64,756.2482256089158,496.24271759512897,ROUTER,NO,NO,54,,0,21599.827271,9,"[46,2]",
362.761970,At_T3_After_Recovery_Node_85,65,789.1451940539798,555.7699866092837,ROUTER,NO,NO,64,,0,21599.871159,10,"[65,1]",
362.761970,At_T3_After_Recovery_Node_85,66,785.5378400805566,664.0001333820411,UNREGISTERED,NO,NO,,,0,21599.947477,,,
362.761970,At_T3_After_Recovery_Node_85,67,812.3223869090717,754.9362062687602,UNREGISTERED,NO,NO,,,0,21599.920030,,,
362.761970,At_T3_After_Recovery_Node_85,68,792.8279931107043,838.3442291074676,UNREGISTERED,NO,NO,,,0,21599.904031,,,
362.761970,At_T3_After_Recovery_Node_85,69,826.5204837453006,882.3333676682533,UNREGISTERED,NO,NO,,,0,21599.961784,,,
362.761970,At_T3_After_Recovery_Node_85,70,819.2870292529333,210.65346116083896,REGISTERED,NO,NO,71,,0,21599.931487,14,"[63,2]",
362.761970,At_T3_After_Recovery_Node_85,71,843.3710593948554,282.65640702292376,CLUSTER_HEAD,NO,NO,62,63,3,21599.910858,13,"[63,1]","[63,254]"
362.761970,At_T3_After_Recovery_Node_85,72,853.0399385612658,322.72681871709284,REGISTERED,NO,NO,71,,0,21599.909719,14,"[63,3]",
362.761970,At_T3_After_Recovery_Node_85,73,847.4528523662768,417.71364256852365,REGISTERED,NO,NO,74,,0,21599.912409,12,"[66,2]",
362.761970,At_T3_After_Recovery_Node_85,74,850.4229535339923,491.8004024076869,CLUSTER_HEAD,NO,NO,65,66,4,21599.847811,11,"[66,1]","[66,254]"
362.761970,At_T3_After_Recovery_Node_85,75,848.1287163093793,555.1281368817013,CLUSTER_HEAD,NO,NO,74,76,1,21599.896002,12,"[66,1]","[76,254]"
362.761970,At_T3_After_Recovery_Node_85,76,887.6745038968746,675.2697823576476,UNREGISTERED,NO,NO,,,0,21599.953542,,,
362.761970,At_T3_After_Recovery_Node_85,77,909.9163440306868,727.5985001413849,UNREGISTERED,NO,NO,,,0,21599.928092,,,
362.761970,At_T3_After_Recovery_Node_85,78,862.5305772485774,789.6746268099105,UNREGISTERED,NO,NO,,,0,21599.944774,,,
362.761970,At_T3_After_Recovery_Node_85,79,917.0905574747093,871.6878207637375,UNREGISTERED,NO,NO,,,0,21599.948203,,,
362.761970,At_T3_After_Recovery_Node_85,80,917.795955104234,170.33145659519425,UNREGISTERED,NO,NO,,,0,21599.969510,,,
362.761970,At_T3_After_Recovery_Node_85,81,946.8865452135002,277.28935313995055,UNREGISTERED,NO,NO,,,0,21599.932922,,,
362.761970,At_T3_After_Recovery_Node_85,82,934.0445743392862,343.7509495641725,UNREGISTERED,NO,NO,,,0,21599.902874,,,
362.761970,At_T3_After_Recovery_Node_85,83,958.3017186380113,421.7531828861063,UNREGISTERED,NO,NO,,,0,21599.929611,,,
362.761970,At_T3_After_Recovery_Node_85,84,928.00628921822,528.9875216650922,ROUTER,NO,NO,74,,0,21599.889692,12,"[66,3]",
362.761970,At_T3_After_Recovery_Node_85,85,936.0114651670935,566.2318521608157,UNDISCOVERED,NO,NO,,,0,21599.945182,,,
362.761970,At_T3_After_Recovery_Node_85,86,962.6796194150663,686.1761530409004,UNREGISTERED,NO,NO,,,0,21599.908375,,,
362.761970,At_T3_After_Recovery_Node_85,87,956.6811462730992,744.0851081130561,UNREGISTERED,NO,NO,,,0,21599.922567,,,
362.761970,At_T3_After_Recovery_Node_85,88,985.6500671215712,805.481766528868,UNREGISTERED,NO,NO,,,0,21599.923733,,,
362.761970,At_T3_After_Recovery_Node_85,89,992.5774581478606,873.1553030235262,UNREGISTERED,NO,NO,,,0,21599.932309,,,
362.761970,At_T3_After_Recovery_Node_85,90,989.0327192088653,231.60860089229863,UNREGISTERED,NO,NO,,,0,21599.938920,,,
362.761970,At_T3_After_Recovery_Node_85,91,985.8849335948341,287.0358579369218,UNREGISTERED,NO,NO,,,0,21599.920259,,,
362.761970,At_T3_After_Recovery_Node_85,92,1001.6632243967489,359.4215143185263,UNREGISTERED,NO,NO,,,0,21599.928619,,,
362.761970,At_T3_After_Recovery_Node_85,93,1033.282098392376,400.10290888078157,UNREGISTERED,NO,NO,,,0,21599.945059,,,
362.761970,At_T3_After_Recovery_Node_85,94,1013.1373601483285,489.64205886732435,REGISTERED,NO,NO,95,,0,21599.924487,14,"[85,2]",
362.761970,At_T3_After_Recovery_Node_85,95,1007.0218830902194,560.9552409644073,CLUSTER_HEAD,NO,NO,84,85,2,21599.923737,13,"[85,1]","[85,254]"
362.761970,At_T3_After_Recovery_Node_85,96,1036.6841918329485,629.868457736494,CLUSTER_HEAD,NO,NO,95,97,0,21599.950140,14,"[85,1]","[97,254]"
362.761970,At_T3_After_Recovery_Node_85,97,1009.9909320039804,723.675538362311,UNREGISTERED,NO,NO,,,0,21599.929059,,,
362.761970,At_T3_After_Recovery_Node_85,98,1016.7150602314451,780.8896686000546,UNREGISTERED,NO,NO,,,0,21599.930417,,,
362.761970,At_T3_After_Recovery_Node_85,99,1083.106315018801,870.8374865629639,UNREGISTERED,NO,NO,,,0,21599.975403,,,
381.566605,After_T3_Stabilization_1,0,299.84398268804483,185.1910024612609,ROUTER,NO,NO,1,,0,21599.885904,1,"[0,2]",
381.566605,After_T3_Stabilization_1,1,291.2903844316383,274.3006767325388,ROOT,NO,NO,,0,3,21599.816831,0,"[0,254]","[0,254]"
381.566605,After_T3_Stabilization_1,2,288.9285774506964,340.4339981094863,ROUTER,NO,NO,1,,0,21599.858963,1,"[0,3]",
381.566605,After_T3_Stabilization_1,3,296.5319500912085,406.0434434760707,CLUSTER_HEAD,NO,NO,2,3,0,21599.921965,2,"[3,1]","[3,254]"
381.566605,After_T3_Stabilization_1,4,360.7824473322143,492.5581141021177,ROUTER,NO,NO,13,,0,21599.832223,5,"[24,1]",
381.566605,After_T3_Stabilization_1,5,367.91709918829287,569.1648823215173,REGISTERED,NO,NO,14,,0,21599.867941,7,"[5,2]",
381.566605,After_T3_Stabilization_1,6,352.4079665340105,664.5492878578648,UNREGISTERED,NO,NO,,,0,21599.957375,,,
381.566605,After_T3_Stabilization_1,7,382.4887037301087,744.2326915083939,UNREGISTERED,NO,NO,,,0,21599.905897,,,
381.566605,After_T3_Stabilization_1,8,379.4091430515301,817.0644939199916,UNREGISTERED,NO,NO,,,0,21599.920489,,,
381.566605,After_T3_Stabilization_1,9,351.12400325565375,869.1914108340076,UNREGISTERED,NO,NO,,,0,21599.957642,,,
381.566605,After_T3_Stabilization_1,10,388.670840539026,175.0336926137502,CLUSTER_HEAD,NO,NO,0,1,0,21599.925010,2,"[1,1]","[1,254]"
381.566605,After_T3_Stabilization_1,11,369.10210290198074,288.18924736088735,ROUTER,NO,NO,1,,0,21599.793586,1,"[0,1]",
381.566605,After_T3_Stabilization_1,12,376.61202984349086,333.5860857602995,REGISTERED,NO,YES,22,,0,21599.853927,3,"[12,4]",
381.566605,After_T3_Stabilization_1,13,393.21182623218795,435.88132024084274,CLUSTER_HEAD,NO,NO,23,24,1,21599.845675,4,"[24,1]","[24,254]"
381.566605,After_T3_Stabilization_1,14,426.6312269368072,526.368384147473,CLUSTER_HEAD,NO,NO,4,5,2,21599.867324,6,"[5,1]","[5,254]"
381.566605,After_T3_Stabilization_1,15,443.53893714478244,579.753312645143,REGISTERED,NO,NO,14,,0,21599.951297,7,"[5,1]",
381.566605,After_T3_Stabilization_1,16,441.54849719366985,676.1118822844454,UNREGISTERED,NO,NO,,,0,21599.903292,,,
381.566605,After_T3_Stabilization_1,17,433.6609522994523,733.0507774777633,UNREGISTERED,NO,NO,,,0,21599.882436,,,
381.566605,After_T3_Stabilization_1,18,428.42351231786915,809.0596065683781,UNREGISTERED,NO,NO,,,0,21599.880570,,,
381.566605,After_T3_Stabilization_1,19,413.3044556068666,889.5107155178393,UNREGISTERED,NO,NO,,,0,21599.918163,,,
381.566605,After_T3_Stabilization_1,20,482.2953568355153,222.1833089845091,REGISTERED,NO,NO,21,,0,21599.754546,4,"[22,3]",
381.566605,After_T3_Stabilization_1,21,478.7783784943958,258.5316613684891,CLUSTER_HEAD,NO,NO,22,22,3,21599.717050,3,"[12,2]","[22,254]"
381.566605,After_T3_Stabilization_1,22,441.73491724846247,329.0009384519528,CLUSTER_HEAD,NO,NO,11,12,4,21599.723508,2,"[12,2]","[12,254]"
381.566605,After_T3_Stabilization_1,23,458.69751636442606,398.45523581462686,ROUTER,NO,NO,22,,0,21599.739152,3,"[12,1]",
381.566605,After_T3_Stabilization_1,24,511.9003302949405,477.32029189447,ROUTER,NO,NO,33,,0,21599.791182,5,"[33,1]",
381.566605,After_T3_Stabilization_1,25,517.0000007495172,581.7945075780798,REGISTERED,NO,NO,34,,0,21599.877735,7,"[25,2]",
381.566605,After_T3_Stabilization_1,26,492.42351783898073,676.3283129241262,UNREGISTERED,NO,NO,,,0,21599.933139,,,
381.566605,After_T3_Stabilization_1,27,499.0626031404207,723.2932085737683,UNREGISTERED,NO,NO,,,0,21599.892496,,,
381.566605,After_T3_Stabilization_1,28,482.34817521778723,804.4247962507183,UNREGISTERED,NO,NO,,,0,21599.904744,,,
381.566605,After_T3_Stabilization_1,29,489.2929247071711,872.3987072420821,UNREGISTERED,NO,NO,,,0,21599.932860,,,
381.566605,After_T3_Stabilization_1,30,537.1794862348304,201.23303050622752,ROUTER,NO,NO,21,,0,21599.716472,4,"[22,1]",
381.566605,After_T3_Stabilization_1,31,523.02796771326,271.5508345546859,REGISTERED,NO,NO,21,,0,21599.694836,4,"[22,2]",
381.566605,After_T3_Stabilization_1,32,518.6454665015949,325.90097871952514,ROUTER,NO,NO,22,,0,21599.710068,3,"[12,3]",
381.566605,After_T3_Stabilization_1,33,522.3103078052537,405.3928415665591,CLUSTER_HEAD,NO,YES,32,33,1,21599.823625,4,"[33,1]","[33,254]"
381.566605,After_T3_Stabilization_1,34,573.4556771716863,533.0321112859832,CLUSTER_HEAD,NO,NO,24,25,4,21599.793642,6,"[25,1]","[25,254]"
381.566605,After_T3_Stabilization_1,35,566.0100853046647,563.5963199040085,REGISTERED,NO,NO,34,,0,21599.829418,7,"[25,4]",
381.566605,After_T3_Stabilization_1,36,605.0022421303236,668.5084924994018,UNREGISTERED,NO,NO,,,0,21599.951086,,,
381.566605,After_T3_Stabilization_1,37,580.8237597534786,727.7000871402527,UNREGISTERED,NO,NO,,,0,21599.906089,,,
381.566605,After_T3_Stabilization_1,38,571.2958231610007,778.0299222500877,UNREGISTERED,NO,NO,,,0,21599.923540,,,
381.566605,After_T3_Stabilization_1,39,617.080918925689,873.5739658229493,UNREGISTERED,NO,NO,,,0,21599.966906,,,
381.566605,After_T3_Stabilization_1,40,575.1484108806133,202.10241670037422,CLUSTER_HEAD,NO,NO,30,31,1,21599.776939,5,"[31,1]","[31,254]"
381.566605,After_T3_Stabilization_1,41,610.3557282151479,252.31471689396204,REGISTERED,NO,NO,40,,0,21599.797833,6,"[31,1]",
381.566605,After_T3_Stabilization_1,42,641.3704664381531,365.3979115983206,REGISTERED,NO,NO,52,,0,21599.918007,12,"[65,1]",
381.566605,After_T3_Stabilization_1,43,627.7229998878051,404.10236557546995,CLUSTER_HEAD,NO,NO,44,45,0,21599.919036,8,"[45,1]","[45,254]"
381.566605,After_T3_Stabilization_1,44,604.5067311819015,491.355202260328,ROUTER,NO,NO,34,,0,21599.778115,7,"[25,3]",
381.566605,After_T3_Stabilization_1,45,639.8210106182687,566.9955759722967,ROUTER,NO,NO,34,,0,21599.796889,7,"[25,1]",
381.566605,After_T3_Stabilization_1,46,633.6604449253332,673.8830843422606,UNREGISTERED,NO,NO,,,0,21599.924309,,,
381.566605,After_T3_Stabilization_1,47,661.8543831007356,761.0914842680075,UNREGISTERED,NO,NO,,,0,21599.902690,,,
381.566605,After_T3_Stabilization_1,48,694.9938936535937,779.453939119187,UNREGISTERED,NO,NO,,,0,21599.903193,,,
381.566605,After_T3_Stabilization_1,49,652.4347220547897,859.609507913892,UNREGISTERED,NO,NO,,,0,21599.932736,,,
381.566605,After_T3_Stabilization_1,50,672.3942720277463,168.434321902835,UNREGISTERED,NO,NO,,,0,21599.983153,,,
381.566605,After_T3_Stabilization_1,51,714.4149025466832,295.2289437102392,REGISTERED,NO,NO,52,,0,21599.892655,12,"[65,2]",
381.566605,After_T3_Stabilization_1,52,724.5859085770669,351.074111765282,CLUSTER_HEAD,NO,NO,53,65,3,21599.876387,11,"[65,1]","[65,254]"
381.566605,After_T3_Stabilization_1,53,727.7140025905433,429.5737199738291,ROUTER,NO,NO,64,,0,21599.880221,10,"[65,2]",
381.566605,After_T3_Stabilization_1,54,688.6940550195295,531.6771473298098,CLUSTER_HEAD,NO,NO,45,46,2,21599.831899,8,"[46,1]","[46,254]"
381.566605,After_T3_Stabilization_1,55,698.8131839976097,562.965811606574,REGISTERED,NO,NO,54,,0,21599.843737,9,"[46,1]",
381.566605,After_T3_Stabilization_1,56,712.212226776341,667.044229018249,UNREGISTERED,NO,NO,,,0,21599.955905,,,
381.566605,After_T3_Stabilization_1,57,761.1498749271435,751.9264547384893,UNREGISTERED,NO,NO,,,0,21599.914933,,,
381.566605,After_T3_Stabilization_1,58,722.8280805245103,778.7569041292918,UNREGISTERED,NO,NO,,,0,21599.886244,,,
381.566605,After_T3_Stabilization_1,59,729.0983463091471,857.8675543731596,UNREGISTERED,NO,NO,,,0,21599.914808,,,
381.566605,After_T3_Stabilization_1,60,768.9158594847182,196.2060086996542,UNREGISTERED,NO,NO,,,0,21599.943381,,,
381.566605,After_T3_Stabilization_1,61,763.497401736886,257.7252476326963,CLUSTER_HEAD,NO,NO,71,62,0,21599.874682,14,"[63,1]","[62,254]"
381.566605,After_T3_Stabilization_1,62,764.1019348256126,323.9634022554057,ROUTER,NO,NO,52,,0,21599.863665,12,"[65,3]",
381.566605,After_T3_Stabilization_1,63,803.6937526222692,419.14580831716245,REGISTERED,NO,NO,74,,0,21599.870736,12,"[66,4]",
381.566605,After_T3_Stabilization_1,64,756.2482256089158,496.24271759512897,ROUTER,NO,NO,54,,0,21599.801060,9,"[46,2]",
381.566605,After_T3_Stabilization_1,65,789.1451940539798,555.7699866092837,ROUTER,NO,NO,64,,0,21599.849590,10,"[65,1]",
381.566605,After_T3_Stabilization_1,66,785.5378400805566,664.0001333820411,UNREGISTERED,NO,NO,,,0,21599.943068,,,
381.566605,After_T3_Stabilization_1,67,812.3223869090717,754.9362062687602,UNREGISTERED,NO,NO,,,0,21599.912868,,,
381.566605,After_T3_Stabilization_1,68,792.8279931107043,838.3442291074676,UNREGISTERED,NO,NO,,,0,21599.894511,,,
381.566605,After_T3_Stabilization_1,69,826.5204837453006,882.3333676682533,UNREGISTERED,NO,NO,,,0,21599.957710,,,
381.566605,After_T3_Stabilization_1,70,819.2870292529333,210.65346116083896,REGISTERED,NO,NO,71,,0,21599.916676,14,"[63,2]",
381.566605,After_T3_Stabilization_1,71,843.3710593948554,282.65640702292376,CLUSTER_HEAD,NO,NO,62,63,3,21599.891432,13,"[63,1]","[63,254]"
381.566605,After_T3_Stabilization_1,72,853.0399385612658,322.72681871709284,REGISTERED,NO,NO,71,,0,21599.892917,14,"[63,3]",
381.566605,After_T3_Stabilization_1,73,847.4528523662768,417.71364256852365,REGISTERED,NO,NO,74,,0,21599.896138,12,"[66,2]",
381.566605,After_T3_Stabilization_1,74,850.4229535339923,491.8004024076869,CLUSTER_HEAD,NO,NO,65,66,4,21599.821482,11,"[66,1]","[66,254]"
381.566605,After_T3_Stabilization_1,75,848.1287163093793,555.1281368817013,CLUSTER_HEAD,NO,NO,74,76,1,21599.874121,12,"[66,1]","[76,254]"
381.566605,After_T3_Stabilization_1,76,887.6745038968746,675.2697823576476,UNREGISTERED,NO,NO,,,0,21599.949824,,,
381.566605,After_T3_Stabilization_1,77,909.9163440306868,727.5985001413849,REGISTERED,NO,NO,86,,0,21599.921442,16,"[97,1]",
381.566605,After_T3_Stabilization_1,78,862.5305772485774,789.6746268099105,UNREGISTERED,NO,NO,,,0,21599.940200,,,
381.566605,After_T3_Stabilization_1,79,917.0905574747093,871.6878207637375,UNREGISTERED,NO,NO,,,0,21599.942820,,,
381.566605,After_T3_Stabilization_1,80,917.795955104234,170.33145659519425,UNREGISTERED,NO,NO,,,0,21599.967805,,,
381.566605,After_T3_Stabilization_1,81,946.8865452135002,277.28935313995055,UNREGISTERED,NO,NO,,,0,21599.926708,,,
381.566605,After_T3_Stabilization_1,82,934.0445743392862,343.7509495641725,UNREGISTERED,NO,NO,,,0,21599.892482,,,
381.566605,After_T3_Stabilization_1,83,958.3017186380113,421.7531828861063,UNREGISTERED,NO,NO,,,0,21599.921693,,,
381.566605,After_T3_Stabilization_1,84,928.00628921822,528.9875216650922,ROUTER,NO,NO,74,,0,21599.865393,12,"[66,3]",
381.566605,After_T3_Stabilization_1,85,936.0114651670935,566.2318521608157,REGISTERED,NO,NO,75,,0,21599.928522,13,"[76,1]",
381.566605,After_T3_Stabilization_1,86,962.6796194150663,686.1761530409004,CLUSTER_HEAD,NO,NO,96,97,1,21599.896393,15,"[97,1]","[97,254]"
381.566605,After_T3_Stabilization_1,87,956.6811462730992,744.0851081130561,UNREGISTERED,NO,NO,,,0,21599.914855,,,
381.566605,After_T3_Stabilization_1,88,985.6500671215712,805.481766528868,UNREGISTERED,NO,NO,,,0,21599.915981,,,
381.566605,After_T3_Stabilization_1,89,992.5774581478606,873.1553030235262,UNREGISTERED,NO,NO,,,0,21599.925233,,,
381.566605,After_T3_Stabilization_1,90,989.0327192088653,231.60860089229863,UNREGISTERED,NO,NO,,,0,21599.933580,,,
381.566605,After_T3_Stabilization_1,91,985.8849335948341,287.0358579369218,UNREGISTERED,NO,NO,,,0,21599.913040,,,
381.566605,After_T3_Stabilization_1,92,1001.6632243967489,359.4215143185263,UNREGISTERED,NO,NO,,,0,21599.922083,,,
381.566605,After_T3_Stabilization_1,93,1033.282098392376,400.10290888078157,UNREGISTERED,NO,NO,,,0,21599.938995,,,
381.566605,After_T3_Stabilization_1,94,1013.1373601483285,489.64205886732435,CLUSTER_HEAD,NO,NO,95,95,0,21599.907025,14,"[85,2]","[95,254]"
381.566605,After_T3_Stabilization_1,95,1007.0218830902194,560.9552409644073,CLUSTER_HEAD,NO,NO,84,85,2,21599.904271,13,"[85,1]","[85,254]"
381.566605,After_T3_Stabilization_1,96,1036.6841918329485,629.868457736494,ROUTER,NO,NO,95,,0,21599.937712,14,"[85,1]",
381.566605,After_T3_Stabilization_1,97,1009.9909320039804,723.675538362311,UNREGISTERED,NO,NO,,,0,21599.922740,,,
381.566605,After_T3_Stabilization_1,98,1016.7150602314451,780.8896686000546,UNREGISTERED,NO,NO,,,0,21599.924302,,,
381.566605,After_T3_Stabilization_1,99,1083.106315018801,870.8374865629639,UNREGISTERED,NO,NO,,,0,21599.972624,,,
412.761970,After_T3_Stabilization_1,0,299.84398268804483,185.1910024612609,ROUTER,NO,NO,1,,0,21599.872897,1,"[0,2]",
412.761970,After_T3_Stabilization_1,1,291.2903844316383,274.3006767325388,ROOT,NO,NO,,0,3,21599.799305,0,"[0,254]","[0,254]"
412.761970,After_T3_Stabilization_1,2,288.9285774506964,340.4339981094863,ROUTER,NO,NO,1,,0,21599.843534,1,"[0,3]",
412.761970,After_T3_Stabilization_1,3,296.5319500912085,406.0434434760707,CLUSTER_HEAD,NO,NO,2,3,0,21599.911141,2,"[3,1]","[3,254]"
412.761970,After_T3_Stabilization_1,4,360.7824473322143,492.5581141021177,ROUTER,NO,NO,13,,0,21599.810008,5,"[24,1]",
412.761970,After_T3_Stabilization_1,5,367.91709918829287,569.1648823215173,REGISTERED,NO,NO,14,,0,21599.846648,7,"[5,2]",
412.761970,After_T3_Stabilization_1,6,352.4079665340105,664.5492878578648,UNREGISTERED,NO,NO,,,0,21599.951818,,,
412.761970,After_T3_Stabilization_1,7,382.4887037301087,744.2326915083939,UNREGISTERED,NO,NO,,,0,21599.894108,,,
412.761970,After_T3_Stabilization_1,8,379.4091430515301,817.0644939199916,UNREGISTERED,NO,NO,,,0,21599.909171,,,
412.761970,After_T3_Stabilization_1,9,351.12400325565375,869.1914108340076,UNREGISTERED,NO,NO,,,0,21599.951161,,,
412.761970,After_T3_Stabilization_1,10,388.670840539026,175.0336926137502,CLUSTER_HEAD,NO,NO,0,1,0,21599.914029,2,"[1,1]","[1,254]"
412.761970,After_T3_Stabilization_1,11,369.10210290198074,288.18924736088735,ROUTER,NO,NO,1,,0,21599.771769,1,"[0,1]",
412.761970,After_T3_Stabilization_1,12,376.61202984349086,333.5860857602995,REGISTERED,NO,YES,22,,0,21599.837257,3,"[12,4]",
412.761970,After_T3_Stabilization_1,13,393.21182623218795,435.88132024084274,CLUSTER_HEAD,NO,NO,23,24,1,21599.826636,4,"[24,1]","[24,254]"
412.761970,After_T3_Stabilization_1,14,426.6312269368072,526.368384147473,CLUSTER_HEAD,NO,NO,4,5,2,21599.847076,6,"[5,1]","[5,254]"
412.761970,After_T3_Stabilization_1,15,443.53893714478244,579.753312645143,REGISTERED,NO,NO,14,,0,21599.931378,7,"[5,1]",
412.761970,After_T3_Stabilization_1,16,441.54849719366985,676.1118822844454,UNREGISTERED,NO,NO,,,0,21599.892271,,,
412.761970,After_T3_Stabilization_1,17,433.6609522994523,733.0507774777633,UNREGISTERED,NO,NO,,,0,21599.868291,,,
412.761970,After_T3_Stabilization_1,18,428.42351231786915,809.0596065683781,UNREGISTERED,NO,NO,,,0,21599.865239,,,
412.761970,After_T3_Stabilization_1,19,413.3044556068666,889.5107155178393,UNREGISTERED,NO,NO,,,0,21599.905797,,,
412.761970,After_T3_Stabilization_1,20,482.2953568355153,222.1833089845091,REGISTERED,NO,NO,21,,0,21599.727990,4,"[22,3]",
412.761970,After_T3_Stabilization_1,21,478.7783784943958,258.5316613684891,CLUSTER_HEAD,NO,NO,22,22,3,21599.687933,3,"[12,2]","[22,254]"
412.761970,After_T3_Stabilization_1,22,441.73491724846247,329.0009384519528,CLUSTER_HEAD,NO,NO,11,12,4,21599.693984,2,"[12,2]","[12,254]"
412.761970,After_T3_Stabilization_1,23,458.69751636442606,398.45523581462686,ROUTER,NO,NO,22,,0,21599.710632,3,"[12,1]",
412.761970,After_T3_Stabilization_1,24,511.9003302949405,477.32029189447,ROUTER,NO,NO,33,,0,21599.761789,5,"[33,1]",
412.761970,After_T3_Stabilization_1,25,517.0000007495172,581.7945075780798,REGISTERED,NO,NO,34,,0,21599.856184,7,"[25,2]",
412.761970,After_T3_Stabilization_1,26,492.42351783898073,676.3283129241262,UNREGISTERED,NO,NO,,,0,21599.925611,,,
412.761970,After_T3_Stabilization_1,27,499.0626031404207,723.2932085737683,UNREGISTERED,NO,NO,,,0,21599.878443,,,
412.761970,After_T3_Stabilization_1,28,482.34817521778723,804.4247962507183,UNREGISTERED,NO,NO,,,0,21599.890443,,,
412.761970,After_T3_Stabilization_1,29,489.2929247071711,872.3987072420821,UNREGISTERED,NO,NO,,,0,21599.922448,,,
412.761970,After_T3_Stabilization_1,30,537.1794862348304,201.23303050622752,ROUTER,NO,NO,21,,0,21599.687335,4,"[22,1]",
412.761970,After_T3_Stabilization_1,31,523.02796771326,271.5508345546859,REGISTERED,NO,NO,21,,0,21599.663042,4,"[22,2]",
412.761970,After_T3_Stabilization_1,32,518.6454665015949,325.90097871952514,ROUTER,NO,NO,22,,0,21599.679701,3,"[12,3]",
412.761970,After_T3_Stabilization_1,33,522.3103078052537,405.3928415665591,CLUSTER_HEAD,NO,YES,32,33,1,21599.802145,4,"[33,1]","[33,254]"
412.761970,After_T3_Stabilization_1,34,573.4556771716863,533.0321112859832,CLUSTER_HEAD,NO,NO,24,25,4,21599.762627,6,"[25,1]","[25,254]"
412.761970,After_T3_Stabilization_1,35,566.0100853046647,563.5963199040085,REGISTERED,NO,NO,34,,0,21599.800953,7,"[25,4]",
412.761970,After_T3_Stabilization_1,36,605.0022421303236,668.5084924994018,UNREGISTERED,NO,NO,,,0,21599.945355,,,
412.761970,After_T3_Stabilization_1,37,580.8237597534786,727.7000871402527,UNREGISTERED,NO,NO,,,0,21599.893022,,,
412.761970,After_T3_Stabilization_1,38,571.2958231610007,778.0299222500877,UNREGISTERED,NO,NO,,,0,21599.912464,,,
412.761970,After_T3_Stabilization_1,39,617.080918925689,873.5739658229493,UNREGISTERED,NO,NO,,,0,21599.962260,,,
412.761970,After_T3_Stabilization_1,40,575.1484108806133,202.10241670037422,CLUSTER_HEAD,NO,NO,30,31,1,21599.753379,5,"[31,1]","[31,254]"
412.761970,After_T3_Stabilization_1,41,610.3557282151479,252.31471689396204,REGISTERED,NO,NO,40,,0,21599.776525,6,"[31,1]",
412.761970,After_T3_Stabilization_1,42,641.3704664381531,365.3979115983206,REGISTERED,NO,NO,52,,0,21599.899802,12,"[65,1]",
412.761970,After_T3_Stabilization_1,43,627.7229998878051,404.10236557546995,CLUSTER_HEAD,NO,NO,44,45,0,21599.900587,8,"[45,1]","[45,254]"
412.761970,After_T3_Stabilization_1,44,604.5067311819015,491.355202260328,ROUTER,NO,NO,34,,0,21599.742806,7,"[25,3]",
412.761970,After_T3_Stabilization_1,45,639.8210106182687,566.9955759722967,ROUTER,NO,NO,34,,0,21599.761501,7,"[25,1]",
412.761970,After_T3_Stabilization_1,46,633.6604449253332,673.8830843422606,UNREGISTERED,NO,NO,,,0,21599.914845,,,
412.761970,After_T3_Stabilization_1,47,661.8543831007356,761.0914842680075,UNREGISTERED,NO,NO,,,0,21599.890076,,,
412.761970,After_T3_Stabilization_1,48,694.9938936535937,779.453939119187,UNREGISTERED,NO,NO,,,0,21599.890784,,,
412.761970,After_T3_Stabilization_1,49,652.4347220547897,859.609507913892,UNREGISTERED,NO,NO,,,0,21599.923378,,,
412.761970,After_T3_Stabilization_1,50,672.3942720277463,168.434321902835,UNREGISTERED,NO,NO,,,0,21599.981330,,,
412.761970,After_T3_Stabilization_1,51,714.4149025466832,295.2289437102392,REGISTERED,NO,NO,52,,0,21599.866671,12,"[65,2]",
412.761970,After_T3_Stabilization_1,52,724.5859085770669,351.074111765282,CLUSTER_HEAD,NO,NO,53,65,3,21599.850829,11,"[65,1]","[65,254]"
412.761970,After_T3_Stabilization_1,53,727.7140025905433,429.5737199738291,ROUTER,NO,NO,64,,0,21599.855053,10,"[65,2]",
412.761970,After_T3_Stabilization_1,54,688.6940550195295,531.6771473298098,CLUSTER_HEAD,NO,NO,45,46,2,21599.801328,8,"[46,1]","[46,254]"
412.761970,After_T3_Stabilization_1,55,698.8131839976097,562.965811606574,REGISTERED,NO,NO,54,,0,21599.813378,9,"[46,1]",
412.761970,After_T3_Stabilization_1,56,712.212226776341,667.044229018249,UNREGISTERED,NO,NO,,,0,21599.950720,,,
412.761970,After_T3_Stabilization_1,57,761.1498749271435,751.9264547384893,UNREGISTERED,NO,NO,,,0,21599.902604,,,
412.761970,After_T3_Stabilization_1,58,722.8280805245103,778.7569041292918,UNREGISTERED,NO,NO,,,0,21599.871304,,,
412.761970,After_T3_Stabilization_1,59,729.0983463091471,857.8675543731596,UNREGISTERED,NO,NO,,,0,21599.904643,,,
412.761970,After_T3_Stabilization_1,60,768.9158594847182,196.2060086996542,CLUSTER_HEAD,NO,NO,61,62,0,21599.928146,15,"[62,1]","[62,254]"
412.761970,After_T3_Stabilization_1,61,763.497401736886,257.7252476326963,ROUTER,NO,NO,71,,0,21599.843524,14,"[63,1]",
412.761970,After_T3_Stabilization_1,62,764.1019348256126,323.9634022554057,ROUTER,NO,NO,52,,0,21599.830165,12,"[65,3]",
412.761970,After_T3_Stabilization_1,63,803.6937526222692,419.14580831716245,REGISTERED,NO,NO,74,,0,21599.841351,12,"[66,4]",
412.761970,After_T3_Stabilization_1,64,756.2482256089158,496.24271759512897,ROUTER,NO,NO,54,,0,21599.761383,9,"[46,2]",
412.761970,After_T3_Stabilization_1,65,789.1451940539798,555.7699866092837,ROUTER,NO,NO,64,,0,21599.820144,10,"[65,1]",
412.761970,After_T3_Stabilization_1,66,785.5378400805566,664.0001333820411,UNREGISTERED,NO,NO,,,0,21599.934907,,,
412.761970,After_T3_Stabilization_1,67,812.3223869090717,754.9362062687602,UNREGISTERED,NO,NO,,,0,21599.901047,,,
412.761970,After_T3_Stabilization_1,68,792.8279931107043,838.3442291074676,UNREGISTERED,NO,NO,,,0,21599.879373,,,
412.761970,After_T3_Stabilization_1,69,826.5204837453006,882.3333676682533,UNREGISTERED,NO,NO,,,0,21599.951650,,,
412.761970,After_T3_Stabilization_1,70,819.2870292529333,210.65346116083896,REGISTERED,NO,NO,71,,0,21599.893283,14,"[63,2]",
412.761970,After_T3_Stabilization_1,71,843.3710593948554,282.65640702292376,CLUSTER_HEAD,NO,NO,62,63,3,21599.862571,13,"[63,1]","[63,254]"
412.761970,After_T3_Stabilization_1,72,853.0399385612658,322.72681871709284,CLUSTER_HEAD,NO,NO,71,73,0,21599.866582,14,"[63,3]","[73,254]"
412.761970,After_T3_Stabilization_1,73,847.4528523662768,417.71364256852365,REGISTERED,NO,NO,74,,0,21599.871243,12,"[66,2]",
412.761970,After_T3_Stabilization_1,74,850.4229535339923,491.8004024076869,CLUSTER_HEAD,NO,NO,65,66,4,21599.788854,11,"[66,1]","[66,254]"
412.761970,After_T3_Stabilization_1,75,848.1287163093793,555.1281368817013,CLUSTER_HEAD,NO,NO,74,76,1,21599.849923,12,"[66,1]","[76,254]"
412.761970,After_T3_Stabilization_1,76,887.6745038968746,675.2697823576476,REGISTERED,NO,NO,86,,0,21599.930544,16,"[97,2]",
412.761970,After_T3_Stabilization_1,77,909.9163440306868,727.5985001413849,REGISTERED,NO,NO,86,,0,21599.896281,16,"[97,1]",
412.761970,After_T3_Stabilization_1,78,862.5305772485774,789.6746268099105,UNREGISTERED,NO,NO,,,0,21599.930006,,,
412.761970,After_T3_Stabilization_1,79,917.0905574747093,871.6878207637375,REGISTERED,NO,NO,88,,0,21599.932451,18,"[98,2]",
412.761970,After_T3_Stabilization_1,80,917.795955104234,170.33145659519425,UNREGISTERED,NO,NO,,,0,21599.964214,,,
412.761970,After_T3_Stabilization_1,81,946.8865452135002,277.28935313995055,UNREGISTERED,NO,NO,,,0,21599.919470,,,
412.761970,After_T3_Stabilization_1,82,934.0445743392862,343.7509495641725,UNREGISTERED,NO,NO,,,0,21599.877924,,,
412.761970,After_T3_Stabilization_1,83,958.3017186380113,421.7531828861063,REGISTERED,NO,NO,93,,0,21599.905098,16,"[95,1]",
412.761970,After_T3_Stabilization_1,84,928.00628921822,528.9875216650922,ROUTER,NO,NO,74,,0,21599.837307,12,"[66,3]",
412.761970,After_T3_Stabilization_1,85,936.0114651670935,566.2318521608157,REGISTERED,NO,NO,75,,0,21599.909183,13,"[76,1]",
412.761970,After_T3_Stabilization_1,86,962.6796194150663,686.1761530409004,CLUSTER_HEAD,NO,NO,96,97,4,21599.867150,15,"[97,1]","[97,254]"
412.761970,After_T3_Stabilization_1,87,956.6811462730992,744.0851081130561,REGISTERED,NO,NO,86,,0,21599.887558,16,"[97,4]",
412.761970,After_T3_Stabilization_1,88,985.6500671215712,805.481766528868,CLUSTER_HEAD,NO,NO,97,98,2,21599.896864,17,"[98,1]","[98,254]"
412.761970,After_T3_Stabilization_1,89,992.5774581478606,873.1553030235262,REGISTERED,NO,NO,88,,0,21599.912776,18,"[98,1]",
412.761970,After_T3_Stabilization_1,90,989.0327192088653,231.60860089229863,UNREGISTERED,NO,NO,,,0,21599.925698,,,
412.761970,After_T3_Stabilization_1,91,985.8849335948341,287.0358579369218,UNREGISTERED,NO,NO,,,0,21599.903537,,,
412.761970,After_T3_Stabilization_1,92,1001.6632243967489,359.4215143185263,REGISTERED,NO,NO,93,,0,21599.909980,16,"[95,2]",
412.761970,After_T3_Stabilization_1,93,1033.282098392376,400.10290888078157,CLUSTER_HEAD,NO,NO,94,95,2,21599.922424,15,"[95,1]","[95,254]"
412.761970,After_T3_Stabilization_1,94,1013.1373601483285,489.64205886732435,ROUTER,NO,NO,95,,0,21599.882673,14,"[85,2]",
412.761970,After_T3_Stabilization_1,95,1007.0218830902194,560.9552409644073,CLUSTER_HEAD,NO,NO,84,85,2,21599.881640,13,"[85,1]","[85,254]"
412.761970,After_T3_Stabilization_1,96,1036.6841918329485,629.868457736494,ROUTER,NO,NO,95,,0,21599.917347,14,"[85,1]",
412.761970,After_T3_Stabilization_1,97,1009.9909320039804,723.675538362311,ROUTER,NO,NO,86,,0,21599.898114,16,"[97,3]",
412.761970,After_T3_Stabilization_1,98,1016.7150602314451,780.8896686000546,UNREGISTERED,NO,NO,,,0,21599.910510,,,
412.761970,After_T3_Stabilization_1,99,1083.106315018801,870.8374865629639,UNREGISTERED,NO,NO,,,0,21599.968439,,,
431.566605,After_T3_Stabilization_2,0,299.84398268804483,185.1910024612609,ROUTER,NO,NO,1,,0,21599.865836,1,"[0,2]",
431.566605,After_T3_Stabilization_2,1,291.2903844316383,274.3006767325388,ROOT,NO,NO,,0,3,21599.788735,0,"[0,254]","[0,254]"
431.566605,After_T3_Stabilization_2,2,288.9285774506964,340.4339981094863,ROUTER,NO,NO,1,,0,21599.834679,1,"[0,3]",
431.566605,After_T3_Stabilization_2,3,296.5319500912085,406.0434434760707,CLUSTER_HEAD,NO,NO,2,3,0,21599.904423,2,"[3,1]","[3,254]"
431.566605,After_T3_Stabilization_2,4,360.7824473322143,492.5581141021177,ROUTER,NO,NO,13,,0,21599.793410,5,"[24,1]",
431.566605,After_T3_Stabilization_2,5,367.91709918829287,569.1648823215173,REGISTERED,NO,NO,14,,0,21599.830551,7,"[5,2]",
431.566605,After_T3_Stabilization_2,6,352.4079665340105,664.5492878578648,UNREGISTERED,NO,NO,,,0,21599.947465,,,
431.566605,After_T3_Stabilization_2,7,382.4887037301087,744.2326915083939,UNREGISTERED,NO,NO,,,0,21599.887001,,,
431.566605,After_T3_Stabilization_2,8,379.4091430515301,817.0644939199916,UNREGISTERED,NO,NO,,,0,21599.905611,,,
431.566605,After_T3_Stabilization_2,9,351.12400325565375,869.1914108340076,UNREGISTERED,NO,NO,,,0,21599.948488,,,
431.566605,After_T3_Stabilization_2,10,388.670840539026,175.0336926137502,CLUSTER_HEAD,NO,NO,0,1,0,21599.907516,2,"[1,1]","[1,254]"
431.566605,After_T3_Stabilization_2,11,369.10210290198074,288.18924736088735,ROUTER,NO,NO,1,,0,21599.759178,1,"[0,1]",
431.566605,After_T3_Stabilization_2,12,376.61202984349086,333.5860857602995,REGISTERED,NO,YES,22,,0,21599.827732,3,"[12,4]",
431.566605,After_T3_Stabilization_2,13,393.21182623218795,435.88132024084274,CLUSTER_HEAD,NO,NO,23,24,1,21599.814148,4,"[24,1]","[24,254]"
431.566605,After_T3_Stabilization_2,14,426.6312269368072,526.368384147473,CLUSTER_HEAD,NO,NO,4,5,2,21599.831972,6,"[5,1]","[5,254]"
431.566605,After_T3_Stabilization_2,15,443.53893714478244,579.753312645143,REGISTERED,NO,NO,14,,0,21599.917197,7,"[5,1]",
431.566605,After_T3_Stabilization_2,16,441.54849719366985,676.1118822844454,UNREGISTERED,NO,NO,,,0,21599.883936,,,
431.566605,After_T3_Stabilization_2,17,433.6609522994523,733.0507774777633,UNREGISTERED,NO,NO,,,0,21599.860030,,,
431.566605,After_T3_Stabilization_2,18,428.42351231786915,809.0596065683781,UNREGISTERED,NO,NO,,,0,21599.859100,,,
431.566605,After_T3_Stabilization_2,19,413.3044556068666,889.5107155178393,UNREGISTERED,NO,NO,,,0,21599.901983,,,
431.566605,After_T3_Stabilization_2,20,482.2953568355153,222.1833089845091,REGISTERED,NO,NO,21,,0,21599.709049,4,"[22,3]",
431.566605,After_T3_Stabilization_2,21,478.7783784943958,258.5316613684891,CLUSTER_HEAD,NO,NO,22,22,3,21599.667873,3,"[12,2]","[22,254]"
431.566605,After_T3_Stabilization_2,22,441.73491724846247,329.0009384519528,CLUSTER_HEAD,NO,NO,11,12,4,21599.675354,2,"[12,2]","[12,254]"
431.566605,After_T3_Stabilization_2,23,458.69751636442606,398.45523581462686,ROUTER,NO,NO,22,,0,21599.689455,3,"[12,1]",
431.566605,After_T3_Stabilization_2,24,511.9003302949405,477.32029189447,ROUTER,NO,NO,33,,0,21599.741585,5,"[33,1]",
431.566605,After_T3_Stabilization_2,25,517.0000007495172,581.7945075780798,REGISTERED,NO,NO,34,,0,21599.842188,7,"[25,2]",
431.566605,After_T3_Stabilization_2,26,492.42351783898073,676.3283129241262,UNREGISTERED,NO,NO,,,0,21599.919750,,,
431.566605,After_T3_Stabilization_2,27,499.0626031404207,723.2932085737683,UNREGISTERED,NO,NO,,,0,21599.867249,,,
431.566605,After_T3_Stabilization_2,28,482.34817521778723,804.4247962507183,UNREGISTERED,NO,NO,,,0,21599.883478,,,
431.566605,After_T3_Stabilization_2,29,489.2929247071711,872.3987072420821,UNREGISTERED,NO,NO,,,0,21599.919911,,,
431.566605,After_T3_Stabilization_2,30,537.1794862348304,201.23303050622752,ROUTER,NO,NO,21,,0,21599.665927,4,"[22,1]",
431.566605,After_T3_Stabilization_2,31,523.02796771326,271.5508345546859,REGISTERED,NO,NO,21,,0,21599.638973,4,"[22,2]",
431.566605,After_T3_Stabilization_2,32,518.6454665015949,325.90097871952514,ROUTER,NO,NO,22,,0,21599.656896,3,"[12,3]",
431.566605,After_T3_Stabilization_2,33,522.3103078052537,405.3928415665591,CLUSTER_HEAD,NO,YES,32,33,1,21599.786352,4,"[33,1]","[33,254]"
431.566605,After_T3_Stabilization_2,34,573.4556771716863,533.0321112859832,CLUSTER_HEAD,NO,NO,24,25,4,21599.742940,6,"[25,1]","[25,254]"
431.566605,After_T3_Stabilization_2,35,566.0100853046647,563.5963199040085,REGISTERED,NO,NO,34,,0,21599.782801,7,"[25,4]",
431.566605,After_T3_Stabilization_2,36,605.0022421303236,668.5084924994018,UNREGISTERED,NO,NO,,,0,21599.941609,,,
431.566605,After_T3_Stabilization_2,37,580.8237597534786,727.7000871402527,UNREGISTERED,NO,NO,,,0,21599.884960,,,
431.566605,After_T3_Stabilization_2,38,571.2958231610007,778.0299222500877,UNREGISTERED,NO,NO,,,0,21599.904774,,,
431.566605,After_T3_Stabilization_2,39,617.080918925689,873.5739658229493,UNREGISTERED,NO,NO,,,0,21599.960003,,,
431.566605,After_T3_Stabilization_2,40,575.1484108806133,202.10241670037422,CLUSTER_HEAD,NO,NO,30,31,1,21599.736247,5,"[31,1]","[31,254]"
431.566605,After_T3_Stabilization_2,41,610.3557282151479,252.31471689396204,REGISTERED,NO,NO,40,,0,21599.760015,6,"[31,1]",
431.566605,After_T3_Stabilization_2,42,641.3704664381531,365.3979115983206,REGISTERED,NO,NO,52,,0,21599.887435,12,"[65,1]",
431.566605,After_T3_Stabilization_2,43,627.7229998878051,404.10236557546995,CLUSTER_HEAD,NO,NO,44,45,0,21599.887778,8,"[45,1]","[45,254]"
431.566605,After_T3_Stabilization_2,44,604.5067311819015,491.355202260328,ROUTER,NO,NO,34,,0,21599.719398,7,"[25,3]",
431.566605,After_T3_Stabilization_2,45,639.8210106182687,566.9955759722967,ROUTER,NO,NO,34,,0,21599.739742,7,"[25,1]",
431.566605,After_T3_Stabilization_2,46,633.6604449253332,673.8830843422606,UNREGISTERED,NO,NO,,,0,21599.907838,,,
431.566605,After_T3_Stabilization_2,47,661.8543831007356,761.0914842680075,UNREGISTERED,NO,NO,,,0,21599.880879,,,
431.566605,After_T3_Stabilization_2,48,694.9938936535937,779.453939119187,UNREGISTERED,NO,NO,,,0,21599.881239,,,
431.566605,After_T3_Stabilization_2,49,652.4347220547897,859.609507913892,UNREGISTERED,NO,NO,,,0,21599.917232,,,
431.566605,After_T3_Stabilization_2,50,672.3942720277463,168.434321902835,UNREGISTERED,NO,NO,,,0,21599.980114,,,
431.566605,After_T3_Stabilization_2,51,714.4149025466832,295.2289437102392,REGISTERED,NO,NO,52,,0,21599.851174,12,"[65,2]",
431.566605,After_T3_Stabilization_2,52,724.5859085770669,351.074111765282,CLUSTER_HEAD,NO,NO,53,65,3,21599.833868,11,"[65,1]","[65,254]"
431.566605,After_T3_Stabilization_2,53,727.7140025905433,429.5737199738291,ROUTER,NO,NO,64,,0,21599.837445,10,"[65,2]",
431.566605,After_T3_Stabilization_2,54,688.6940550195295,531.6771473298098,CLUSTER_HEAD,NO,NO,45,46,2,21599.782068,8,"[46,1]","[46,254]"
431.566605,After_T3_Stabilization_2,55,698.8131839976097,562.965811606574,REGISTERED,NO,NO,54,,0,21599.793820,9,"[46,1]",
431.566605,After_T3_Stabilization_2,56,712.212226776341,667.044229018249,UNREGISTERED,NO,NO,,,0,21599.947018,,,
431.566605,After_T3_Stabilization_2,57,761.1498749271435,751.9264547384893,UNREGISTERED,NO,NO,,,0,21599.894350,,,
431.566605,After_T3_Stabilization_2,58,722.8280805245103,778.7569041292918,UNREGISTERED,NO,NO,,,0,21599.860681,,,
431.566605,After_T3_Stabilization_2,59,729.0983463091471,857.8675543731596,UNREGISTERED,NO,NO,,,0,21599.897052,,,
431.566605,After_T3_Stabilization_2,60,768.9158594847182,196.2060086996542,CLUSTER_HEAD,NO,NO,61,62,0,21599.918151,15,"[62,1]","[62,254]"
431.566605,After_T3_Stabilization_2,61,763.497401736886,257.7252476326963,ROUTER,NO,NO,71,,0,21599.824846,14,"[63,1]",
431.566605,After_T3_Stabilization_2,62,764.1019348256126,323.9634022554057,ROUTER,NO,NO,52,,0,21599.808097,12,"[65,3]",
431.566605,After_T3_Stabilization_2,63,803.6937526222692,419.14580831716245,REGISTERED,NO,NO,74,,0,21599.819298,12,"[66,4]",
431.566605,After_T3_Stabilization_2,64,756.2482256089158,496.24271759512897,ROUTER,NO,NO,54,,0,21599.732461,9,"[46,2]",
431.566605,After_T3_Stabilization_2,65,789.1451940539798,555.7699866092837,ROUTER,NO,NO,64,,0,21599.797210,10,"[65,1]",
431.566605,After_T3_Stabilization_2,66,785.5378400805566,664.0001333820411,UNREGISTERED,NO,NO,,,0,21599.929406,,,
431.566605,After_T3_Stabilization_2,67,812.3223869090717,754.9362062687602,UNREGISTERED,NO,NO,,,0,21599.893016,,,
431.566605,After_T3_Stabilization_2,68,792.8279931107043,838.3442291074676,UNREGISTERED,NO,NO,,,0,21599.870629,,,
431.566605,After_T3_Stabilization_2,69,826.5204837453006,882.3333676682533,UNREGISTERED,NO,NO,,,0,21599.949505,,,
431.566605,After_T3_Stabilization_2,70,819.2870292529333,210.65346116083896,REGISTERED,NO,NO,71,,0,21599.880227,14,"[63,2]",
431.566605,After_T3_Stabilization_2,71,843.3710593948554,282.65640702292376,CLUSTER_HEAD,NO,NO,62,63,3,21599.844323,13,"[63,1]","[63,254]"
431.566605,After_T3_Stabilization_2,72,853.0399385612658,322.72681871709284,ROUTER,NO,NO,71,,0,21599.847472,14,"[63,3]",
431.566605,After_T3_Stabilization_2,73,847.4528523662768,417.71364256852365,REGISTERED,NO,NO,74,,0,21599.852659,12,"[66,2]",
431.566605,After_T3_Stabilization_2,74,850.4229535339923,491.8004024076869,CLUSTER_HEAD,NO,NO,65,66,4,21599.760612,11,"[66,1]","[66,254]"
431.566605,After_T3_Stabilization_2,75,848.1287163093793,555.1281368817013,CLUSTER_HEAD,NO,NO,74,76,1,21599.828137,12,"[66,1]","[76,254]"
431.566605,After_T3_Stabilization_2,76,887.6745038968746,675.2697823576476,REGISTERED,NO,NO,86,,0,21599.917000,16,"[97,2]",
431.566605,After_T3_Stabilization_2,77,909.9163440306868,727.5985001413849,REGISTERED,NO,NO,86,,0,21599.877963,16,"[97,1]",
431.566605,After_T3_Stabilization_2,78,862.5305772485774,789.6746268099105,UNREGISTERED,NO,NO,,,0,21599.922653,,,
431.566605,After_T3_Stabilization_2,79,917.0905574747093,871.6878207637375,REGISTERED,NO,NO,88,,0,21599.921802,18,"[98,2]",
431.566605,After_T3_Stabilization_2,80,917.795955104234,170.33145659519425,UNREGISTERED,NO,NO,,,0,21599.961069,,,
431.566605,After_T3_Stabilization_2,81,946.8865452135002,277.28935313995055,REGISTERED,NO,NO,82,,0,21599.913348,16,"[73,1]",
431.566605,After_T3_Stabilization_2,82,934.0445743392862,343.7509495641725,CLUSTER_HEAD,NO,NO,72,73,1,21599.861893,15,"[73,1]","[73,254]"
431.566605,After_T3_Stabilization_2,83,958.3017186380113,421.7531828861063,REGISTERED,NO,NO,93,,0,21599.885986,16,"[95,1]",
431.566605,After_T3_Stabilization_2,84,928.00628921822,528.9875216650922,ROUTER,NO,NO,74,,0,21599.811275,12,"[66,3]",
431.566605,After_T3_Stabilization_2,85,936.0114651670935,566.2318521608157,REGISTERED,NO,NO,75,,0,21599.891794,13,"[76,1]",
431.566605,After_T3_Stabilization_2,86,962.6796194150663,686.1761530409004,CLUSTER_HEAD,NO,NO,96,97,4,21599.846283,15,"[97,1]","[97,254]"
431.566605,After_T3_Stabilization_2,87,956.6811462730992,744.0851081130561,REGISTERED,NO,NO,86,,0,21599.865751,16,"[97,4]",
431.566605,After_T3_Stabilization_2,88,985.6500671215712,805.481766528868,CLUSTER_HEAD,NO,NO,97,98,3,21599.878738,17,"[98,1]","[98,254]"
431.566605,After_T3_Stabilization_2,89,992.5774581478606,873.1553030235262,REGISTERED,NO,NO,88,,0,21599.898511,18,"[98,1]",
431.566605,After_T3_Stabilization_2,90,989.0327192088653,231.60860089229863,UNREGISTERED,NO,NO,,,0,21599.920780,,,
431.566605,After_T3_Stabilization_2,91,985.8849335948341,287.0358579369218,UNREGISTERED,NO,NO,,,0,21599.894715,,,
431.566605,After_T3_Stabilization_2,92,1001.6632243967489,359.4215143185263,REGISTERED,NO,NO,93,,0,21599.892784,16,"[95,2]",
431.566605,After_T3_Stabilization_2,93,1033.282098392376,400.10290888078157,CLUSTER_HEAD,NO,NO,94,95,2,21599.906685,15,"[95,1]","[95,254]"
431.566605,After_T3_Stabilization_2,94,1013.1373601483285,489.64205886732435,ROUTER,NO,NO,95,,0,21599.862253,14,"[85,2]",
431.566605,After_T3_Stabilization_2,95,1007.0218830902194,560.9552409644073,CLUSTER_HEAD,NO,NO,84,85,2,21599.862954,13,"[85,1]","[85,254]"
431.566605,After_T3_Stabilization_2,96,1036.6841918329485,629.868457736494,ROUTER,NO,NO,95,,0,21599.904015,14,"[85,1]",
431.566605,After_T3_Stabilization_2,97,1009.9909320039804,723.675538362311,ROUTER,NO,NO,86,,0,21599.879808,16,"[97,3]",
431.566605,After_T3_Stabilization_2,98,1016.7150602314451,780.8896686000546,REGISTERED,NO,NO,88,,0,21599.893363,18,"[98,3]",
431.566605,After_T3_Stabilization_2,99,1083.106315018801,870.8374865629639,UNREGISTERED,NO,NO,,,0,21599.964390,,,
462.761970,After_T3_Stabilization_2,0,299.84398268804483,185.1910024612609,ROUTER,NO,NO,1,,0,21599.852940,1,"[0,2]",
462.761970,After_T3_Stabilization_2,1,291.2903844316383,274.3006767325388,ROOT,NO,NO,,0,3,21599.771208,0,"[0,254]","[0,254]"
462.761970,After_T3_Stabilization_2,2,288.9285774506964,340.4339981094863,ROUTER,NO,NO,1,,0,21599.819250,1,"[0,3]",
462.761970,After_T3_Stabilization_2,3,296.5319500912085,406.0434434760707,CLUSTER_HEAD,NO,NO,2,3,0,21599.893599,2,"[3,1]","[3,254]"
462.761970,After_T3_Stabilization_2,4,360.7824473322143,492.5581141021177,ROUTER,NO,NO,13,,0,21599.776271,5,"[24,1]",
462.761970,After_T3_Stabilization_2,5,367.91709918829287,569.1648823215173,REGISTERED,NO,NO,14,,0,21599.815407,7,"[5,2]",
462.761970,After_T3_Stabilization_2,6,352.4079665340105,664.5492878578648,UNREGISTERED,NO,NO,,,0,21599.939749,,,
462.761970,After_T3_Stabilization_2,7,382.4887037301087,744.2326915083939,UNREGISTERED,NO,NO,,,0,21599.869705,,,
462.761970,After_T3_Stabilization_2,8,379.4091430515301,817.0644939199916,UNREGISTERED,NO,NO,,,0,21599.891676,,,
462.761970,After_T3_Stabilization_2,9,351.12400325565375,869.1914108340076,UNREGISTERED,NO,NO,,,0,21599.940612,,,
462.761970,After_T3_Stabilization_2,10,388.670840539026,175.0336926137502,CLUSTER_HEAD,NO,NO,0,1,0,21599.896604,2,"[1,1]","[1,254]"
462.761970,After_T3_Stabilization_2,11,369.10210290198074,288.18924736088735,ROUTER,NO,NO,1,,0,21599.736612,1,"[0,1]",
462.761970,After_T3_Stabilization_2,12,376.61202984349086,333.5860857602995,REGISTERED,NO,YES,22,,0,21599.810313,3,"[12,4]",
462.761970,After_T3_Stabilization_2,13,393.21182623218795,435.88132024084274,CLUSTER_HEAD,NO,NO,23,24,1,21599.796535,4,"[24,1]","[24,254]"
462.761970,After_T3_Stabilization_2,14,426.6312269368072,526.368384147473,CLUSTER_HEAD,NO,NO,4,5,2,21599.817352,6,"[5,1]","[5,254]"
462.761970,After_T3_Stabilization_2,15,443.53893714478244,579.753312645143,REGISTERED,NO,NO,14,,0,21599.900755,7,"[5,1]",
462.761970,After_T3_Stabilization_2,16,441.54849719366985,676.1118822844454,UNREGISTERED,NO,NO,,,0,21599.867893,,,
462.761970,After_T3_Stabilization_2,17,433.6609522994523,733.0507774777633,UNREGISTERED,NO,NO,,,0,21599.841363,,,
462.761970,After_T3_Stabilization_2,18,428.42351231786915,809.0596065683781,UNREGISTERED,NO,NO,,,0,21599.839410,,,
462.761970,After_T3_Stabilization_2,19,413.3044556068666,889.5107155178393,UNREGISTERED,NO,NO,,,0,21599.888885,,,
462.761970,After_T3_Stabilization_2,20,482.2953568355153,222.1833089845091,REGISTERED,NO,NO,21,,0,21599.673924,4,"[22,3]",
462.761970,After_T3_Stabilization_2,21,478.7783784943958,258.5316613684891,CLUSTER_HEAD,NO,NO,22,22,3,21599.630421,3,"[12,2]","[22,254]"
462.761970,After_T3_Stabilization_2,22,441.73491724846247,329.0009384519528,CLUSTER_HEAD,NO,NO,11,12,4,21599.642216,2,"[12,2]","[12,254]"
462.761970,After_T3_Stabilization_2,23,458.69751636442606,398.45523581462686,ROUTER,NO,NO,22,,0,21599.657842,3,"[12,1]",
462.761970,After_T3_Stabilization_2,24,511.9003302949405,477.32029189447,ROUTER,NO,NO,33,,0,21599.710701,5,"[33,1]",
462.761970,After_T3_Stabilization_2,25,517.0000007495172,581.7945075780798,REGISTERED,NO,NO,34,,0,21599.819517,7,"[25,2]",
462.761970,After_T3_Stabilization_2,26,492.42351783898073,676.3283129241262,UNREGISTERED,NO,NO,,,0,21599.909536,,,
462.761970,After_T3_Stabilization_2,27,499.0626031404207,723.2932085737683,UNREGISTERED,NO,NO,,,0,21599.851659,,,
462.761970,After_T3_Stabilization_2,28,482.34817521778723,804.4247962507183,UNREGISTERED,NO,NO,,,0,21599.869587,,,
462.761970,After_T3_Stabilization_2,29,489.2929247071711,872.3987072420821,UNREGISTERED,NO,NO,,,0,21599.909350,,,
462.761970,After_T3_Stabilization_2,30,537.1794862348304,201.23303050622752,ROUTER,NO,NO,21,,0,21599.626041,4,"[22,1]",
462.761970,After_T3_Stabilization_2,31,523.02796771326,271.5508345546859,REGISTERED,NO,NO,21,,0,21599.595081,4,"[22,2]",
462.761970,After_T3_Stabilization_2,32,518.6454665015949,325.90097871952514,ROUTER,NO,NO,22,,0,21599.620444,3,"[12,3]",
462.761970,After_T3_Stabilization_2,33,522.3103078052537,405.3928415665591,CLUSTER_HEAD,NO,YES,32,33,1,21599.762574,4,"[33,1]","[33,254]"
462.761970,After_T3_Stabilization_2,34,573.4556771716863,533.0321112859832,CLUSTER_HEAD,NO,NO,24,25,4,21599.708300,6,"[25,1]","[25,254]"
462.761970,After_T3_Stabilization_2,35,566.0100853046647,563.5963199040085,REGISTERED,NO,NO,34,,0,21599.751225,7,"[25,4]",
462.761970,After_T3_Stabilization_2,36,605.0022421303236,668.5084924994018,UNREGISTERED,NO,NO,,,0,21599.933919,,,
462.761970,After_T3_Stabilization_2,37,580.8237597534786,727.7000871402527,UNREGISTERED,NO,NO,,,0,21599.871404,,,
462.761970,After_T3_Stabilization_2,38,571.2958231610007,778.0299222500877,UNREGISTERED,NO,NO,,,0,21599.894994,,,
462.761970,After_T3_Stabilization_2,39,617.080918925689,873.5739658229493,UNREGISTERED,NO,NO,,,0,21599.955296,,,
462.761970,After_T3_Stabilization_2,40,575.1484108806133,202.10241670037422,CLUSTER_HEAD,NO,NO,30,31,1,21599.703865,5,"[31,1]","[31,254]"
462.761970,After_T3_Stabilization_2,41,610.3557282151479,252.31471689396204,REGISTERED,NO,NO,40,,0,21599.730622,6,"[31,1]",
462.761970,After_T3_Stabilization_2,42,641.3704664381531,365.3979115983206,REGISTERED,NO,NO,52,,0,21599.869438,12,"[65,1]",
462.761970,After_T3_Stabilization_2,43,627.7229998878051,404.10236557546995,CLUSTER_HEAD,NO,NO,44,45,0,21599.869420,8,"[45,1]","[45,254]"
462.761970,After_T3_Stabilization_2,44,604.5067311819015,491.355202260328,ROUTER,NO,NO,34,,0,21599.681734,7,"[25,3]",
462.761970,After_T3_Stabilization_2,45,639.8210106182687,566.9955759722967,ROUTER,NO,NO,34,,0,21599.702777,7,"[25,1]",
462.761970,After_T3_Stabilization_2,46,633.6604449253332,673.8830843422606,UNREGISTERED,NO,NO,,,0,21599.895286,,,
462.761970,After_T3_Stabilization_2,47,661.8543831007356,761.0914842680075,UNREGISTERED,NO,NO,,,0,21599.867750,,,
462.761970,After_T3_Stabilization_2,48,694.9938936535937,779.453939119187,UNREGISTERED,NO,NO,,,0,21599.867484,,,
462.761970,After_T3_Stabilization_2,49,652.4347220547897,859.609507913892,UNREGISTERED,NO,NO,,,0,21599.909145,,,
462.761970,After_T3_Stabilization_2,50,672.3942720277463,168.434321902835,UNREGISTERED,NO,NO,,,0,21599.977422,,,
462.761970,After_T3_Stabilization_2,51,714.4149025466832,295.2289437102392,REGISTERED,NO,NO,52,,0,21599.824699,12,"[65,2]",
462.761970,After_T3_Stabilization_2,52,724.5859085770669,351.074111765282,CLUSTER_HEAD,NO,NO,53,65,3,21599.808913,11,"[65,1]","[65,254]"
462.761970,After_T3_Stabilization_2,53,727.7140025905433,429.5737199738291,ROUTER,NO,NO,64,,0,21599.812604,10,"[65,2]",
462.761970,After_T3_Stabilization_2,54,688.6940550195295,531.6771473298098,CLUSTER_HEAD,NO,NO,45,46,2,21599.750861,8,"[46,1]","[46,254]"
462.761970,After_T3_Stabilization_2,55,698.8131839976097,562.965811606574,REGISTERED,NO,NO,54,,0,21599.762090,9,"[46,1]",
462.761970,After_T3_Stabilization_2,56,712.212226776341,667.044229018249,UNREGISTERED,NO,NO,,,0,21599.939352,,,
462.761970,After_T3_Stabilization_2,57,761.1498749271435,751.9264547384893,UNREGISTERED,NO,NO,,,0,21599.880985,,,
462.761970,After_T3_Stabilization_2,58,722.8280805245103,778.7569041292918,UNREGISTERED,NO,NO,,,0,21599.845655,,,
462.761970,After_T3_Stabilization_2,59,729.0983463091471,857.8675543731596,UNREGISTERED,NO,NO,,,0,21599.885282,,,
462.761970,After_T3_Stabilization_2,60,768.9158594847182,196.2060086996542,CLUSTER_HEAD,NO,NO,61,62,0,21599.898800,15,"[62,1]","[62,254]"
462.761970,After_T3_Stabilization_2,61,763.497401736886,257.7252476326963,ROUTER,NO,NO,71,,0,21599.792506,14,"[63,1]",
462.761970,After_T3_Stabilization_2,62,764.1019348256126,323.9634022554057,ROUTER,NO,NO,52,,0,21599.773579,12,"[65,3]",
462.761970,After_T3_Stabilization_2,63,803.6937526222692,419.14580831716245,REGISTERED,NO,NO,74,,0,21599.791333,12,"[66,4]",
462.761970,After_T3_Stabilization_2,64,756.2482256089158,496.24271759512897,ROUTER,NO,NO,54,,0,21599.692800,9,"[46,2]",
462.761970,After_T3_Stabilization_2,65,789.1451940539798,555.7699866092837,ROUTER,NO,NO,64,,0,21599.765788,10,"[65,1]",
462.761970,After_T3_Stabilization_2,66,785.5378400805566,664.0001333820411,UNREGISTERED,NO,NO,,,0,21599.921027,,,
462.761970,After_T3_Stabilization_2,67,812.3223869090717,754.9362062687602,UNREGISTERED,NO,NO,,,0,21599.879602,,,
462.761970,After_T3_Stabilization_2,68,792.8279931107043,838.3442291074676,REGISTERED,NO,NO,78,,0,21599.854364,18,"[78,1]",
462.761970,After_T3_Stabilization_2,69,826.5204837453006,882.3333676682533,CLUSTER_HEAD,NO,NO,79,80,0,21599.936791,19,"[80,1]","[80,254]"
462.761970,After_T3_Stabilization_2,70,819.2870292529333,210.65346116083896,REGISTERED,NO,NO,71,,0,21599.855946,14,"[63,2]",
462.761970,After_T3_Stabilization_2,71,843.3710593948554,282.65640702292376,CLUSTER_HEAD,NO,NO,62,63,3,21599.815815,13,"[63,1]","[63,254]"
462.761970,After_T3_Stabilization_2,72,853.0399385612658,322.72681871709284,ROUTER,NO,NO,71,,0,21599.818462,14,"[63,3]",
462.761970,After_T3_Stabilization_2,73,847.4528523662768,417.71364256852365,REGISTERED,NO,NO,74,,0,21599.828922,12,"[66,2]",
462.761970,After_T3_Stabilization_2,74,850.4229535339923,491.8004024076869,CLUSTER_HEAD,NO,NO,65,66,4,21599.724616,11,"[66,1]","[66,254]"
462.761970,After_T3_Stabilization_2,75,848.1287163093793,555.1281368817013,CLUSTER_HEAD,NO,NO,74,76,1,21599.800766,12,"[66,1]","[76,254]"
462.761970,After_T3_Stabilization_2,76,887.6745038968746,675.2697823576476,REGISTERED,NO,NO,86,,0,21599.896669,16,"[97,2]",
462.761970,After_T3_Stabilization_2,77,909.9163440306868,727.5985001413849,ROUTER,NO,NO,86,,0,21599.851507,16,"[97,1]",
462.761970,After_T3_Stabilization_2,78,862.5305772485774,789.6746268099105,CLUSTER_HEAD,NO,NO,77,78,1,21599.910061,17,"[78,1]","[78,254]"
462.761970,After_T3_Stabilization_2,79,917.0905574747093,871.6878207637375,ROUTER,NO,NO,88,,0,21599.893776,18,"[98,2]",
462.761970,After_T3_Stabilization_2,80,917.795955104234,170.33145659519425,UNREGISTERED,NO,NO,,,0,21599.956399,,,
462.761970,After_T3_Stabilization_2,81,946.8865452135002,277.28935313995055,REGISTERED,NO,NO,82,,0,21599.888389,16,"[73,1]",
462.761970,After_T3_Stabilization_2,82,934.0445743392862,343.7509495641725,CLUSTER_HEAD,NO,NO,72,73,2,21599.829406,15,"[73,1]","[73,254]"
462.761970,After_T3_Stabilization_2,83,958.3017186380113,421.7531828861063,REGISTERED,NO,NO,93,,0,21599.858191,16,"[95,1]",
462.761970,After_T3_Stabilization_2,84,928.00628921822,528.9875216650922,ROUTER,NO,NO,74,,0,21599.779440,12,"[66,3]",
462.761970,After_T3_Stabilization_2,85,936.0114651670935,566.2318521608157,REGISTERED,NO,NO,75,,0,21599.868443,13,"[76,1]",
462.761970,After_T3_Stabilization_2,86,962.6796194150663,686.1761530409004,CLUSTER_HEAD,NO,NO,96,97,4,21599.815890,15,"[97,1]","[97,254]"
462.761970,After_T3_Stabilization_2,87,956.6811462730992,744.0851081130561,REGISTERED,NO,NO,86,,0,21599.830535,16,"[97,4]",
462.761970,After_T3_Stabilization_2,88,985.6500671215712,805.481766528868,CLUSTER_HEAD,NO,NO,97,98,3,21599.843703,17,"[98,1]","[98,254]"
462.761970,After_T3_Stabilization_2,89,992.5774581478606,873.1553030235262,REGISTERED,NO,NO,88,,0,21599.867933,18,"[98,1]",
462.761970,After_T3_Stabilization_2,90,989.0327192088653,231.60860089229863,UNREGISTERED,NO,NO,,,0,21599.907699,,,
462.761970,After_T3_Stabilization_2,91,985.8849335948341,287.0358579369218,REGISTERED,NO,NO,82,,0,21599.869227,16,"[73,2]",
462.761970,After_T3_Stabilization_2,92,1001.6632243967489,359.4215143185263,REGISTERED,NO,NO,93,,0,21599.864450,16,"[95,2]",
462.761970,After_T3_Stabilization_2,93,1033.282098392376,400.10290888078157,CLUSTER_HEAD,NO,NO,94,95,2,21599.884774,15,"[95,1]","[95,254]"
462.761970,After_T3_Stabilization_2,94,1013.1373601483285,489.64205886732435,ROUTER,NO,NO,95,,0,21599.834347,14,"[85,2]",
462.761970,After_T3_Stabilization_2,95,1007.0218830902194,560.9552409644073,CLUSTER_HEAD,NO,NO,84,85,2,21599.838334,13,"[85,1]","[85,254]"
462.761970,After_T3_Stabilization_2,96,1036.6841918329485,629.868457736494,ROUTER,NO,NO,95,,0,21599.882831,14,"[85,1]",
462.761970,After_T3_Stabilization_2,97,1009.9909320039804,723.675538362311,ROUTER,NO,NO,86,,0,21599.847182,16,"[97,3]",
462.761970,After_T3_Stabilization_2,98,1016.7150602314451,780.8896686000546,REGISTERED,NO,NO,88,,0,21599.861520,18,"[98,3]",
462.761970,After_T3_Stabilization_2,99,1083.106315018801,870.8374865629639,UNREGISTERED,NO,NO,,,0,21599.957584,,,
481.566605,After_T3_Stabilization_3,0,299.84398268804483,185.1910024612609,ROUTER,NO,NO,1,,0,21599.846105,1,"[0,2]",
481.566605,After_T3_Stabilization_3,1,291.2903844316383,274.3006767325388,ROOT,NO,NO,,0,3,21599.760985,0,"[0,254]","[0,254]"
481.566605,After_T3_Stabilization_3,2,288.9285774506964,340.4339981094863,ROUTER,NO,NO,1,,0,21599.810089,1,"[0,3]",
481.566605,After_T3_Stabilization_3,3,296.5319500912085,406.0434434760707,CLUSTER_HEAD,NO,NO,2,3,0,21599.886701,2,"[3,1]","[3,254]"
481.566605,After_T3_Stabilization_3,4,360.7824473322143,492.5581141021177,ROUTER,NO,NO,13,,0,21599.759700,5,"[24,1]",
481.566605,After_T3_Stabilization_3,5,367.91709918829287,569.1648823215173,REGISTERED,NO,NO,14,,0,21599.799766,7,"[5,2]",
481.566605,After_T3_Stabilization_3,6,352.4079665340105,664.5492878578648,UNREGISTERED,NO,NO,,,0,21599.937610,,,
481.566605,After_T3_Stabilization_3,7,382.4887037301087,744.2326915083939,UNREGISTERED,NO,NO,,,0,21599.864099,,,
481.566605,After_T3_Stabilization_3,8,379.4091430515301,817.0644939199916,UNREGISTERED,NO,NO,,,0,21599.886262,,,
481.566605,After_T3_Stabilization_3,9,351.12400325565375,869.1914108340076,UNREGISTERED,NO,NO,,,0,21599.937424,,,
481.566605,After_T3_Stabilization_3,10,388.670840539026,175.0336926137502,CLUSTER_HEAD,NO,NO,0,1,0,21599.890170,2,"[1,1]","[1,254]"
481.566605,After_T3_Stabilization_3,11,369.10210290198074,288.18924736088735,ROUTER,NO,NO,1,,0,21599.723708,1,"[0,1]",
481.566605,After_T3_Stabilization_3,12,376.61202984349086,333.5860857602995,REGISTERED,NO,YES,22,,0,21599.800291,3,"[12,4]",
481.566605,After_T3_Stabilization_3,13,393.21182623218795,435.88132024084274,CLUSTER_HEAD,NO,NO,23,24,1,21599.783648,4,"[24,1]","[24,254]"
481.566605,After_T3_Stabilization_3,14,426.6312269368072,526.368384147473,CLUSTER_HEAD,NO,NO,4,5,2,21599.802635,6,"[5,1]","[5,254]"
481.566605,After_T3_Stabilization_3,15,443.53893714478244,579.753312645143,REGISTERED,NO,NO,14,,0,21599.888509,7,"[5,1]",
481.566605,After_T3_Stabilization_3,16,441.54849719366985,676.1118822844454,UNREGISTERED,NO,NO,,,0,21599.862107,,,
481.566605,After_T3_Stabilization_3,17,433.6609522994523,733.0507774777633,UNREGISTERED,NO,NO,,,0,21599.832421,,,
481.566605,After_T3_Stabilization_3,18,428.42351231786915,809.0596065683781,UNREGISTERED,NO,NO,,,0,21599.830188,,,
481.566605,After_T3_Stabilization_3,19,413.3044556068666,889.5107155178393,UNREGISTERED,NO,NO,,,0,21599.882820,,,
481.566605,After_T3_Stabilization_3,20,482.2953568355153,222.1833089845091,REGISTERED,NO,NO,21,,0,21599.662700,4,"[22,3]",
481.566605,After_T3_Stabilization_3,21,478.7783784943958,258.5316613684891,CLUSTER_HEAD,NO,NO,22,22,3,21599.616917,3,"[12,2]","[22,254]"
481.566605,After_T3_Stabilization_3,22,441.73491724846247,329.0009384519528,CLUSTER_HEAD,NO,NO,11,12,4,21599.626172,2,"[12,2]","[12,254]"
481.566605,After_T3_Stabilization_3,23,458.69751636442606,398.45523581462686,ROUTER,NO,NO,22,,0,21599.640523,3,"[12,1]",
481.566605,After_T3_Stabilization_3,24,511.9003302949405,477.32029189447,ROUTER,NO,NO,33,,0,21599.694239,5,"[33,1]",
481.566605,After_T3_Stabilization_3,25,517.0000007495172,581.7945075780798,REGISTERED,NO,NO,34,,0,21599.808216,7,"[25,2]",
481.566605,After_T3_Stabilization_3,26,492.42351783898073,676.3283129241262,UNREGISTERED,NO,NO,,,0,21599.904773,,,
481.566605,After_T3_Stabilization_3,27,499.0626031404207,723.2932085737683,UNREGISTERED,NO,NO,,,0,21599.841798,,,
481.566605,After_T3_Stabilization_3,28,482.34817521778723,804.4247962507183,UNREGISTERED,NO,NO,,,0,21599.860414,,,
481.566605,After_T3_Stabilization_3,29,489.2929247071711,872.3987072420821,UNREGISTERED,NO,NO,,,0,21599.903508,,,
481.566605,After_T3_Stabilization_3,30,537.1794862348304,201.23303050622752,ROUTER,NO,NO,21,,0,21599.614526,4,"[22,1]",
481.566605,After_T3_Stabilization_3,31,523.02796771326,271.5508345546859,REGISTERED,NO,NO,21,,0,21599.582697,4,"[22,2]",
481.566605,After_T3_Stabilization_3,32,518.6454665015949,325.90097871952514,ROUTER,NO,NO,22,,0,21599.603807,3,"[12,3]",
481.566605,After_T3_Stabilization_3,33,522.3103078052537,405.3928415665591,CLUSTER_HEAD,NO,YES,32,33,1,21599.750719,4,"[33,1]","[33,254]"
481.566605,After_T3_Stabilization_3,34,573.4556771716863,533.0321112859832,CLUSTER_HEAD,NO,NO,24,25,4,21599.692717,6,"[25,1]","[25,254]"
481.566605,After_T3_Stabilization_3,35,566.0100853046647,563.5963199040085,REGISTERED,NO,NO,34,,0,21599.736280,7,"[25,4]",
481.566605,After_T3_Stabilization_3,36,605.0022421303236,668.5084924994018,UNREGISTERED,NO,NO,,,0,21599.930464,,,
481.566605,After_T3_Stabilization_3,37,580.8237597534786,727.7000871402527,UNREGISTERED,NO,NO,,,0,21599.862653,,,
481.566605,After_T3_Stabilization_3,38,571.2958231610007,778.0299222500877,UNREGISTERED,NO,NO,,,0,21599.886560,,,
481.566605,After_T3_Stabilization_3,39,617.080918925689,873.5739658229493,UNREGISTERED,NO,NO,,,0,21599.951860,,,
481.566605,After_T3_Stabilization_3,40,575.1484108806133,202.10241670037422,CLUSTER_HEAD,NO,NO,30,31,1,21599.694902,5,"[31,1]","[31,254]"
481.566605,After_T3_Stabilization_3,41,610.3557282151479,252.31471689396204,REGISTERED,NO,NO,40,,0,21599.721993,6,"[31,1]",
481.566605,After_T3_Stabilization_3,42,641.3704664381531,365.3979115983206,REGISTERED,NO,NO,52,,0,21599.856902,12,"[65,1]",
481.566605,After_T3_Stabilization_3,43,627.7229998878051,404.10236557546995,CLUSTER_HEAD,NO,NO,44,45,0,21599.857460,8,"[45,1]","[45,254]"
481.566605,After_T3_Stabilization_3,44,604.5067311819015,491.355202260328,ROUTER,NO,NO,34,,0,21599.661327,7,"[25,3]",
481.566605,After_T3_Stabilization_3,45,639.8210106182687,566.9955759722967,ROUTER,NO,NO,34,,0,21599.682078,7,"[25,1]",
481.566605,After_T3_Stabilization_3,46,633.6604449253332,673.8830843422606,UNREGISTERED,NO,NO,,,0,21599.887819,,,
481.566605,After_T3_Stabilization_3,47,661.8543831007356,761.0914842680075,UNREGISTERED,NO,NO,,,0,21599.858909,,,
481.566605,After_T3_Stabilization_3,48,694.9938936535937,779.453939119187,UNREGISTERED,NO,NO,,,0,21599.856159,,,
481.566605,After_T3_Stabilization_3,49,652.4347220547897,859.609507913892,UNREGISTERED,NO,NO,,,0,21599.902955,,,
481.566605,After_T3_Stabilization_3,50,672.3942720277463,168.434321902835,UNREGISTERED,NO,NO,,,0,21599.975512,,,
481.566605,After_T3_Stabilization_3,51,714.4149025466832,295.2289437102392,REGISTERED,NO,NO,52,,0,21599.808102,12,"[65,2]",
481.566605,After_T3_Stabilization_3,52,724.5859085770669,351.074111765282,CLUSTER_HEAD,NO,NO,53,65,3,21599.792290,11,"[65,1]","[65,254]"
481.566605,After_T3_Stabilization_3,53,727.7140025905433,429.5737199738291,ROUTER,NO,NO,64,,0,21599.796779,10,"[65,2]",
481.566605,After_T3_Stabilization_3,54,688.6940550195295,531.6771473298098,CLUSTER_HEAD,NO,NO,45,46,2,21599.732336,8,"[46,1]","[46,254]"
481.566605,After_T3_Stabilization_3,55,698.8131839976097,562.965811606574,REGISTERED,NO,NO,54,,0,21599.744437,9,"[46,1]",
481.566605,After_T3_Stabilization_3,56,712.212226776341,667.044229018249,UNREGISTERED,NO,NO,,,0,21599.935500,,,
481.566605,After_T3_Stabilization_3,57,761.1498749271435,751.9264547384893,CLUSTER_HEAD,NO,NO,68,69,2,21599.863804,19,"[69,1]","[69,254]"
481.566605,After_T3_Stabilization_3,58,722.8280805245103,778.7569041292918,REGISTERED,NO,NO,57,,0,21599.828933,20,"[69,1]",
481.566605,After_T3_Stabilization_3,59,729.0983463091471,857.8675543731596,UNREGISTERED,NO,NO,,,0,21599.875718,,,
481.566605,After_T3_Stabilization_3,60,768.9158594847182,196.2060086996542,CLUSTER_HEAD,NO,NO,61,62,0,21599.887365,15,"[62,1]","[62,254]"
481.566605,After_T3_Stabilization_3,61,763.497401736886,257.7252476326963,ROUTER,NO,NO,71,,0,21599.772656,14,"[63,1]",
481.566605,After_T3_Stabilization_3,62,764.1019348256126,323.9634022554057,ROUTER,NO,NO,52,,0,21599.752335,12,"[65,3]",
481.566605,After_T3_Stabilization_3,63,803.6937526222692,419.14580831716245,REGISTERED,NO,NO,74,,0,21599.773402,12,"[66,4]",
481.566605,After_T3_Stabilization_3,64,756.2482256089158,496.24271759512897,ROUTER,NO,NO,54,,0,21599.668607,9,"[46,2]",
481.566605,After_T3_Stabilization_3,65,789.1451940539798,555.7699866092837,ROUTER,NO,NO,64,,0,21599.748469,10,"[65,1]",
481.566605,After_T3_Stabilization_3,66,785.5378400805566,664.0001333820411,REGISTERED,NO,NO,57,,0,21599.912783,20,"[69,2]",
481.566605,After_T3_Stabilization_3,67,812.3223869090717,754.9362062687602,REGISTERED,NO,NO,78,,0,21599.863223,18,"[78,2]",
481.566605,After_T3_Stabilization_3,68,792.8279931107043,838.3442291074676,ROUTER,NO,NO,78,,0,21599.833629,18,"[78,1]",
481.566605,After_T3_Stabilization_3,69,826.5204837453006,882.3333676682533,CLUSTER_HEAD,NO,NO,79,80,0,21599.925956,19,"[80,1]","[80,254]"
481.566605,After_T3_Stabilization_3,70,819.2870292529333,210.65346116083896,REGISTERED,NO,NO,71,,0,21599.841685,14,"[63,2]",
481.566605,After_T3_Stabilization_3,71,843.3710593948554,282.65640702292376,CLUSTER_HEAD,NO,NO,62,63,3,21599.799219,13,"[63,1]","[63,254]"
481.566605,After_T3_Stabilization_3,72,853.0399385612658,322.72681871709284,ROUTER,NO,NO,71,,0,21599.802108,14,"[63,3]",
481.566605,After_T3_Stabilization_3,73,847.4528523662768,417.71364256852365,REGISTERED,NO,NO,74,,0,21599.813975,12,"[66,2]",
481.566605,After_T3_Stabilization_3,74,850.4229535339923,491.8004024076869,CLUSTER_HEAD,NO,NO,65,66,4,21599.705879,11,"[66,1]","[66,254]"
481.566605,After_T3_Stabilization_3,75,848.1287163093793,555.1281368817013,CLUSTER_HEAD,NO,NO,74,76,1,21599.787885,12,"[66,1]","[76,254]"
481.566605,After_T3_Stabilization_3,76,887.6745038968746,675.2697823576476,REGISTERED,NO,NO,86,,0,21599.883582,16,"[97,2]",
481.566605,After_T3_Stabilization_3,77,909.9163440306868,727.5985001413849,ROUTER,NO,NO,86,,0,21599.834107,16,"[97,1]",
481.566605,After_T3_Stabilization_3,78,862.5305772485774,789.6746268099105,CLUSTER_HEAD,NO,NO,77,78,2,21599.893736,17,"[78,1]","[78,254]"
481.566605,After_T3_Stabilization_3,79,917.0905574747093,871.6878207637375,ROUTER,NO,NO,88,,0,21599.883342,18,"[98,2]",
481.566605,After_T3_Stabilization_3,80,917.795955104234,170.33145659519425,UNREGISTERED,NO,NO,,,0,21599.952442,,,
481.566605,After_T3_Stabilization_3,81,946.8865452135002,277.28935313995055,CLUSTER_HEAD,NO,NO,82,82,0,21599.873716,16,"[73,1]","[82,254]"
481.566605,After_T3_Stabilization_3,82,934.0445743392862,343.7509495641725,CLUSTER_HEAD,NO,NO,72,73,2,21599.811373,15,"[73,1]","[73,254]"
481.566605,After_T3_Stabilization_3,83,958.3017186380113,421.7531828861063,REGISTERED,NO,NO,93,,0,21599.839942,16,"[95,1]",
481.566605,After_T3_Stabilization_3,84,928.00628921822,528.9875216650922,ROUTER,NO,NO,74,,0,21599.761999,12,"[66,3]",
481.566605,After_T3_Stabilization_3,85,936.0114651670935,566.2318521608157,REGISTERED,NO,NO,75,,0,21599.857798,13,"[76,1]",
481.566605,After_T3_Stabilization_3,86,962.6796194150663,686.1761530409004,CLUSTER_HEAD,NO,NO,96,97,4,21599.797956,15,"[97,1]","[97,254]"
481.566605,After_T3_Stabilization_3,87,956.6811462730992,744.0851081130561,REGISTERED,NO,NO,86,,0,21599.812570,16,"[97,4]",
481.566605,After_T3_Stabilization_3,88,985.6500671215712,805.481766528868,CLUSTER_HEAD,NO,NO,97,98,3,21599.829814,17,"[98,1]","[98,254]"
481.566605,After_T3_Stabilization_3,89,992.5774581478606,873.1553030235262,CLUSTER_HEAD,NO,NO,88,90,0,21599.855889,18,"[98,1]","[90,254]"
481.566605,After_T3_Stabilization_3,90,989.0327192088653,231.60860089229863,UNREGISTERED,NO,NO,,,0,21599.899417,,,
481.566605,After_T3_Stabilization_3,91,985.8849335948341,287.0358579369218,REGISTERED,NO,NO,82,,0,21599.852235,16,"[73,2]",
481.566605,After_T3_Stabilization_3,92,1001.6632243967489,359.4215143185263,REGISTERED,NO,NO,93,,0,21599.846987,16,"[95,2]",
481.566605,After_T3_Stabilization_3,93,1033.282098392376,400.10290888078157,CLUSTER_HEAD,NO,NO,94,95,2,21599.869770,15,"[95,1]","[95,254]"
481.566605,After_T3_Stabilization_3,94,1013.1373601483285,489.64205886732435,ROUTER,NO,NO,95,,0,21599.817774,14,"[85,2]",
481.566605,After_T3_Stabilization_3,95,1007.0218830902194,560.9552409644073,CLUSTER_HEAD,NO,NO,84,85,2,21599.824638,13,"[85,1]","[85,254]"
481.566605,After_T3_Stabilization_3,96,1036.6841918329485,629.868457736494,ROUTER,NO,NO,95,,0,21599.870247,14,"[85,1]",
481.566605,After_T3_Stabilization_3,97,1009.9909320039804,723.675538362311,ROUTER,NO,NO,86,,0,21599.832262,16,"[97,3]",
481.566605,After_T3_Stabilization_3,98,1016.7150602314451,780.8896686000546,REGISTERED,NO,NO,88,,0,21599.847649,18,"[98,3]",
481.566605,After_T3_Stabilization_3,99,1083.106315018801,870.8374865629639,UNREGISTERED,NO,NO,,,0,21599.955024,,,
512.761970,After_T3_Stabilization_3,0,299.84398268804483,185.1910024612609,ROUTER,NO,NO,1,,0,21599.833072,1,"[0,2]",
512.761970,After_T3_Stabilization_3,1,291.2903844316383,274.3006767325388,ROOT,NO,NO,,0,3,21599.743536,0,"[0,254]","[0,254]"
512.761970,After_T3_Stabilization_3,2,288.9285774506964,340.4339981094863,ROUTER,NO,NO,1,,0,21599.795110,1,"[0,3]",
512.761970,After_T3_Stabilization_3,3,296.5319500912085,406.0434434760707,CLUSTER_HEAD,NO,NO,2,3,0,21599.875877,2,"[3,1]","[3,254]"
512.761970,After_T3_Stabilization_3,4,360.7824473322143,492.5581141021177,ROUTER,NO,NO,13,,0,21599.737310,5,"[24,1]",
512.761970,After_T3_Stabilization_3,5,367.91709918829287,569.1648823215173,REGISTERED,NO,NO,14,,0,21599.778093,7,"[5,2]",
512.761970,After_T3_Stabilization_3,6,352.4079665340105,664.5492878578648,UNREGISTERED,NO,NO,,,0,21599.929256,,,
512.761970,After_T3_Stabilization_3,7,382.4887037301087,744.2326915083939,UNREGISTERED,NO,NO,,,0,21599.847863,,,
512.761970,After_T3_Stabilization_3,8,379.4091430515301,817.0644939199916,UNREGISTERED,NO,NO,,,0,21599.872352,,,
512.761970,After_T3_Stabilization_3,9,351.12400325565375,869.1914108340076,UNREGISTERED,NO,NO,,,0,21599.929163,,,
512.761970,After_T3_Stabilization_3,10,388.670840539026,175.0336926137502,CLUSTER_HEAD,NO,NO,0,1,0,21599.879111,2,"[1,1]","[1,254]"
512.761970,After_T3_Stabilization_3,11,369.10210290198074,288.18924736088735,ROUTER,NO,NO,1,,0,21599.702156,1,"[0,1]",
512.761970,After_T3_Stabilization_3,12,376.61202984349086,333.5860857602995,REGISTERED,NO,YES,22,,0,21599.783886,3,"[12,4]",
512.761970,After_T3_Stabilization_3,13,393.21182623218795,435.88132024084274,CLUSTER_HEAD,NO,NO,23,24,1,21599.764500,4,"[24,1]","[24,254]"
512.761970,After_T3_Stabilization_3,14,426.6312269368072,526.368384147473,CLUSTER_HEAD,NO,NO,4,5,2,21599.782074,6,"[5,1]","[5,254]"
512.761970,After_T3_Stabilization_3,15,443.53893714478244,579.753312645143,REGISTERED,NO,NO,14,,0,21599.866969,7,"[5,1]",
512.761970,After_T3_Stabilization_3,16,441.54849719366985,676.1118822844454,UNREGISTERED,NO,NO,,,0,21599.846708,,,
512.761970,After_T3_Stabilization_3,17,433.6609522994523,733.0507774777633,UNREGISTERED,NO,NO,,,0,21599.814523,,,
512.761970,After_T3_Stabilization_3,18,428.42351231786915,809.0596065683781,UNREGISTERED,NO,NO,,,0,21599.812470,,,
512.761970,After_T3_Stabilization_3,19,413.3044556068666,889.5107155178393,UNREGISTERED,NO,NO,,,0,21599.868252,,,
512.761970,After_T3_Stabilization_3,20,482.2953568355153,222.1833089845091,REGISTERED,NO,NO,21,,0,21599.629521,4,"[22,3]",
512.761970,After_T3_Stabilization_3,21,478.7783784943958,258.5316613684891,CLUSTER_HEAD,NO,NO,22,22,3,21599.582107,3,"[12,2]","[22,254]"
512.761970,After_T3_Stabilization_3,22,441.73491724846247,329.0009384519528,CLUSTER_HEAD,NO,NO,11,12,4,21599.594671,2,"[12,2]","[12,254]"
512.761970,After_T3_Stabilization_3,23,458.69751636442606,398.45523581462686,ROUTER,NO,NO,22,,0,21599.608050,3,"[12,1]",
512.761970,After_T3_Stabilization_3,24,511.9003302949405,477.32029189447,ROUTER,NO,NO,33,,0,21599.661022,5,"[33,1]",
512.761970,After_T3_Stabilization_3,25,517.0000007495172,581.7945075780798,REGISTERED,NO,NO,34,,0,21599.783671,7,"[25,2]",
512.761970,After_T3_Stabilization_3,26,492.42351783898073,676.3283129241262,UNREGISTERED,NO,NO,,,0,21599.894397,,,
512.761970,After_T3_Stabilization_3,27,499.0626031404207,723.2932085737683,UNREGISTERED,NO,NO,,,0,21599.823194,,,
512.761970,After_T3_Stabilization_3,28,482.34817521778723,804.4247962507183,UNREGISTERED,NO,NO,,,0,21599.844080,,,
512.761970,After_T3_Stabilization_3,29,489.2929247071711,872.3987072420821,UNREGISTERED,NO,NO,,,0,21599.892065,,,
512.761970,After_T3_Stabilization_3,30,537.1794862348304,201.23303050622752,ROUTER,NO,NO,21,,0,21599.576769,4,"[22,1]",
512.761970,After_T3_Stabilization_3,31,523.02796771326,271.5508345546859,REGISTERED,NO,NO,21,,0,21599.541097,4,"[22,2]",
512.761970,After_T3_Stabilization_3,32,518.6454665015949,325.90097871952514,ROUTER,NO,NO,22,,0,21599.567978,3,"[12,3]",
512.761970,After_T3_Stabilization_3,33,522.3103078052537,405.3928415665591,CLUSTER_HEAD,NO,YES,32,33,1,21599.725827,4,"[33,1]","[33,254]"
512.761970,After_T3_Stabilization_3,34,573.4556771716863,533.0321112859832,CLUSTER_HEAD,NO,NO,24,25,4,21599.657541,6,"[25,1]","[25,254]"
512.761970,After_T3_Stabilization_3,35,566.0100853046647,563.5963199040085,REGISTERED,NO,NO,34,,0,21599.704616,7,"[25,4]",
512.761970,After_T3_Stabilization_3,36,605.0022421303236,668.5084924994018,UNREGISTERED,NO,NO,,,0,21599.923264,,,
512.761970,After_T3_Stabilization_3,37,580.8237597534786,727.7000871402527,UNREGISTERED,NO,NO,,,0,21599.847701,,,
512.761970,After_T3_Stabilization_3,38,571.2958231610007,778.0299222500877,UNREGISTERED,NO,NO,,,0,21599.873840,,,
512.761970,After_T3_Stabilization_3,39,617.080918925689,873.5739658229493,UNREGISTERED,NO,NO,,,0,21599.947407,,,
512.761970,After_T3_Stabilization_3,40,575.1484108806133,202.10241670037422,CLUSTER_HEAD,NO,NO,30,31,1,21599.664091,5,"[31,1]","[31,254]"
512.761970,After_T3_Stabilization_3,41,610.3557282151479,252.31471689396204,REGISTERED,NO,NO,40,,0,21599.693487,6,"[31,1]",
512.761970,After_T3_Stabilization_3,42,641.3704664381531,365.3979115983206,REGISTERED,NO,NO,52,,0,21599.838207,12,"[65,1]",
512.761970,After_T3_Stabilization_3,43,627.7229998878051,404.10236557546995,CLUSTER_HEAD,NO,NO,44,45,0,21599.838295,8,"[45,1]","[45,254]"
512.761970,After_T3_Stabilization_3,44,604.5067311819015,491.355202260328,ROUTER,NO,NO,34,,0,21599.622865,7,"[25,3]",
512.761970,After_T3_Stabilization_3,45,639.8210106182687,566.9955759722967,ROUTER,NO,NO,34,,0,21599.645622,7,"[25,1]",
512.761970,After_T3_Stabilization_3,46,633.6604449253332,673.8830843422606,UNREGISTERED,NO,NO,,,0,21599.876693,,,
512.761970,After_T3_Stabilization_3,47,661.8543831007356,761.0914842680075,UNREGISTERED,NO,NO,,,0,21599.836861,,,
512.761970,After_T3_Stabilization_3,48,694.9938936535937,779.453939119187,REGISTERED,NO,NO,57,,0,21599.827572,20,"[69,3]",
512.761970,After_T3_Stabilization_3,49,652.4347220547897,859.609507913892,UNREGISTERED,NO,NO,,,0,21599.891607,,,
512.761970,After_T3_Stabilization_3,50,672.3942720277463,168.434321902835,UNREGISTERED,NO,NO,,,0,21599.974035,,,
512.761970,After_T3_Stabilization_3,51,714.4149025466832,295.2289437102392,REGISTERED,NO,NO,52,,0,21599.782133,12,"[65,2]",
512.761970,After_T3_Stabilization_3,52,724.5859085770669,351.074111765282,CLUSTER_HEAD,NO,NO,53,65,3,21599.766573,11,"[65,1]","[65,254]"
512.761970,After_T3_Stabilization_3,53,727.7140025905433,429.5737199738291,ROUTER,NO,NO,64,,0,21599.769693,10,"[65,2]",
512.761970,After_T3_Stabilization_3,54,688.6940550195295,531.6771473298098,CLUSTER_HEAD,NO,NO,45,46,2,21599.701643,8,"[46,1]","[46,254]"
512.761970,After_T3_Stabilization_3,55,698.8131839976097,562.965811606574,REGISTERED,NO,NO,54,,0,21599.713267,9,"[46,1]",
512.761970,After_T3_Stabilization_3,56,712.212226776341,667.044229018249,UNREGISTERED,NO,NO,,,0,21599.927875,,,
512.761970,After_T3_Stabilization_3,57,761.1498749271435,751.9264547384893,CLUSTER_HEAD,NO,NO,68,69,3,21599.824282,19,"[69,1]","[69,254]"
512.761970,After_T3_Stabilization_3,58,722.8280805245103,778.7569041292918,REGISTERED,NO,NO,57,,0,21599.790504,20,"[69,1]",
512.761970,After_T3_Stabilization_3,59,729.0983463091471,857.8675543731596,UNREGISTERED,NO,NO,,,0,21599.855458,,,
512.761970,After_T3_Stabilization_3,60,768.9158594847182,196.2060086996542,CLUSTER_HEAD,NO,NO,61,62,0,21599.868809,15,"[62,1]","[62,254]"
512.761970,After_T3_Stabilization_3,61,763.497401736886,257.7252476326963,ROUTER,NO,NO,71,,0,21599.741111,14,"[63,1]",
512.761970,After_T3_Stabilization_3,62,764.1019348256126,323.9634022554057,ROUTER,NO,NO,52,,0,21599.717331,12,"[65,3]",
512.761970,After_T3_Stabilization_3,63,803.6937526222692,419.14580831716245,REGISTERED,NO,NO,74,,0,21599.740717,12,"[66,4]",
512.761970,After_T3_Stabilization_3,64,756.2482256089158,496.24271759512897,ROUTER,NO,NO,54,,0,21599.625441,9,"[46,2]",
512.761970,After_T3_Stabilization_3,65,789.1451940539798,555.7699866092837,ROUTER,NO,NO,64,,0,21599.714445,10,"[65,1]",
512.761970,After_T3_Stabilization_3,66,785.5378400805566,664.0001333820411,CLUSTER_HEAD,NO,NO,57,67,0,21599.888946,20,"[69,2]","[67,254]"
512.761970,After_T3_Stabilization_3,67,812.3223869090717,754.9362062687602,REGISTERED,NO,NO,78,,0,21599.826112,18,"[78,2]",
512.761970,After_T3_Stabilization_3,68,792.8279931107043,838.3442291074676,ROUTER,NO,NO,78,,0,21599.795540,18,"[78,1]",
512.761970,After_T3_Stabilization_3,69,826.5204837453006,882.3333676682533,CLUSTER_HEAD,NO,NO,79,80,0,21599.903810,19,"[80,1]","[80,254]"
512.761970,After_T3_Stabilization_3,70,819.2870292529333,210.65346116083896,REGISTERED,NO,NO,71,,0,21599.817979,14,"[63,2]",
512.761970,After_T3_Stabilization_3,71,843.3710593948554,282.65640702292376,CLUSTER_HEAD,NO,NO,62,63,3,21599.769958,13,"[63,1]","[63,254]"
512.761970,After_T3_Stabilization_3,72,853.0399385612658,322.72681871709284,ROUTER,NO,NO,71,,0,21599.770805,14,"[63,3]",
512.761970,After_T3_Stabilization_3,73,847.4528523662768,417.71364256852365,REGISTERED,NO,NO,74,,0,21599.786091,12,"[66,2]",
512.761970,After_T3_Stabilization_3,74,850.4229535339923,491.8004024076869,CLUSTER_HEAD,NO,NO,65,66,4,21599.664605,11,"[66,1]","[66,254]"
512.761970,After_T3_Stabilization_3,75,848.1287163093793,555.1281368817013,CLUSTER_HEAD,NO,NO,74,76,1,21599.756987,12,"[66,1]","[76,254]"
512.761970,After_T3_Stabilization_3,76,887.6745038968746,675.2697823576476,REGISTERED,NO,NO,86,,0,21599.863570,16,"[97,2]",
512.761970,After_T3_Stabilization_3,77,909.9163440306868,727.5985001413849,ROUTER,NO,NO,86,,0,21599.805176,16,"[97,1]",
512.761970,After_T3_Stabilization_3,78,862.5305772485774,789.6746268099105,CLUSTER_HEAD,NO,NO,77,78,2,21599.866985,17,"[78,1]","[78,254]"
512.761970,After_T3_Stabilization_3,79,917.0905574747093,871.6878207637375,ROUTER,NO,NO,88,,0,21599.855915,18,"[98,2]",
512.761970,After_T3_Stabilization_3,80,917.795955104234,170.33145659519425,UNREGISTERED,NO,NO,,,0,21599.948843,,,
512.761970,After_T3_Stabilization_3,81,946.8865452135002,277.28935313995055,ROUTER,NO,NO,82,,0,21599.849450,16,"[73,1]",
512.761970,After_T3_Stabilization_3,82,934.0445743392862,343.7509495641725,CLUSTER_HEAD,NO,NO,72,73,2,21599.779565,15,"[73,1]","[73,254]"
512.761970,After_T3_Stabilization_3,83,958.3017186380113,421.7531828861063,REGISTERED,NO,NO,93,,0,21599.811407,16,"[95,1]",
512.761970,After_T3_Stabilization_3,84,928.00628921822,528.9875216650922,ROUTER,NO,NO,74,,0,21599.725796,12,"[66,3]",
512.761970,After_T3_Stabilization_3,85,936.0114651670935,566.2318521608157,REGISTERED,NO,NO,75,,0,21599.832467,13,"[76,1]",
512.761970,After_T3_Stabilization_3,86,962.6796194150663,686.1761530409004,CLUSTER_HEAD,NO,NO,96,97,4,21599.766770,15,"[97,1]","[97,254]"
512.761970,After_T3_Stabilization_3,87,956.6811462730992,744.0851081130561,REGISTERED,NO,NO,86,,0,21599.776657,16,"[97,4]",
512.761970,After_T3_Stabilization_3,88,985.6500671215712,805.481766528868,CLUSTER_HEAD,NO,NO,97,98,3,21599.795491,17,"[98,1]","[98,254]"
512.761970,After_T3_Stabilization_3,89,992.5774581478606,873.1553030235262,ROUTER,NO,NO,88,,0,21599.826745,18,"[98,1]",
512.761970,After_T3_Stabilization_3,90,989.0327192088653,231.60860089229863,CLUSTER_HEAD,NO,NO,81,82,0,21599.883251,17,"[82,1]","[82,254]"
512.761970,After_T3_Stabilization_3,91,985.8849335948341,287.0358579369218,REGISTERED,NO,NO,82,,0,21599.825324,16,"[73,2]",
512.761970,After_T3_Stabilization_3,92,1001.6632243967489,359.4215143185263,REGISTERED,NO,NO,93,,0,21599.818907,16,"[95,2]",
512.761970,After_T3_Stabilization_3,93,1033.282098392376,400.10290888078157,CLUSTER_HEAD,NO,NO,94,95,2,21599.847354,15,"[95,1]","[95,254]"
512.761970,After_T3_Stabilization_3,94,1013.1373601483285,489.64205886732435,ROUTER,NO,NO,95,,0,21599.788398,14,"[85,2]",
512.761970,After_T3_Stabilization_3,95,1007.0218830902194,560.9552409644073,CLUSTER_HEAD,NO,NO,84,85,2,21599.797928,13,"[85,1]","[85,254]"
512.761970,After_T3_Stabilization_3,96,1036.6841918329485,629.868457736494,ROUTER,NO,NO,95,,0,21599.849555,14,"[85,1]",
512.761970,After_T3_Stabilization_3,97,1009.9909320039804,723.675538362311,ROUTER,NO,NO,86,,0,21599.799243,16,"[97,3]",
512.761970,After_T3_Stabilization_3,98,1016.7150602314451,780.8896686000546,REGISTERED,NO,NO,88,,0,21599.815584,18,"[98,3]",
512.761970,After_T3_Stabilization_3,99,1083.106315018801,870.8374865629639,CLUSTER_HEAD,NO,NO,89,90,0,21599.939665,19,"[90,1]","[90,254]"
