node_id,0,1,2,3,4,5,6,7,8,9,10,11,12,13,14,15,16,17,18,19,20,21,22,23,24,25,26,27,28,29,30,31,32,33,34,35,36,37,38,39,40,41,42,43,44,45,46,47,48,49,50,51,52,53,54,55,56,57,58,59,60,61,62,63,64,65,66,67,68,69,70,71,72,73,74,75,76,77,78,79,80,81,82,83,84,85,86,87,88,89,90,91,92,93,94,95,96,97,98,99
0,0.000000,47.793129,117.334033,185.149012,286.063186,356.826111,402.175077,463.629106,569.263071,622.802765,75.774584,127.503696,178.961389,236.515724,293.903781,362.230615,437.780972,469.084054,566.984498,635.851596,136.151463,165.659811,199.299046,249.792874,337.230229,390.755178,417.608325,499.542300,600.023355,631.579502,193.320761,234.181121,276.400861,312.429472,351.948559,414.338763,477.604118,538.691053,611.446736,689.108057,286.610716,279.948099,327.495323,389.110108,419.380321,489.549065,532.975773,568.154518,623.886610,682.831321,361.194504,374.885035,371.270236,434.168766,486.260257,514.848923,554.149685,614.907506,651.496447,748.567496,412.063607,434.908635,473.145228,465.450454,514.163475,569.353729,596.807027,659.744731,731.227547,746.911561,485.132520,490.330146,515.839034,560.959274,583.128048,608.371070,692.204008,709.072559,784.027940,813.929510,547.733632,544.014050,609.711775,593.875908,638.360172,672.056866,737.522341,736.504010,821.617992,833.633633,625.754826,607.525108,633.459630,697.911286,702.861135,708.179665,772.232521,813.941570,872.460223,897.124784
1,47.793129,0.000000,69.883543,137.378016,238.848996,309.474447,354.886004,415.878153,521.609908,575.444652,68.800350,92.575062,137.093718,189.149210,246.583550,314.731791,390.064130,421.370184,519.281204,588.095124,137.673554,149.175385,161.023982,208.603441,291.881940,344.915909,370.940757,453.056062,552.837144,583.999072,186.520797,211.498456,248.266227,274.477179,309.867962,372.050417,433.932102,492.963725,565.357864,642.424141,284.034538,264.634288,302.322365,355.311072,383.237019,448.784138,491.166005,525.316105,579.651730,637.370037,352.995307,359.758178,346.118684,403.533607,451.021596,475.977551,514.914204,572.714326,608.649690,704.209359,405.537517,419.981182,450.537062,437.438547,480.445352,533.454305,559.653962,619.969175,689.373544,704.169340,476.617308,476.468189,497.763474,535.750561,552.940987,575.529226,656.307776,669.787252,743.848112,773.050400,541.027022,529.286041,589.510973,568.601250,609.701931,640.987559,703.620728,700.491614,784.291504,794.130022,618.204387,593.267432,615.325568,674.559420,677.148268,678.929125,739.926886,780.076855,836.494277,858.708295
2,117.334033,69.883543,0.000000,70.027186,168.976873,239.594812,285.002477,346.511781,451.955883,505.569966,113.668910,85.060296,97.430341,124.277072,181.266407,248.190500,322.140135,353.431716,451.331156,519.730238,175.085200,161.553008,128.464405,164.088447,233.041652,284.047246,307.339167,389.696809,487.039892,516.648062,208.031835,206.229932,230.357893,234.925635,259.530238,320.190050,378.119012,431.614433,502.820880,578.081901,304.759032,267.818326,287.148628,322.125279,344.701001,399.531881,439.241902,470.863523,521.726153,576.304383,363.214186,359.275484,329.394694,375.359446,413.197678,430.498956,468.320374,519.449145,553.782948,645.638584,416.753260,418.216129,435.651480,413.404114,445.176261,493.390252,516.905205,571.562749,636.351378,649.200559,483.469027,475.229012,489.514664,515.115926,523.359973,540.876102,615.322352,622.122939,694.086954,721.778640,549.541687,525.858238,576.592944,547.459249,582.278529,609.017825,666.086057,659.037144,739.965642,745.548709,624.556214,589.751388,605.463273,655.638683,654.240399,649.904911,705.092260,742.217076,794.535356,812.045357
3,185.149012,137.378016,70.027186,0.000000,108.089963,176.105674,221.510999,279.150504,385.468427,440.840510,163.144903,105.880940,74.065322,54.947826,111.358239,178.207578,252.749932,284.058130,381.980359,450.719715,210.422905,177.091713,103.476867,116.572165,166.476131,215.685489,237.687218,320.021334,417.020785,446.975315,225.819513,198.073384,206.438422,187.243795,199.829654,257.975127,312.379805,362.597556,433.299788,508.127509,314.851247,262.707121,262.104155,277.225027,293.986270,338.505691,375.858079,405.560217,454.187438,507.236956,360.293664,345.777840,300.743037,333.822586,361.810632,372.230588,408.800698,454.735774,487.932965,577.583069,413.090056,401.528040,405.567831,374.950460,395.610224,439.032937,460.101741,510.033663,571.439261,583.070967,473.799377,457.682487,464.783138,478.044690,477.903294,490.719046,559.287029,560.921560,631.174013,657.793778,540.316934,505.191303,545.982483,509.466474,538.127107,560.598096,612.568997,602.397343,680.799540,683.311476,612.105494,568.033288,577.411756,618.538197,613.505878,603.742591,653.596759,688.062656,736.975673,750.985513
4,286.063186,238.848996,168.976873,108.089963,0.000000,70.939140,116.128400,181.441526,284.564468,336.780923,271.184125,212.030872,167.434613,84.048013,78.769682,109.666982,166.715928,196.671080,292.307761,358.084730,316.598960,277.197230,187.027627,167.937957,144.985963,172.070911,177.609437,253.827925,336.799960,359.368881,324.800545,281.178050,272.700429,219.896867,199.624846,240.358827,274.838878,301.881079,365.281317,431.769207,405.910546,343.655624,321.350159,303.200963,305.875966,318.056186,344.616794,364.968232,400.704411,442.110163,438.790715,413.760702,352.021268,361.638823,367.016341,358.499438,389.344702,414.870226,442.113455,518.414625,489.156721,463.378834,448.772645,405.855607,403.132972,432.885638,446.523380,480.340924,527.737643,533.865314,541.723725,516.524237,513.661506,506.874619,490.747125,492.846386,544.723675,531.001287,593.972852,616.223417,607.228147,558.535258,583.573173,535.617086,551.689506,564.523342,603.272054,585.163692,654.868608,647.607422,673.795090,618.380105,618.240839,643.446107,631.840083,611.460232,648.362141,675.694115,714.800013,718.207636
5,356.826111,309.474447,239.594812,176.105674,70.939140,0.000000,45.502771,112.487141,213.793000,265.980769,338.768550,276.296158,226.319553,139.859470,103.769744,82.714511,107.697894,134.472913,226.038851,289.767529,379.703480,335.521593,240.046236,208.290091,147.517687,150.663519,141.093371,204.783979,275.291871,293.419911,381.389257,328.559655,310.661012,243.041684,205.218001,228.620252,245.645599,254.382561,310.802759,371.130074,455.248635,387.515712,352.552657,314.855604,308.314612,298.009750,315.710621,328.791243,354.768962,387.941181,478.678323,447.187246,376.882787,371.169767,361.568591,340.839130,366.483902,377.502877,400.131135,466.730725,526.421811,491.504167,465.006829,415.514536,397.640231,417.287262,425.580663,447.915488,485.414492,488.025462,572.449204,541.493296,532.012697,512.121981,485.904451,480.916516,520.705487,497.357263,554.706267,573.970248,636.292021,579.005613,593.018669,538.433453,545.877099,552.136308,581.588417,558.676876,621.837437,608.585341,698.371039,635.844659,629.272633,643.463091,627.696300,600.688578,628.596682,650.977225,683.422374,680.230880
6,402.175077,354.886004,285.002477,221.510999,116.128400,45.502771,0.000000,74.287893,169.802911,220.653390,383.959525,320.778966,269.554897,183.417094,141.413017,99.716256,87.137238,106.506164,189.262942,249.682177,423.628102,377.972071,281.339909,245.656370,171.543038,160.083942,140.019059,187.527702,243.386191,256.291431,423.028275,366.890917,345.183959,272.167831,226.984711,239.072556,243.253356,236.665706,285.374362,339.047130,493.623349,423.873602,383.399310,336.294956,324.696340,300.404367,311.317406,318.585891,336.189400,361.782827,512.603068,478.174004,404.262965,390.367986,372.030871,343.796219,365.338453,365.468783,384.129841,442.039449,558.804031,519.453530,486.774063,434.136014,407.447321,420.257712,424.807323,438.651873,468.216271,468.005187,601.252922,567.423114,554.383897,527.100643,494.967459,485.493500,516.709625,486.665932,539.321347,556.164400,663.907539,602.237566,609.851606,551.718782,553.752660,555.722212,578.699395,552.621302,610.649193,593.037281,723.281835,657.060574,646.810790,654.280719,636.015490,604.950053,626.689259,645.527393,673.086182,665.086426
7,463.629106,415.878153,346.511781,279.150504,181.441526,112.487141,74.287893,0.000000,107.024989,166.348638,437.343144,370.488346,315.204361,233.145093,180.759925,117.142373,49.265822,44.333646,115.018809,177.280612,469.423564,418.730890,320.616601,276.507921,183.447952,149.855777,116.782058,131.124184,170.057576,182.180145,460.463732,396.050577,365.945060,284.732598,229.133546,221.108407,204.619196,176.799336,216.076296,265.340384,520.748958,447.015656,395.262299,331.692904,311.721836,265.934035,266.395215,265.510620,272.763924,291.235934,528.639392,488.321292,408.634200,379.997534,347.526478,308.502224,323.360732,309.009195,322.782143,372.139639,570.789079,522.699559,478.798881,421.633434,380.907336,382.934219,381.997150,384.395719,404.744470,401.831166,605.157447,566.016280,546.439635,506.629600,465.466856,449.328101,468.145040,430.123144,477.186120,491.546131,664.761426,595.274259,591.414486,528.097133,521.562650,517.134693,530.942288,501.049459,552.562233,530.431327,718.314874,645.808578,629.182744,625.542004,603.587122,566.803075,579.808474,593.974887,615.605361,602.557119
8,569.263071,521.609908,451.955883,385.468427,284.564468,213.793000,169.802911,107.024989,0.000000,63.225581,544.349158,477.472182,421.952202,340.158982,287.465756,222.006073,145.866132,119.980270,74.945975,94.256458,575.886286,524.300772,426.299667,380.355494,282.853410,240.171245,203.115244,172.168389,135.542315,116.332975,564.942972,497.929108,464.300521,380.468217,320.950432,298.003262,259.912554,198.024226,198.677045,212.745160,620.702426,545.569086,487.946215,413.928093,387.363322,320.288309,304.949917,288.907231,269.659449,259.216768,622.159449,578.303436,495.776303,455.331608,409.121730,358.431560,362.151233,320.955489,321.304664,338.069789,661.085841,606.852889,553.709383,493.531867,438.465903,425.567025,415.932296,396.329630,392.281467,380.893099,688.756596,645.492919,620.027768,567.431351,515.994550,490.898921,487.985160,434.673686,465.656764,472.240418,745.036109,669.034993,652.807818,584.530281,566.694056,552.746547,550.272571,513.787458,549.268208,515.930519,792.510654,714.396497,690.872101,673.171178,646.430719,601.794304,599.483636,604.184464,612.258908,586.512204
9,622.802765,575.444652,505.569966,440.840510,336.780923,265.980769,220.653390,166.348638,63.225581,0.000000,601.630144,535.828445,481.197912,397.896457,346.916378,283.043203,208.201399,183.110606,124.971523,106.042682,635.615932,585.053675,486.945619,442.067264,345.555955,303.393264,266.338500,231.323802,173.823676,138.291924,626.437001,560.367600,527.315128,443.630728,384.175862,360.285766,319.185266,251.259093,237.641056,230.176093,683.575871,608.595747,551.158642,476.427373,449.048420,378.390433,359.273443,338.994418,310.431345,286.178231,685.373486,641.365911,558.666171,516.711331,467.966132,414.926434,415.441851,365.918867,360.682481,359.966140,724.138672,669.297947,614.725927,554.141230,496.110363,479.138009,466.826378,439.358752,424.272450,408.784966,751.045629,707.170442,680.621794,625.154068,571.120485,543.439339,532.657335,473.754384,496.436413,498.789634,806.731264,729.562833,710.352455,640.971031,619.781876,602.690052,593.976657,555.162745,582.793902,544.259576,852.927810,773.639296,748.373444,726.467603,698.252933,651.119319,642.830484,643.388123,644.976908,612.976403
10,75.774584,68.800350,113.668910,163.144903,271.184125,338.768550,383.959525,437.343144,544.349158,601.630144,0.000000,70.113671,128.126808,204.201307,258.733625,327.233833,405.126629,435.958312,532.664982,602.531172,68.882244,89.912230,139.429803,193.074082,289.638692,344.178033,374.845245,454.762842,559.077032,594.624328,120.136274,159.142933,203.341604,248.310650,294.567699,356.539971,422.555201,489.954874,563.798781,644.149166,216.467627,204.383669,252.769377,319.247353,351.692160,427.983490,473.124727,510.336705,569.410701,632.157886,288.018878,299.483751,296.399654,361.630538,417.206038,450.049184,489.680817,555.404143,593.275709,693.918521,339.815149,359.606631,397.566465,391.415678,443.587009,500.636253,529.387674,595.668899,670.576264,688.095274,412.010722,415.318483,440.138208,485.817710,509.925498,536.828450,623.139384,644.104561,720.235048,751.235599,475.561241,468.836310,533.937196,518.724142,564.321702,599.214770,666.558461,667.464494,753.849163,768.691396,553.219921,532.493882,557.782329,622.337348,627.749954,634.332217,700.039330,742.838534,803.152997,830.567280
11,127.503696,92.575062,85.060296,105.880940,212.030872,276.296158,320.778966,370.488346,477.472182,535.828445,70.113671,0.000000,58.050223,138.092403,190.494734,258.482568,336.573023,367.183150,463.426852,533.373816,104.694451,77.279022,72.172698,124.514531,219.556185,274.087190,304.789555,384.654680,489.028140,524.910791,125.142997,124.306917,156.473846,184.931595,226.735454,289.049637,354.086509,420.141781,493.902844,574.079846,220.405841,183.750544,211.616482,263.158967,292.234028,362.734159,406.862819,443.077194,500.920192,562.748173,278.356208,276.714307,255.158568,310.960442,359.539230,387.376477,426.720310,489.025911,526.277414,625.571316,331.875856,336.325645,360.517816,345.185753,388.351699,442.378167,469.447022,532.403572,604.923423,621.448736,399.314904,393.308714,410.676140,444.248098,460.368065,483.232436,565.269505,581.622129,656.772560,686.951412,465.175768,444.897570,500.524894,477.028883,517.236125,548.440897,611.667865,609.533474,694.257283,706.202770,540.693769,508.947820,527.700178,583.657283,585.320795,586.389479,647.554590,688.128322,745.534766,769.626444
12,178.961389,137.093718,97.430341,74.065322,167.434613,226.319553,269.554897,315.204361,421.952202,481.197912,128.126808,58.050223,0.000000,86.477162,134.486874,201.561781,279.702587,310.069716,405.864544,475.852141,154.659577,109.905494,32.139100,71.516106,161.774648,216.254664,246.739705,326.735619,430.978101,467.000335,157.381747,124.056549,136.782452,139.427661,173.112130,235.457655,298.838571,362.830931,436.429391,516.268289,242.165522,188.679240,193.532501,225.047857,249.248973,311.693308,354.338696,389.197598,445.391200,505.969961,286.273794,273.264102,234.458361,277.929146,317.640205,339.325863,378.072490,436.108327,472.542841,570.104556,339.157915,330.125812,340.556921,316.185626,348.830295,398.959121,423.973461,482.939104,552.602857,567.976144,400.747658,386.721668,396.885704,418.226045,426.061506,444.496256,521.506860,532.861394,606.759230,635.994797,467.275085,435.524351,481.582327,450.440519,484.867635,512.102824,570.768619,565.510914,648.229342,657.125277,539.875467,498.927708,511.510351,558.865225,556.933822,552.614755,608.912182,647.085530,701.381563,722.033666
13,236.515724,189.149210,124.277072,54.947826,84.048013,139.859470,183.417094,233.145093,340.158982,397.896457,204.201307,138.092403,86.477162,0.000000,57.441426,125.802355,202.387443,233.570579,331.217924,400.593864,240.215717,196.020725,103.165331,88.443256,112.604596,160.791667,183.062789,265.420444,363.727763,395.219978,242.656541,197.204664,191.511557,151.195771,151.403939,206.601893,258.454338,307.673906,378.570595,454.009530,321.915905,260.043333,242.938126,240.184378,251.557169,287.468167,323.134704,351.711518,399.410753,452.329616,355.826805,333.236427,277.022998,298.371657,317.887487,322.972174,358.480911,401.126297,433.753362,522.680750,406.815958,385.095309,378.236143,341.313120,352.775358,392.236272,411.449420,458.136255,517.629689,528.728280,461.716591,439.587074,440.861842,444.191751,437.537709,446.720634,510.816954,509.133635,578.330005,604.376228,527.718898,483.981659,516.543326,474.603218,498.336970,517.512148,565.662783,553.410872,630.064354,630.788073,596.263086,545.338476,549.697930,583.592129,575.850156,562.110144,607.969979,640.535321,687.156113,699.059197
14,293.903781,246.583550,181.266407,111.358239,78.769682,103.769744,141.413017,180.759925,287.465756,346.916378,258.733625,190.494734,134.486874,57.441426,0.000000,68.828136,146.405520,177.337858,274.579479,344.212190,288.702054,239.183428,141.363774,104.714300,68.607638,107.860086,126.526181,208.775362,306.288187,338.075198,282.809473,225.624659,207.052541,144.190874,121.058385,165.846266,209.318443,252.231610,322.169925,396.816633,352.393665,283.813167,250.698776,224.885288,227.189319,245.673685,276.872709,302.131386,346.135980,396.624909,375.074991,344.889346,277.959955,283.191198,289.114879,284.405190,317.320950,352.014016,382.813632,468.383318,423.277099,391.332400,371.837532,327.502341,325.110196,357.349528,373.020206,412.928102,467.596743,477.043945,471.334030,442.984896,437.494929,428.205052,412.433874,415.912655,471.995412,463.939001,530.591405,555.204553,535.957560,483.184144,505.409622,456.858564,473.419409,487.499656,529.229521,513.444971,586.579530,583.654171,600.311600,542.095877,540.374617,564.683947,553.307681,533.963351,573.410482,602.725754,645.214512,653.054066
15,362.230615,314.731791,248.190500,178.207578,109.666982,82.714511,99.716256,117.142373,222.006073,283.043203,327.233833,258.482568,201.561781,125.802355,68.828136,0.000000,78.142698,108.736063,205.757112,275.436524,354.384960,302.295420,204.308944,159.374041,72.358505,68.461018,67.948446,146.415135,238.914745,269.417626,343.421875,279.340968,251.610414,174.310536,127.295041,145.905898,167.813736,193.221572,259.500007,331.043838,404.736639,332.066222,285.925037,236.794024,227.091065,216.769492,238.150819,256.012635,291.286865,335.512040,417.186265,380.445356,305.023871,291.571494,278.915141,259.174356,286.443218,305.768786,332.466994,410.264030,461.859383,420.236633,387.331736,335.621094,314.956443,335.395080,345.070171,372.833595,418.104283,424.298142,502.241037,467.773601,454.860619,430.609248,403.205050,398.551002,441.512363,423.150567,484.727421,506.621731,564.505726,502.606664,512.334763,456.405973,463.163521,469.903233,501.631237,480.608395,547.408517,538.445088,623.565597,557.825230,548.955841,560.970555,544.987472,518.290621,548.081756,572.266394,608.059149,609.311127
16,437.780972,390.064130,322.140135,252.749932,166.715928,107.697894,87.137238,49.265822,145.866132,208.201399,405.126629,336.573023,279.702587,202.387443,146.405520,78.142698,0.000000,31.308216,129.230978,198.243070,432.225732,379.359883,281.672101,234.639394,137.505095,100.710956,67.749611,100.475905,170.099099,194.794025,419.286585,352.178029,319.810776,237.342660,180.514709,172.393008,161.584043,149.831369,203.120314,265.322253,475.611137,401.067277,347.181576,282.427138,262.792921,221.635223,227.141053,231.927716,249.802152,280.247387,480.909461,439.795531,359.658020,330.971017,300.568026,264.763126,282.736106,278.416263,297.181244,359.234057,522.378476,473.554456,429.703911,372.845468,334.570909,340.324736,342.006223,351.974948,381.576189,382.333597,556.007614,516.750524,497.383223,459.160550,420.203163,406.414233,431.707010,399.686768,452.364414,469.746889,615.505391,546.180721,543.669442,481.345857,477.294456,475.392573,494.078172,466.703300,523.570993,506.124641,669.156037,597.091818,581.332868,580.303969,559.528048,524.945290,542.466187,559.698229,586.075022,578.133586
17,469.084054,421.370184,353.431716,284.058130,196.671080,134.472913,106.506164,44.333646,119.980270,183.110606,435.958312,367.183150,310.069716,233.570579,177.337858,108.736063,31.308216,0.000000,97.923221,167.023363,461.929639,408.362086,311.032436,262.855531,163.450303,120.564901,84.013690,86.943152,140.972426,163.682658,447.401196,378.734786,344.350271,260.521582,201.441940,184.558462,161.743049,133.588760,178.924048,236.714646,500.859599,425.608455,368.602357,298.389975,275.353189,223.432387,222.246965,221.331656,231.268103,255.541687,502.752579,459.876563,378.269125,343.834122,306.969744,265.578138,279.381141,265.355748,280.492605,335.589554,542.646371,490.899947,442.790965,384.365434,339.607845,339.424311,337.863219,340.477893,363.457870,362.059421,573.199447,532.058499,510.099114,466.434374,423.171844,405.864140,423.830457,386.629584,435.377457,450.906825,631.302526,559.088766,551.538554,487.000275,478.628520,473.276165,486.618087,456.909316,509.505662,488.854389,682.466531,607.984756,589.443566,583.102782,560.500701,522.953959,535.476429,549.865716,572.436215,560.987638
18,566.984498,519.281204,451.331156,381.980359,292.307761,226.038851,189.262942,115.018809,74.945975,124.971523,532.664982,463.426852,405.864544,331.217924,274.579479,205.757112,129.230978,97.923221,0.000000,70.013515,555.816532,500.686715,404.596380,354.289216,252.369841,202.059120,165.395606,110.361666,64.193119,67.383681,537.401910,465.369934,426.563078,341.197665,279.394787,245.150607,196.927350,126.316784,124.936784,153.769138,583.330189,506.890100,442.899682,361.089373,330.628341,254.575246,234.307560,215.318253,194.980339,190.670658,576.357184,529.364216,445.348596,397.052598,344.511060,290.200111,290.637890,246.080370,246.741173,271.319978,611.668841,552.694513,493.911996,432.719142,371.758498,354.310581,342.909205,321.385065,319.636080,310.151946,633.526291,587.706670,558.895394,500.724694,446.149121,418.913796,413.166874,359.986766,393.178501,401.589964,687.127847,607.654482,585.798138,516.110129,495.123593,479.363597,475.384153,438.856152,475.649485,444.279285,730.711662,650.129774,623.786678,601.782728,574.057203,528.178557,524.580534,529.380566,538.780154,515.455646
19,635.851596,588.095124,519.730238,450.719715,358.084730,289.767529,249.682177,177.280612,94.256458,106.042682,602.531172,533.373816,475.852141,400.593864,344.212190,275.436524,198.243070,167.023363,70.013515,0.000000,625.751440,570.429650,474.535876,424.003041,321.918069,270.773571,234.574774,171.640924,79.748913,33.901096,606.664430,533.892362,493.937642,408.538419,346.493989,307.796065,252.868537,172.541753,138.838943,124.755536,650.341580,573.699879,507.571641,422.211138,389.351417,305.521511,277.240813,249.755662,210.895151,180.338472,640.108722,591.678561,507.269484,453.744588,395.143179,336.413996,329.794907,269.272206,259.228223,254.164024,673.377316,611.563089,548.372901,486.665487,419.028548,392.865426,376.148791,339.855861,318.964823,302.822831,691.217858,643.476267,611.560371,546.596816,486.791626,454.482535,433.849435,371.167649,390.733064,392.747318,742.351910,659.777591,630.566143,558.932309,531.060449,509.271710,493.986349,453.614524,477.556496,438.252406,781.822592,698.562701,668.203579,637.391020,606.928339,556.584685,542.349623,540.232979,539.475125,506.947727
20,136.151463,137.673554,175.085200,210.422905,316.598960,379.703480,423.628102,469.423564,575.886286,635.615932,68.882244,104.694451,154.659577,240.215717,288.702054,354.384960,432.225732,461.929639,555.816532,625.751440,0.000000,59.734616,151.220323,202.793570,304.923802,358.489165,392.525858,468.264058,575.099150,614.353776,60.523636,125.534769,176.229797,241.257488,296.513663,355.538520,423.805854,498.120973,572.161048,654.720988,150.464760,152.722214,215.513825,296.570296,333.154221,419.181858,466.242031,505.954956,568.966694,635.986180,226.006184,244.744564,257.016339,330.334553,394.140196,435.137362,474.730361,547.841796,587.204788,691.942066,276.173316,303.770390,351.321829,354.226531,416.401742,477.056055,508.215366,580.110946,660.023110,680.214627,349.645270,357.815937,387.187280,442.211724,474.395612,505.991476,597.558083,626.497576,704.120686,736.772955,411.728147,411.884094,482.828025,474.820284,525.362059,564.127094,636.218285,641.608787,730.122171,750.244039,489.842994,474.746087,504.033776,574.741604,583.493648,595.663208,666.256430,711.721619,775.938628,808.810191
21,165.659811,149.175385,161.553008,177.091713,277.197230,335.521593,377.972071,418.730890,524.300772,585.053675,89.912230,77.279022,109.905494,196.020725,239.183428,302.295420,379.359883,408.362086,500.686715,570.429650,59.734616,0.000000,98.116791,146.430627,248.654856,301.466025,336.297957,410.522901,517.697279,557.903480,48.785168,71.038282,119.454874,181.527738,237.290026,295.910879,364.250135,439.252657,513.214161,596.029839,143.248847,115.686678,164.491158,239.250395,274.894321,359.641864,406.609481,446.239233,509.255171,576.472937,205.085251,210.959865,207.692512,276.536010,337.292917,376.391578,416.053136,488.298137,527.581005,632.208945,258.238235,271.205711,307.757738,303.779890,361.077025,420.566456,451.041945,521.677719,600.844418,620.758612,328.055470,327.478677,350.624288,396.487598,423.223927,452.435611,541.953302,568.551712,645.909823,678.254707,393.050621,380.554126,444.094509,429.366825,476.372404,512.840111,582.614719,586.157771,674.005433,692.604121,469.732205,444.444454,468.306139,532.512780,538.403628,546.562474,614.375122,658.553626,721.133915,752.124534
22,199.299046,161.023982,128.464405,103.476867,187.027627,240.046236,281.339909,320.616601,426.299667,486.945619,139.429803,72.172698,32.139100,103.165331,141.363774,204.308944,281.672101,311.032436,404.596380,474.535876,151.220323,98.116791,0.000000,53.949465,154.385653,208.538177,241.713222,319.012468,425.108862,463.475408,141.700448,96.129425,104.734080,113.545846,155.191002,217.318629,283.128315,351.876042,425.927084,507.281149,218.936745,160.477604,161.425373,195.915807,222.312838,290.563748,334.765161,371.281773,429.981159,493.165045,257.805874,242.385391,202.340039,247.450589,290.316907,315.668696,354.891877,416.964282,454.394016,554.496933,310.219504,298.680721,308.470092,284.966729,320.534788,372.495542,398.673261,460.445796,532.772446,549.468108,370.323604,355.138262,364.787554,386.686483,396.151684,416.021819,495.320348,509.829295,584.744717,614.812865,436.842796,403.639098,449.501502,419.001174,454.524816,482.867960,543.257118,539.485983,623.377698,634.364568,508.861218,466.964788,479.373246,527.258798,525.839516,522.671738,580.526467,619.675822,675.482789,698.209290
23,249.792874,208.603441,164.088447,116.572165,167.937957,208.290091,245.656370,276.507921,380.355494,442.067264,193.074082,124.514531,71.516106,88.443256,104.714300,159.374041,234.639394,262.855531,354.289216,424.003041,202.793570,146.430627,53.949465,0.000000,102.289266,155.711509,189.958491,265.795193,372.363195,411.715600,184.652597,121.348420,104.834285,71.575039,102.336179,164.728692,229.637128,297.975686,372.045930,453.583337,247.992460,179.261003,154.577412,161.013226,180.793855,240.204532,283.184238,318.733249,376.497997,439.253999,271.992921,245.901319,188.916348,217.259717,249.260942,268.089973,306.686365,365.139347,402.007607,501.110744,321.570297,296.797255,291.492484,258.497951,281.782985,329.341175,353.406442,411.436667,481.443009,497.308855,374.093475,351.148774,353.067827,361.634624,362.248697,377.399556,451.467828,461.408127,535.245214,564.551377,439.867807,395.719479,431.011310,392.945344,422.155853,446.308029,502.014245,495.306784,577.277655,585.630633,507.894680,457.358527,463.338711,502.038134,497.009217,488.467979,541.342911,578.129171,631.006348,650.705470
24,337.230229,291.881940,233.041652,166.476131,144.985963,147.517687,171.543038,183.447952,282.853410,345.555955,289.638692,219.556185,161.774648,112.604596,68.607638,72.358505,137.505095,163.450303,252.369841,321.918069,304.923802,248.654856,154.385653,102.289266,0.000000,54.548622,87.669251,165.207183,270.750126,309.455130,285.186464,215.285179,182.548169,102.376895,57.879270,97.325574,145.933537,201.578418,274.839925,354.525754,338.106986,263.719696,213.934614,167.338471,163.151922,177.570049,210.916641,239.164161,288.739119,345.608218,346.063268,308.276930,232.768244,223.948488,222.189465,215.835358,249.176165,288.524444,321.459765,412.894682,389.938750,347.978570,317.564585,268.377166,258.371484,288.825422,304.487962,346.471043,405.078541,416.647033,429.918371,396.019985,384.722553,366.515547,346.257834,347.954249,403.549331,397.512052,465.891250,491.773614,492.369055,432.007528,446.232000,393.964174,407.104329,419.611560,460.626754,445.197107,519.407297,518.510185,552.251057,488.381230,482.191577,500.706703,487.712122,466.474270,504.834592,534.208971,577.514063,587.181551
25,390.755178,344.915909,284.047246,215.685489,172.070911,150.663519,160.083942,149.855777,240.171245,303.393264,344.178033,274.087190,216.254664,160.791667,107.860086,68.461018,100.710956,120.564901,202.059120,270.773571,358.489165,301.466025,208.538177,155.711509,54.548622,0.000000,37.366120,110.674239,216.666767,256.562627,336.088263,263.311578,225.529751,140.725570,80.877078,79.135083,103.037720,148.052821,220.766534,300.014289,382.440699,306.503825,248.041949,182.265974,165.732027,148.469268,172.549842,194.853153,238.764146,292.591347,382.188254,339.703501,259.010550,232.883499,212.422058,190.727924,218.669048,244.840105,274.989352,361.897613,422.415688,372.852661,330.961579,275.863914,248.164914,266.936723,276.970277,308.394678,359.917241,369.199563,455.308590,416.515000,398.757641,367.096365,336.169035,330.261399,374.001353,359.163867,423.821089,447.743785,515.047260,447.306612,450.207314,391.657569,395.730268,401.535833,433.683363,413.715764,482.853255,477.158589,569.843367,499.869558,487.376347,494.811646,477.761535,450.029173,479.886347,504.905716,542.736166,547.180056
26,417.608325,370.940757,307.339167,237.687218,177.609437,141.093371,140.019059,116.782058,203.115244,266.338500,374.845245,304.789555,246.739705,183.062789,126.526181,67.948446,67.749611,84.013690,165.395606,234.574774,392.525858,336.297957,241.713222,189.958491,87.669251,37.366120,0.000000,82.357673,184.238885,221.828268,372.103001,300.153563,262.874266,178.085662,117.850431,104.740175,104.822236,126.489489,195.649308,271.506458,419.776167,343.868383,284.855436,215.423453,195.043319,160.400409,174.654534,189.142575,223.509947,270.325755,419.060000,375.866039,294.362805,263.242520,234.611204,203.784674,226.500134,238.617466,264.584175,343.493623,458.639187,407.401486,362.018617,305.112995,269.302356,280.279669,285.886267,307.314546,350.236944,356.388477,489.786601,449.620979,429.671915,392.386794,356.053917,345.481175,379.897120,357.170812,417.291739,438.791759,548.594799,478.494845,476.593721,415.303617,414.264872,415.738587,441.139047,417.596822,481.622915,471.075954,601.540466,529.371132,514.155504,515.873301,496.569158,464.936720,488.556466,509.970412,542.840205,542.172579
27,499.542300,453.056062,389.696809,320.021334,253.827925,204.783979,187.527702,131.124184,172.168389,231.323802,454.762842,384.654680,326.735619,265.420444,208.775362,146.415135,100.475905,86.943152,110.361666,171.640924,468.264058,410.522901,319.012468,265.795193,165.207183,110.674239,82.357673,0.000000,107.525550,151.477625,442.825677,367.372038,324.847168,239.874704,177.963798,136.193736,87.905868,49.654603,113.498153,189.761982,480.297825,403.542357,336.041752,251.325804,220.275983,148.208461,138.181456,134.396299,150.034225,189.099565,468.475053,420.346499,336.052691,286.786548,237.007366,187.398426,195.966114,178.906026,196.720906,264.594536,502.329224,442.423832,384.017942,323.088836,266.435378,257.894986,253.311534,253.646302,281.328862,283.243844,523.169775,477.468628,449.488628,395.320860,345.683693,324.180888,337.163946,300.289823,351.894645,369.674419,576.936830,498.377241,480.718165,412.967555,398.630350,389.767124,400.016830,369.967060,423.719185,405.667346,621.673341,542.498713,518.784880,504.404047,479.716848,439.398122,448.982835,462.922934,486.444150,477.662919
28,600.023355,552.837144,487.039892,417.020785,336.799960,275.291871,243.386191,170.057576,135.542315,173.823676,559.077032,489.028140,430.978101,363.727763,306.288187,238.914745,170.099099,140.972426,64.193119,79.748913,575.099150,517.697279,425.108862,372.363195,270.750126,216.666767,184.238885,107.525550,0.000000,49.677638,550.350130,474.773468,431.608056,346.977216,285.253787,239.331489,178.949286,95.489555,64.129248,95.900692,586.208756,509.474902,439.750137,350.498392,315.696383,227.985772,197.769348,170.169083,136.714446,126.528841,570.316009,520.303142,435.845069,378.198878,316.967295,257.276158,250.050637,192.494625,187.498531,207.358728,601.083034,536.940398,471.260804,409.486778,339.883896,313.175240,297.070163,265.535727,256.757015,246.235371,615.587499,566.811334,533.567541,467.077053,407.052891,375.152912,358.900608,300.915986,330.176070,337.685985,665.255650,581.526472,550.903234,479.193667,451.754377,431.208857,420.153663,381.623921,413.838328,380.775390,703.146484,619.328064,588.508950,558.215796,528.256965,479.029332,469.026683,470.677666,476.770242,451.715033
29,631.579502,583.999072,516.648062,446.975315,359.368881,293.419911,256.291431,182.180145,116.332975,138.291924,594.624328,524.910791,467.000335,395.219978,338.075198,269.417626,194.794025,163.682658,67.383681,33.901096,614.353776,557.903480,463.475408,411.715600,309.455130,256.562627,221.828268,151.477625,49.677638,0.000000,592.338529,517.984646,476.224647,391.091923,329.049968,286.222452,227.755672,144.992431,105.330827,96.529788,631.769447,555.011790,486.703962,398.811016,364.600436,277.650916,246.997776,217.803885,177.095964,148.071798,618.101255,568.612501,484.125314,427.615692,366.629415,306.712966,298.313622,235.747805,225.328927,223.952795,649.715999,586.194805,520.919148,459.146156,389.287521,361.029459,343.448022,305.991283,286.005902,270.784158,665.064703,616.435386,583.232073,516.127480,455.161406,421.973507,400.002219,337.356643,358.167143,361.248774,714.919720,631.162973,599.675174,527.664077,498.496224,475.961259,460.088872,419.736291,444.559643,406.336741,752.689851,668.625731,637.179307,604.670956,573.865076,523.100691,508.448854,506.526660,506.688191,475.595983
30,193.320761,186.520797,208.031835,225.819513,324.800545,381.389257,423.028275,460.463732,564.942972,626.437001,120.136274,125.142997,157.381747,242.656541,282.809473,343.421875,419.286585,447.401196,537.401910,606.664430,60.523636,48.785168,141.700448,184.652597,285.186464,336.088263,372.103001,442.825677,550.350130,592.338529,0.000000,79.197638,129.777052,206.192918,266.033751,320.905469,389.449614,467.946265,541.281093,624.842819,98.105433,92.680151,160.452019,248.166731,286.618919,377.646587,425.384218,466.370365,531.542028,601.114009,168.042843,184.256517,200.115440,276.377828,343.903132,389.347917,428.488453,505.686185,545.729198,652.558210,219.680310,243.453660,291.532697,297.319727,363.687046,425.772191,458.029207,532.681760,615.183163,636.961544,292.052355,297.898794,326.670889,382.831104,417.524977,450.951117,544.591822,577.625784,655.756243,689.233064,355.425112,351.873324,422.315775,415.308493,467.122835,507.136288,580.936654,588.347216,677.623180,700.417525,433.119667,414.983302,443.582744,514.474683,523.770585,537.374744,609.519195,655.937104,721.690267,757.088015
31,234.181121,211.498456,206.229932,198.073384,281.178050,328.559655,366.890917,396.050577,497.929108,560.367600,159.142933,124.306917,124.056549,197.204664,225.624659,279.340968,352.178029,378.734786,465.369934,533.892362,125.534769,71.038282,96.129425,121.348420,215.285179,263.311578,300.153563,367.372038,474.773468,517.984646,79.197638,0.000000,51.284559,128.433073,189.555453,242.451310,310.872916,390.392000,463.339791,547.079709,126.770484,64.634885,93.715363,171.364117,208.800585,298.558079,346.252779,387.179517,452.386903,522.203726,162.221760,153.047376,137.259134,205.771455,268.651675,311.351002,350.725668,426.756438,466.712180,573.380362,215.142353,212.234387,239.518944,232.838051,291.075845,351.521293,382.777254,455.583567,536.992083,558.315809,278.309139,269.253918,286.793651,326.784159,352.187893,381.686639,472.183477,501.426990,579.256917,612.264285,344.714972,320.605578,378.013557,359.699629,405.562552,441.802135,511.911126,516.292240,604.635173,624.941076,418.769730,384.649361,404.138119,464.104951,468.698445,475.702989,543.368323,587.748824,650.920656,683.275566
32,276.400861,248.266227,230.357893,206.438422,272.700429,310.661012,345.183959,365.945060,464.300521,527.315128,203.341604,156.473846,136.782452,191.511557,207.052541,251.610414,319.810776,344.350271,426.563078,493.937642,176.229797,119.454874,104.734080,104.834285,182.548169,225.529751,262.874266,324.847168,431.608056,476.224647,129.777052,51.284559,0.000000,85.408191,147.451559,195.538722,263.354294,344.602867,416.714465,500.617469,156.919951,81.285365,56.895739,120.342254,157.517417,248.004424,295.810989,337.054876,402.875002,473.526532,168.026759,141.754269,99.275458,158.304003,218.051173,260.076150,299.441229,375.914799,415.990266,523.099037,216.818960,195.368539,205.412686,189.414038,241.704559,301.201642,332.029659,404.338356,485.757628,507.243608,270.305403,251.276397,260.134658,287.775600,306.783121,333.805572,422.502533,450.343173,528.094707,561.023659,336.468560,299.046617,346.262083,320.556210,362.148984,395.923804,463.806182,466.715924,554.584573,574.015519,406.434370,362.264527,375.274031,427.360941,428.926349,431.834381,496.713647,539.936055,601.787598,632.870349
33,312.429472,274.477179,234.925635,187.243795,219.896867,243.041684,272.167831,284.732598,380.468217,443.630728,248.310650,184.931595,139.427661,151.195771,144.190874,174.310536,237.342660,260.521582,341.197665,408.538419,241.257488,181.527738,113.545846,71.575039,102.376895,140.725570,178.085662,239.874704,346.977216,391.091923,206.192918,128.433073,85.408191,0.000000,62.091809,114.989811,183.576496,261.992584,335.124485,418.771452,242.151507,165.894437,111.618537,90.063075,109.897180,180.005463,226.059520,264.974790,327.757815,395.704323,243.963700,206.185423,134.079553,147.520018,178.368451,202.475275,241.903234,308.194539,346.915241,450.743472,287.594770,248.462601,229.051924,190.134382,210.360163,259.564096,285.178141,347.743636,422.538455,440.947757,329.602080,299.058248,293.793942,293.102745,290.821770,306.032763,382.213938,396.742078,472.241283,502.964458,393.250420,339.078383,365.788939,323.779883,350.908262,374.750899,431.448519,426.291752,509.840645,521.345185,456.304519,398.501549,399.530229,432.868723,426.527033,416.946649,470.169607,507.719924,562.239586,584.755451
34,351.948559,309.867962,259.530238,199.829654,199.624846,205.218001,226.984711,229.133546,320.950432,384.175862,294.567699,226.735454,173.112130,151.403939,121.058385,127.295041,180.514709,201.441940,279.394787,346.493989,296.513663,237.290026,155.191002,102.336179,57.879270,80.877078,117.850431,177.963798,285.253787,329.049968,266.033751,189.555453,147.451559,62.091809,0.000000,62.405569,128.299030,202.283596,276.065770,359.229957,303.977844,227.495341,167.170022,109.809185,106.327914,140.019522,181.298144,216.397479,274.986833,339.813194,301.312359,259.280822,179.962006,166.074072,168.645331,172.402349,209.240901,262.997266,299.675492,399.378119,341.884226,294.778682,260.295755,210.498324,204.413427,240.861091,260.455141,312.044480,379.528406,395.005854,377.145132,340.920606,327.692260,308.965514,291.429999,296.604118,359.760294,362.597498,434.936203,463.431951,438.332866,375.329442,388.368913,336.803643,352.431234,367.902405,414.258878,402.671720,481.247623,486.103074,496.343392,431.003812,424.313085,444.088402,432.256030,413.693727,456.758401,489.194276,537.147404,552.559902
35,414.338763,372.050417,320.190050,257.975127,240.358827,228.620252,239.072556,221.108407,298.003262,360.285766,356.539971,289.049637,235.457655,206.601893,165.846266,145.905898,172.393008,184.558462,245.150607,307.796065,355.538520,295.910879,217.318629,164.728692,97.325574,79.135083,104.740175,136.193736,239.331489,286.222452,320.905469,242.451310,195.538722,114.989811,62.405569,0.000000,68.591370,149.318856,221.200322,305.088319,347.539974,270.980997,200.509643,116.325494,90.843019,80.880566,119.288916,154.029771,213.807190,280.749695,332.324199,284.308412,200.199093,159.311135,133.335201,118.577412,152.192515,200.680665,237.279551,337.777116,366.522676,309.033587,258.268286,200.525240,169.199064,192.563759,207.176091,252.068571,317.340318,332.600539,390.781142,347.976222,325.690426,288.594773,257.361856,253.759042,306.228392,302.946788,373.916162,401.777743,447.415067,374.638479,372.306947,312.669052,317.258409,325.382602,363.474195,347.993794,423.464110,425.615079,497.952137,424.723042,409.735054,415.709562,399.104040,373.238730,408.089058,436.890683,480.850254,493.011030
36,477.604118,433.932102,378.119012,312.379805,274.838878,245.645599,243.253356,204.619196,259.912554,319.185266,422.555201,354.086509,298.838571,258.454338,209.318443,167.813736,161.584043,161.743049,196.927350,252.868537,423.805854,364.250135,283.128315,229.637128,145.933537,103.037720,104.822236,87.905868,178.949286,227.755672,389.449614,310.872916,263.354294,183.576496,128.299030,68.591370,0.000000,84.654023,153.767973,237.655841,413.129583,337.012479,263.685672,171.827534,136.845641,61.880127,70.364606,93.260717,146.866194,212.246710,392.132325,341.513697,257.125729,201.036655,149.222555,103.894842,122.089914,142.865128,175.690064,271.484843,422.134171,358.752218,297.068291,235.795145,179.564883,178.785868,181.558878,205.506600,259.176124,271.082359,438.403204,391.331725,361.998725,308.044367,261.545210,245.002206,275.104789,256.183361,321.282360,346.187957,490.585217,410.805540,393.459589,326.751627,316.972587,313.817624,336.332326,313.209405,380.066397,374.431015,533.990466,454.598300,431.518129,421.382464,398.968080,363.361514,383.863334,405.349006,440.357736,444.219134
37,538.691053,492.963725,431.614433,362.597556,301.881079,254.382561,236.665706,176.799336,198.024226,251.259093,489.954874,420.141781,362.830931,307.673906,252.231610,193.221572,149.831369,133.588760,126.316784,172.541753,498.120973,439.252657,351.876042,297.975686,201.578418,148.052821,126.489489,49.654603,95.489555,144.992431,467.946265,390.392000,344.602867,261.992584,202.283596,149.318856,84.654023,0.000000,74.112102,156.955130,496.587424,420.159575,347.949413,256.429887,220.719281,133.003648,108.038852,92.394870,100.393339,144.690046,476.782329,426.000522,341.678567,282.711323,222.633562,165.120667,164.431418,132.436756,147.486123,217.098837,506.282514,441.514391,376.100034,314.344548,247.458835,228.056894,218.056815,208.321027,231.767487,233.694886,520.103624,471.495353,439.020337,375.933835,319.904857,292.987910,295.302057,253.341396,302.667195,320.051287,570.115551,487.248233,460.648067,390.293672,369.008214,355.013989,358.204878,325.789023,375.924776,356.371574,609.430218,526.855915,498.542104,475.620259,448.432284,404.252276,407.437668,418.399051,438.888572,428.426609
38,611.446736,565.357864,502.820880,433.299788,365.281317,310.802759,285.374362,216.076296,198.677045,237.641056,563.798781,493.902844,436.429391,378.570595,322.169925,259.500007,203.120314,178.924048,124.936784,138.838943,572.161048,513.214161,425.927084,372.045930,274.839925,220.766534,195.649308,113.498153,64.129248,105.330827,541.281093,463.339791,416.714465,335.124485,276.065770,221.200322,153.767973,74.112102,0.000000,83.921213,566.755425,490.750576,416.699282,322.470765,284.612181,189.447352,150.908468,116.112841,72.821310,77.169205,542.570345,490.355161,406.816289,341.627872,273.893307,211.091888,197.062338,130.440182,123.369950,156.667981,568.836624,500.694320,429.702811,368.322866,292.387799,258.402357,238.943913,201.934529,194.942704,187.469920,576.683554,525.763220,489.056600,416.393595,352.719319,317.711493,295.637883,236.800459,268.503903,278.499677,622.658148,535.965672,498.650565,425.898196,394.060547,370.653051,356.498987,317.577420,350.762809,320.115416,655.728627,569.804046,535.768796,499.937032,468.722681,417.781256,405.251620,406.559220,413.863094,391.681807
39,689.108057,642.424141,578.081901,508.127509,431.769207,371.130074,339.047130,265.340384,212.745160,230.176093,644.149166,574.079846,516.268289,454.009530,396.816633,331.043838,265.322253,236.714646,153.769138,124.755536,654.720988,596.029839,507.281149,453.583337,354.525754,300.014289,271.506458,189.761982,95.900692,96.529788,624.842819,547.079709,500.617469,418.771452,359.229957,305.088319,237.655841,156.955130,83.921213,0.000000,650.488499,574.577189,500.168392,405.294625,366.867866,270.167043,228.111312,188.726961,126.354355,65.015187,624.864921,572.116262,489.093299,421.475913,350.784482,286.942899,266.656311,185.578624,160.983904,129.959868,649.573039,579.841046,506.066762,445.419035,365.487158,323.521831,298.541725,242.515322,202.213332,181.950168,654.043374,601.929854,562.768416,484.414777,416.519716,376.554385,334.859769,263.506019,271.076949,269.888084,697.263284,608.469263,563.818147,490.279307,450.946433,420.379375,390.745542,347.129884,359.486179,316.185881,725.807649,637.975907,599.936961,554.125128,520.013980,464.284360,437.172485,428.277028,420.051778,383.575193
40,286.610716,284.034538,304.759032,314.851247,405.910546,455.248635,493.623349,520.748958,620.702426,683.575871,216.467627,220.405841,242.165522,321.915905,352.393665,404.736639,475.611137,500.859599,583.330189,650.341580,150.464760,143.248847,218.936745,247.992460,338.106986,382.440699,419.776167,480.297825,586.208756,631.769447,98.105433,126.770484,156.919951,242.151507,303.977844,347.539974,413.129583,496.587424,566.755425,650.488499,0.000000,76.760452,151.441133,248.758318,288.931571,386.797508,434.086741,476.505729,544.499390,617.764676,81.291410,119.357965,174.585016,255.800238,331.730382,387.573155,423.962055,508.880897,549.506136,658.943054,126.984157,169.471656,237.148640,262.158418,342.317641,406.699878,441.342493,521.932949,609.499522,634.780080,201.358855,217.527031,255.351620,328.551637,377.211405,417.661494,516.747900,561.895909,640.114127,675.367083,261.776546,271.346541,351.843783,359.081504,418.356511,464.032746,543.893166,558.667352,649.191016,679.975861,340.063309,331.894015,367.618436,448.599152,463.745518,487.020034,565.899426,615.801535,686.694833,730.226469
41,279.948099,264.634288,267.818326,262.707121,343.655624,387.515712,423.873602,447.015656,545.569086,608.595747,204.383669,183.750544,188.679240,260.043333,283.813167,332.066222,401.067277,425.608455,506.890100,573.699879,152.722214,115.686678,160.477604,179.261003,263.719696,306.503825,343.868383,403.542357,509.474902,555.011790,92.680151,64.634885,81.285365,165.894437,227.495341,270.980997,337.012479,420.159575,490.750576,574.577189,76.760452,0.000000,79.247792,176.069645,216.302094,313.169996,360.831500,403.078241,470.630893,543.277927,97.595434,95.284231,112.035011,192.210666,264.995404,317.199644,354.832132,437.527190,478.122773,587.085332,150.653438,155.524786,198.858151,207.812630,280.230912,343.913554,377.578400,455.831654,541.624739,565.659821,215.662352,211.840934,236.051021,290.286841,327.475546,363.235897,459.372420,498.223122,576.648494,611.162791,281.743892,264.871955,330.820207,322.696057,375.424454,416.725691,492.464523,502.539024,592.567572,619.000117,356.945632,328.759139,353.576370,422.032030,431.095734,445.569653,519.240518,566.699934,634.234395,672.865653
42,327.495323,302.322365,287.148628,262.104155,321.350159,352.552657,383.399310,395.262299,487.946215,551.158642,252.769377,211.616482,193.532501,242.938126,250.698776,285.925037,347.181576,368.602357,442.899682,507.571641,215.513825,164.491158,161.425373,154.577412,213.934614,248.041949,284.855436,336.041752,439.750137,486.703962,160.452019,93.715363,56.895739,111.618537,167.170022,200.509643,263.685672,347.949413,416.699282,500.168392,151.441133,79.247792,0.000000,97.455529,137.707010,235.370367,282.744672,325.132644,393.066683,466.356160,134.216214,94.798145,43.866308,115.980273,186.302954,237.994612,275.588859,358.562322,399.180041,508.327803,176.006439,142.239772,149.033012,139.355073,203.629206,266.499183,299.603709,376.967329,462.427058,486.414021,220.759392,196.818525,203.364288,233.725951,259.178577,290.746968,384.246727,420.020066,498.413224,532.664541,285.919186,243.112006,289.627401,266.632478,311.891759,348.901229,420.892683,427.931421,517.355980,541.641520,353.327489,305.974904,318.390701,372.259197,375.501438,382.071529,450.850569,496.247669,561.292940,597.076266
43,389.110108,355.311072,322.125279,277.225027,303.200963,314.855604,336.294956,331.692904,413.928093,476.427373,319.247353,263.158967,225.047857,240.184378,224.885288,236.794024,282.427138,298.389975,361.089373,422.211138,296.570296,239.250395,195.915807,161.013226,167.338471,182.265974,215.423453,251.325804,350.498392,398.811016,248.166731,171.364117,120.342254,90.063075,109.809185,116.325494,171.827534,256.429887,322.470765,405.294625,248.758318,176.069645,97.455529,0.000000,40.265548,138.129963,185.330165,227.748435,295.813479,369.423560,220.460757,169.817143,85.346689,58.582693,98.203213,141.976332,180.618628,261.502484,302.079612,411.027178,251.166366,192.928533,150.544676,102.654648,125.194999,181.654262,211.800900,284.534259,367.644351,390.564529,274.981491,234.326852,218.089573,204.474099,201.479537,220.276431,303.908244,330.062987,407.935971,441.142879,333.173248,266.057075,280.539469,234.472351,261.159775,287.076441,348.549703,348.229302,435.149679,453.673802,387.921482,321.196052,315.759218,343.412314,336.472090,327.929446,384.757100,425.004326,483.916823,512.911616
44,419.380321,383.237019,344.701001,293.986270,305.875966,308.314612,324.696340,311.721836,387.363322,449.048420,351.692160,292.234028,249.248973,251.557169,227.189319,227.091065,262.792921,275.353189,330.628341,389.351417,333.154221,274.894321,222.312838,180.793855,163.151922,165.732027,195.043319,220.275983,315.696383,364.600436,286.618919,208.800585,157.517417,109.897180,106.327914,90.843019,136.845641,220.719281,284.612181,366.867866,288.931571,216.302094,137.707010,40.265548,0.000000,98.260199,145.180906,187.628297,255.808076,329.651119,258.026490,205.865249,122.244896,68.480963,68.497106,102.735559,141.943274,221.367761,261.917562,370.783482,285.572809,222.338364,167.439091,110.244930,101.639859,150.223536,177.719612,246.962279,328.592023,350.958453,302.899097,258.148058,234.854478,203.823749,186.284847,196.863148,273.102501,293.697520,371.034891,403.638553,357.704571,283.795700,285.304088,230.821525,247.249269,266.653942,321.552836,317.332427,402.391577,417.931458,407.120395,334.482376,322.126947,337.776716,326.288173,310.590836,360.558788,397.840709,453.343524,478.891148
45,489.549065,448.784138,399.531881,338.505691,318.056186,298.009750,300.404367,265.934035,320.288309,378.390433,427.983490,362.734159,311.693308,287.468167,245.673685,216.769492,221.635223,223.432387,254.575246,305.521511,419.181858,359.641864,290.563748,240.204532,177.570049,148.469268,160.400409,148.208461,227.985772,277.650916,377.646587,298.558079,248.004424,180.005463,140.019522,80.880566,61.880127,133.003648,189.447352,270.167043,386.797508,313.169996,235.370367,138.129963,98.260199,0.000000,47.898556,89.913899,157.703682,231.390949,355.228681,302.058115,219.686519,152.236994,90.057372,43.400889,71.647270,128.660403,168.235270,275.207976,379.578655,311.417123,243.279609,181.505041,118.229854,119.896326,128.663560,172.030883,242.600672,261.200131,388.453933,338.932589,306.054668,247.143053,199.743800,185.231367,226.722298,222.666050,295.159489,324.402823,437.269926,354.384884,332.524895,265.079922,255.767398,255.342742,285.484434,267.785052,342.598507,346.097234,476.871573,395.554723,370.590657,359.693480,337.940459,304.548031,331.430880,357.668863,400.054761,412.708498
46,532.975773,491.166005,439.241902,375.858079,344.616794,315.710621,311.317406,266.395215,304.949917,359.273443,473.124727,406.862819,354.338696,323.134704,276.872709,238.150819,227.141053,222.246965,234.307560,277.240813,466.242031,406.609481,334.765161,283.184238,210.916641,172.549842,174.654534,138.181456,197.769348,246.997776,425.384218,346.252779,295.810989,226.059520,181.298144,119.288916,70.364606,108.038852,150.908468,228.111312,434.086741,360.831500,282.744672,185.330165,145.180906,47.898556,0.000000,42.466770,110.849720,185.298339,400.234952,346.416495,265.286976,193.815932,123.145564,60.288896,57.831072,82.280863,120.973995,227.329041,422.204762,351.745737,278.931070,217.757277,142.455842,120.673438,115.616462,136.126261,198.269465,215.022712,426.355467,374.985334,338.299164,269.356039,211.866036,186.494373,205.548597,187.093450,255.316690,282.554326,471.752041,385.502421,353.506030,282.539722,261.826450,251.617683,267.382001,242.976144,310.357157,307.654891,506.137934,421.628262,391.266503,368.227818,342.187646,301.268190,315.477380,335.325859,370.236839,376.340699
47,568.154518,525.316105,470.863523,405.560217,364.968232,328.791243,318.585891,265.510620,288.907231,338.994418,510.336705,443.077194,389.197598,351.711518,302.131386,256.012635,231.927716,221.331656,215.318253,249.755662,505.954956,446.239233,371.281773,318.733249,239.164161,194.853153,189.142575,134.396299,170.169083,217.803885,466.370365,387.179517,337.054876,264.974790,216.397479,154.029771,93.260717,92.394870,116.112841,188.726961,476.505729,403.078241,325.132644,227.748435,187.628297,89.913899,42.466770,0.000000,68.468276,143.154136,442.388308,388.402540,307.631529,235.161887,162.359577,98.389021,80.996489,50.003713,83.351667,186.254385,463.501878,392.141934,317.349325,256.867032,177.330172,143.225729,127.838851,120.069987,165.918681,178.853326,465.415880,413.204316,374.581593,300.281221,237.406944,205.181303,203.350635,168.639684,229.128113,253.085505,508.828442,420.900429,382.712796,310.203784,281.772245,264.045641,266.278169,235.586317,293.082216,282.665176,539.942552,453.722012,419.963582,388.364341,359.319435,312.929932,315.431356,328.565888,354.965945,353.310414
48,623.886610,579.651730,521.726153,454.187438,400.704411,354.768962,336.189400,272.763924,269.659449,310.431345,569.410701,500.920192,445.391200,399.410753,346.135980,291.286865,249.802152,231.268103,194.980339,210.895151,568.966694,509.255171,429.981159,376.497997,288.739119,238.764146,223.509947,150.034225,136.714446,177.095964,531.542028,452.386903,402.875002,327.757815,274.986833,213.807190,146.866194,100.393339,72.821310,126.354355,544.499390,470.630893,393.066683,295.813479,255.808076,157.703682,110.849720,68.468276,0.000000,74.919357,510.820468,456.760848,376.096870,303.196316,229.209081,165.392608,141.159844,60.614601,51.880832,124.713370,531.355585,459.257387,382.765496,323.131344,240.733034,197.185290,173.141034,129.163327,132.191666,133.464902,531.135485,478.150041,437.612126,358.068762,290.449145,251.748652,223.013000,165.019696,204.436176,219.985938,572.323978,482.774702,437.670291,364.197433,327.179642,300.528266,283.687311,244.937582,282.428496,257.694123,599.536533,511.621558,473.986176,431.933960,399.432273,346.804701,332.431228,334.573481,345.714006,329.829239
49,682.831321,637.370037,576.304383,507.236956,442.110163,387.941181,361.782827,291.235934,259.216768,286.178231,632.157886,562.748173,505.969961,452.329616,396.624909,335.512040,280.247387,255.541687,190.670658,180.338472,635.986180,576.472937,493.165045,439.253999,345.608218,292.591347,270.325755,189.099565,126.528841,148.071798,601.114009,522.203726,473.526532,395.704323,339.813194,280.749695,212.246710,144.690046,77.169205,65.015187,617.764676,543.277927,466.356160,369.423560,329.651119,231.390949,185.298339,143.154136,74.919357,0.000000,585.509177,531.556512,450.546728,378.108795,303.995822,240.260132,214.538064,128.032692,98.279732,81.205937,606.271034,534.021129,456.905800,397.669801,314.334220,267.044020,239.554978,178.563537,139.322189,122.722112,605.303647,551.970238,510.455240,428.111780,358.237104,316.301382,270.186376,198.527595,210.419737,213.497327,645.243201,554.851146,505.412668,431.807167,389.465163,357.026761,325.736083,282.158004,297.710401,258.283326,669.893036,581.047681,540.877850,491.441794,456.697506,400.185273,372.187061,364.131888,359.280139,327.891230
50,361.194504,352.995307,363.214186,360.293664,438.790715,478.678323,512.603068,528.639392,622.159449,685.373486,288.018878,278.356208,286.273794,355.826805,375.074991,417.186265,480.909461,502.752579,576.357184,640.108722,226.006184,205.085251,257.805874,271.992921,346.063268,382.188254,419.060000,468.475053,570.316009,618.101255,168.042843,162.221760,168.026759,243.963700,301.312359,332.324199,392.132325,476.782329,542.570345,624.864921,81.291410,97.595434,134.216214,220.460757,258.026490,355.228681,400.234952,442.388308,510.820468,585.509177,0.000000,55.097749,135.781687,209.387102,286.401273,347.450451,380.362392,468.587782,508.732251,618.216275,53.543956,90.443608,166.665566,203.831963,289.589057,353.147569,388.436944,471.268364,560.832687,588.201434,124.011272,136.244148,175.620784,255.072880,310.541471,354.354041,454.943237,507.131936,584.330541,620.335315,188.071674,190.066547,271.635553,284.085091,346.168576,394.177524,476.350973,495.166291,585.451185,620.728128,265.295960,250.980290,286.442503,369.170295,386.138513,413.268191,494.695124,545.953626,619.009569,666.731208
51,374.885035,359.758178,359.275484,345.777840,413.760702,447.187246,478.174004,488.321292,578.303436,641.365911,299.483751,276.714307,273.264102,333.236427,344.889346,380.445356,439.795531,459.876563,529.364216,591.678561,244.744564,210.959865,242.385391,245.901319,308.276930,339.703501,375.866039,420.346499,520.303142,568.612501,184.256517,153.047376,141.754269,206.185423,259.280822,284.308412,341.513697,426.000522,490.355161,572.116262,119.357965,95.284231,94.798145,169.817143,205.865249,302.058115,346.416495,388.402540,456.760848,531.556512,55.097749,0.000000,84.487608,154.551812,231.433609,292.842978,325.385744,413.770394,453.841990,563.270204,82.789267,60.247275,117.845211,149.371255,234.629257,298.350183,333.611234,416.312882,505.797897,533.110517,128.586712,116.834940,142.523042,209.236918,259.490398,301.860031,402.076643,452.654691,530.080935,565.979407,194.896325,169.595135,238.651991,240.016974,299.045782,345.227806,426.027885,442.961855,533.425923,567.264986,266.623997,233.520962,259.351614,332.894216,345.788331,367.669438,446.817633,497.111408,568.874548,614.667758
52,371.270236,346.118684,329.394694,300.743037,352.021268,376.882787,404.262965,408.634200,495.776303,558.666171,296.399654,255.158568,234.458361,277.022998,277.959955,305.023871,359.658020,378.269125,445.348596,507.269484,257.016339,207.692512,202.340039,188.916348,232.768244,259.010550,294.362805,336.052691,435.845069,484.125314,200.115440,137.259134,99.275458,134.079553,179.962006,200.199093,257.125729,341.678567,406.816289,489.093299,174.585016,112.035011,43.866308,85.346689,122.244896,219.686519,265.286976,307.631529,376.096870,450.546728,135.781687,84.487608,0.000000,81.432522,157.217669,214.795338,250.055370,336.446491,376.953043,486.609385,166.325985,115.213800,106.262455,97.277501,168.958241,233.094544,267.346448,347.392412,434.966278,460.537226,197.335553,165.031461,164.332021,189.860877,217.509895,251.481913,347.354652,388.061791,466.427141,501.390369,259.715725,207.023669,247.264204,222.768902,268.868596,307.202524,381.115385,390.506373,480.542143,507.733637,322.352256,268.448207,277.162720,328.539230,331.656550,339.135478,409.486563,455.878203,522.495033,560.898280
53,434.168766,403.533607,375.359446,333.822586,361.638823,371.169767,390.367986,379.997534,455.331608,516.711331,361.630538,310.960442,277.929146,298.371657,283.191198,291.571494,330.971017,343.834122,397.052598,453.744588,330.334553,276.536010,247.450589,217.259717,223.948488,232.883499,263.242520,286.786548,378.198878,427.615692,276.377828,205.771455,158.304003,147.520018,166.074072,159.311135,201.036655,282.711323,341.627872,421.475913,255.800238,192.210666,115.980273,58.582693,68.480963,152.236994,193.815932,235.161887,303.196316,378.108795,209.387102,154.551812,81.432522,0.000000,77.203632,138.456357,171.093358,259.223453,299.345766,408.855965,228.398542,159.224032,98.959049,44.469268,88.033765,151.828882,185.931138,266.156396,354.221634,380.397842,237.508255,190.686564,166.452166,145.949709,149.407635,175.917953,268.267326,306.657057,385.040371,419.961333,290.189408,215.350854,222.531326,176.276249,207.079764,237.896935,306.140216,311.969792,401.391892,426.800573,338.642218,267.039131,258.251354,285.350664,279.863779,275.596126,338.411104,382.017803,445.668842,481.230443
54,486.260257,451.021596,413.197678,361.810632,367.016341,361.568591,372.030871,347.526478,409.121730,467.966132,417.206038,359.539230,317.640205,317.887487,289.114879,278.915141,300.568026,306.969744,344.511060,395.143179,394.140196,337.292917,290.316907,249.260942,222.189465,212.422058,234.611204,237.007366,316.967295,366.629415,343.903132,268.651675,218.051173,178.368451,168.645331,133.335201,149.222555,222.633562,273.893307,350.784482,331.730382,264.995404,186.302954,98.203213,68.497106,90.057372,123.145564,162.359577,229.209081,303.995822,286.401273,231.433609,157.217669,77.203632,0.000000,63.983133,93.961234,182.588176,222.464774,331.836921,302.815053,230.048524,155.813757,94.662135,36.250701,83.469103,114.194183,190.866410,277.769352,303.439606,303.305398,251.874940,216.603455,159.520137,124.524249,128.984374,206.023307,233.931413,312.251775,346.366949,349.078142,264.643043,244.793992,180.789888,185.084941,199.644678,253.129002,250.347796,336.947271,356.557203,386.877143,305.699274,282.794694,282.389850,266.349772,245.048436,292.156958,329.470615,386.228522,414.839732
55,514.848923,475.977551,430.498956,372.230588,358.499438,340.839130,343.796219,308.502224,358.431560,414.926434,450.049184,387.376477,339.325863,322.972174,284.405190,259.174356,264.763126,265.578138,290.200111,336.413996,435.137362,376.391578,315.668696,268.089973,215.835358,190.727924,203.784674,187.398426,257.276158,306.712966,389.347917,311.351002,260.076150,202.475275,172.402349,118.577412,103.894842,165.120667,211.091888,286.942899,387.573155,317.199644,237.994612,141.976332,102.735559,43.400889,60.288896,98.389021,165.392608,240.260132,347.450451,292.842978,214.795338,138.456357,63.983133,0.000000,39.718560,121.651173,162.178672,271.822144,366.101172,293.943489,219.220869,158.499591,82.620448,76.592720,88.723025,145.695375,225.859046,248.632971,367.101850,315.206221,278.019871,210.818929,158.373426,141.852689,188.016559,194.269350,270.254832,301.955039,411.602684,325.228745,295.663504,226.170430,213.078502,211.985418,244.921732,230.442937,309.470174,318.880114,446.071474,362.149241,333.619719,317.762691,295.093560,261.153835,289.935242,318.423281,364.757475,382.738910
56,554.149685,514.914204,468.320374,408.800698,389.344702,366.483902,365.338453,323.360732,362.151233,415.441851,489.680817,426.720310,378.072490,358.480911,317.320950,286.443218,282.736106,279.381141,290.637890,329.794907,474.730361,416.053136,354.891877,306.686365,249.176165,218.669048,226.500134,195.966114,250.050637,298.313622,428.488453,350.725668,299.441229,241.903234,209.240901,152.192515,122.089914,164.431418,197.062338,266.656311,423.962055,354.832132,275.588859,180.618628,141.943274,71.647270,57.831072,80.996489,141.159844,214.538064,380.362392,325.385744,250.055370,171.093358,93.961234,39.718560,0.000000,89.350951,128.691036,237.898584,395.678446,321.432935,242.577831,184.380559,99.796162,63.702514,59.469218,106.004677,187.075240,210.949294,390.931062,337.436142,296.453996,219.410994,157.010614,128.834653,155.426816,154.941016,230.574350,262.248800,431.166477,341.822517,301.733537,229.373941,204.591201,193.994854,215.220579,196.147711,272.025025,279.485038,459.713993,372.968286,339.039037,311.188841,284.514665,243.669935,262.149942,286.397227,328.704884,344.044871
57,614.907506,572.714326,519.449145,454.735774,414.870226,377.502877,365.468783,309.009195,320.955489,365.918867,555.404143,489.025911,436.108327,401.126297,352.014016,305.768786,278.416263,265.355748,246.080370,269.272206,547.841796,488.298137,416.964282,365.139347,288.524444,244.840105,238.617466,178.906026,192.494625,235.747805,505.686185,426.756438,375.914799,308.194539,262.997266,200.680665,142.865128,132.436756,130.440182,185.578624,508.880897,437.527190,358.562322,261.502484,221.367761,128.660403,82.280863,50.003713,60.614601,128.032692,468.587782,413.770394,336.446491,259.223453,182.588176,121.651173,89.350951,0.000000,40.630463,150.184042,484.958325,410.769866,331.347853,273.693726,188.263060,139.041897,112.983634,76.262948,116.908345,132.768875,479.514992,425.561530,382.985004,300.166836,231.075632,191.322962,167.144316,121.387217,179.146238,203.325671,517.740111,426.965482,378.398883,304.815377,266.583530,240.481701,229.318127,194.185053,245.189226,232.737251,541.939925,453.320069,414.382024,371.354440,339.086646,287.354195,278.542440,286.345716,307.672239,303.575616
58,651.496447,608.649690,553.782948,487.932965,442.113455,400.131135,384.129841,322.782143,321.304664,360.682481,593.275709,526.277414,472.542841,433.753362,382.813632,332.466994,297.181244,280.492605,246.741173,259.228223,587.204788,527.581005,454.394016,402.007607,321.459765,274.989352,264.584175,196.720906,187.498531,225.328927,545.729198,466.712180,415.990266,346.915241,299.675492,237.279551,175.690064,147.486123,123.369950,160.983904,549.506136,478.122773,399.180041,302.079612,261.917562,168.235270,120.973995,83.351667,51.880832,98.279732,508.732251,453.841990,376.953043,299.345766,222.464774,162.178672,128.691036,40.630463,0.000000,109.662325,524.245147,449.518725,369.082604,312.429407,226.152151,172.864028,142.985496,82.184832,85.661946,95.536915,516.837965,462.454294,418.632449,332.791095,261.548166,218.453535,175.924543,113.470820,155.192233,174.274688,553.138318,461.509140,408.293700,334.773562,291.196903,259.395623,234.911378,194.586298,230.853529,208.946443,574.273227,484.810859,443.345917,393.372138,359.035733,303.627640,283.128511,283.206937,294.130518,280.960109
59,748.567496,704.209359,645.638584,577.583069,518.414625,466.730725,442.039449,372.139639,338.069789,359.966140,693.918521,625.571316,570.104556,522.680750,468.383318,410.264030,359.234057,335.589554,271.319978,254.164024,691.942066,632.208945,554.496933,501.110744,412.894682,361.897613,343.493623,264.594536,207.358728,223.952795,652.558210,573.380362,523.099037,450.743472,399.378119,337.777116,271.484843,217.098837,156.667981,129.959868,658.943054,587.085332,508.327803,411.027178,370.783482,275.207976,227.329041,186.254385,124.713370,81.205937,618.216275,563.270204,486.609385,408.855965,331.836921,271.822144,237.898584,150.184042,109.662325,0.000000,632.716680,557.314769,475.599085,420.459882,333.513488,276.266711,243.228737,164.815868,89.287373,59.817084,622.316542,567.375811,521.695127,431.598458,358.171873,311.337707,242.147577,162.695361,146.725105,140.714304,655.204328,562.469720,501.401746,429.080531,377.269199,336.620054,287.973104,241.611069,235.734543,187.647401,670.556029,580.091977,534.288694,471.705998,434.188277,373.611608,329.812279,311.734198,293.895303,253.771398
60,412.063607,405.537517,416.753260,413.090056,489.156721,526.421811,558.804031,570.789079,661.085841,724.138672,339.815149,331.875856,339.157915,406.815958,423.277099,461.859383,522.378476,542.646371,611.668841,673.377316,276.173316,258.238235,310.219504,321.570297,389.938750,422.415688,458.639187,502.329224,601.083034,649.715999,219.680310,215.142353,216.818960,287.594770,341.884226,366.522676,422.134171,506.282514,568.836624,649.573039,126.984157,150.653438,176.006439,251.166366,285.572809,379.578655,422.204762,463.501878,531.355585,606.271034,53.543956,82.789267,166.325985,228.398542,302.815053,366.101172,395.678446,484.958325,524.245147,632.716680,0.000000,77.693148,162.662403,212.388250,299.617533,360.655900,395.793979,479.288608,569.546958,598.390255,74.556043,102.267753,150.325716,241.288834,305.058389,351.866765,452.420718,511.018986,586.495794,622.913330,135.762641,152.265160,241.437934,266.709717,332.168069,382.758015,466.891373,490.285732,579.458406,619.222381,213.693155,208.646696,250.444817,340.267998,361.677751,395.735196,480.155294,532.838977,608.144355,660.443830
61,434.908635,419.981182,418.216129,401.528040,463.378834,491.504167,519.453530,522.699559,606.852889,669.297947,359.606631,336.325645,330.125812,385.095309,391.332400,420.236633,473.554456,490.899947,552.694513,611.563089,303.770390,271.205711,298.680721,296.797255,347.978570,372.852661,407.401486,442.423832,536.940398,586.194805,243.453660,212.234387,195.368539,248.462601,294.778682,309.033587,358.752218,441.514391,500.694320,579.841046,169.471656,155.524786,142.239772,192.928533,222.338364,311.417123,351.745737,392.141934,459.257387,534.021129,90.443608,60.247275,115.213800,159.224032,230.048524,293.943489,321.432935,410.769866,449.518725,557.314769,77.693148,0.000000,84.969551,137.103700,223.804422,283.766903,318.774374,402.248683,492.533322,521.679599,82.459301,57.023534,85.901289,166.887171,227.912649,274.338654,374.991818,433.392009,508.802683,545.220938,144.789833,109.348431,182.501162,194.634740,258.244146,307.711490,391.210432,413.301221,502.817383,541.759009,211.250460,173.286565,200.564408,279.197872,295.697473,324.091888,406.821278,458.826543,533.178899,583.938851
62,473.145228,450.537062,435.651480,405.567831,448.772645,465.006829,486.774063,478.798881,553.709383,614.725927,397.566465,360.517816,340.556921,378.236143,371.837532,387.331736,429.703911,442.790965,493.911996,548.372901,351.321829,307.757738,308.470092,291.492484,317.564585,330.961579,362.018617,384.017942,471.260804,520.919148,291.532697,239.518944,205.412686,229.051924,260.295755,258.268286,297.068291,376.100034,429.702811,506.066762,237.148640,198.858151,149.033012,150.544676,167.439091,243.279609,278.931070,317.349325,382.765496,456.905800,166.665566,117.845211,106.262455,98.959049,155.813757,219.220869,242.577831,331.347853,369.082604,475.599085,162.662403,84.969551,0.000000,61.774573,143.089582,200.314811,234.985966,318.300095,408.546820,438.116238,148.398276,96.061234,67.799862,92.179936,144.287459,189.739766,290.511576,348.511282,423.834338,460.251428,194.015645,116.477178,141.034258,124.071716,181.209553,227.805584,309.686956,329.548250,419.511146,457.162374,239.683861,170.843947,171.914662,224.771912,232.238014,250.092840,329.063269,379.699590,452.355838,500.758668
63,465.450454,437.438547,413.404114,374.950460,405.855607,415.514536,434.136014,421.633434,493.531867,554.141230,391.415678,345.185753,316.185626,341.313120,327.502341,335.621094,372.845468,384.365434,432.719142,486.665487,354.226531,303.779890,284.966729,258.497951,268.377166,275.863914,305.112995,323.088836,409.486778,459.146156,297.319727,232.838051,189.414038,190.134382,210.498324,200.525240,235.795145,314.344548,368.322866,445.419035,262.158418,207.812630,139.355073,102.654648,110.244930,181.505041,217.757277,256.867032,323.131344,397.669801,203.831963,149.371255,97.277501,44.469268,94.662135,158.499591,184.380559,273.693726,312.429407,420.459882,212.388250,137.103700,61.774573,0.000000,87.262150,149.596277,184.914706,268.138564,358.147526,386.429119,208.644008,157.611491,126.504328,103.153355,120.233419,156.094862,254.589887,303.323423,380.714127,416.611744,255.779570,175.503146,178.073018,134.612042,172.929877,209.928986,284.688352,296.703273,387.179338,418.504416,298.991026,224.271848,213.815057,243.604485,240.906266,242.927330,312.218552,358.955756,426.743465,468.124983
64,514.163475,480.445352,445.176261,395.610224,403.132972,397.640231,407.447321,380.907336,438.465903,496.110363,443.587009,388.351699,348.830295,352.775358,325.110196,314.956443,334.570909,339.607845,371.758498,419.028548,416.401742,361.077025,320.534788,281.782985,258.371484,248.164914,269.302356,266.435378,339.883896,389.287521,363.687046,291.075845,241.704559,210.360163,204.413427,169.199064,179.564883,247.458835,292.387799,365.487158,342.317641,280.230912,203.629206,125.194999,101.639859,118.229854,142.455842,177.330172,240.733034,314.334220,289.589057,234.629257,168.958241,88.033765,36.250701,82.620448,99.796162,188.263060,226.152151,333.513488,299.617533,223.804422,143.089582,87.262150,0.000000,64.391839,99.306031,181.684882,271.343810,299.288007,291.292019,237.643790,197.311475,129.053328,88.315488,95.701308,181.163925,219.594354,297.800857,333.092967,331.792709,243.642293,214.360252,147.412963,148.835813,165.015412,223.379766,225.219963,313.979342,338.831347,363.697979,279.542177,252.418808,246.835225,230.152514,209.490780,260.087888,299.825339,360.083364,393.463395
65,569.353729,533.454305,493.390252,439.032937,432.885638,417.287262,420.257712,382.934219,425.567025,479.138009,500.636253,442.378167,398.959121,392.236272,357.349528,335.395080,340.324736,339.424311,354.310581,392.865426,477.056055,420.566456,372.495542,329.341175,288.825422,266.936723,280.279669,257.894986,313.175240,361.029459,425.772191,351.521293,301.201642,259.564096,240.861091,192.563759,178.785868,228.056894,258.402357,323.521831,406.699878,343.913554,266.499183,181.654262,150.223536,119.896326,120.673438,143.225729,197.185290,267.044020,353.147569,298.350183,233.094544,151.828882,83.469103,76.592720,63.702514,139.041897,172.864028,276.266711,360.655900,283.766903,200.314811,149.596277,64.391839,0.000000,35.318638,118.689118,208.901423,237.933260,346.096656,291.109101,246.027056,161.150086,94.318647,66.453769,122.893067,155.203016,233.437284,268.701730,380.345563,288.665779,240.822648,167.654446,141.153422,135.464582,173.564743,167.161371,253.509293,275.175010,402.905465,314.508129,277.590579,247.620923,221.822536,184.788771,216.179570,249.125863,303.156629,331.754853
66,596.807027,559.653962,516.905205,460.101741,446.523380,425.580663,424.807323,381.997150,415.932296,466.826378,529.387674,469.447022,423.973461,411.449420,373.020206,345.070171,342.006223,337.863219,342.909205,376.148791,508.215366,451.041945,398.673261,353.406442,304.487962,276.970277,285.886267,253.311534,297.070163,343.448022,458.029207,382.777254,332.029659,285.178141,260.455141,207.176091,181.558878,218.056815,238.943913,298.541725,441.342493,377.578400,299.603709,211.800900,177.719612,128.663560,115.616462,127.838851,173.141034,239.554978,388.436944,333.611234,267.346448,185.931138,114.194183,88.723025,59.469218,112.983634,142.985496,243.228737,395.793979,318.774374,234.985966,184.914706,99.306031,35.318638,0.000000,83.495094,173.768228,203.134948,379.851793,324.641650,278.468423,189.979136,118.717070,78.862310,99.370516,120.731210,199.136172,234.065487,412.134831,319.720248,265.865014,192.255720,155.120591,137.014178,156.824715,142.328581,224.813193,242.389474,431.296690,341.860505,301.544674,261.246192,231.500714,186.432370,203.054378,229.723737,277.639233,301.323294
67,659.744731,619.969175,571.562749,510.033663,480.340924,447.915488,438.651873,384.395719,396.329630,439.358752,595.668899,532.403572,482.939104,458.136255,412.928102,372.833595,351.974948,340.477893,321.385065,339.855861,580.110946,521.677719,460.445796,411.436667,346.471043,308.394678,307.314546,253.646302,265.535727,305.991283,532.681760,455.583567,404.338356,347.743636,312.044480,252.068571,205.506600,208.321027,201.934529,242.515322,521.932949,455.831654,376.967329,284.534259,246.962279,172.030883,136.126261,120.069987,129.163327,178.563537,471.268364,416.312882,347.392412,266.156396,190.866410,145.695375,106.004677,76.262948,82.184832,164.815868,479.288608,402.248683,318.300095,268.138564,181.684882,118.689118,83.495094,0.000000,90.285131,120.161686,462.184478,406.789279,359.446639,267.383965,193.634627,146.522091,94.073491,51.042375,124.570871,156.687300,491.833176,398.727535,336.769300,264.275680,214.379843,178.680078,154.617948,117.948120,174.595545,174.209695,505.740343,415.292159,370.154830,313.650343,278.296788,221.769201,203.552511,210.139656,235.535861,240.967167
68,731.227547,689.373544,636.351378,571.439261,527.737643,485.414492,468.216271,404.744470,392.281467,424.272450,670.576264,604.923423,552.602857,517.629689,467.596743,418.104283,381.576189,363.457870,319.636080,318.964823,660.023110,600.844418,532.772446,481.443009,405.078541,359.917241,350.236944,281.328862,256.757015,286.005902,615.183163,536.992083,485.757628,422.538455,379.528406,317.340318,259.176124,231.767487,194.942704,202.213332,609.499522,541.624739,462.427058,367.644351,328.592023,242.600672,198.269465,165.918681,132.191666,139.322189,560.832687,505.797897,434.966278,354.221634,277.769352,225.859046,187.075240,116.908345,85.661946,89.287373,569.546958,492.533322,408.546820,358.147526,271.343810,208.901423,173.768228,90.285131,0.000000,32.466305,551.853450,496.381813,448.396536,354.697536,280.643571,232.167792,154.271038,74.350188,73.562040,88.642823,579.689037,486.336383,419.478056,348.647162,293.010613,249.787662,198.716523,152.447479,158.591727,125.824985,589.717475,499.018563,450.919207,384.151498,346.136634,285.010858,241.216009,226.771777,220.762691,197.879945
69,746.911561,704.169340,649.200559,583.070967,533.865314,488.025462,468.005187,401.831166,380.893099,408.784966,688.095274,621.448736,567.976144,528.728280,477.043945,424.298142,382.333597,362.059421,310.151946,302.822831,680.214627,620.758612,549.468108,497.308855,416.647033,369.199563,356.388477,283.243844,246.235371,270.784158,636.961544,558.315809,507.243608,440.947757,395.005854,332.600539,271.082359,233.694886,187.469920,181.950168,634.780080,565.659821,486.414021,390.564529,350.958453,261.200131,215.022712,178.853326,133.464902,122.722112,588.201434,533.110517,460.537226,380.397842,303.439606,248.632971,210.949294,132.768875,95.536915,59.817084,598.390255,521.679599,438.116238,386.429119,299.288007,237.933260,203.134948,120.161686,32.466305,0.000000,582.344606,526.940649,479.384817,386.275230,312.245146,263.982472,186.526405,106.615708,89.258141,91.450821,611.170494,517.878418,451.792421,380.766958,325.458507,282.172332,229.177309,182.624596,178.125472,135.562077,621.959924,531.267765,483.345969,416.365065,378.213001,316.855573,270.230480,252.143841,238.115742,205.619129
70,485.132520,476.617308,483.469027,473.799377,541.723725,572.449204,601.252922,605.157447,688.756596,751.045629,412.010722,399.314904,400.747658,461.716591,471.334030,502.241037,556.007614,573.199447,633.526291,691.217858,349.645270,328.055470,370.323604,374.093475,429.918371,455.308590,489.786601,523.169775,615.587499,665.064703,292.052355,278.309139,270.305403,329.602080,377.145132,390.781142,438.403204,520.103624,576.683554,654.043374,201.358855,215.662352,220.759392,274.981491,302.899097,388.453933,426.355467,465.415880,531.135485,605.303647,124.011272,128.586712,197.335553,237.508255,303.305398,367.101850,390.931062,479.514992,516.837965,622.316542,74.556043,82.459301,148.398276,208.644008,291.292019,346.096656,379.851793,462.184478,551.853450,582.344606,0.000000,55.538586,106.071750,203.681916,275.043912,323.944365,421.652493,487.664954,559.700509,596.223267,66.529253,88.050499,181.930815,222.629737,289.720290,342.099746,426.893868,455.715890,542.189506,587.224734,141.679065,136.862574,183.930583,279.521171,305.534244,347.120727,433.669388,487.357788,564.550748,621.970297
71,490.330146,476.468189,475.229012,457.682487,516.524237,541.493296,567.423114,566.016280,645.492919,707.170442,415.318483,393.308714,386.721668,439.587074,442.984896,467.773601,516.750524,532.058499,587.706670,643.476267,357.815937,327.478677,355.138262,351.148774,396.019985,416.515000,449.620979,477.468628,566.811334,616.435386,297.898794,269.253918,251.276397,299.058248,340.920606,347.976222,391.331725,471.495353,525.763220,601.929854,217.527031,211.840934,196.818525,234.326852,258.148058,338.932589,374.985334,413.204316,478.150041,551.970238,136.244148,116.834940,165.031461,190.686564,251.874940,315.206221,337.436142,425.561530,462.454294,567.375811,102.267753,57.023534,96.061234,157.611491,237.643790,291.109101,324.641650,406.789279,496.381813,526.940649,55.538586,0.000000,51.887911,149.065171,219.686371,268.519121,366.614084,432.147180,504.385164,540.917924,99.560828,54.174596,139.182188,169.994484,236.886637,288.898825,373.714337,401.312710,488.477932,532.528145,157.354318,117.195353,150.428356,238.003506,259.973171,297.022467,382.804098,436.171034,512.752012,568.646551
72,515.839034,497.763474,489.514664,464.783138,513.661506,532.012697,554.383897,546.439635,620.027768,680.621794,440.138208,410.676140,396.885704,440.861842,437.494929,454.860619,497.383223,510.099114,558.895394,611.560371,387.187280,350.624288,364.787554,353.067827,384.722553,398.757641,429.671915,449.488628,533.567541,583.232073,326.670889,286.793651,260.134658,293.793942,327.692260,325.690426,361.998725,439.020337,489.056600,562.768416,255.351620,236.051021,203.364288,218.089573,234.854478,306.054668,338.299164,374.581593,437.612126,510.455240,175.620784,142.523042,164.332021,166.452166,216.603455,278.019871,296.453996,382.985004,418.632449,521.695127,150.325716,85.901289,67.799862,126.504328,197.311475,246.027056,278.468423,359.446639,448.396536,479.384817,106.071750,51.887911,0.000000,97.610684,169.543717,218.589393,315.638050,382.697984,453.935497,490.434997,134.788065,49.040076,96.658314,118.220498,185.027753,237.010923,321.827157,349.735111,436.653729,481.162815,172.551982,104.724587,117.684703,193.549540,211.963326,246.007245,331.371107,384.603509,461.005434,516.771759
73,560.959274,535.750561,515.115926,478.044690,506.874619,512.121981,527.100643,506.629600,567.431351,625.154068,485.817710,444.248098,418.226045,444.191751,428.205052,430.609248,459.160550,466.434374,500.724694,546.596816,442.211724,396.487598,386.686483,361.634624,366.515547,367.096365,392.386794,395.320860,467.077053,516.127480,382.831104,326.784159,287.775600,293.102745,308.965514,288.594773,308.044367,375.933835,416.393595,484.414777,328.551637,290.286841,233.725951,204.474099,203.823749,247.143053,269.356039,300.281221,358.068762,428.111780,255.072880,209.236918,189.860877,145.949709,159.520137,210.818929,219.410994,300.166836,332.791095,431.598458,241.288834,166.887171,92.179936,103.153355,129.053328,161.150086,189.979136,267.383965,354.697536,386.275230,203.681916,149.065171,97.610684,0.000000,74.054282,122.846642,218.154982,286.919831,356.816584,393.265633,225.026727,131.641619,85.416680,32.917712,91.359281,141.487090,225.874741,252.248225,339.769215,383.558920,241.781558,153.664828,123.479846,140.704927,141.933588,158.538990,239.960949,291.987685,366.865223,420.277717
74,583.128048,552.940987,523.359973,477.903294,490.747125,485.904451,494.967459,465.466856,515.994550,571.120485,509.925498,460.368065,426.061506,437.537709,412.433874,403.205050,420.203163,423.171844,446.149121,486.791626,474.395612,423.223927,396.151684,362.248697,346.257834,336.169035,356.053917,345.683693,407.052891,455.161406,417.524977,352.187893,306.783121,290.821770,291.429999,257.361856,261.545210,319.904857,352.719319,416.519716,377.211405,327.475546,259.178577,201.479537,186.284847,199.743800,211.866036,237.406944,290.449145,358.237104,310.541471,259.490398,217.509895,149.407635,124.524249,158.373426,157.010614,231.075632,261.548166,358.171873,305.058389,227.912649,144.287459,120.233419,88.315488,94.318647,118.717070,193.634627,280.643571,312.245146,275.043912,219.686371,169.543717,74.054282,0.000000,49.078571,147.715939,213.298683,284.702068,321.237935,299.069846,205.695310,147.323337,73.760156,61.013227,89.736676,166.686267,185.412893,275.229293,314.446152,313.128461,223.308367,183.572090,160.117926,141.837145,126.553490,191.994564,239.455608,309.516387,356.471666
75,608.371070,575.529226,540.876102,490.719046,492.846386,480.916516,485.493500,449.328101,490.898921,543.439339,536.828450,483.232436,444.496256,446.720634,415.912655,398.551002,406.414233,405.864140,418.913796,454.482535,505.991476,452.435611,416.021819,377.399556,347.954249,330.261399,345.481175,324.180888,375.152912,421.973507,450.951117,381.686639,333.805572,306.032763,296.604118,253.759042,245.002206,292.987910,317.711493,376.554385,417.661494,363.235897,290.746968,220.276431,196.863148,185.231367,186.494373,205.181303,251.748652,316.301382,354.354041,301.860031,251.481913,175.917953,128.984374,141.852689,128.834653,191.322962,218.453535,311.337707,351.866765,274.338654,189.739766,156.094862,95.701308,66.453769,78.862310,146.522091,232.167792,263.982472,323.944365,268.519121,218.589393,122.846642,49.078571,0.000000,100.797180,164.226112,236.035536,272.579975,347.823356,254.407232,190.639447,117.777999,76.603616,71.690575,130.245590,141.145268,231.664826,267.440016,359.218324,268.792083,225.011281,183.197363,155.695718,119.778757,164.505584,206.146678,271.019413,312.854209
76,692.204008,656.307776,615.322352,559.287029,544.723675,520.705487,516.709625,468.145040,487.985160,532.657335,623.139384,565.269505,521.506860,510.816954,471.995412,441.512363,431.707010,423.830457,413.166874,433.849435,597.558083,541.953302,495.320348,451.467828,403.549331,374.001353,379.897120,337.163946,358.900608,400.002219,544.591822,472.183477,422.502533,382.213938,359.760294,306.228392,275.104789,295.302057,295.637883,334.859769,516.747900,459.372420,384.246727,303.908244,273.102501,226.722298,205.548597,203.350635,223.013000,270.186376,454.943237,402.076643,347.354652,268.267326,206.023307,188.016559,155.426816,167.144316,175.924543,242.147577,452.420718,374.991818,290.511576,254.589887,181.163925,122.893067,99.370516,94.073491,154.271038,186.526405,421.652493,366.614084,315.638050,218.154982,147.715939,100.797180,0.000000,79.925303,139.412178,175.600265,440.094681,347.209314,271.336655,204.748371,142.888860,96.020821,62.928280,44.327635,133.207519,166.809979,441.698787,351.345816,300.271940,229.883132,192.053602,131.846847,112.135798,130.975143,180.268042,213.689497
77,709.072559,669.787252,622.122939,560.921560,531.001287,497.357263,486.665932,430.123144,434.673686,473.754384,644.104561,581.622129,532.861394,509.133635,463.939001,423.150567,399.686768,386.629584,359.986766,371.167649,626.497576,568.551712,509.829295,461.408127,397.512052,359.163867,357.170812,300.289823,300.915986,337.356643,577.625784,501.426990,450.343173,396.742078,362.597498,302.946788,256.183361,253.341396,236.800459,263.506019,561.895909,498.223122,420.020066,330.062987,293.697520,222.666050,187.093450,168.639684,165.019696,198.527595,507.131936,452.654691,388.061791,306.657057,233.931413,194.269350,154.941016,121.387217,113.470820,162.695361,511.018986,433.392009,348.511282,303.323423,219.594354,155.203016,120.731210,51.042375,74.350188,106.615708,487.664954,432.147180,382.697984,286.919831,213.298683,164.226112,79.925303,0.000000,78.425758,113.515317,511.608513,418.210182,347.577669,278.114649,220.072504,175.615049,127.928015,83.631424,124.485984,124.618750,518.090249,427.435106,378.076126,309.801820,271.825954,210.931743,173.667001,169.762375,186.437172,190.074118
78,784.027940,743.848112,694.086954,631.174013,593.972852,554.706267,539.321347,477.186120,465.656764,496.436413,720.235048,656.772560,606.759230,578.330005,530.591405,484.727421,452.364414,435.377457,393.178501,390.733064,704.120686,645.909823,584.744717,535.245214,465.891250,423.821089,417.291739,351.894645,330.176070,358.167143,655.756243,579.256917,528.094707,472.241283,434.936203,373.916162,321.282360,302.667195,268.503903,271.076949,640.114127,576.648494,498.413224,407.935971,371.034891,295.159489,255.316690,229.128113,204.436176,210.419737,584.330541,530.080935,466.427141,385.040371,312.251775,270.254832,230.574350,179.146238,155.192233,146.725105,586.495794,508.802683,423.834338,380.714127,297.800857,233.437284,199.136172,124.570871,73.562040,89.258141,559.700509,504.385164,453.935497,356.816584,284.702068,236.035536,139.412178,78.425758,0.000000,36.544471,579.498018,486.547862,409.811362,344.156812,281.381492,231.640831,161.421708,116.662408,89.075053,53.879356,579.670124,489.711996,437.182641,358.344175,318.770826,256.063310,194.381055,167.673143,149.033705,125.769397
79,813.929510,773.050400,721.778640,657.793778,616.223417,573.970248,556.164400,491.546131,472.240418,498.789634,751.235599,686.951412,635.994797,604.376228,555.204553,506.621731,469.746889,450.906825,401.589964,392.747318,736.772955,678.254707,614.812865,564.551377,491.773614,447.743785,438.791759,369.674419,337.685985,361.248774,689.233064,612.264285,561.023659,502.964458,463.431951,401.777743,346.187957,320.051287,278.499677,269.888084,675.367083,611.162791,532.664541,441.142879,403.638553,324.402823,282.554326,253.085505,219.985938,213.497327,620.335315,565.979407,501.390369,419.961333,346.366949,301.955039,262.248800,203.325671,174.274688,140.714304,622.913330,545.220938,460.251428,416.611744,333.092967,268.701730,234.065487,156.687300,88.642823,91.450821,596.223267,540.917924,490.434997,393.265633,321.237935,272.579975,175.600265,113.515317,36.544471,0.000000,615.670794,522.807524,445.300732,380.265129,317.007435,266.716915,193.481170,150.331455,104.037690,47.379075,614.850814,525.106048,472.077256,391.246762,351.526843,288.916232,222.304554,189.377322,155.738588,114.394084
80,547.733632,541.027022,549.541687,540.316934,607.228147,636.292021,663.907539,664.761426,745.036109,806.731264,475.561241,465.175768,467.275085,527.718898,535.957560,564.505726,615.505391,631.302526,687.127847,742.351910,411.728147,393.050621,436.842796,439.867807,492.369055,515.047260,548.594799,576.936830,665.255650,714.919720,355.425112,344.714972,336.468560,393.250420,438.332866,447.415067,490.585217,570.115551,622.658148,697.263284,261.776546,281.743892,285.919186,333.173248,357.704571,437.269926,471.752041,508.828442,572.323978,645.243201,188.071674,194.896325,259.715725,290.189408,349.078142,411.602684,431.166477,517.740111,553.138318,655.204328,135.762641,144.789833,194.015645,255.779570,331.792709,380.345563,412.134831,491.833176,579.689037,611.170494,66.529253,99.560828,134.788065,225.026727,299.069846,347.823356,440.094681,511.608513,579.498018,615.670794,0.000000,93.420892,177.105597,235.442488,300.398497,352.669050,435.833156,469.713593,551.974776,601.745470,78.355226,108.241389,165.145069,265.746496,297.926245,348.216139,435.070362,488.918750,567.141489,629.499317
81,544.014050,529.286041,525.858238,505.191303,558.535258,579.005613,602.237566,595.274259,669.034993,729.562833,468.836310,444.897570,435.524351,483.981659,483.184144,502.606664,546.180721,559.088766,607.654482,659.777591,411.884094,380.554126,403.639098,395.719479,432.007528,447.306612,478.494845,498.377241,581.526472,631.162973,351.873324,320.605578,299.046617,339.078383,375.329442,374.638479,410.805540,487.248233,535.965672,608.469263,271.346541,264.871955,243.112006,266.057075,283.795700,354.384884,385.502421,420.900429,482.774702,554.851146,190.066547,169.595135,207.023669,215.350854,264.643043,325.228745,341.822517,426.965482,461.509140,562.469720,152.265160,109.348431,116.477178,175.503146,243.642293,288.665779,319.720248,398.727535,486.336383,517.878418,88.050499,54.174596,49.040076,131.641619,205.695310,254.407232,347.209314,418.210182,486.547862,522.807524,93.420892,0.000000,94.029300,143.033836,209.102706,261.668606,345.764102,377.924275,461.817084,510.013159,123.513151,64.066299,98.184857,191.519941,217.834711,261.888678,348.860298,402.747918,480.521565,540.435364
82,609.711775,589.510973,576.592944,545.982483,583.573173,593.018669,609.851606,591.414486,652.807818,710.352455,533.937196,500.524894,481.582327,516.543326,505.409622,512.334763,543.669442,551.538554,585.798138,630.566143,482.828025,444.094509,449.501502,431.011310,446.232000,450.207314,476.593721,480.718165,550.903234,599.675174,422.315775,378.013557,346.262083,365.788939,388.368913,372.306947,393.459589,460.648067,498.650565,563.818147,351.843783,330.820207,289.627401,280.539469,285.304088,332.524895,353.506030,382.712796,437.670291,505.412668,271.635553,238.651991,247.264204,222.531326,244.793992,295.663504,301.733537,378.398883,408.293700,501.401746,241.437934,182.501162,141.034258,178.073018,214.360252,240.822648,265.865014,336.769300,419.478056,451.792421,181.930815,139.182188,96.658314,85.416680,147.323337,190.639447,271.336655,347.577669,409.811362,445.300732,177.105597,94.029300,0.000000,73.611720,128.500889,178.959861,260.106554,296.548041,375.993724,427.824630,170.536445,80.011790,38.066836,98.840269,123.856545,171.111542,258.007523,311.886388,390.072655,452.720837
83,593.875908,568.601250,547.459249,509.466474,535.617086,538.433453,551.718782,528.097133,584.530281,640.971031,518.724142,477.028883,450.440519,474.603218,456.858564,456.405973,481.345857,487.000275,516.110129,558.932309,474.820284,429.366825,419.001174,392.945344,393.964174,391.657569,415.303617,412.967555,479.193667,527.664077,415.308493,359.699629,320.556210,323.779883,336.803643,312.669052,326.751627,390.293672,425.898196,490.279307,359.081504,322.696057,266.632478,234.472351,230.821525,265.079922,282.539722,310.203784,364.197433,431.807167,284.085091,240.016974,222.768902,176.276249,180.789888,226.170430,229.373941,304.815377,334.773562,429.080531,266.709717,194.634740,124.071716,134.612042,147.412963,167.654446,192.255720,264.275680,348.647162,380.766958,222.629737,169.994484,118.220498,32.917712,73.760156,117.777999,204.748371,278.114649,344.156812,380.265129,235.442488,143.033836,73.611720,0.000000,67.090555,119.545537,204.283609,234.934481,319.838612,367.010406,241.511588,151.017606,109.936999,109.118647,109.037810,129.481607,213.514802,266.512349,342.785148,399.364190
84,638.360172,609.701931,582.278529,538.127107,551.689506,545.877099,553.752660,521.562650,566.694056,619.781876,564.321702,517.236125,484.867635,498.336970,473.419409,463.163521,477.294456,478.628520,495.123593,531.060449,525.362059,476.372404,454.524816,422.155853,407.104329,395.730268,414.264872,398.630350,451.754377,498.496224,467.122835,405.562552,362.148984,350.908262,352.431234,317.258409,316.972587,369.008214,394.060547,450.946433,418.356511,375.424454,311.891759,261.159775,247.249269,255.767398,261.826450,281.772245,327.179642,389.465163,346.168576,299.045782,268.868596,207.079764,185.084941,213.078502,204.591201,266.583530,291.196903,377.269199,332.168069,258.244146,181.209553,172.929877,148.835813,141.153422,155.120591,214.379843,293.010613,325.458507,289.720290,236.886637,185.027753,91.359281,61.013227,76.603616,142.888860,220.072504,281.381492,317.007435,300.398497,209.102706,128.500889,67.090555,0.000000,52.605208,137.211882,169.357432,252.929925,301.349029,298.811227,208.490365,158.010509,106.691376,82.307676,70.302951,148.617211,200.729501,276.224985,332.287399
85,672.056866,640.987559,609.017825,560.598096,564.523342,552.136308,555.722212,517.134693,552.746547,602.690052,599.214770,548.440897,512.102824,517.512148,487.499656,469.903233,475.392573,473.276165,479.363597,509.271710,564.127094,512.840111,482.867960,446.308029,419.611560,401.535833,415.738587,389.767124,431.208857,475.961259,507.136288,441.802135,395.923804,374.750899,367.902405,325.382602,313.817624,355.013989,370.653051,420.379375,464.032746,416.725691,348.901229,287.076441,266.653942,255.342742,251.617683,264.045641,300.528266,357.026761,394.177524,345.227806,307.202524,237.896935,199.644678,211.985418,193.994854,240.481701,259.395623,336.620054,382.758015,307.711490,227.805584,209.928986,165.015412,135.464582,137.014178,178.680078,249.787662,282.172332,342.099746,288.898825,237.010923,141.487090,89.736676,71.690575,96.020821,175.615049,231.640831,266.716915,352.669050,261.668606,178.959861,119.545537,52.605208,0.000000,84.827706,117.609180,200.335621,249.261009,348.134332,258.517515,205.557623,135.424622,99.672645,49.679738,102.521412,151.904914,225.492978,279.875814
86,737.522341,703.620728,666.086057,612.568997,603.272054,581.588417,578.699395,530.942288,550.272571,593.976657,666.558461,611.667865,570.768619,565.662783,529.229521,501.631237,494.078172,486.618087,475.384153,493.986349,636.218285,582.614719,543.257118,502.014245,460.626754,433.683363,441.139047,400.016830,420.153663,460.088872,580.936654,511.911126,463.806182,431.448519,414.258878,363.474195,336.332326,358.204878,356.498987,390.745542,543.893166,492.464523,420.892683,348.549703,321.552836,285.484434,267.382001,266.278169,283.687311,325.736083,476.350973,426.027885,381.115385,306.140216,253.129002,244.921732,215.220579,229.318127,234.911378,287.973104,466.891373,391.210432,309.686956,284.688352,223.379766,173.564743,156.824715,154.617948,198.716523,229.177309,426.893868,373.714337,321.827157,225.874741,166.686267,130.245590,62.928280,127.928015,161.421708,193.481170,435.833156,345.764102,260.106554,204.283609,137.211882,84.827706,0.000000,46.661372,116.153188,169.064617,426.281441,338.318419,282.925982,197.873781,158.111481,95.671541,49.287775,76.461095,142.851425,195.080766
87,736.504010,700.491614,659.037144,602.397343,585.163692,558.676876,552.621302,501.049459,513.787458,555.162745,667.464494,609.533474,565.510914,553.410872,513.444971,480.608395,466.703300,456.909316,438.856152,453.614524,641.608787,586.157771,539.485983,495.306784,445.197107,413.715764,417.596822,369.967060,381.623921,419.736291,588.347216,516.292240,466.715924,426.291752,402.671720,347.993794,313.209405,325.789023,317.577420,347.129884,558.667352,502.539024,427.931421,348.229302,317.332427,267.785052,242.976144,235.586317,244.937582,282.158004,495.166291,442.961855,390.506373,311.969792,250.347796,230.442937,196.147711,194.185053,194.586298,241.611069,490.285732,413.301221,329.548250,296.703273,225.219963,167.161371,142.328581,117.948120,152.447479,182.624596,455.715890,401.312710,349.735111,252.248225,185.412893,141.145268,44.327635,83.631424,116.662408,150.331455,469.713593,377.924275,296.548041,234.934481,169.357432,117.609180,46.661372,0.000000,90.533533,132.091465,465.206750,375.961646,322.131417,241.702624,202.179254,139.480455,90.063562,93.018103,136.011763,171.712772
88,821.617992,784.291504,739.965642,680.799540,654.868608,621.837437,610.649193,552.562233,549.268208,582.793902,753.849163,694.257283,648.229342,630.064354,586.579530,547.408517,523.570993,509.505662,475.649485,477.556496,730.122171,674.005433,623.377698,577.277655,519.407297,482.853255,481.622915,423.719185,413.838328,444.559643,677.623180,604.635173,554.584573,509.840645,481.247623,423.464110,380.066397,375.924776,350.762809,359.486179,649.191016,592.567572,517.355980,435.149679,402.391577,342.598507,310.357157,293.082216,282.428496,297.710401,585.451185,533.425923,480.542143,401.391892,336.947271,309.470174,272.025025,245.189226,230.853529,235.734543,579.458406,502.817383,419.511146,387.179338,313.979342,253.509293,224.813193,174.595545,158.591727,178.125472,542.189506,488.477932,436.653729,339.769215,275.229293,231.664826,133.207519,124.485984,89.075053,104.037690,551.974776,461.817084,375.993724,319.838612,252.929925,200.335621,116.153188,90.533533,0.000000,62.920349,540.674113,453.645202,397.534866,307.553785,268.109368,207.997282,128.700578,87.175568,63.285778,81.280030
89,833.633633,794.130022,745.548709,683.311476,647.607422,608.585341,593.037281,530.431327,515.930519,544.259576,768.691396,706.202770,657.125277,630.788073,583.654171,538.445088,506.124641,488.854389,444.279285,438.252406,750.244039,692.604121,634.364568,585.630633,518.510185,477.158589,471.075954,405.667346,380.775390,406.336741,700.417525,624.941076,574.015519,521.345185,486.103074,425.615079,374.431015,356.371574,320.115416,316.185881,679.975861,619.000117,541.641520,453.673802,417.931458,346.097234,307.654891,282.665176,257.694123,258.283326,620.728128,567.264986,507.733637,426.800573,356.557203,318.880114,279.485038,232.737251,208.946443,187.647401,619.222381,541.759009,457.162374,418.504416,338.831347,275.175010,242.389474,174.209695,125.824985,135.562077,587.224734,532.528145,481.162815,383.558920,314.446152,267.440016,166.809979,124.618750,53.879356,47.379075,601.745470,510.013159,427.824630,367.010406,301.349029,249.261009,169.064617,132.091465,62.920349,0.000000,595.212247,506.758543,451.859407,365.496025,325.762638,264.146137,189.561149,150.092576,108.730607,72.137224
90,625.754826,618.204387,624.556214,612.105494,673.795090,698.371039,723.281835,718.314874,792.510654,852.927810,553.219921,540.693769,539.875467,596.263086,600.311600,623.565597,669.156037,682.466531,730.711662,781.822592,489.842994,469.732205,508.861218,507.894680,552.251057,569.843367,601.540466,621.673341,703.146484,752.689851,433.119667,418.769730,406.434370,456.304519,496.343392,497.952137,533.990466,609.430218,655.728627,725.807649,340.063309,356.945632,353.327489,387.921482,407.120395,476.871573,506.137934,539.942552,599.536533,669.893036,265.295960,266.623997,322.352256,338.642218,386.877143,446.071474,459.713993,541.939925,574.273227,670.556029,213.693155,211.250460,239.683861,298.991026,363.697979,402.905465,431.296690,505.740343,589.717475,621.959924,141.679065,157.354318,172.551982,241.781558,313.128461,359.218324,441.698787,518.090249,579.670124,614.850814,78.355226,123.513151,170.536445,241.511588,298.811227,348.134332,426.281441,465.206750,540.674113,595.212247,0.000000,90.701550,143.358697,237.530712,274.883194,332.731468,416.698073,469.315795,547.163913,614.289538
91,607.525108,593.267432,589.751388,568.033288,618.380105,635.844659,657.060574,645.808578,714.396497,773.639296,532.493882,508.947820,498.927708,545.338476,542.095877,557.825230,597.091818,607.984756,650.129774,698.562701,474.746087,444.444454,466.964788,457.358527,488.381230,499.869558,529.371132,542.498713,619.328064,668.625731,414.983302,384.649361,362.264527,398.501549,431.003812,424.723042,454.598300,526.855915,569.804046,637.975907,331.894015,328.759139,305.974904,321.196052,334.482376,395.554723,421.628262,453.722012,511.621558,581.047681,250.980290,233.520962,268.448207,267.039131,305.699274,362.149241,372.968286,453.320069,484.810859,580.091977,208.646696,173.286565,170.843947,224.271848,279.542177,314.508129,341.860505,415.292159,499.018563,531.267765,136.862574,117.195353,104.724587,153.664828,223.308367,268.792083,351.345816,427.435106,489.711996,525.106048,108.241389,64.066299,80.011790,151.017606,208.490365,258.517515,338.318419,375.961646,453.645202,506.758543,90.701550,0.000000,57.990279,158.299036,192.310378,246.575443,332.329959,385.766843,464.022463,528.984848
92,633.459630,615.325568,605.463273,577.411756,618.240839,629.272633,646.810790,629.182744,690.872101,748.373444,557.782329,527.700178,511.510351,549.697930,540.374617,548.955841,581.332868,589.443566,623.786678,668.203579,504.033776,468.306139,479.373246,463.338711,482.191577,487.376347,514.155504,518.784880,588.508950,637.179307,443.582744,404.138119,375.274031,399.530229,424.313085,409.735054,431.518129,498.542104,535.768796,599.936961,367.618436,353.576370,318.390701,315.759218,322.126947,370.590657,391.266503,419.963582,473.986176,540.877850,286.442503,259.351614,277.162720,258.251354,282.794694,333.619719,339.039037,414.382024,443.345917,534.288694,250.444817,200.564408,171.914662,213.815057,252.418808,277.590579,301.544674,370.154830,450.919207,483.345969,183.930583,150.428356,117.684703,123.479846,183.572090,225.011281,300.271940,378.076126,437.182641,472.077256,165.145069,98.184857,38.066836,109.936999,158.010509,205.557623,282.925982,322.131417,397.534866,451.859407,143.358697,57.990279,0.000000,100.622376,134.372502,189.805850,274.913067,328.172472,406.379684,472.003860
93,697.911286,674.559420,655.638683,618.538197,643.446107,643.463091,654.280719,625.542004,673.171178,726.467603,622.337348,583.657283,558.865225,583.592129,564.683947,560.970555,580.303969,583.102782,601.782728,637.391020,574.741604,532.512780,527.258798,502.038134,500.706703,494.811646,515.873301,504.404047,558.215796,604.670956,514.474683,464.104951,427.360941,432.868723,444.088402,415.709562,421.382464,475.620259,499.937032,554.125128,448.599152,422.032030,372.259197,343.412314,337.776716,359.693480,368.227818,388.364341,431.933960,491.441794,369.170295,332.894216,328.539230,285.350664,282.389850,317.762691,311.188841,371.354440,393.372138,471.705998,340.267998,279.197872,224.771912,243.604485,246.835225,247.620923,261.246192,313.650343,384.151498,416.365065,279.521171,238.003506,193.549540,140.704927,160.117926,183.197363,229.883132,309.801820,358.344175,391.246762,265.746496,191.519941,98.840269,109.118647,106.691376,135.424622,197.873781,241.702624,307.553785,365.496025,237.530712,158.299036,100.622376,0.000000,39.788345,102.342496,180.598396,232.282199,309.811354,378.159342
94,702.861135,677.148268,654.240399,613.505878,631.840083,627.696300,636.015490,603.587122,646.430719,698.252933,627.749954,585.320795,556.933822,575.850156,553.307681,544.987472,559.528048,560.500701,574.057203,606.928339,583.493648,538.403628,525.839516,497.009217,487.712122,477.761535,496.569158,479.716848,528.256965,573.865076,523.770585,468.698445,428.926349,426.527033,432.256030,399.104040,398.968080,448.432284,468.722681,520.013980,463.745518,431.095734,375.501438,336.472090,326.288173,337.940459,342.187646,359.319435,399.432273,456.697506,386.138513,345.788331,331.656550,279.863779,266.349772,295.093560,284.514665,339.086646,359.035733,434.188277,361.677751,295.697473,232.238014,240.906266,230.152514,221.822536,231.500714,278.296788,346.136634,378.213001,305.534244,259.973171,211.963326,141.933588,141.837145,155.695718,192.053602,271.825954,318.770826,351.526843,297.926245,217.834711,123.856545,109.037810,82.307676,99.672645,158.111481,202.179254,268.109368,325.762638,274.883194,192.310378,134.372502,39.788345,0.000000,62.707677,141.952801,194.454674,272.446607,339.653010
95,708.179665,678.929125,649.904911,603.742591,611.460232,600.688578,604.950053,566.803075,601.794304,651.119319,634.332217,586.389479,552.614755,562.110144,533.963351,518.290621,524.945290,522.953959,528.178557,556.584685,595.663208,546.562474,522.671738,488.467979,466.474270,450.029173,464.936720,439.398122,479.029332,523.100691,537.374744,475.702989,431.834381,416.946649,413.693727,373.238730,363.361514,404.252276,417.781256,464.284360,487.020034,445.569653,382.071529,327.929446,310.590836,304.548031,301.268190,312.929932,346.804701,400.185273,413.268191,367.669438,339.135478,275.596126,245.048436,261.153835,243.669935,287.354195,303.627640,373.611608,395.735196,324.091888,250.092840,242.927330,209.490780,184.788771,186.432370,221.769201,285.010858,316.855573,347.120727,297.022467,246.007245,158.538990,126.553490,119.778757,131.846847,210.931743,256.063310,288.916232,348.216139,261.888678,171.111542,129.481607,70.302951,49.679738,95.671541,139.480455,207.997282,264.146137,332.731468,246.575443,189.805850,102.342496,62.707677,0.000000,87.039063,140.959421,219.020715,282.412401
96,772.232521,739.926886,705.092260,653.596759,648.362141,628.596682,626.689259,579.808474,599.483636,642.830484,700.039330,647.554590,608.912182,607.969979,573.410482,548.081756,542.466187,535.476429,524.580534,542.349623,666.256430,614.375122,580.526467,541.342911,504.834592,479.886347,488.556466,448.982835,469.026683,508.448854,609.519195,543.368323,496.713647,470.169607,456.758401,408.089058,383.863334,407.437668,405.251620,437.172485,565.899426,519.240518,450.850569,384.757100,360.558788,331.430880,315.477380,315.431356,332.431228,372.187061,494.695124,446.817633,409.486563,338.411104,292.156958,289.935242,262.149942,278.542440,283.128511,329.812279,480.155294,406.821278,329.063269,312.218552,260.087888,216.179570,203.054378,203.552511,241.216009,270.230480,433.669388,382.804098,331.371107,239.960949,191.994564,164.505584,112.135798,173.667001,194.381055,222.304554,435.070362,348.860298,258.007523,213.514802,148.617211,102.521412,49.287775,90.063562,128.700578,189.561149,416.698073,332.329959,274.913067,180.598396,141.952801,87.039063,0.000000,53.920556,132.071128,197.701098
97,813.941570,780.076855,742.217076,688.062656,675.694115,650.977225,645.527393,593.974887,604.184464,643.388123,742.838534,688.128322,647.085530,640.535321,602.725754,572.266394,559.698229,549.865716,529.380566,540.232979,711.721619,658.553626,619.675822,578.129171,534.208971,504.905716,509.970412,462.922934,470.677666,506.526660,655.937104,587.748824,539.936055,507.719924,489.194276,436.890683,405.349006,418.399051,406.559220,428.277028,615.801535,566.699934,496.247669,425.004326,397.840709,357.668863,335.325859,328.565888,334.573481,364.131888,545.953626,497.111408,455.878203,382.017803,329.470615,318.423281,286.397227,286.345716,283.206937,311.734198,532.838977,458.826543,379.699590,358.955756,299.825339,249.125863,229.723737,210.139656,226.771777,252.143841,487.357788,436.171034,384.603509,291.987685,239.455608,206.146678,130.975143,169.762375,167.673143,189.377322,488.918750,402.747918,311.886388,266.512349,200.729501,151.904914,76.461095,93.018103,87.175568,150.092576,469.315795,385.766843,328.172472,232.282199,194.454674,140.959421,53.920556,0.000000,78.288022,146.528663
98,872.460223,836.494277,794.535356,736.975673,714.800013,683.422374,673.086182,615.605361,612.258908,644.976908,803.152997,745.534766,701.381563,687.156113,645.214512,608.059149,586.075022,572.436215,538.780154,539.475125,775.938628,721.133915,675.482789,631.006348,577.514063,542.736166,542.840205,486.444150,476.770242,506.688191,721.690267,650.920656,601.787598,562.239586,537.147404,480.850254,440.357736,438.888572,413.863094,420.051778,686.694833,634.234395,561.292940,483.916823,453.343524,400.054761,370.236839,354.965945,345.714006,359.280139,619.009569,568.874548,522.495033,445.668842,386.228522,364.757475,328.704884,307.672239,294.130518,293.895303,608.144355,533.178899,452.355838,426.743465,360.083364,303.156629,277.639233,235.535861,220.762691,238.115742,564.550748,512.752012,461.005434,366.865223,309.516387,271.019413,180.268042,186.437172,149.033705,155.738588,567.141489,480.521565,390.072655,342.785148,276.224985,225.492978,142.851425,136.011763,63.285778,108.730607,547.163913,464.022463,406.379684,309.811354,272.446607,219.020715,132.071128,78.288022,0.000000,74.565121
99,897.124784,858.708295,812.045357,750.985513,718.207636,680.230880,665.086426,602.557119,586.512204,612.976403,830.567280,769.626444,722.033666,699.059197,653.054066,609.311127,578.133586,560.987638,515.455646,506.947727,808.810191,752.124534,698.209290,650.705470,587.181551,547.180056,542.172579,477.662919,451.715033,475.595983,757.088015,683.275566,632.870349,584.755451,552.559902,493.011030,444.219134,428.426609,391.681807,383.575193,730.226469,672.865653,597.076266,512.911616,478.891148,412.708498,376.340699,353.310414,329.829239,327.891230,666.731208,614.667758,560.898280,481.230443,414.839732,382.738910,344.044871,303.575616,280.960109,253.771398,660.443830,583.938851,500.758668,468.124983,393.463395,331.754853,301.323294,240.967167,197.879945,205.619129,621.970297,568.646551,516.771759,420.277717,356.471666,312.854209,213.689497,190.074118,125.769397,114.394084,629.499317,540.435364,452.720837,399.364190,332.287399,279.875814,195.080766,171.712772,81.280030,72.137224,614.289538,528.984848,472.003860,378.159342,339.653010,282.412401,197.701098,146.528663,74.565121,0.000000
