packet_id,packet_type,source_gui,dest_gui,path,hop_count,started_at,delivered_at,delay
1,SENSOR_DATA,0,1,0->1,1,41.188125,41.188173,0.000048
2,SENSOR_DATA,0,1,0->1,1,51.188125,51.188173,0.000048
3,SENSOR_DATA,0,1,0->1,1,61.188125,61.188173,0.000048
4,SENSOR_DATA,2,1,2->1,1,62.104102,62.104172,0.000070
5,SENSOR_DATA,0,1,0->1,1,71.188125,71.188173,0.000048
6,SENSOR_DATA,2,1,2->1,1,72.104102,72.104172,0.000070
7,SENSOR_DATA,0,1,0->1,1,81.188125,81.188173,0.000048
8,SENSOR_DATA,2,1,2->1,1,82.104102,82.104172,0.000070
9,SENSOR_DATA,12,1,12->2->1,2,90.316218,90.316386,0.000167
10,SENSOR_DATA,0,1,0->1,1,91.188125,91.188173,0.000048
11,SENSOR_DATA,2,1,2->1,1,92.104102,92.104172,0.000070
12,SENSOR_DATA,3,1,3->2->1,2,93.494044,93.494184,0.000140
14,SENSOR_DATA,12,1,12->2->1,2,100.316218,100.316386,0.000167
15,SENSOR_DATA,0,1,0->1,1,101.188125,101.188173,0.000048
16,SENSOR_DATA,2,1,2->1,1,102.104102,102.104172,0.000070
17,SENSOR_DATA,3,1,3->2->1,2,103.494044,103.494184,0.000140
18,SENSOR_DATA,11,1,11->1,1,104.204738,104.204831,0.000093
20,SENSOR_DATA,10,1,10->1,1,105.580227,105.580296,0.000069
22,SENSOR_DATA,12,1,12->2->1,2,110.316218,110.316386,0.000167
23,SENSOR_DATA,0,1,0->1,1,111.188125,111.188173,0.000048
24,SENSOR_DATA,2,1,2->1,1,112.104102,112.104172,0.000070
25,SENSOR_DATA,3,1,3->2->1,2,113.494044,113.494184,0.000140
26,SENSOR_DATA,11,1,11->1,1,114.204738,114.204831,0.000093
27,SENSOR_DATA,23,1,23->12->2->1,3,114.912783,114.913021,0.000239
28,SENSOR_DATA,10,1,10->1,1,115.580227,115.580296,0.000069
29,SENSOR_DATA,22,1,22->12->2->1,3,118.591410,118.591609,0.000199
30,SENSOR_DATA,20,1,20->10->1,2,119.287111,119.287249,0.000138
31,SENSOR_DATA,31,1,31->22->12->2->1,4,119.889377,119.889673,0.000296
32,SENSOR_DATA,12,1,12->2->1,2,120.316218,120.316386,0.000167
33,SENSOR_DATA,0,1,0->1,1,121.188125,121.188173,0.000048
34,SENSOR_DATA,32,1,32->22->12->2->1,4,121.223711,121.224015,0.000304
35,SENSOR_DATA,13,1,13->3->2->1,3,121.223882,121.224077,0.000195
36,SENSOR_DATA,2,1,2->1,1,122.104102,122.104172,0.000070
37,SENSOR_DATA,14,1,14->23->12->2->1,4,122.690114,122.690457,0.000344
38,SENSOR_DATA,3,1,3->2->1,2,123.494044,123.494184,0.000140
39,SENSOR_DATA,11,1,11->1,1,124.204738,124.204831,0.000093
40,SENSOR_DATA,34,1,34->23->12->2->1,4,124.554077,124.554418,0.000341
41,SENSOR_DATA,23,1,23->12->2->1,3,124.912783,124.913021,0.000239
43,SENSOR_DATA,21,1,21->11->1,2,125.481629,125.481799,0.000170
45,SENSOR_DATA,10,1,10->1,1,125.580227,125.580296,0.000069
46,SENSOR_DATA,41,1,41->31->22->11->1,4,125.923126,125.923451,0.000326
47,SENSOR_DATA,42,1,42->31->22->11->1,4,126.253404,126.253758,0.000355
49,SENSOR_DATA,22,1,22->11->1,2,128.591410,128.591575,0.000165
50,SENSOR_DATA,20,1,20->11->1,2,129.287111,129.287308,0.000197
51,SENSOR_DATA,31,1,31->22->11->1,3,129.889377,129.889638,0.000261
52,SENSOR_DATA,12,1,12->2->1,2,130.316218,130.316386,0.000167
55,SENSOR_DATA,0,1,0->1,1,131.188125,131.188173,0.000048
56,SENSOR_DATA,32,1,32->22->11->1,3,131.223711,131.223980,0.000269
57,SENSOR_DATA,13,1,13->3->2->1,3,131.223882,131.224077,0.000195
58,SENSOR_DATA,40,1,40->41->31->22->11->1,5,131.867377,131.867779,0.000402
59,SENSOR_DATA,2,1,2->1,1,132.104102,132.104172,0.000070
60,SENSOR_DATA,14,1,14->23->12->2->1,4,132.690114,132.690457,0.000344
62,SENSOR_DATA,3,1,3->2->1,2,133.494044,133.494184,0.000140
63,SENSOR_DATA,11,1,11->1,1,134.204738,134.204831,0.000093
64,SENSOR_DATA,34,1,34->23->12->2->1,4,134.554077,134.554418,0.000341
65,SENSOR_DATA,4,1,4->13->3->2->1,4,134.696931,134.697209,0.000279
66,SENSOR_DATA,23,1,23->12->2->1,3,134.912783,134.913021,0.000239
68,SENSOR_DATA,21,1,21->11->1,2,135.481629,135.481799,0.000170
70,SENSOR_DATA,10,1,10->1,1,135.580227,135.580296,0.000069
71,SENSOR_DATA,41,1,41->31->22->11->1,4,135.923126,135.923451,0.000326
72,SENSOR_DATA,42,1,42->31->22->11->1,4,136.253404,136.253758,0.000355
75,SENSOR_DATA,35,1,35->34->23->12->2->1,5,137.439348,137.439752,0.000404
78,SENSOR_DATA,22,1,22->11->1,2,138.591410,138.591575,0.000165
80,SENSOR_DATA,20,1,20->11->1,2,139.287111,139.287308,0.000197
83,SENSOR_DATA,31,1,31->22->11->1,3,139.889377,139.889638,0.000261
85,SENSOR_DATA,12,1,12->2->1,2,140.316218,140.316386,0.000167
88,SENSOR_DATA,0,1,0->1,1,141.188125,141.188173,0.000048
89,SENSOR_DATA,32,1,32->22->11->1,3,141.223711,141.223980,0.000269
90,SENSOR_DATA,13,1,13->3->2->1,3,141.223882,141.224077,0.000195
92,SENSOR_DATA,40,1,40->41->31->22->11->1,5,141.867377,141.867779,0.000402
94,SENSOR_DATA,2,1,2->1,1,142.104102,142.104172,0.000070
95,SENSOR_DATA,14,1,14->23->12->2->1,4,142.690114,142.690457,0.000344
97,SENSOR_DATA,3,1,3->2->1,2,143.494044,143.494184,0.000140
98,SENSOR_DATA,11,1,11->1,1,144.204738,144.204831,0.000093
99,SENSOR_DATA,34,1,34->23->12->2->1,4,144.554077,144.554418,0.000341
101,SENSOR_DATA,4,1,4->13->3->2->1,4,144.696931,144.697209,0.000279
102,SENSOR_DATA,23,1,23->12->2->1,3,144.912783,144.913021,0.000239
105,SENSOR_DATA,21,1,21->11->1,2,145.481629,145.481799,0.000170
107,SENSOR_DATA,10,1,10->1,1,145.580227,145.580296,0.000069
108,SENSOR_DATA,41,1,41->31->21->11->1,4,145.923126,145.923431,0.000306
109,SENSOR_DATA,42,1,42->31->21->11->1,4,146.253404,146.253738,0.000335
113,SENSOR_DATA,30,1,30->21->11->1,3,146.467984,146.468202,0.000219
115,SENSOR_DATA,45,1,45->35->34->23->12->2->1,6,147.293126,147.293610,0.000484
116,SENSOR_DATA,35,1,35->34->23->12->2->1,5,147.439348,147.439752,0.000404
123,SENSOR_DATA,22,1,22->11->1,2,148.591410,148.591575,0.000165
125,SENSOR_DATA,20,1,20->11->1,2,149.287111,149.287308,0.000197
128,SENSOR_DATA,31,1,31->21->11->1,3,149.889377,149.889618,0.000241
130,SENSOR_DATA,12,1,12->2->1,2,150.316218,150.316386,0.000167
136,SENSOR_DATA,0,1,0->1,1,151.188125,151.188173,0.000048
137,SENSOR_DATA,32,1,32->22->11->1,3,151.223711,151.223980,0.000269
138,SENSOR_DATA,13,1,13->3->2->1,3,151.223882,151.224077,0.000195
141,SENSOR_DATA,40,1,40->41->31->21->11->1,5,151.867377,151.867759,0.000382
143,SENSOR_DATA,2,1,2->1,1,152.104102,152.104172,0.000070
144,SENSOR_DATA,14,1,14->23->12->2->1,4,152.690114,152.690457,0.000344
148,SENSOR_DATA,3,1,3->2->1,2,153.494044,153.494184,0.000140
149,SENSOR_DATA,11,1,11->1,1,154.204738,154.204831,0.000093
150,SENSOR_DATA,34,1,34->23->12->2->1,4,154.554077,154.554418,0.000341
152,SENSOR_DATA,4,1,4->13->3->2->1,4,154.696931,154.697209,0.000279
153,SENSOR_DATA,23,1,23->12->2->1,3,154.912783,154.913021,0.000239
157,SENSOR_DATA,21,1,21->11->1,2,155.481629,155.481799,0.000170
160,SENSOR_DATA,10,1,10->1,1,155.580227,155.580296,0.000069
162,SENSOR_DATA,41,1,41->31->21->11->1,4,155.923126,155.923431,0.000306
163,SENSOR_DATA,42,1,42->31->21->11->1,4,156.253404,156.253738,0.000335
168,SENSOR_DATA,30,1,30->21->11->1,3,156.467984,156.468202,0.000219
173,SENSOR_DATA,35,1,35->34->23->12->2->1,5,157.439348,157.439752,0.000404
182,SENSOR_DATA,22,1,22->11->1,2,158.591410,158.591575,0.000165
184,SENSOR_DATA,20,1,20->11->1,2,159.287111,159.287308,0.000197
188,SENSOR_DATA,31,1,31->21->11->1,3,159.889377,159.889618,0.000241
190,SENSOR_DATA,12,1,12->2->1,2,160.316218,160.316386,0.000167
198,SENSOR_DATA,0,1,0->1,1,161.188125,161.188173,0.000048
199,SENSOR_DATA,32,1,32->22->11->1,3,161.223711,161.223980,0.000269
200,SENSOR_DATA,13,1,13->3->2->1,3,161.223882,161.224077,0.000195
204,SENSOR_DATA,40,1,40->41->31->21->11->1,5,161.867377,161.867759,0.000382
206,SENSOR_DATA,2,1,2->1,1,162.104102,162.104172,0.000070
208,SENSOR_DATA,14,1,14->23->12->2->1,4,162.690114,162.690457,0.000344
214,SENSOR_DATA,3,1,3->2->1,2,163.494044,163.494184,0.000140
216,SENSOR_DATA,11,1,11->1,1,164.204738,164.204831,0.000093
217,SENSOR_DATA,34,1,34->23->12->2->1,4,164.554077,164.554418,0.000341
219,SENSOR_DATA,4,1,4->13->3->2->1,4,164.696931,164.697209,0.000279
221,SENSOR_DATA,23,1,23->12->2->1,3,164.912783,164.913021,0.000239
225,SENSOR_DATA,21,1,21->11->1,2,165.481629,165.481799,0.000170
228,SENSOR_DATA,10,1,10->1,1,165.580227,165.580296,0.000069
231,SENSOR_DATA,41,1,41->31->21->11->1,4,165.923126,165.923431,0.000306
235,SENSOR_DATA,42,1,42->31->21->11->1,4,166.253404,166.253738,0.000335
240,SENSOR_DATA,30,1,30->21->11->1,3,166.467984,166.468202,0.000219
245,SENSOR_DATA,35,1,35->34->23->12->2->1,5,167.439348,167.439752,0.000404
255,SENSOR_DATA,22,1,22->11->1,2,168.591410,168.591575,0.000165
257,SENSOR_DATA,20,1,20->11->1,2,169.287111,169.287308,0.000197
262,SENSOR_DATA,31,1,31->21->11->1,3,169.889377,169.889618,0.000241
264,SENSOR_DATA,12,1,12->2->1,2,170.316218,170.316386,0.000167
276,SENSOR_DATA,0,1,0->1,1,171.188125,171.188173,0.000048
277,SENSOR_DATA,32,1,32->22->11->1,3,171.223711,171.223980,0.000269
278,SENSOR_DATA,13,1,13->3->2->1,3,171.223882,171.224077,0.000195
282,SENSOR_DATA,40,1,40->41->31->21->11->1,5,171.867377,171.867759,0.000382
284,SENSOR_DATA,2,1,2->1,1,172.104102,172.104172,0.000070
286,SENSOR_DATA,14,1,14->23->12->2->1,4,172.690114,172.690457,0.000344
294,SENSOR_DATA,3,1,3->2->1,2,173.494044,173.494184,0.000140
297,SENSOR_DATA,11,1,11->1,1,174.204738,174.204831,0.000093
298,SENSOR_DATA,34,1,34->23->12->2->1,4,174.554077,174.554418,0.000341
300,SENSOR_DATA,4,1,4->13->3->2->1,4,174.696931,174.697209,0.000279
303,SENSOR_DATA,23,1,23->12->2->1,3,174.912783,174.913021,0.000239
307,SENSOR_DATA,21,1,21->11->1,2,175.481629,175.481799,0.000170
311,SENSOR_DATA,10,1,10->1,1,175.580227,175.580296,0.000069
314,SENSOR_DATA,41,1,41->31->21->11->1,4,175.923126,175.923431,0.000306
318,SENSOR_DATA,42,1,42->31->21->11->1,4,176.253404,176.253738,0.000335
323,SENSOR_DATA,30,1,30->21->11->1,3,176.467984,176.468202,0.000219
329,SENSOR_DATA,35,1,35->34->23->12->2->1,5,177.439348,177.439752,0.000404
339,SENSOR_DATA,22,1,22->11->1,2,178.591410,178.591575,0.000165
341,SENSOR_DATA,20,1,20->11->1,2,179.287111,179.287308,0.000197
347,SENSOR_DATA,31,1,31->21->11->1,3,179.889377,179.889618,0.000241
350,SENSOR_DATA,12,1,12->2->1,2,180.316218,180.316386,0.000167
362,SENSOR_DATA,0,1,0->1,1,181.188125,181.188173,0.000048
363,SENSOR_DATA,32,1,32->22->11->1,3,181.223711,181.223980,0.000269
364,SENSOR_DATA,13,1,13->3->2->1,3,181.223882,181.224077,0.000195
369,SENSOR_DATA,40,1,40->41->31->21->11->1,5,181.867377,181.867759,0.000382
372,SENSOR_DATA,2,1,2->1,1,182.104102,182.104172,0.000070
374,SENSOR_DATA,14,1,14->23->12->2->1,4,182.690114,182.690457,0.000344
383,SENSOR_DATA,3,1,3->2->1,2,183.494044,183.494184,0.000140
387,SENSOR_DATA,11,1,11->1,1,184.204738,184.204831,0.000093
389,SENSOR_DATA,34,1,34->23->12->2->1,4,184.554077,184.554418,0.000341
391,SENSOR_DATA,4,1,4->13->3->2->1,4,184.696931,184.697209,0.000279
394,SENSOR_DATA,23,1,23->12->2->1,3,184.912783,184.913021,0.000239
399,SENSOR_DATA,21,1,21->11->1,2,185.481629,185.481799,0.000170
403,SENSOR_DATA,10,1,10->1,1,185.580227,185.580296,0.000069
407,SENSOR_DATA,41,1,41->31->21->11->1,4,185.923126,185.923431,0.000306
411,SENSOR_DATA,42,1,42->31->21->11->1,4,186.253404,186.253738,0.000335
416,SENSOR_DATA,30,1,30->21->11->1,3,186.467984,186.468202,0.000219
422,SENSOR_DATA,35,1,35->34->23->12->2->1,5,187.439348,187.439752,0.000404
434,SENSOR_DATA,22,1,22->11->1,2,188.591410,188.591575,0.000165
436,SENSOR_DATA,20,1,20->11->1,2,189.287111,189.287308,0.000197
442,SENSOR_DATA,31,1,31->21->11->1,3,189.889377,189.889618,0.000241
445,SENSOR_DATA,12,1,12->2->1,2,190.316218,190.316386,0.000167
457,SENSOR_DATA,0,1,0->1,1,191.188125,191.188173,0.000048
458,SENSOR_DATA,32,1,32->22->11->1,3,191.223711,191.223980,0.000269
459,SENSOR_DATA,13,1,13->3->2->1,3,191.223882,191.224077,0.000195
464,SENSOR_DATA,40,1,40->41->31->21->11->1,5,191.867377,191.867759,0.000382
467,SENSOR_DATA,2,1,2->1,1,192.104102,192.104172,0.000070
469,SENSOR_DATA,14,1,14->23->12->2->1,4,192.690114,192.690457,0.000344
479,SENSOR_DATA,3,1,3->2->1,2,193.494044,193.494184,0.000140
483,SENSOR_DATA,11,1,11->1,1,194.204738,194.204831,0.000093
486,SENSOR_DATA,34,1,34->23->12->2->1,4,194.554077,194.554418,0.000341
488,SENSOR_DATA,4,1,4->13->3->2->1,4,194.696931,194.697209,0.000279
491,SENSOR_DATA,23,1,23->12->2->1,3,194.912783,194.913021,0.000239
496,SENSOR_DATA,21,1,21->11->1,2,195.481629,195.481799,0.000170
500,SENSOR_DATA,10,1,10->1,1,195.580227,195.580296,0.000069
504,SENSOR_DATA,41,1,41->31->21->11->1,4,195.923126,195.923431,0.000306
509,SENSOR_DATA,42,1,42->31->21->11->1,4,196.253404,196.253738,0.000335
514,SENSOR_DATA,30,1,30->21->11->1,3,196.467984,196.468202,0.000219
520,SENSOR_DATA,35,1,35->34->23->12->2->1,5,197.439348,197.439752,0.000404
532,SENSOR_DATA,22,1,22->11->1,2,198.591410,198.591575,0.000165
534,SENSOR_DATA,20,1,20->11->1,2,199.287111,199.287308,0.000197
540,SENSOR_DATA,31,1,31->21->11->1,3,199.889377,199.889618,0.000241
544,SENSOR_DATA,12,1,12->2->1,2,200.316218,200.316386,0.000167
556,SENSOR_DATA,0,1,0->1,1,201.188125,201.188173,0.000048
557,SENSOR_DATA,32,1,32->22->11->1,3,201.223711,201.223980,0.000269
558,SENSOR_DATA,13,1,13->3->2->1,3,201.223882,201.224077,0.000195
563,SENSOR_DATA,40,1,40->41->31->21->11->1,5,201.867377,201.867759,0.000382
566,SENSOR_DATA,2,1,2->1,1,202.104102,202.104172,0.000070
568,SENSOR_DATA,14,1,14->23->12->2->1,4,202.690114,202.690457,0.000344
578,SENSOR_DATA,3,1,3->2->1,2,203.494044,203.494184,0.000140
582,SENSOR_DATA,11,1,11->1,1,204.204738,204.204831,0.000093
585,SENSOR_DATA,34,1,34->23->12->2->1,4,204.554077,204.554418,0.000341
587,SENSOR_DATA,4,1,4->13->3->2->1,4,204.696931,204.697209,0.000279
590,SENSOR_DATA,23,1,23->12->2->1,3,204.912783,204.913021,0.000239
595,SENSOR_DATA,21,1,21->11->1,2,205.481629,205.481799,0.000170
599,SENSOR_DATA,10,1,10->1,1,205.580227,205.580296,0.000069
603,SENSOR_DATA,41,1,41->31->21->11->1,4,205.923126,205.923431,0.000306
608,SENSOR_DATA,42,1,42->31->21->11->1,4,206.253404,206.253738,0.000335
613,SENSOR_DATA,30,1,30->21->11->1,3,206.467984,206.468202,0.000219
619,SENSOR_DATA,35,1,35->34->23->12->2->1,5,207.439348,207.439752,0.000404
631,SENSOR_DATA,22,1,22->11->1,2,208.591410,208.591575,0.000165
633,SENSOR_DATA,20,1,20->11->1,2,209.287111,209.287308,0.000197
639,SENSOR_DATA,31,1,31->21->11->1,3,209.889377,209.889618,0.000241
643,SENSOR_DATA,12,1,12->2->1,2,210.316218,210.316386,0.000167
655,SENSOR_DATA,0,1,0->1,1,211.188125,211.188173,0.000048
656,SENSOR_DATA,32,1,32->22->11->1,3,211.223711,211.223980,0.000269
657,SENSOR_DATA,13,1,13->3->2->1,3,211.223882,211.224077,0.000195
662,SENSOR_DATA,40,1,40->41->31->21->11->1,5,211.867377,211.867759,0.000382
665,SENSOR_DATA,2,1,2->1,1,212.104102,212.104172,0.000070
667,SENSOR_DATA,14,1,14->23->12->2->1,4,212.690114,212.690457,0.000344
677,SENSOR_DATA,3,1,3->2->1,2,213.494044,213.494184,0.000140
681,SENSOR_DATA,11,1,11->1,1,214.204738,214.204831,0.000093
684,SENSOR_DATA,34,1,34->23->12->2->1,4,214.554077,214.554418,0.000341
686,SENSOR_DATA,4,1,4->13->3->2->1,4,214.696931,214.697209,0.000279
689,SENSOR_DATA,23,1,23->12->2->1,3,214.912783,214.913021,0.000239
694,SENSOR_DATA,21,1,21->11->1,2,215.481629,215.481799,0.000170
698,SENSOR_DATA,10,1,10->1,1,215.580227,215.580296,0.000069
702,SENSOR_DATA,41,1,41->31->21->11->1,4,215.923126,215.923431,0.000306
707,SENSOR_DATA,42,1,42->31->21->11->1,4,216.253404,216.253738,0.000335
712,SENSOR_DATA,30,1,30->21->11->1,3,216.467984,216.468202,0.000219
718,SENSOR_DATA,35,1,35->34->23->12->2->1,5,217.439348,217.439752,0.000404
730,SENSOR_DATA,22,1,22->11->1,2,218.591410,218.591575,0.000165
732,SENSOR_DATA,20,1,20->11->1,2,219.287111,219.287308,0.000197
738,SENSOR_DATA,31,1,31->21->11->1,3,219.889377,219.889618,0.000241
742,SENSOR_DATA,12,1,12->2->1,2,220.316218,220.316386,0.000167
754,SENSOR_DATA,0,1,0->1,1,221.188125,221.188173,0.000048
755,SENSOR_DATA,32,1,32->22->11->1,3,221.223711,221.223980,0.000269
756,SENSOR_DATA,13,1,13->3->2->1,3,221.223882,221.224077,0.000195
761,SENSOR_DATA,40,1,40->41->31->21->11->1,5,221.867377,221.867759,0.000382
764,SENSOR_DATA,2,1,2->1,1,222.104102,222.104172,0.000070
766,SENSOR_DATA,14,1,14->23->12->2->1,4,222.690114,222.690457,0.000344
776,SENSOR_DATA,3,1,3->2->1,2,223.494044,223.494184,0.000140
780,SENSOR_DATA,11,1,11->1,1,224.204738,224.204831,0.000093
783,SENSOR_DATA,34,1,34->23->12->2->1,4,224.554077,224.554418,0.000341
785,SENSOR_DATA,4,1,4->13->3->2->1,4,224.696931,224.697209,0.000279
788,SENSOR_DATA,23,1,23->12->2->1,3,224.912783,224.913021,0.000239
793,SENSOR_DATA,21,1,21->11->1,2,225.481629,225.481799,0.000170
797,SENSOR_DATA,10,1,10->1,1,225.580227,225.580296,0.000069
801,SENSOR_DATA,41,1,41->31->21->11->1,4,225.923126,225.923431,0.000306
806,SENSOR_DATA,42,1,42->31->21->11->1,4,226.253404,226.253738,0.000335
811,SENSOR_DATA,30,1,30->21->11->1,3,226.467984,226.468202,0.000219
817,SENSOR_DATA,35,1,35->34->23->12->2->1,5,227.439348,227.439752,0.000404
829,SENSOR_DATA,22,1,22->11->1,2,228.591410,228.591575,0.000165
831,SENSOR_DATA,20,1,20->11->1,2,229.287111,229.287308,0.000197
837,SENSOR_DATA,31,1,31->21->11->1,3,229.889377,229.889618,0.000241
841,SENSOR_DATA,12,1,12->2->1,2,230.316218,230.316386,0.000167
853,SENSOR_DATA,0,1,0->1,1,231.188125,231.188173,0.000048
854,SENSOR_DATA,32,1,32->22->11->1,3,231.223711,231.223980,0.000269
855,SENSOR_DATA,13,1,13->3->2->1,3,231.223882,231.224077,0.000195
860,SENSOR_DATA,40,1,40->41->31->21->11->1,5,231.867377,231.867759,0.000382
863,SENSOR_DATA,2,1,2->1,1,232.104102,232.104172,0.000070
865,SENSOR_DATA,14,1,14->23->12->2->1,4,232.690114,232.690457,0.000344
875,SENSOR_DATA,3,1,3->2->1,2,233.494044,233.494184,0.000140
879,SENSOR_DATA,11,1,11->1,1,234.204738,234.204831,0.000093
882,SENSOR_DATA,34,1,34->23->12->2->1,4,234.554077,234.554418,0.000341
884,SENSOR_DATA,4,1,4->13->3->2->1,4,234.696931,234.697209,0.000279
887,SENSOR_DATA,23,1,23->12->2->1,3,234.912783,234.913021,0.000239
892,SENSOR_DATA,21,1,21->11->1,2,235.481629,235.481799,0.000170
896,SENSOR_DATA,10,1,10->1,1,235.580227,235.580296,0.000069
900,SENSOR_DATA,41,1,41->31->21->11->1,4,235.923126,235.923431,0.000306
905,SENSOR_DATA,42,1,42->31->21->11->1,4,236.253404,236.253738,0.000335
910,SENSOR_DATA,30,1,30->21->11->1,3,236.467984,236.468202,0.000219
916,SENSOR_DATA,35,1,35->34->23->12->2->1,5,237.439348,237.439752,0.000404
928,SENSOR_DATA,22,1,22->11->1,2,238.591410,238.591575,0.000165
930,SENSOR_DATA,20,1,20->11->1,2,239.287111,239.287308,0.000197
936,SENSOR_DATA,31,1,31->21->11->1,3,239.889377,239.889618,0.000241
940,SENSOR_DATA,12,1,12->2->1,2,240.316218,240.316386,0.000167
952,SENSOR_DATA,0,1,0->1,1,241.188125,241.188173,0.000048
953,SENSOR_DATA,32,1,32->22->11->1,3,241.223711,241.223980,0.000269
954,SENSOR_DATA,13,1,13->3->2->1,3,241.223882,241.224077,0.000195
959,SENSOR_DATA,40,1,40->41->31->21->11->1,5,241.867377,241.867759,0.000382
962,SENSOR_DATA,2,1,2->1,1,242.104102,242.104172,0.000070
964,SENSOR_DATA,14,1,14->23->12->2->1,4,242.690114,242.690457,0.000344
974,SENSOR_DATA,3,1,3->2->1,2,243.494044,243.494184,0.000140
978,SENSOR_DATA,11,1,11->1,1,244.204738,244.204831,0.000093
981,SENSOR_DATA,34,1,34->23->12->2->1,4,244.554077,244.554418,0.000341
983,SENSOR_DATA,4,1,4->13->3->2->1,4,244.696931,244.697209,0.000279
986,SENSOR_DATA,23,1,23->12->2->1,3,244.912783,244.913021,0.000239
991,SENSOR_DATA,21,1,21->11->1,2,245.481629,245.481799,0.000170
995,SENSOR_DATA,10,1,10->1,1,245.580227,245.580296,0.000069
999,SENSOR_DATA,41,1,41->31->21->11->1,4,245.923126,245.923431,0.000306
1004,SENSOR_DATA,42,1,42->31->21->11->1,4,246.253404,246.253738,0.000335
1009,SENSOR_DATA,30,1,30->21->11->1,3,246.467984,246.468202,0.000219
1015,SENSOR_DATA,35,1,35->34->23->12->2->1,5,247.439348,247.439752,0.000404
1027,SENSOR_DATA,22,1,22->11->1,2,248.591410,248.591575,0.000165
1029,SENSOR_DATA,20,1,20->11->1,2,249.287111,249.287308,0.000197
1035,SENSOR_DATA,31,1,31->21->11->1,3,249.889377,249.889618,0.000241
1039,SENSOR_DATA,12,1,12->2->1,2,250.316218,250.316386,0.000167
1051,SENSOR_DATA,0,1,0->1,1,251.188125,251.188173,0.000048
1052,SENSOR_DATA,32,1,32->22->11->1,3,251.223711,251.223980,0.000269
1053,SENSOR_DATA,13,1,13->3->2->1,3,251.223882,251.224077,0.000195
1058,SENSOR_DATA,40,1,40->41->31->21->11->1,5,251.867377,251.867759,0.000382
1061,SENSOR_DATA,2,1,2->1,1,252.104102,252.104172,0.000070
1063,SENSOR_DATA,14,1,14->23->12->2->1,4,252.690114,252.690457,0.000344
1073,SENSOR_DATA,3,1,3->2->1,2,253.494044,253.494184,0.000140
1077,SENSOR_DATA,11,1,11->1,1,254.204738,254.204831,0.000093
1080,SENSOR_DATA,34,1,34->23->12->2->1,4,254.554077,254.554418,0.000341
1082,SENSOR_DATA,4,1,4->13->3->2->1,4,254.696931,254.697209,0.000279
1085,SENSOR_DATA,23,1,23->12->2->1,3,254.912783,254.913021,0.000239
1090,SENSOR_DATA,21,1,21->11->1,2,255.481629,255.481799,0.000170
1094,SENSOR_DATA,10,1,10->1,1,255.580227,255.580296,0.000069
1098,SENSOR_DATA,41,1,41->31->21->11->1,4,255.923126,255.923431,0.000306
1103,SENSOR_DATA,42,1,42->31->21->11->1,4,256.253404,256.253738,0.000335
1108,SENSOR_DATA,30,1,30->21->11->1,3,256.467984,256.468202,0.000219
1114,SENSOR_DATA,35,1,35->34->23->12->2->1,5,257.439348,257.439752,0.000404
1126,SENSOR_DATA,22,1,22->11->1,2,258.591410,258.591575,0.000165
1128,SENSOR_DATA,20,1,20->11->1,2,259.287111,259.287308,0.000197
1134,SENSOR_DATA,31,1,31->21->11->1,3,259.889377,259.889618,0.000241
1138,SENSOR_DATA,12,1,12->2->1,2,260.316218,260.316386,0.000167
1150,SENSOR_DATA,0,1,0->1,1,261.188125,261.188173,0.000048
1151,SENSOR_DATA,32,1,32->22->11->1,3,261.223711,261.223980,0.000269
1152,SENSOR_DATA,13,1,13->3->2->1,3,261.223882,261.224077,0.000195
1157,SENSOR_DATA,40,1,40->41->31->21->11->1,5,261.867377,261.867759,0.000382
1160,SENSOR_DATA,2,1,2->1,1,262.104102,262.104172,0.000070
1162,SENSOR_DATA,14,1,14->23->12->2->1,4,262.690114,262.690457,0.000344
1172,SENSOR_DATA,3,1,3->2->1,2,263.494044,263.494184,0.000140
1176,SENSOR_DATA,11,1,11->1,1,264.204738,264.204831,0.000093
1179,SENSOR_DATA,34,1,34->23->12->2->1,4,264.554077,264.554418,0.000341
1181,SENSOR_DATA,4,1,4->13->3->2->1,4,264.696931,264.697209,0.000279
1184,SENSOR_DATA,23,1,23->12->2->1,3,264.912783,264.913021,0.000239
1189,SENSOR_DATA,21,1,21->11->1,2,265.481629,265.481799,0.000170
1193,SENSOR_DATA,10,1,10->1,1,265.580227,265.580296,0.000069
1197,SENSOR_DATA,41,1,41->31->21->11->1,4,265.923126,265.923431,0.000306
1202,SENSOR_DATA,42,1,42->31->21->11->1,4,266.253404,266.253738,0.000335
1207,SENSOR_DATA,30,1,30->21->11->1,3,266.467984,266.468202,0.000219
1213,SENSOR_DATA,35,1,35->34->23->12->2->1,5,267.439348,267.439752,0.000404
1225,SENSOR_DATA,22,1,22->11->1,2,268.591410,268.591575,0.000165
1227,SENSOR_DATA,20,1,20->11->1,2,269.287111,269.287308,0.000197
1233,SENSOR_DATA,31,1,31->21->11->1,3,269.889377,269.889618,0.000241
1237,SENSOR_DATA,12,1,12->2->1,2,270.316218,270.316386,0.000167
1249,SENSOR_DATA,0,1,0->1,1,271.188125,271.188173,0.000048
1250,SENSOR_DATA,32,1,32->22->11->1,3,271.223711,271.223980,0.000269
1251,SENSOR_DATA,13,1,13->3->2->1,3,271.223882,271.224077,0.000195
1256,SENSOR_DATA,40,1,40->41->31->21->11->1,5,271.867377,271.867759,0.000382
1259,SENSOR_DATA,2,1,2->1,1,272.104102,272.104172,0.000070
1261,SENSOR_DATA,14,1,14->23->12->2->1,4,272.690114,272.690457,0.000344
1271,SENSOR_DATA,3,1,3->2->1,2,273.494044,273.494184,0.000140
1275,SENSOR_DATA,11,1,11->1,1,274.204738,274.204831,0.000093
1278,SENSOR_DATA,34,1,34->23->12->2->1,4,274.554077,274.554418,0.000341
1280,SENSOR_DATA,4,1,4->13->3->2->1,4,274.696931,274.697209,0.000279
1283,SENSOR_DATA,23,1,23->12->2->1,3,274.912783,274.913021,0.000239
1288,SENSOR_DATA,21,1,21->11->1,2,275.481629,275.481799,0.000170
1292,SENSOR_DATA,10,1,10->1,1,275.580227,275.580296,0.000069
1296,SENSOR_DATA,41,1,41->31->21->11->1,4,275.923126,275.923431,0.000306
1301,SENSOR_DATA,42,1,42->31->21->11->1,4,276.253404,276.253738,0.000335
1306,SENSOR_DATA,30,1,30->21->11->1,3,276.467984,276.468202,0.000219
1312,SENSOR_DATA,35,1,35->34->23->12->2->1,5,277.439348,277.439752,0.000404
1324,SENSOR_DATA,22,1,22->11->1,2,278.591410,278.591575,0.000165
1326,SENSOR_DATA,20,1,20->11->1,2,279.287111,279.287308,0.000197
1332,SENSOR_DATA,31,1,31->21->11->1,3,279.889377,279.889618,0.000241
1336,SENSOR_DATA,12,1,12->2->1,2,280.316218,280.316386,0.000167
1348,SENSOR_DATA,0,1,0->1,1,281.188125,281.188173,0.000048
1349,SENSOR_DATA,32,1,32->22->11->1,3,281.223711,281.223980,0.000269
1350,SENSOR_DATA,13,1,13->3->2->1,3,281.223882,281.224077,0.000195
1355,SENSOR_DATA,40,1,40->41->31->21->11->1,5,281.867377,281.867759,0.000382
1358,SENSOR_DATA,2,1,2->1,1,282.104102,282.104172,0.000070
1360,SENSOR_DATA,14,1,14->23->12->2->1,4,282.690114,282.690457,0.000344
1370,SENSOR_DATA,3,1,3->2->1,2,283.494044,283.494184,0.000140
1374,SENSOR_DATA,11,1,11->1,1,284.204738,284.204831,0.000093
1377,SENSOR_DATA,34,1,34->23->12->2->1,4,284.554077,284.554418,0.000341
1379,SENSOR_DATA,4,1,4->13->3->2->1,4,284.696931,284.697209,0.000279
1382,SENSOR_DATA,23,1,23->12->2->1,3,284.912783,284.913021,0.000239
1387,SENSOR_DATA,21,1,21->11->1,2,285.481629,285.481799,0.000170
1391,SENSOR_DATA,10,1,10->1,1,285.580227,285.580296,0.000069
1395,SENSOR_DATA,41,1,41->31->21->11->1,4,285.923126,285.923431,0.000306
1400,SENSOR_DATA,42,1,42->31->21->11->1,4,286.253404,286.253738,0.000335
1405,SENSOR_DATA,30,1,30->21->11->1,3,286.467984,286.468202,0.000219
1411,SENSOR_DATA,35,1,35->34->23->12->2->1,5,287.439348,287.439752,0.000404
1423,SENSOR_DATA,22,1,22->11->1,2,288.591410,288.591575,0.000165
1425,SENSOR_DATA,20,1,20->11->1,2,289.287111,289.287308,0.000197
1431,SENSOR_DATA,31,1,31->21->11->1,3,289.889377,289.889618,0.000241
1435,SENSOR_DATA,12,1,12->2->1,2,290.316218,290.316386,0.000167
1447,SENSOR_DATA,0,1,0->1,1,291.188125,291.188173,0.000048
1448,SENSOR_DATA,32,1,32->22->11->1,3,291.223711,291.223980,0.000269
1449,SENSOR_DATA,13,1,13->3->2->1,3,291.223882,291.224077,0.000195
1454,SENSOR_DATA,40,1,40->41->31->21->11->1,5,291.867377,291.867759,0.000382
1457,SENSOR_DATA,2,1,2->1,1,292.104102,292.104172,0.000070
1459,SENSOR_DATA,14,1,14->23->12->2->1,4,292.690114,292.690457,0.000344
1469,SENSOR_DATA,3,1,3->2->1,2,293.494044,293.494184,0.000140
1473,SENSOR_DATA,11,1,11->1,1,294.204738,294.204831,0.000093
1476,SENSOR_DATA,34,1,34->23->12->2->1,4,294.554077,294.554418,0.000341
1478,SENSOR_DATA,4,1,4->13->3->2->1,4,294.696931,294.697209,0.000279
1481,SENSOR_DATA,23,1,23->12->2->1,3,294.912783,294.913021,0.000239
1486,SENSOR_DATA,21,1,21->11->1,2,295.481629,295.481799,0.000170
1490,SENSOR_DATA,10,1,10->1,1,295.580227,295.580296,0.000069
1494,SENSOR_DATA,41,1,41->31->21->11->1,4,295.923126,295.923431,0.000306
1499,SENSOR_DATA,42,1,42->31->21->11->1,4,296.253404,296.253738,0.000335
1504,SENSOR_DATA,30,1,30->21->11->1,3,296.467984,296.468202,0.000219
1510,SENSOR_DATA,35,1,35->34->23->12->2->1,5,297.439348,297.439752,0.000404
1522,SENSOR_DATA,22,1,22->11->1,2,298.591410,298.591575,0.000165
1524,SENSOR_DATA,20,1,20->11->1,2,299.287111,299.287308,0.000197
1530,SENSOR_DATA,31,1,31->21->11->1,3,299.889377,299.889618,0.000241
1534,SENSOR_DATA,12,1,12->2->1,2,300.316218,300.316386,0.000167
1546,SENSOR_DATA,0,1,0->1,1,301.188125,301.188173,0.000048
1547,SENSOR_DATA,32,1,32->22->11->1,3,301.223711,301.223980,0.000269
1548,SENSOR_DATA,13,1,13->3->2->1,3,301.223882,301.224077,0.000195
1552,SENSOR_DATA,40,1,40->41->31->21->11->1,5,301.867377,301.867759,0.000382
1555,SENSOR_DATA,2,1,2->1,1,302.104102,302.104172,0.000070
1557,SENSOR_DATA,14,1,14->23->12->2->1,4,302.690114,302.690457,0.000344
1567,SENSOR_DATA,3,1,3->2->1,2,303.494044,303.494184,0.000140
1571,SENSOR_DATA,11,1,11->1,1,304.204738,304.204831,0.000093
1574,SENSOR_DATA,34,1,34->23->12->2->1,4,304.554077,304.554418,0.000341
1576,SENSOR_DATA,4,1,4->13->3->2->1,4,304.696931,304.697209,0.000279
1579,SENSOR_DATA,23,1,23->12->2->1,3,304.912783,304.913021,0.000239
1584,SENSOR_DATA,21,1,21->11->1,2,305.481629,305.481799,0.000170
1588,SENSOR_DATA,10,1,10->1,1,305.580227,305.580296,0.000069
1592,SENSOR_DATA,41,1,41->31->21->11->1,4,305.923126,305.923431,0.000306
1597,SENSOR_DATA,42,1,42->31->21->11->1,4,306.253404,306.253738,0.000335
1602,SENSOR_DATA,30,1,30->21->11->1,3,306.467984,306.468202,0.000219
1608,SENSOR_DATA,35,1,35->34->23->12->2->1,5,307.439348,307.439752,0.000404
1620,SENSOR_DATA,22,1,22->11->1,2,308.591410,308.591575,0.000165
1622,SENSOR_DATA,20,1,20->11->1,2,309.287111,309.287308,0.000197
1628,SENSOR_DATA,31,1,31->21->11->1,3,309.889377,309.889618,0.000241
1632,SENSOR_DATA,12,1,12->2->1,2,310.316218,310.316386,0.000167
1644,SENSOR_DATA,0,1,0->1,1,311.188125,311.188173,0.000048
1645,SENSOR_DATA,32,1,32->22->11->1,3,311.223711,311.223980,0.000269
1646,SENSOR_DATA,13,1,13->3->2->1,3,311.223882,311.224077,0.000195
1650,SENSOR_DATA,40,1,40->41->31->21->11->1,5,311.867377,311.867759,0.000382
1653,SENSOR_DATA,2,1,2->1,1,312.104102,312.104172,0.000070
1655,SENSOR_DATA,14,1,14->23->12->2->1,4,312.690114,312.690457,0.000344
1665,SENSOR_DATA,3,1,3->2->1,2,313.494044,313.494184,0.000140
1669,SENSOR_DATA,11,1,11->1,1,314.204738,314.204831,0.000093
1672,SENSOR_DATA,34,1,34->23->12->2->1,4,314.554077,314.554418,0.000341
1674,SENSOR_DATA,4,1,4->13->3->2->1,4,314.696931,314.697209,0.000279
1677,SENSOR_DATA,23,1,23->12->2->1,3,314.912783,314.913021,0.000239
1682,SENSOR_DATA,21,1,21->11->1,2,315.481629,315.481799,0.000170
1686,SENSOR_DATA,10,1,10->1,1,315.580227,315.580296,0.000069
1690,SENSOR_DATA,41,1,41->31->21->11->1,4,315.923126,315.923431,0.000306
1695,SENSOR_DATA,42,1,42->31->21->11->1,4,316.253404,316.253738,0.000335
1700,SENSOR_DATA,30,1,30->21->11->1,3,316.467984,316.468202,0.000219
1706,SENSOR_DATA,35,1,35->34->23->12->2->1,5,317.439348,317.439752,0.000404
1718,SENSOR_DATA,22,1,22->11->1,2,318.591410,318.591575,0.000165
1720,SENSOR_DATA,20,1,20->11->1,2,319.287111,319.287308,0.000197
1726,SENSOR_DATA,31,1,31->21->11->1,3,319.889377,319.889618,0.000241
1730,SENSOR_DATA,12,1,12->2->1,2,320.316218,320.316386,0.000167
1742,SENSOR_DATA,0,1,0->1,1,321.188125,321.188173,0.000048
1743,SENSOR_DATA,32,1,32->22->11->1,3,321.223711,321.223980,0.000269
1744,SENSOR_DATA,13,1,13->3->2->1,3,321.223882,321.224077,0.000195
1748,SENSOR_DATA,40,1,40->41->31->21->11->1,5,321.867377,321.867759,0.000382
1751,SENSOR_DATA,2,1,2->1,1,322.104102,322.104172,0.000070
1753,SENSOR_DATA,14,1,14->23->12->2->1,4,322.690114,322.690457,0.000344
1763,SENSOR_DATA,3,1,3->2->1,2,323.494044,323.494184,0.000140
1767,SENSOR_DATA,11,1,11->1,1,324.204738,324.204831,0.000093
1770,SENSOR_DATA,34,1,34->23->12->2->1,4,324.554077,324.554418,0.000341
1772,SENSOR_DATA,4,1,4->13->3->2->1,4,324.696931,324.697209,0.000279
1775,SENSOR_DATA,23,1,23->12->2->1,3,324.912783,324.913021,0.000239
1780,SENSOR_DATA,21,1,21->11->1,2,325.481629,325.481799,0.000170
1784,SENSOR_DATA,10,1,10->1,1,325.580227,325.580296,0.000069
1788,SENSOR_DATA,41,1,41->31->21->11->1,4,325.923126,325.923431,0.000306
1793,SENSOR_DATA,42,1,42->31->21->11->1,4,326.253404,326.253738,0.000335
1798,SENSOR_DATA,30,1,30->21->11->1,3,326.467984,326.468202,0.000219
1804,SENSOR_DATA,35,1,35->34->23->12->2->1,5,327.439348,327.439752,0.000404
1816,SENSOR_DATA,22,1,22->11->1,2,328.591410,328.591575,0.000165
1818,SENSOR_DATA,20,1,20->11->1,2,329.287111,329.287308,0.000197
1824,SENSOR_DATA,31,1,31->21->11->1,3,329.889377,329.889618,0.000241
1828,SENSOR_DATA,12,1,12->2->1,2,330.316218,330.316386,0.000167
1840,SENSOR_DATA,0,1,0->1,1,331.188125,331.188173,0.000048
1841,SENSOR_DATA,32,1,32->22->11->1,3,331.223711,331.223980,0.000269
1842,SENSOR_DATA,13,1,13->3->2->1,3,331.223882,331.224077,0.000195
1846,SENSOR_DATA,40,1,40->41->31->21->11->1,5,331.867377,331.867759,0.000382
1849,SENSOR_DATA,2,1,2->1,1,332.104102,332.104172,0.000070
1851,SENSOR_DATA,14,1,14->23->12->2->1,4,332.690114,332.690457,0.000344
1861,SENSOR_DATA,3,1,3->2->1,2,333.494044,333.494184,0.000140
1865,SENSOR_DATA,11,1,11->1,1,334.204738,334.204831,0.000093
1868,SENSOR_DATA,34,1,34->23->12->2->1,4,334.554077,334.554418,0.000341
1870,SENSOR_DATA,4,1,4->13->3->2->1,4,334.696931,334.697209,0.000279
1873,SENSOR_DATA,23,1,23->12->2->1,3,334.912783,334.913021,0.000239
1878,SENSOR_DATA,21,1,21->11->1,2,335.481629,335.481799,0.000170
1882,SENSOR_DATA,10,1,10->1,1,335.580227,335.580296,0.000069
1886,SENSOR_DATA,41,1,41->31->21->11->1,4,335.923126,335.923431,0.000306
1891,SENSOR_DATA,42,1,42->31->21->11->1,4,336.253404,336.253738,0.000335
1896,SENSOR_DATA,30,1,30->21->11->1,3,336.467984,336.468202,0.000219
1902,SENSOR_DATA,35,1,35->34->23->12->2->1,5,337.439348,337.439752,0.000404
1914,SENSOR_DATA,22,1,22->11->1,2,338.591410,338.591575,0.000165
1916,SENSOR_DATA,20,1,20->11->1,2,339.287111,339.287308,0.000197
1922,SENSOR_DATA,31,1,31->21->11->1,3,339.889377,339.889618,0.000241
1926,SENSOR_DATA,12,1,12->2->1,2,340.316218,340.316386,0.000167
1938,SENSOR_DATA,0,1,0->1,1,341.188125,341.188173,0.000048
1939,SENSOR_DATA,32,1,32->22->11->1,3,341.223711,341.223980,0.000269
1940,SENSOR_DATA,13,1,13->3->2->1,3,341.223882,341.224077,0.000195
1944,SENSOR_DATA,40,1,40->41->31->21->11->1,5,341.867377,341.867759,0.000382
1947,SENSOR_DATA,2,1,2->1,1,342.104102,342.104172,0.000070
1949,SENSOR_DATA,14,1,14->23->12->2->1,4,342.690114,342.690457,0.000344
1959,SENSOR_DATA,3,1,3->2->1,2,343.494044,343.494184,0.000140
1963,SENSOR_DATA,11,1,11->1,1,344.204738,344.204831,0.000093
1966,SENSOR_DATA,34,1,34->23->12->2->1,4,344.554077,344.554418,0.000341
1968,SENSOR_DATA,4,1,4->13->3->2->1,4,344.696931,344.697209,0.000279
1971,SENSOR_DATA,23,1,23->12->2->1,3,344.912783,344.913021,0.000239
1976,SENSOR_DATA,21,1,21->11->1,2,345.481629,345.481799,0.000170
1980,SENSOR_DATA,10,1,10->1,1,345.580227,345.580296,0.000069
1984,SENSOR_DATA,41,1,41->31->21->11->1,4,345.923126,345.923431,0.000306
1989,SENSOR_DATA,42,1,42->31->21->11->1,4,346.253404,346.253738,0.000335
1994,SENSOR_DATA,30,1,30->21->11->1,3,346.467984,346.468202,0.000219
2000,SENSOR_DATA,35,1,35->34->23->12->2->1,5,347.439348,347.439752,0.000404
2012,SENSOR_DATA,22,1,22->11->1,2,348.591410,348.591575,0.000165
2014,SENSOR_DATA,20,1,20->11->1,2,349.287111,349.287308,0.000197
2020,SENSOR_DATA,31,1,31->21->11->1,3,349.889377,349.889618,0.000241
2024,SENSOR_DATA,12,1,12->2->1,2,350.316218,350.316386,0.000167
2036,SENSOR_DATA,0,1,0->1,1,351.188125,351.188173,0.000048
2037,SENSOR_DATA,32,1,32->22->11->1,3,351.223711,351.223980,0.000269
2038,SENSOR_DATA,13,1,13->3->2->1,3,351.223882,351.224077,0.000195
2042,SENSOR_DATA,40,1,40->41->31->21->11->1,5,351.867377,351.867759,0.000382
2045,SENSOR_DATA,2,1,2->1,1,352.104102,352.104172,0.000070
2047,SENSOR_DATA,14,1,14->23->12->2->1,4,352.690114,352.690457,0.000344
2057,SENSOR_DATA,3,1,3->2->1,2,353.494044,353.494184,0.000140
2061,SENSOR_DATA,11,1,11->1,1,354.204738,354.204831,0.000093
2064,SENSOR_DATA,34,1,34->23->12->2->1,4,354.554077,354.554418,0.000341
2066,SENSOR_DATA,4,1,4->13->3->2->1,4,354.696931,354.697209,0.000279
2069,SENSOR_DATA,23,1,23->12->2->1,3,354.912783,354.913021,0.000239
2074,SENSOR_DATA,21,1,21->11->1,2,355.481629,355.481799,0.000170
2078,SENSOR_DATA,10,1,10->1,1,355.580227,355.580296,0.000069
2082,SENSOR_DATA,41,1,41->31->21->11->1,4,355.923126,355.923431,0.000306
2087,SENSOR_DATA,42,1,42->31->21->11->1,4,356.253404,356.253738,0.000335
2092,SENSOR_DATA,30,1,30->21->11->1,3,356.467984,356.468202,0.000219
2098,SENSOR_DATA,35,1,35->34->23->12->2->1,5,357.439348,357.439752,0.000404
2110,SENSOR_DATA,22,1,22->11->1,2,358.591410,358.591575,0.000165
2112,SENSOR_DATA,20,1,20->11->1,2,359.287111,359.287308,0.000197
2118,SENSOR_DATA,31,1,31->21->11->1,3,359.889377,359.889618,0.000241
2122,SENSOR_DATA,12,1,12->2->1,2,360.316218,360.316386,0.000167
2134,SENSOR_DATA,0,1,0->1,1,361.188125,361.188173,0.000048
2135,SENSOR_DATA,32,1,32->22->11->1,3,361.223711,361.223980,0.000269
2136,SENSOR_DATA,13,1,13->3->2->1,3,361.223882,361.224077,0.000195
2140,SENSOR_DATA,40,1,40->41->31->21->11->1,5,361.867377,361.867759,0.000382
2143,SENSOR_DATA,2,1,2->1,1,362.104102,362.104172,0.000070
2145,SENSOR_DATA,14,1,14->23->12->2->1,4,362.690114,362.690457,0.000344
2155,SENSOR_DATA,3,1,3->2->1,2,363.494044,363.494184,0.000140
2159,SENSOR_DATA,11,1,11->1,1,364.204738,364.204831,0.000093
2162,SENSOR_DATA,34,1,34->23->12->2->1,4,364.554077,364.554418,0.000341
2164,SENSOR_DATA,4,1,4->13->3->2->1,4,364.696931,364.697209,0.000279
2167,SENSOR_DATA,23,1,23->12->2->1,3,364.912783,364.913021,0.000239
2172,SENSOR_DATA,21,1,21->11->1,2,365.481629,365.481799,0.000170
2176,SENSOR_DATA,10,1,10->1,1,365.580227,365.580296,0.000069
2180,SENSOR_DATA,41,1,41->31->21->11->1,4,365.923126,365.923431,0.000306
2185,SENSOR_DATA,42,1,42->31->21->11->1,4,366.253404,366.253738,0.000335
2190,SENSOR_DATA,30,1,30->21->11->1,3,366.467984,366.468202,0.000219
2196,SENSOR_DATA,35,1,35->34->23->12->2->1,5,367.439348,367.439752,0.000404
2208,SENSOR_DATA,22,1,22->11->1,2,368.591410,368.591575,0.000165
2210,SENSOR_DATA,20,1,20->11->1,2,369.287111,369.287308,0.000197
2216,SENSOR_DATA,31,1,31->21->11->1,3,369.889377,369.889618,0.000241
2220,SENSOR_DATA,12,1,12->2->1,2,370.316218,370.316386,0.000167
2232,SENSOR_DATA,0,1,0->1,1,371.188125,371.188173,0.000048
2233,SENSOR_DATA,32,1,32->22->11->1,3,371.223711,371.223980,0.000269
2234,SENSOR_DATA,13,1,13->3->2->1,3,371.223882,371.224077,0.000195
2238,SENSOR_DATA,40,1,40->41->31->21->11->1,5,371.867377,371.867759,0.000382
2241,SENSOR_DATA,2,1,2->1,1,372.104102,372.104172,0.000070
2243,SENSOR_DATA,14,1,14->23->12->2->1,4,372.690114,372.690457,0.000344
2253,SENSOR_DATA,3,1,3->2->1,2,373.494044,373.494184,0.000140
2257,SENSOR_DATA,11,1,11->1,1,374.204738,374.204831,0.000093
2260,SENSOR_DATA,34,1,34->23->12->2->1,4,374.554077,374.554418,0.000341
2262,SENSOR_DATA,4,1,4->13->3->2->1,4,374.696931,374.697209,0.000279
2265,SENSOR_DATA,23,1,23->12->2->1,3,374.912783,374.913021,0.000239
2270,SENSOR_DATA,21,1,21->11->1,2,375.481629,375.481799,0.000170
2274,SENSOR_DATA,10,1,10->1,1,375.580227,375.580296,0.000069
2278,SENSOR_DATA,41,1,41->31->21->11->1,4,375.923126,375.923431,0.000306
2283,SENSOR_DATA,42,1,42->31->21->11->1,4,376.253404,376.253738,0.000335
2288,SENSOR_DATA,30,1,30->21->11->1,3,376.467984,376.468202,0.000219
2294,SENSOR_DATA,35,1,35->34->23->12->2->1,5,377.439348,377.439752,0.000404
2306,SENSOR_DATA,22,1,22->11->1,2,378.591410,378.591575,0.000165
2308,SENSOR_DATA,20,1,20->11->1,2,379.287111,379.287308,0.000197
2314,SENSOR_DATA,31,1,31->21->11->1,3,379.889377,379.889618,0.000241
2318,SENSOR_DATA,12,1,12->2->1,2,380.316218,380.316386,0.000167
2330,SENSOR_DATA,0,1,0->1,1,381.188125,381.188173,0.000048
2331,SENSOR_DATA,32,1,32->22->11->1,3,381.223711,381.223980,0.000269
2332,SENSOR_DATA,13,1,13->3->2->1,3,381.223882,381.224077,0.000195
2336,SENSOR_DATA,40,1,40->41->31->21->11->1,5,381.867377,381.867759,0.000382
2339,SENSOR_DATA,2,1,2->1,1,382.104102,382.104172,0.000070
2341,SENSOR_DATA,14,1,14->23->12->2->1,4,382.690114,382.690457,0.000344
2351,SENSOR_DATA,3,1,3->2->1,2,383.494044,383.494184,0.000140
2355,SENSOR_DATA,11,1,11->1,1,384.204738,384.204831,0.000093
2358,SENSOR_DATA,34,1,34->23->12->2->1,4,384.554077,384.554418,0.000341
2360,SENSOR_DATA,4,1,4->13->3->2->1,4,384.696931,384.697209,0.000279
2363,SENSOR_DATA,23,1,23->12->2->1,3,384.912783,384.913021,0.000239
2368,SENSOR_DATA,21,1,21->11->1,2,385.481629,385.481799,0.000170
2372,SENSOR_DATA,10,1,10->1,1,385.580227,385.580296,0.000069
2376,SENSOR_DATA,41,1,41->31->21->11->1,4,385.923126,385.923431,0.000306
2381,SENSOR_DATA,42,1,42->31->21->11->1,4,386.253404,386.253738,0.000335
2386,SENSOR_DATA,30,1,30->21->11->1,3,386.467984,386.468202,0.000219
2392,SENSOR_DATA,35,1,35->34->23->12->2->1,5,387.439348,387.439752,0.000404
2404,SENSOR_DATA,22,1,22->11->1,2,388.591410,388.591575,0.000165
2406,SENSOR_DATA,20,1,20->11->1,2,389.287111,389.287308,0.000197
2412,SENSOR_DATA,31,1,31->21->11->1,3,389.889377,389.889618,0.000241
2416,SENSOR_DATA,12,1,12->2->1,2,390.316218,390.316386,0.000167
2428,SENSOR_DATA,0,1,0->1,1,391.188125,391.188173,0.000048
2429,SENSOR_DATA,32,1,32->22->11->1,3,391.223711,391.223980,0.000269
2430,SENSOR_DATA,13,1,13->3->2->1,3,391.223882,391.224077,0.000195
2434,SENSOR_DATA,40,1,40->41->31->21->11->1,5,391.867377,391.867759,0.000382
2437,SENSOR_DATA,2,1,2->1,1,392.104102,392.104172,0.000070
2439,SENSOR_DATA,14,1,14->23->12->2->1,4,392.690114,392.690457,0.000344
2449,SENSOR_DATA,3,1,3->2->1,2,393.494044,393.494184,0.000140
2453,SENSOR_DATA,11,1,11->1,1,394.204738,394.204831,0.000093
2456,SENSOR_DATA,34,1,34->23->12->2->1,4,394.554077,394.554418,0.000341
2458,SENSOR_DATA,4,1,4->13->3->2->1,4,394.696931,394.697209,0.000279
2461,SENSOR_DATA,23,1,23->12->2->1,3,394.912783,394.913021,0.000239
2466,SENSOR_DATA,21,1,21->11->1,2,395.481629,395.481799,0.000170
2470,SENSOR_DATA,10,1,10->1,1,395.580227,395.580296,0.000069
2474,SENSOR_DATA,41,1,41->31->21->11->1,4,395.923126,395.923431,0.000306
2479,SENSOR_DATA,42,1,42->31->21->11->1,4,396.253404,396.253738,0.000335
2484,SENSOR_DATA,30,1,30->21->11->1,3,396.467984,396.468202,0.000219
2490,SENSOR_DATA,35,1,35->34->23->12->2->1,5,397.439348,397.439752,0.000404
2502,SENSOR_DATA,22,1,22->11->1,2,398.591410,398.591575,0.000165
2504,SENSOR_DATA,20,1,20->11->1,2,399.287111,399.287308,0.000197
2510,SENSOR_DATA,31,1,31->21->11->1,3,399.889377,399.889618,0.000241
2514,SENSOR_DATA,12,1,12->2->1,2,400.316218,400.316386,0.000167
2526,SENSOR_DATA,0,1,0->1,1,401.188125,401.188173,0.000048
2527,SENSOR_DATA,32,1,32->22->11->1,3,401.223711,401.223980,0.000269
2528,SENSOR_DATA,13,1,13->3->2->1,3,401.223882,401.224077,0.000195
2532,SENSOR_DATA,40,1,40->41->31->21->11->1,5,401.867377,401.867759,0.000382
2535,SENSOR_DATA,2,1,2->1,1,402.104102,402.104172,0.000070
2537,SENSOR_DATA,14,1,14->23->12->2->1,4,402.690114,402.690457,0.000344
2547,SENSOR_DATA,3,1,3->2->1,2,403.494044,403.494184,0.000140
2551,SENSOR_DATA,11,1,11->1,1,404.204738,404.204831,0.000093
2554,SENSOR_DATA,34,1,34->23->12->2->1,4,404.554077,404.554418,0.000341
2556,SENSOR_DATA,4,1,4->13->3->2->1,4,404.696931,404.697209,0.000279
2559,SENSOR_DATA,23,1,23->12->2->1,3,404.912783,404.913021,0.000239
2564,SENSOR_DATA,21,1,21->11->1,2,405.481629,405.481799,0.000170
2568,SENSOR_DATA,10,1,10->1,1,405.580227,405.580296,0.000069
2572,SENSOR_DATA,41,1,41->31->21->11->1,4,405.923126,405.923431,0.000306
2577,SENSOR_DATA,42,1,42->31->21->11->1,4,406.253404,406.253738,0.000335
2582,SENSOR_DATA,30,1,30->21->11->1,3,406.467984,406.468202,0.000219
2588,SENSOR_DATA,35,1,35->34->23->12->2->1,5,407.439348,407.439752,0.000404
2600,SENSOR_DATA,22,1,22->11->1,2,408.591410,408.591575,0.000165
2602,SENSOR_DATA,20,1,20->11->1,2,409.287111,409.287308,0.000197
2608,SENSOR_DATA,31,1,31->21->11->1,3,409.889377,409.889618,0.000241
2612,SENSOR_DATA,12,1,12->2->1,2,410.316218,410.316386,0.000167
2624,SENSOR_DATA,0,1,0->1,1,411.188125,411.188173,0.000048
2625,SENSOR_DATA,32,1,32->22->11->1,3,411.223711,411.223980,0.000269
2626,SENSOR_DATA,13,1,13->3->2->1,3,411.223882,411.224077,0.000195
2630,SENSOR_DATA,40,1,40->41->31->21->11->1,5,411.867377,411.867759,0.000382
2633,SENSOR_DATA,2,1,2->1,1,412.104102,412.104172,0.000070
2635,SENSOR_DATA,14,1,14->23->12->2->1,4,412.690114,412.690457,0.000344
2645,SENSOR_DATA,3,1,3->2->1,2,413.494044,413.494184,0.000140
2649,SENSOR_DATA,11,1,11->1,1,414.204738,414.204831,0.000093
2652,SENSOR_DATA,34,1,34->23->12->2->1,4,414.554077,414.554418,0.000341
2654,SENSOR_DATA,4,1,4->13->3->2->1,4,414.696931,414.697209,0.000279
2657,SENSOR_DATA,23,1,23->12->2->1,3,414.912783,414.913021,0.000239
2662,SENSOR_DATA,21,1,21->11->1,2,415.481629,415.481799,0.000170
2666,SENSOR_DATA,10,1,10->1,1,415.580227,415.580296,0.000069
2670,SENSOR_DATA,41,1,41->31->21->11->1,4,415.923126,415.923431,0.000306
2675,SENSOR_DATA,42,1,42->31->21->11->1,4,416.253404,416.253738,0.000335
2680,SENSOR_DATA,30,1,30->21->11->1,3,416.467984,416.468202,0.000219
2686,SENSOR_DATA,35,1,35->34->23->12->2->1,5,417.439348,417.439752,0.000404
2698,SENSOR_DATA,22,1,22->11->1,2,418.591410,418.591575,0.000165
2700,SENSOR_DATA,20,1,20->11->1,2,419.287111,419.287308,0.000197
2706,SENSOR_DATA,31,1,31->21->11->1,3,419.889377,419.889618,0.000241
2710,SENSOR_DATA,12,1,12->2->1,2,420.316218,420.316386,0.000167
2722,SENSOR_DATA,0,1,0->1,1,421.188125,421.188173,0.000048
2723,SENSOR_DATA,32,1,32->22->11->1,3,421.223711,421.223980,0.000269
2724,SENSOR_DATA,13,1,13->3->2->1,3,421.223882,421.224077,0.000195
2728,SENSOR_DATA,40,1,40->41->31->21->11->1,5,421.867377,421.867759,0.000382
2731,SENSOR_DATA,2,1,2->1,1,422.104102,422.104172,0.000070
2733,SENSOR_DATA,14,1,14->23->12->2->1,4,422.690114,422.690457,0.000344
2743,SENSOR_DATA,3,1,3->2->1,2,423.494044,423.494184,0.000140
2747,SENSOR_DATA,11,1,11->1,1,424.204738,424.204831,0.000093
2750,SENSOR_DATA,34,1,34->23->12->2->1,4,424.554077,424.554418,0.000341
2752,SENSOR_DATA,4,1,4->13->3->2->1,4,424.696931,424.697209,0.000279
2755,SENSOR_DATA,23,1,23->12->2->1,3,424.912783,424.913021,0.000239
2760,SENSOR_DATA,21,1,21->11->1,2,425.481629,425.481799,0.000170
2764,SENSOR_DATA,10,1,10->1,1,425.580227,425.580296,0.000069
2768,SENSOR_DATA,41,1,41->31->21->11->1,4,425.923126,425.923431,0.000306
2773,SENSOR_DATA,42,1,42->31->21->11->1,4,426.253404,426.253738,0.000335
2778,SENSOR_DATA,30,1,30->21->11->1,3,426.467984,426.468202,0.000219
2784,SENSOR_DATA,35,1,35->34->23->12->2->1,5,427.439348,427.439752,0.000404
2796,SENSOR_DATA,22,1,22->11->1,2,428.591410,428.591575,0.000165
2798,SENSOR_DATA,20,1,20->11->1,2,429.287111,429.287308,0.000197
2804,SENSOR_DATA,31,1,31->21->11->1,3,429.889377,429.889618,0.000241
2808,SENSOR_DATA,12,1,12->2->1,2,430.316218,430.316386,0.000167
2820,SENSOR_DATA,0,1,0->1,1,431.188125,431.188173,0.000048
2821,SENSOR_DATA,32,1,32->22->11->1,3,431.223711,431.223980,0.000269
2822,SENSOR_DATA,13,1,13->3->2->1,3,431.223882,431.224077,0.000195
2826,SENSOR_DATA,40,1,40->41->31->21->11->1,5,431.867377,431.867759,0.000382
2829,SENSOR_DATA,2,1,2->1,1,432.104102,432.104172,0.000070
2831,SENSOR_DATA,14,1,14->23->12->2->1,4,432.690114,432.690457,0.000344
2841,SENSOR_DATA,3,1,3->2->1,2,433.494044,433.494184,0.000140
2845,SENSOR_DATA,11,1,11->1,1,434.204738,434.204831,0.000093
2848,SENSOR_DATA,34,1,34->23->12->2->1,4,434.554077,434.554418,0.000341
2850,SENSOR_DATA,4,1,4->13->3->2->1,4,434.696931,434.697209,0.000279
2853,SENSOR_DATA,23,1,23->12->2->1,3,434.912783,434.913021,0.000239
2858,SENSOR_DATA,21,1,21->11->1,2,435.481629,435.481799,0.000170
2862,SENSOR_DATA,10,1,10->1,1,435.580227,435.580296,0.000069
2866,SENSOR_DATA,41,1,41->31->21->11->1,4,435.923126,435.923431,0.000306
2871,SENSOR_DATA,42,1,42->31->21->11->1,4,436.253404,436.253738,0.000335
2876,SENSOR_DATA,30,1,30->21->11->1,3,436.467984,436.468202,0.000219
2882,SENSOR_DATA,35,1,35->34->23->12->2->1,5,437.439348,437.439752,0.000404
2894,SENSOR_DATA,22,1,22->11->1,2,438.591410,438.591575,0.000165
2896,SENSOR_DATA,20,1,20->11->1,2,439.287111,439.287308,0.000197
2902,SENSOR_DATA,31,1,31->21->11->1,3,439.889377,439.889618,0.000241
2906,SENSOR_DATA,12,1,12->2->1,2,440.316218,440.316386,0.000167
2918,SENSOR_DATA,0,1,0->1,1,441.188125,441.188173,0.000048
2919,SENSOR_DATA,32,1,32->22->11->1,3,441.223711,441.223980,0.000269
2920,SENSOR_DATA,13,1,13->3->2->1,3,441.223882,441.224077,0.000195
2924,SENSOR_DATA,40,1,40->41->31->21->11->1,5,441.867377,441.867759,0.000382
2927,SENSOR_DATA,2,1,2->1,1,442.104102,442.104172,0.000070
2929,SENSOR_DATA,14,1,14->23->12->2->1,4,442.690114,442.690457,0.000344
2939,SENSOR_DATA,3,1,3->2->1,2,443.494044,443.494184,0.000140
2943,SENSOR_DATA,11,1,11->1,1,444.204738,444.204831,0.000093
2946,SENSOR_DATA,34,1,34->23->12->2->1,4,444.554077,444.554418,0.000341
2948,SENSOR_DATA,4,1,4->13->3->2->1,4,444.696931,444.697209,0.000279
2951,SENSOR_DATA,23,1,23->12->2->1,3,444.912783,444.913021,0.000239
2956,SENSOR_DATA,21,1,21->11->1,2,445.481629,445.481799,0.000170
2960,SENSOR_DATA,10,1,10->1,1,445.580227,445.580296,0.000069
2964,SENSOR_DATA,41,1,41->31->21->11->1,4,445.923126,445.923431,0.000306
2969,SENSOR_DATA,42,1,42->31->21->11->1,4,446.253404,446.253738,0.000335
2974,SENSOR_DATA,30,1,30->21->11->1,3,446.467984,446.468202,0.000219
2980,SENSOR_DATA,35,1,35->34->23->12->2->1,5,447.439348,447.439752,0.000404
2992,SENSOR_DATA,22,1,22->11->1,2,448.591410,448.591575,0.000165
2994,SENSOR_DATA,20,1,20->11->1,2,449.287111,449.287308,0.000197
3000,SENSOR_DATA,31,1,31->21->11->1,3,449.889377,449.889618,0.000241
3004,SENSOR_DATA,12,1,12->2->1,2,450.316218,450.316386,0.000167
3016,SENSOR_DATA,0,1,0->1,1,451.188125,451.188173,0.000048
3017,SENSOR_DATA,32,1,32->22->11->1,3,451.223711,451.223980,0.000269
3018,SENSOR_DATA,13,1,13->3->2->1,3,451.223882,451.224077,0.000195
3022,SENSOR_DATA,40,1,40->41->31->21->11->1,5,451.867377,451.867759,0.000382
3025,SENSOR_DATA,2,1,2->1,1,452.104102,452.104172,0.000070
3027,SENSOR_DATA,14,1,14->23->12->2->1,4,452.690114,452.690457,0.000344
3037,SENSOR_DATA,3,1,3->2->1,2,453.494044,453.494184,0.000140
3041,SENSOR_DATA,11,1,11->1,1,454.204738,454.204831,0.000093
3044,SENSOR_DATA,34,1,34->23->12->2->1,4,454.554077,454.554418,0.000341
3046,SENSOR_DATA,4,1,4->13->3->2->1,4,454.696931,454.697209,0.000279
3049,SENSOR_DATA,23,1,23->12->2->1,3,454.912783,454.913021,0.000239
3054,SENSOR_DATA,21,1,21->11->1,2,455.481629,455.481799,0.000170
3058,SENSOR_DATA,10,1,10->1,1,455.580227,455.580296,0.000069
3062,SENSOR_DATA,41,1,41->31->21->11->1,4,455.923126,455.923431,0.000306
3067,SENSOR_DATA,42,1,42->31->21->11->1,4,456.253404,456.253738,0.000335
3072,SENSOR_DATA,30,1,30->21->11->1,3,456.467984,456.468202,0.000219
3078,SENSOR_DATA,35,1,35->34->23->12->2->1,5,457.439348,457.439752,0.000404
3090,SENSOR_DATA,22,1,22->11->1,2,458.591410,458.591575,0.000165
3092,SENSOR_DATA,20,1,20->11->1,2,459.287111,459.287308,0.000197
3098,SENSOR_DATA,31,1,31->21->11->1,3,459.889377,459.889618,0.000241
3102,SENSOR_DATA,12,1,12->2->1,2,460.316218,460.316386,0.000167
3114,SENSOR_DATA,0,1,0->1,1,461.188125,461.188173,0.000048
3115,SENSOR_DATA,32,1,32->22->11->1,3,461.223711,461.223980,0.000269
3116,SENSOR_DATA,13,1,13->3->2->1,3,461.223882,461.224077,0.000195
3120,SENSOR_DATA,40,1,40->41->31->21->11->1,5,461.867377,461.867759,0.000382
3123,SENSOR_DATA,2,1,2->1,1,462.104102,462.104172,0.000070
3125,SENSOR_DATA,14,1,14->23->12->2->1,4,462.690114,462.690457,0.000344
3135,SENSOR_DATA,3,1,3->2->1,2,463.494044,463.494184,0.000140
3139,SENSOR_DATA,11,1,11->1,1,464.204738,464.204831,0.000093
3142,SENSOR_DATA,34,1,34->23->12->2->1,4,464.554077,464.554418,0.000341
3144,SENSOR_DATA,4,1,4->13->3->2->1,4,464.696931,464.697209,0.000279
3147,SENSOR_DATA,23,1,23->12->2->1,3,464.912783,464.913021,0.000239
3152,SENSOR_DATA,21,1,21->11->1,2,465.481629,465.481799,0.000170
3156,SENSOR_DATA,10,1,10->1,1,465.580227,465.580296,0.000069
3160,SENSOR_DATA,41,1,41->31->21->11->1,4,465.923126,465.923431,0.000306
3165,SENSOR_DATA,42,1,42->31->21->11->1,4,466.253404,466.253738,0.000335
3170,SENSOR_DATA,30,1,30->21->11->1,3,466.467984,466.468202,0.000219
3176,SENSOR_DATA,35,1,35->34->23->12->2->1,5,467.439348,467.439752,0.000404
3188,SENSOR_DATA,22,1,22->11->1,2,468.591410,468.591575,0.000165
3190,SENSOR_DATA,20,1,20->11->1,2,469.287111,469.287308,0.000197
3196,SENSOR_DATA,31,1,31->21->11->1,3,469.889377,469.889618,0.000241
3200,SENSOR_DATA,12,1,12->2->1,2,470.316218,470.316386,0.000167
3212,SENSOR_DATA,0,1,0->1,1,471.188125,471.188173,0.000048
3213,SENSOR_DATA,32,1,32->22->11->1,3,471.223711,471.223980,0.000269
3214,SENSOR_DATA,13,1,13->3->2->1,3,471.223882,471.224077,0.000195
3218,SENSOR_DATA,40,1,40->41->31->21->11->1,5,471.867377,471.867759,0.000382
3221,SENSOR_DATA,2,1,2->1,1,472.104102,472.104172,0.000070
3223,SENSOR_DATA,14,1,14->23->12->2->1,4,472.690114,472.690457,0.000344
3233,SENSOR_DATA,3,1,3->2->1,2,473.494044,473.494184,0.000140
3237,SENSOR_DATA,11,1,11->1,1,474.204738,474.204831,0.000093
3240,SENSOR_DATA,34,1,34->23->12->2->1,4,474.554077,474.554418,0.000341
3242,SENSOR_DATA,4,1,4->13->3->2->1,4,474.696931,474.697209,0.000279
3245,SENSOR_DATA,23,1,23->12->2->1,3,474.912783,474.913021,0.000239
3250,SENSOR_DATA,21,1,21->11->1,2,475.481629,475.481799,0.000170
3254,SENSOR_DATA,10,1,10->1,1,475.580227,475.580296,0.000069
3258,SENSOR_DATA,41,1,41->31->21->11->1,4,475.923126,475.923431,0.000306
3263,SENSOR_DATA,42,1,42->31->21->11->1,4,476.253404,476.253738,0.000335
3268,SENSOR_DATA,30,1,30->21->11->1,3,476.467984,476.468202,0.000219
3274,SENSOR_DATA,35,1,35->34->23->12->2->1,5,477.439348,477.439752,0.000404
3286,SENSOR_DATA,22,1,22->11->1,2,478.591410,478.591575,0.000165
3288,SENSOR_DATA,20,1,20->11->1,2,479.287111,479.287308,0.000197
3295,SENSOR_DATA,31,1,31->21->11->1,3,479.889377,479.889618,0.000241
3299,SENSOR_DATA,12,1,12->2->1,2,480.316218,480.316386,0.000167
3311,SENSOR_DATA,0,1,0->1,1,481.188125,481.188173,0.000048
3312,SENSOR_DATA,32,1,32->22->11->1,3,481.223711,481.223980,0.000269
3313,SENSOR_DATA,13,1,13->3->2->1,3,481.223882,481.224077,0.000195
3317,SENSOR_DATA,40,1,40->41->31->21->11->1,5,481.867377,481.867759,0.000382
3320,SENSOR_DATA,2,1,2->1,1,482.104102,482.104172,0.000070
3322,SENSOR_DATA,14,1,14->23->12->2->1,4,482.690114,482.690457,0.000344
3332,SENSOR_DATA,3,1,3->2->1,2,483.494044,483.494184,0.000140
3336,SENSOR_DATA,11,1,11->1,1,484.204738,484.204831,0.000093
3339,SENSOR_DATA,34,1,34->23->12->2->1,4,484.554077,484.554418,0.000341
3341,SENSOR_DATA,4,1,4->13->3->2->1,4,484.696931,484.697209,0.000279
3344,SENSOR_DATA,23,1,23->12->2->1,3,484.912783,484.913021,0.000239
3349,SENSOR_DATA,21,1,21->11->1,2,485.481629,485.481799,0.000170
3353,SENSOR_DATA,10,1,10->1,1,485.580227,485.580296,0.000069
3357,SENSOR_DATA,41,1,41->31->21->11->1,4,485.923126,485.923431,0.000306
3362,SENSOR_DATA,42,1,42->31->21->11->1,4,486.253404,486.253738,0.000335
3367,SENSOR_DATA,30,1,30->21->11->1,3,486.467984,486.468202,0.000219
3373,SENSOR_DATA,35,1,35->34->23->12->2->1,5,487.439348,487.439752,0.000404
3385,SENSOR_DATA,22,1,22->11->1,2,488.591410,488.591575,0.000165
3387,SENSOR_DATA,20,1,20->11->1,2,489.287111,489.287308,0.000197
3394,SENSOR_DATA,31,1,31->21->11->1,3,489.889377,489.889618,0.000241
3398,SENSOR_DATA,12,1,12->2->1,2,490.316218,490.316386,0.000167
3410,SENSOR_DATA,0,1,0->1,1,491.188125,491.188173,0.000048
3411,SENSOR_DATA,32,1,32->22->11->1,3,491.223711,491.223980,0.000269
3412,SENSOR_DATA,13,1,13->3->2->1,3,491.223882,491.224077,0.000195
3416,SENSOR_DATA,40,1,40->41->31->21->11->1,5,491.867377,491.867759,0.000382
3419,SENSOR_DATA,2,1,2->1,1,492.104102,492.104172,0.000070
3421,SENSOR_DATA,14,1,14->23->12->2->1,4,492.690114,492.690457,0.000344
3431,SENSOR_DATA,3,1,3->2->1,2,493.494044,493.494184,0.000140
3435,SENSOR_DATA,11,1,11->1,1,494.204738,494.204831,0.000093
3438,SENSOR_DATA,34,1,34->23->12->2->1,4,494.554077,494.554418,0.000341
3440,SENSOR_DATA,4,1,4->13->3->2->1,4,494.696931,494.697209,0.000279
3443,SENSOR_DATA,23,1,23->12->2->1,3,494.912783,494.913021,0.000239
3448,SENSOR_DATA,21,1,21->11->1,2,495.481629,495.481799,0.000170
3452,SENSOR_DATA,10,1,10->1,1,495.580227,495.580296,0.000069
3456,SENSOR_DATA,41,1,41->31->21->11->1,4,495.923126,495.923431,0.000306
3461,SENSOR_DATA,42,1,42->31->21->11->1,4,496.253404,496.253738,0.000335
3466,SENSOR_DATA,30,1,30->21->11->1,3,496.467984,496.468202,0.000219
3472,SENSOR_DATA,35,1,35->34->23->12->2->1,5,497.439348,497.439752,0.000404
3484,SENSOR_DATA,22,1,22->11->1,2,498.591410,498.591575,0.000165
3486,SENSOR_DATA,20,1,20->11->1,2,499.287111,499.287308,0.000197
3493,SENSOR_DATA,31,1,31->21->11->1,3,499.889377,499.889618,0.000241
3497,SENSOR_DATA,12,1,12->2->1,2,500.316218,500.316386,0.000167
3509,SENSOR_DATA,0,1,0->1,1,501.188125,501.188173,0.000048
3510,SENSOR_DATA,32,1,32->22->11->1,3,501.223711,501.223980,0.000269
3511,SENSOR_DATA,13,1,13->3->2->1,3,501.223882,501.224077,0.000195
3515,SENSOR_DATA,40,1,40->41->31->21->11->1,5,501.867377,501.867759,0.000382
3518,SENSOR_DATA,2,1,2->1,1,502.104102,502.104172,0.000070
3520,SENSOR_DATA,14,1,14->23->12->2->1,4,502.690114,502.690457,0.000344
3530,SENSOR_DATA,3,1,3->2->1,2,503.494044,503.494184,0.000140
3534,SENSOR_DATA,11,1,11->1,1,504.204738,504.204831,0.000093
3537,SENSOR_DATA,34,1,34->23->12->2->1,4,504.554077,504.554418,0.000341
3539,SENSOR_DATA,4,1,4->13->3->2->1,4,504.696931,504.697209,0.000279
3542,SENSOR_DATA,23,1,23->12->2->1,3,504.912783,504.913021,0.000239
3547,SENSOR_DATA,21,1,21->11->1,2,505.481629,505.481799,0.000170
3551,SENSOR_DATA,10,1,10->1,1,505.580227,505.580296,0.000069
3555,SENSOR_DATA,41,1,41->31->21->11->1,4,505.923126,505.923431,0.000306
3560,SENSOR_DATA,42,1,42->31->21->11->1,4,506.253404,506.253738,0.000335
3565,SENSOR_DATA,30,1,30->21->11->1,3,506.467984,506.468202,0.000219
3571,SENSOR_DATA,35,1,35->34->23->12->2->1,5,507.439348,507.439752,0.000404
3583,SENSOR_DATA,22,1,22->11->1,2,508.591410,508.591575,0.000165
3585,SENSOR_DATA,20,1,20->11->1,2,509.287111,509.287308,0.000197
3592,SENSOR_DATA,31,1,31->21->11->1,3,509.889377,509.889618,0.000241
3596,SENSOR_DATA,12,1,12->2->1,2,510.316218,510.316386,0.000167
3608,SENSOR_DATA,0,1,0->1,1,511.188125,511.188173,0.000048
3609,SENSOR_DATA,32,1,32->22->11->1,3,511.223711,511.223980,0.000269
3610,SENSOR_DATA,13,1,13->3->2->1,3,511.223882,511.224077,0.000195
3614,SENSOR_DATA,40,1,40->41->31->21->11->1,5,511.867377,511.867759,0.000382
3617,SENSOR_DATA,2,1,2->1,1,512.104102,512.104172,0.000070
3619,SENSOR_DATA,14,1,14->23->12->2->1,4,512.690114,512.690457,0.000344
3629,SENSOR_DATA,3,1,3->2->1,2,513.494044,513.494184,0.000140
3633,SENSOR_DATA,11,1,11->1,1,514.204738,514.204831,0.000093
3636,SENSOR_DATA,34,1,34->23->12->2->1,4,514.554077,514.554418,0.000341
3638,SENSOR_DATA,4,1,4->13->3->2->1,4,514.696931,514.697209,0.000279
3641,SENSOR_DATA,23,1,23->12->2->1,3,514.912783,514.913021,0.000239
3646,SENSOR_DATA,21,1,21->11->1,2,515.481629,515.481799,0.000170
3650,SENSOR_DATA,10,1,10->1,1,515.580227,515.580296,0.000069
3654,SENSOR_DATA,41,1,41->31->21->11->1,4,515.923126,515.923431,0.000306
3659,SENSOR_DATA,42,1,42->31->21->11->1,4,516.253404,516.253738,0.000335
3664,SENSOR_DATA,30,1,30->21->11->1,3,516.467984,516.468202,0.000219
3670,SENSOR_DATA,35,1,35->34->23->12->2->1,5,517.439348,517.439752,0.000404
3682,SENSOR_DATA,22,1,22->11->1,2,518.591410,518.591575,0.000165
3684,SENSOR_DATA,20,1,20->11->1,2,519.287111,519.287308,0.000197
3691,SENSOR_DATA,31,1,31->21->11->1,3,519.889377,519.889618,0.000241
3695,SENSOR_DATA,12,1,12->2->1,2,520.316218,520.316386,0.000167
3707,SENSOR_DATA,0,1,0->1,1,521.188125,521.188173,0.000048
3708,SENSOR_DATA,32,1,32->22->11->1,3,521.223711,521.223980,0.000269
3709,SENSOR_DATA,13,1,13->3->2->1,3,521.223882,521.224077,0.000195
3713,SENSOR_DATA,40,1,40->41->31->21->11->1,5,521.867377,521.867759,0.000382
3716,SENSOR_DATA,2,1,2->1,1,522.104102,522.104172,0.000070
3718,SENSOR_DATA,14,1,14->23->12->2->1,4,522.690114,522.690457,0.000344
3728,SENSOR_DATA,3,1,3->2->1,2,523.494044,523.494184,0.000140
3732,SENSOR_DATA,11,1,11->1,1,524.204738,524.204831,0.000093
3735,SENSOR_DATA,34,1,34->23->12->2->1,4,524.554077,524.554418,0.000341
3737,SENSOR_DATA,4,1,4->13->3->2->1,4,524.696931,524.697209,0.000279
3740,SENSOR_DATA,23,1,23->12->2->1,3,524.912783,524.913021,0.000239
3745,SENSOR_DATA,21,1,21->11->1,2,525.481629,525.481799,0.000170
3749,SENSOR_DATA,10,1,10->1,1,525.580227,525.580296,0.000069
3753,SENSOR_DATA,41,1,41->31->21->11->1,4,525.923126,525.923431,0.000306
3758,SENSOR_DATA,42,1,42->31->21->11->1,4,526.253404,526.253738,0.000335
3763,SENSOR_DATA,30,1,30->21->11->1,3,526.467984,526.468202,0.000219
3769,SENSOR_DATA,35,1,35->34->23->12->2->1,5,527.439348,527.439752,0.000404
3781,SENSOR_DATA,22,1,22->11->1,2,528.591410,528.591575,0.000165
3783,SENSOR_DATA,20,1,20->11->1,2,529.287111,529.287308,0.000197
3790,SENSOR_DATA,31,1,31->21->11->1,3,529.889377,529.889618,0.000241
3794,SENSOR_DATA,12,1,12->2->1,2,530.316218,530.316386,0.000167
3806,SENSOR_DATA,0,1,0->1,1,531.188125,531.188173,0.000048
3807,SENSOR_DATA,32,1,32->22->11->1,3,531.223711,531.223980,0.000269
3808,SENSOR_DATA,13,1,13->3->2->1,3,531.223882,531.224077,0.000195
3812,SENSOR_DATA,40,1,40->41->31->21->11->1,5,531.867377,531.867759,0.000382
3815,SENSOR_DATA,2,1,2->1,1,532.104102,532.104172,0.000070
3817,SENSOR_DATA,14,1,14->23->12->2->1,4,532.690114,532.690457,0.000344
3827,SENSOR_DATA,3,1,3->2->1,2,533.494044,533.494184,0.000140
3831,SENSOR_DATA,11,1,11->1,1,534.204738,534.204831,0.000093
3834,SENSOR_DATA,34,1,34->23->12->2->1,4,534.554077,534.554418,0.000341
3836,SENSOR_DATA,4,1,4->13->3->2->1,4,534.696931,534.697209,0.000279
3839,SENSOR_DATA,23,1,23->12->2->1,3,534.912783,534.913021,0.000239
3844,SENSOR_DATA,21,1,21->11->1,2,535.481629,535.481799,0.000170
3848,SENSOR_DATA,10,1,10->1,1,535.580227,535.580296,0.000069
3852,SENSOR_DATA,41,1,41->31->21->11->1,4,535.923126,535.923431,0.000306
3857,SENSOR_DATA,42,1,42->31->21->11->1,4,536.253404,536.253738,0.000335
3862,SENSOR_DATA,30,1,30->21->11->1,3,536.467984,536.468202,0.000219
3868,SENSOR_DATA,35,1,35->34->23->12->2->1,5,537.439348,537.439752,0.000404
3880,SENSOR_DATA,22,1,22->11->1,2,538.591410,538.591575,0.000165
3882,SENSOR_DATA,20,1,20->11->1,2,539.287111,539.287308,0.000197
3889,SENSOR_DATA,31,1,31->21->11->1,3,539.889377,539.889618,0.000241
3893,SENSOR_DATA,12,1,12->2->1,2,540.316218,540.316386,0.000167
3905,SENSOR_DATA,0,1,0->1,1,541.188125,541.188173,0.000048
3906,SENSOR_DATA,32,1,32->22->11->1,3,541.223711,541.223980,0.000269
3907,SENSOR_DATA,13,1,13->3->2->1,3,541.223882,541.224077,0.000195
3911,SENSOR_DATA,40,1,40->41->31->21->11->1,5,541.867377,541.867759,0.000382
3914,SENSOR_DATA,2,1,2->1,1,542.104102,542.104172,0.000070
3916,SENSOR_DATA,14,1,14->23->12->2->1,4,542.690114,542.690457,0.000344
3926,SENSOR_DATA,3,1,3->2->1,2,543.494044,543.494184,0.000140
3930,SENSOR_DATA,11,1,11->1,1,544.204738,544.204831,0.000093
3933,SENSOR_DATA,34,1,34->23->12->2->1,4,544.554077,544.554418,0.000341
3935,SENSOR_DATA,4,1,4->13->3->2->1,4,544.696931,544.697209,0.000279
3938,SENSOR_DATA,23,1,23->12->2->1,3,544.912783,544.913021,0.000239
3943,SENSOR_DATA,21,1,21->11->1,2,545.481629,545.481799,0.000170
3947,SENSOR_DATA,10,1,10->1,1,545.580227,545.580296,0.000069
3951,SENSOR_DATA,41,1,41->31->21->11->1,4,545.923126,545.923431,0.000306
3956,SENSOR_DATA,42,1,42->31->21->11->1,4,546.253404,546.253738,0.000335
3961,SENSOR_DATA,30,1,30->21->11->1,3,546.467984,546.468202,0.000219
3967,SENSOR_DATA,35,1,35->34->23->12->2->1,5,547.439348,547.439752,0.000404
3979,SENSOR_DATA,22,1,22->11->1,2,548.591410,548.591575,0.000165
3981,SENSOR_DATA,20,1,20->11->1,2,549.287111,549.287308,0.000197
3988,SENSOR_DATA,31,1,31->21->11->1,3,549.889377,549.889618,0.000241
3992,SENSOR_DATA,12,1,12->2->1,2,550.316218,550.316386,0.000167
4004,SENSOR_DATA,0,1,0->1,1,551.188125,551.188173,0.000048
4005,SENSOR_DATA,32,1,32->22->11->1,3,551.223711,551.223980,0.000269
4006,SENSOR_DATA,13,1,13->3->2->1,3,551.223882,551.224077,0.000195
4010,SENSOR_DATA,40,1,40->41->31->21->11->1,5,551.867377,551.867759,0.000382
4013,SENSOR_DATA,2,1,2->1,1,552.104102,552.104172,0.000070
4015,SENSOR_DATA,14,1,14->23->12->2->1,4,552.690114,552.690457,0.000344
4025,SENSOR_DATA,3,1,3->2->1,2,553.494044,553.494184,0.000140
4029,SENSOR_DATA,11,1,11->1,1,554.204738,554.204831,0.000093
4032,SENSOR_DATA,34,1,34->23->12->2->1,4,554.554077,554.554418,0.000341
4034,SENSOR_DATA,4,1,4->13->3->2->1,4,554.696931,554.697209,0.000279
4037,SENSOR_DATA,23,1,23->12->2->1,3,554.912783,554.913021,0.000239
4042,SENSOR_DATA,21,1,21->11->1,2,555.481629,555.481799,0.000170
4046,SENSOR_DATA,10,1,10->1,1,555.580227,555.580296,0.000069
4050,SENSOR_DATA,41,1,41->31->21->11->1,4,555.923126,555.923431,0.000306
4055,SENSOR_DATA,42,1,42->31->21->11->1,4,556.253404,556.253738,0.000335
4060,SENSOR_DATA,30,1,30->21->11->1,3,556.467984,556.468202,0.000219
4066,SENSOR_DATA,35,1,35->34->23->12->2->1,5,557.439348,557.439752,0.000404
4078,SENSOR_DATA,22,1,22->11->1,2,558.591410,558.591575,0.000165
4080,SENSOR_DATA,20,1,20->11->1,2,559.287111,559.287308,0.000197
4087,SENSOR_DATA,31,1,31->21->11->1,3,559.889377,559.889618,0.000241
4091,SENSOR_DATA,12,1,12->2->1,2,560.316218,560.316386,0.000167
4103,SENSOR_DATA,0,1,0->1,1,561.188125,561.188173,0.000048
4104,SENSOR_DATA,32,1,32->22->11->1,3,561.223711,561.223980,0.000269
4105,SENSOR_DATA,13,1,13->3->2->1,3,561.223882,561.224077,0.000195
4109,SENSOR_DATA,40,1,40->41->31->21->11->1,5,561.867377,561.867759,0.000382
4112,SENSOR_DATA,2,1,2->1,1,562.104102,562.104172,0.000070
4114,SENSOR_DATA,14,1,14->23->12->2->1,4,562.690114,562.690457,0.000344
4124,SENSOR_DATA,3,1,3->2->1,2,563.494044,563.494184,0.000140
4128,SENSOR_DATA,11,1,11->1,1,564.204738,564.204831,0.000093
4131,SENSOR_DATA,34,1,34->23->12->2->1,4,564.554077,564.554418,0.000341
4133,SENSOR_DATA,4,1,4->13->3->2->1,4,564.696931,564.697209,0.000279
4136,SENSOR_DATA,23,1,23->12->2->1,3,564.912783,564.913021,0.000239
4141,SENSOR_DATA,21,1,21->11->1,2,565.481629,565.481799,0.000170
4145,SENSOR_DATA,10,1,10->1,1,565.580227,565.580296,0.000069
4149,SENSOR_DATA,41,1,41->31->21->11->1,4,565.923126,565.923431,0.000306
4154,SENSOR_DATA,42,1,42->31->21->11->1,4,566.253404,566.253738,0.000335
4159,SENSOR_DATA,30,1,30->21->11->1,3,566.467984,566.468202,0.000219
4165,SENSOR_DATA,35,1,35->34->23->12->2->1,5,567.439348,567.439752,0.000404
4177,SENSOR_DATA,22,1,22->11->1,2,568.591410,568.591575,0.000165
4179,SENSOR_DATA,20,1,20->11->1,2,569.287111,569.287308,0.000197
4186,SENSOR_DATA,31,1,31->21->11->1,3,569.889377,569.889618,0.000241
4190,SENSOR_DATA,12,1,12->2->1,2,570.316218,570.316386,0.000167
4202,SENSOR_DATA,0,1,0->1,1,571.188125,571.188173,0.000048
4203,SENSOR_DATA,32,1,32->22->11->1,3,571.223711,571.223980,0.000269
4204,SENSOR_DATA,13,1,13->3->2->1,3,571.223882,571.224077,0.000195
4208,SENSOR_DATA,40,1,40->41->31->21->11->1,5,571.867377,571.867759,0.000382
4211,SENSOR_DATA,2,1,2->1,1,572.104102,572.104172,0.000070
4213,SENSOR_DATA,14,1,14->23->12->2->1,4,572.690114,572.690457,0.000344
4223,SENSOR_DATA,3,1,3->2->1,2,573.494044,573.494184,0.000140
4227,SENSOR_DATA,11,1,11->1,1,574.204738,574.204831,0.000093
4230,SENSOR_DATA,34,1,34->23->12->2->1,4,574.554077,574.554418,0.000341
4232,SENSOR_DATA,4,1,4->13->3->2->1,4,574.696931,574.697209,0.000279
4235,SENSOR_DATA,23,1,23->12->2->1,3,574.912783,574.913021,0.000239
4240,SENSOR_DATA,21,1,21->11->1,2,575.481629,575.481799,0.000170
4244,SENSOR_DATA,10,1,10->1,1,575.580227,575.580296,0.000069
4248,SENSOR_DATA,41,1,41->31->21->11->1,4,575.923126,575.923431,0.000306
4253,SENSOR_DATA,42,1,42->31->21->11->1,4,576.253404,576.253738,0.000335
4258,SENSOR_DATA,30,1,30->21->11->1,3,576.467984,576.468202,0.000219
4264,SENSOR_DATA,35,1,35->34->23->12->2->1,5,577.439348,577.439752,0.000404
4276,SENSOR_DATA,22,1,22->11->1,2,578.591410,578.591575,0.000165
4278,SENSOR_DATA,20,1,20->11->1,2,579.287111,579.287308,0.000197
4285,SENSOR_DATA,31,1,31->21->11->1,3,579.889377,579.889618,0.000241
4289,SENSOR_DATA,12,1,12->2->1,2,580.316218,580.316386,0.000167
4301,SENSOR_DATA,0,1,0->1,1,581.188125,581.188173,0.000048
4302,SENSOR_DATA,32,1,32->22->11->1,3,581.223711,581.223980,0.000269
4303,SENSOR_DATA,13,1,13->3->2->1,3,581.223882,581.224077,0.000195
4307,SENSOR_DATA,40,1,40->41->31->21->11->1,5,581.867377,581.867759,0.000382
4310,SENSOR_DATA,2,1,2->1,1,582.104102,582.104172,0.000070
4312,SENSOR_DATA,14,1,14->23->12->2->1,4,582.690114,582.690457,0.000344
4322,SENSOR_DATA,3,1,3->2->1,2,583.494044,583.494184,0.000140
4326,SENSOR_DATA,11,1,11->1,1,584.204738,584.204831,0.000093
4329,SENSOR_DATA,34,1,34->23->12->2->1,4,584.554077,584.554418,0.000341
4331,SENSOR_DATA,4,1,4->13->3->2->1,4,584.696931,584.697209,0.000279
4334,SENSOR_DATA,23,1,23->12->2->1,3,584.912783,584.913021,0.000239
4339,SENSOR_DATA,21,1,21->11->1,2,585.481629,585.481799,0.000170
4343,SENSOR_DATA,10,1,10->1,1,585.580227,585.580296,0.000069
4347,SENSOR_DATA,41,1,41->31->21->11->1,4,585.923126,585.923431,0.000306
4352,SENSOR_DATA,42,1,42->31->21->11->1,4,586.253404,586.253738,0.000335
4357,SENSOR_DATA,30,1,30->21->11->1,3,586.467984,586.468202,0.000219
4363,SENSOR_DATA,35,1,35->34->23->12->2->1,5,587.439348,587.439752,0.000404
4375,SENSOR_DATA,22,1,22->11->1,2,588.591410,588.591575,0.000165
4377,SENSOR_DATA,20,1,20->11->1,2,589.287111,589.287308,0.000197
4384,SENSOR_DATA,31,1,31->21->11->1,3,589.889377,589.889618,0.000241
4388,SENSOR_DATA,12,1,12->2->1,2,590.316218,590.316386,0.000167
4400,SENSOR_DATA,0,1,0->1,1,591.188125,591.188173,0.000048
4401,SENSOR_DATA,32,1,32->22->11->1,3,591.223711,591.223980,0.000269
4402,SENSOR_DATA,13,1,13->3->2->1,3,591.223882,591.224077,0.000195
4406,SENSOR_DATA,40,1,40->41->31->21->11->1,5,591.867377,591.867759,0.000382
4409,SENSOR_DATA,2,1,2->1,1,592.104102,592.104172,0.000070
4411,SENSOR_DATA,14,1,14->23->12->2->1,4,592.690114,592.690457,0.000344
4421,SENSOR_DATA,3,1,3->2->1,2,593.494044,593.494184,0.000140
4425,SENSOR_DATA,11,1,11->1,1,594.204738,594.204831,0.000093
4428,SENSOR_DATA,34,1,34->23->12->2->1,4,594.554077,594.554418,0.000341
4430,SENSOR_DATA,4,1,4->13->3->2->1,4,594.696931,594.697209,0.000279
4433,SENSOR_DATA,23,1,23->12->2->1,3,594.912783,594.913021,0.000239
4438,SENSOR_DATA,21,1,21->11->1,2,595.481629,595.481799,0.000170
4442,SENSOR_DATA,10,1,10->1,1,595.580227,595.580296,0.000069
4446,SENSOR_DATA,41,1,41->31->21->11->1,4,595.923126,595.923431,0.000306
4451,SENSOR_DATA,42,1,42->31->21->11->1,4,596.253404,596.253738,0.000335
4456,SENSOR_DATA,30,1,30->21->11->1,3,596.467984,596.468202,0.000219
4462,SENSOR_DATA,35,1,35->34->23->12->2->1,5,597.439348,597.439752,0.000404
4474,SENSOR_DATA,22,1,22->11->1,2,598.591410,598.591575,0.000165
4476,SENSOR_DATA,20,1,20->11->1,2,599.287111,599.287308,0.000197
4483,SENSOR_DATA,31,1,31->21->11->1,3,599.889377,599.889618,0.000241
4487,SENSOR_DATA,12,1,12->2->1,2,600.316218,600.316386,0.000167
4499,SENSOR_DATA,0,1,0->1,1,601.188125,601.188173,0.000048
4500,SENSOR_DATA,32,1,32->22->11->1,3,601.223711,601.223980,0.000269
4501,SENSOR_DATA,13,1,13->3->2->1,3,601.223882,601.224077,0.000195
4505,SENSOR_DATA,40,1,40->41->31->21->11->1,5,601.867377,601.867759,0.000382
4508,SENSOR_DATA,2,1,2->1,1,602.104102,602.104172,0.000070
4510,SENSOR_DATA,14,1,14->23->12->2->1,4,602.690114,602.690457,0.000344
4520,SENSOR_DATA,3,1,3->2->1,2,603.494044,603.494184,0.000140
4524,SENSOR_DATA,11,1,11->1,1,604.204738,604.204831,0.000093
4527,SENSOR_DATA,34,1,34->23->12->2->1,4,604.554077,604.554418,0.000341
4529,SENSOR_DATA,4,1,4->13->3->2->1,4,604.696931,604.697209,0.000279
4532,SENSOR_DATA,23,1,23->12->2->1,3,604.912783,604.913021,0.000239
4537,SENSOR_DATA,21,1,21->11->1,2,605.481629,605.481799,0.000170
4541,SENSOR_DATA,10,1,10->1,1,605.580227,605.580296,0.000069
4545,SENSOR_DATA,41,1,41->31->21->11->1,4,605.923126,605.923431,0.000306
4550,SENSOR_DATA,42,1,42->31->21->11->1,4,606.253404,606.253738,0.000335
4555,SENSOR_DATA,30,1,30->21->11->1,3,606.467984,606.468202,0.000219
4561,SENSOR_DATA,35,1,35->34->23->12->2->1,5,607.439348,607.439752,0.000404
4573,SENSOR_DATA,22,1,22->11->1,2,608.591410,608.591575,0.000165
4575,SENSOR_DATA,20,1,20->11->1,2,609.287111,609.287308,0.000197
4582,SENSOR_DATA,31,1,31->21->11->1,3,609.889377,609.889618,0.000241
4586,SENSOR_DATA,12,1,12->2->1,2,610.316218,610.316386,0.000167
4598,SENSOR_DATA,0,1,0->1,1,611.188125,611.188173,0.000048
4599,SENSOR_DATA,32,1,32->22->11->1,3,611.223711,611.223980,0.000269
4600,SENSOR_DATA,13,1,13->3->2->1,3,611.223882,611.224077,0.000195
4604,SENSOR_DATA,40,1,40->41->31->21->11->1,5,611.867377,611.867759,0.000382
4607,SENSOR_DATA,2,1,2->1,1,612.104102,612.104172,0.000070
4609,SENSOR_DATA,14,1,14->23->12->2->1,4,612.690114,612.690457,0.000344
4619,SENSOR_DATA,3,1,3->2->1,2,613.494044,613.494184,0.000140
4623,SENSOR_DATA,11,1,11->1,1,614.204738,614.204831,0.000093
4626,SENSOR_DATA,34,1,34->23->12->2->1,4,614.554077,614.554418,0.000341
4628,SENSOR_DATA,4,1,4->13->3->2->1,4,614.696931,614.697209,0.000279
4631,SENSOR_DATA,23,1,23->12->2->1,3,614.912783,614.913021,0.000239
4636,SENSOR_DATA,21,1,21->11->1,2,615.481629,615.481799,0.000170
4640,SENSOR_DATA,10,1,10->1,1,615.580227,615.580296,0.000069
4644,SENSOR_DATA,41,1,41->31->21->11->1,4,615.923126,615.923431,0.000306
4649,SENSOR_DATA,42,1,42->31->21->11->1,4,616.253404,616.253738,0.000335
4654,SENSOR_DATA,30,1,30->21->11->1,3,616.467984,616.468202,0.000219
4660,SENSOR_DATA,35,1,35->34->23->12->2->1,5,617.439348,617.439752,0.000404
4672,SENSOR_DATA,22,1,22->11->1,2,618.591410,618.591575,0.000165
4674,SENSOR_DATA,20,1,20->11->1,2,619.287111,619.287308,0.000197
4681,SENSOR_DATA,31,1,31->21->11->1,3,619.889377,619.889618,0.000241
4685,SENSOR_DATA,12,1,12->2->1,2,620.316218,620.316386,0.000167
4697,SENSOR_DATA,0,1,0->1,1,621.188125,621.188173,0.000048
4698,SENSOR_DATA,32,1,32->22->11->1,3,621.223711,621.223980,0.000269
4699,SENSOR_DATA,13,1,13->3->2->1,3,621.223882,621.224077,0.000195
4703,SENSOR_DATA,40,1,40->41->31->21->11->1,5,621.867377,621.867759,0.000382
4706,SENSOR_DATA,2,1,2->1,1,622.104102,622.104172,0.000070
4708,SENSOR_DATA,14,1,14->23->12->2->1,4,622.690114,622.690457,0.000344
4718,SENSOR_DATA,3,1,3->2->1,2,623.494044,623.494184,0.000140
4722,SENSOR_DATA,11,1,11->1,1,624.204738,624.204831,0.000093
4725,SENSOR_DATA,34,1,34->23->12->2->1,4,624.554077,624.554418,0.000341
4727,SENSOR_DATA,4,1,4->13->3->2->1,4,624.696931,624.697209,0.000279
4730,SENSOR_DATA,23,1,23->12->2->1,3,624.912783,624.913021,0.000239
4735,SENSOR_DATA,21,1,21->11->1,2,625.481629,625.481799,0.000170
4739,SENSOR_DATA,10,1,10->1,1,625.580227,625.580296,0.000069
4743,SENSOR_DATA,41,1,41->31->21->11->1,4,625.923126,625.923431,0.000306
4748,SENSOR_DATA,42,1,42->31->21->11->1,4,626.253404,626.253738,0.000335
4753,SENSOR_DATA,30,1,30->21->11->1,3,626.467984,626.468202,0.000219
4759,SENSOR_DATA,35,1,35->34->23->12->2->1,5,627.439348,627.439752,0.000404
4771,SENSOR_DATA,22,1,22->11->1,2,628.591410,628.591575,0.000165
4773,SENSOR_DATA,20,1,20->11->1,2,629.287111,629.287308,0.000197
4780,SENSOR_DATA,31,1,31->21->11->1,3,629.889377,629.889618,0.000241
4784,SENSOR_DATA,12,1,12->2->1,2,630.316218,630.316386,0.000167
4796,SENSOR_DATA,0,1,0->1,1,631.188125,631.188173,0.000048
4797,SENSOR_DATA,32,1,32->22->11->1,3,631.223711,631.223980,0.000269
4798,SENSOR_DATA,13,1,13->3->2->1,3,631.223882,631.224077,0.000195
4802,SENSOR_DATA,40,1,40->41->31->21->11->1,5,631.867377,631.867759,0.000382
4805,SENSOR_DATA,2,1,2->1,1,632.104102,632.104172,0.000070
4807,SENSOR_DATA,14,1,14->23->12->2->1,4,632.690114,632.690457,0.000344
4817,SENSOR_DATA,3,1,3->2->1,2,633.494044,633.494184,0.000140
4821,SENSOR_DATA,11,1,11->1,1,634.204738,634.204831,0.000093
4824,SENSOR_DATA,34,1,34->23->12->2->1,4,634.554077,634.554418,0.000341
4826,SENSOR_DATA,4,1,4->13->3->2->1,4,634.696931,634.697209,0.000279
4829,SENSOR_DATA,23,1,23->12->2->1,3,634.912783,634.913021,0.000239
4834,SENSOR_DATA,21,1,21->11->1,2,635.481629,635.481799,0.000170
4838,SENSOR_DATA,10,1,10->1,1,635.580227,635.580296,0.000069
4842,SENSOR_DATA,41,1,41->31->21->11->1,4,635.923126,635.923431,0.000306
4847,SENSOR_DATA,42,1,42->31->21->11->1,4,636.253404,636.253738,0.000335
4852,SENSOR_DATA,30,1,30->21->11->1,3,636.467984,636.468202,0.000219
4858,SENSOR_DATA,35,1,35->34->23->12->2->1,5,637.439348,637.439752,0.000404
4870,SENSOR_DATA,22,1,22->11->1,2,638.591410,638.591575,0.000165
4872,SENSOR_DATA,20,1,20->11->1,2,639.287111,639.287308,0.000197
4879,SENSOR_DATA,31,1,31->21->11->1,3,639.889377,639.889618,0.000241
4883,SENSOR_DATA,12,1,12->2->1,2,640.316218,640.316386,0.000167
4895,SENSOR_DATA,0,1,0->1,1,641.188125,641.188173,0.000048
4896,SENSOR_DATA,32,1,32->22->11->1,3,641.223711,641.223980,0.000269
4897,SENSOR_DATA,13,1,13->3->2->1,3,641.223882,641.224077,0.000195
4901,SENSOR_DATA,40,1,40->41->31->21->11->1,5,641.867377,641.867759,0.000382
4904,SENSOR_DATA,2,1,2->1,1,642.104102,642.104172,0.000070
4906,SENSOR_DATA,14,1,14->23->12->2->1,4,642.690114,642.690457,0.000344
4916,SENSOR_DATA,3,1,3->2->1,2,643.494044,643.494184,0.000140
4920,SENSOR_DATA,11,1,11->1,1,644.204738,644.204831,0.000093
4923,SENSOR_DATA,34,1,34->23->12->2->1,4,644.554077,644.554418,0.000341
4925,SENSOR_DATA,4,1,4->13->3->2->1,4,644.696931,644.697209,0.000279
4928,SENSOR_DATA,23,1,23->12->2->1,3,644.912783,644.913021,0.000239
4933,SENSOR_DATA,21,1,21->11->1,2,645.481629,645.481799,0.000170
4937,SENSOR_DATA,10,1,10->1,1,645.580227,645.580296,0.000069
4941,SENSOR_DATA,41,1,41->31->21->11->1,4,645.923126,645.923431,0.000306
4946,SENSOR_DATA,42,1,42->31->21->11->1,4,646.253404,646.253738,0.000335
4951,SENSOR_DATA,30,1,30->21->11->1,3,646.467984,646.468202,0.000219
4957,SENSOR_DATA,35,1,35->34->23->12->2->1,5,647.439348,647.439752,0.000404
4969,SENSOR_DATA,22,1,22->11->1,2,648.591410,648.591575,0.000165
4971,SENSOR_DATA,20,1,20->11->1,2,649.287111,649.287308,0.000197
4978,SENSOR_DATA,31,1,31->21->11->1,3,649.889377,649.889618,0.000241
4982,SENSOR_DATA,12,1,12->2->1,2,650.316218,650.316386,0.000167
4994,SENSOR_DATA,0,1,0->1,1,651.188125,651.188173,0.000048
4995,SENSOR_DATA,32,1,32->22->11->1,3,651.223711,651.223980,0.000269
4996,SENSOR_DATA,13,1,13->3->2->1,3,651.223882,651.224077,0.000195
5000,SENSOR_DATA,40,1,40->41->31->21->11->1,5,651.867377,651.867759,0.000382
5003,SENSOR_DATA,2,1,2->1,1,652.104102,652.104172,0.000070
5005,SENSOR_DATA,14,1,14->23->12->2->1,4,652.690114,652.690457,0.000344
5015,SENSOR_DATA,3,1,3->2->1,2,653.494044,653.494184,0.000140
5019,SENSOR_DATA,11,1,11->1,1,654.204738,654.204831,0.000093
5022,SENSOR_DATA,34,1,34->23->12->2->1,4,654.554077,654.554418,0.000341
5024,SENSOR_DATA,4,1,4->13->3->2->1,4,654.696931,654.697209,0.000279
5027,SENSOR_DATA,23,1,23->12->2->1,3,654.912783,654.913021,0.000239
5032,SENSOR_DATA,21,1,21->11->1,2,655.481629,655.481799,0.000170
5036,SENSOR_DATA,10,1,10->1,1,655.580227,655.580296,0.000069
5040,SENSOR_DATA,41,1,41->31->21->11->1,4,655.923126,655.923431,0.000306
5045,SENSOR_DATA,42,1,42->31->21->11->1,4,656.253404,656.253738,0.000335
5050,SENSOR_DATA,30,1,30->21->11->1,3,656.467984,656.468202,0.000219
5056,SENSOR_DATA,35,1,35->34->23->12->2->1,5,657.439348,657.439752,0.000404
5068,SENSOR_DATA,22,1,22->11->1,2,658.591410,658.591575,0.000165
5070,SENSOR_DATA,20,1,20->11->1,2,659.287111,659.287308,0.000197
5077,SENSOR_DATA,31,1,31->21->11->1,3,659.889377,659.889618,0.000241
5081,SENSOR_DATA,12,1,12->2->1,2,660.316218,660.316386,0.000167
5093,SENSOR_DATA,0,1,0->1,1,661.188125,661.188173,0.000048
5094,SENSOR_DATA,32,1,32->22->11->1,3,661.223711,661.223980,0.000269
5095,SENSOR_DATA,13,1,13->3->2->1,3,661.223882,661.224077,0.000195
5099,SENSOR_DATA,40,1,40->41->31->21->11->1,5,661.867377,661.867759,0.000382
5102,SENSOR_DATA,2,1,2->1,1,662.104102,662.104172,0.000070
5104,SENSOR_DATA,14,1,14->23->12->2->1,4,662.690114,662.690457,0.000344
5114,SENSOR_DATA,3,1,3->2->1,2,663.494044,663.494184,0.000140
5118,SENSOR_DATA,11,1,11->1,1,664.204738,664.204831,0.000093
5121,SENSOR_DATA,34,1,34->23->12->2->1,4,664.554077,664.554418,0.000341
5123,SENSOR_DATA,4,1,4->13->3->2->1,4,664.696931,664.697209,0.000279
5126,SENSOR_DATA,23,1,23->12->2->1,3,664.912783,664.913021,0.000239
5131,SENSOR_DATA,21,1,21->11->1,2,665.481629,665.481799,0.000170
5135,SENSOR_DATA,10,1,10->1,1,665.580227,665.580296,0.000069
5139,SENSOR_DATA,41,1,41->31->21->11->1,4,665.923126,665.923431,0.000306
5144,SENSOR_DATA,42,1,42->31->21->11->1,4,666.253404,666.253738,0.000335
5149,SENSOR_DATA,30,1,30->21->11->1,3,666.467984,666.468202,0.000219
5155,SENSOR_DATA,35,1,35->34->23->12->2->1,5,667.439348,667.439752,0.000404
5167,SENSOR_DATA,22,1,22->11->1,2,668.591410,668.591575,0.000165
5169,SENSOR_DATA,20,1,20->11->1,2,669.287111,669.287308,0.000197
5176,SENSOR_DATA,31,1,31->21->11->1,3,669.889377,669.889618,0.000241
5180,SENSOR_DATA,12,1,12->2->1,2,670.316218,670.316386,0.000167
5192,SENSOR_DATA,0,1,0->1,1,671.188125,671.188173,0.000048
5193,SENSOR_DATA,32,1,32->22->11->1,3,671.223711,671.223980,0.000269
5194,SENSOR_DATA,13,1,13->3->2->1,3,671.223882,671.224077,0.000195
5198,SENSOR_DATA,40,1,40->41->31->21->11->1,5,671.867377,671.867759,0.000382
5201,SENSOR_DATA,2,1,2->1,1,672.104102,672.104172,0.000070
5203,SENSOR_DATA,14,1,14->23->12->2->1,4,672.690114,672.690457,0.000344
5213,SENSOR_DATA,3,1,3->2->1,2,673.494044,673.494184,0.000140
5217,SENSOR_DATA,11,1,11->1,1,674.204738,674.204831,0.000093
5220,SENSOR_DATA,34,1,34->23->12->2->1,4,674.554077,674.554418,0.000341
5222,SENSOR_DATA,4,1,4->13->3->2->1,4,674.696931,674.697209,0.000279
5225,SENSOR_DATA,23,1,23->12->2->1,3,674.912783,674.913021,0.000239
5230,SENSOR_DATA,21,1,21->11->1,2,675.481629,675.481799,0.000170
5234,SENSOR_DATA,10,1,10->1,1,675.580227,675.580296,0.000069
5238,SENSOR_DATA,41,1,41->31->21->11->1,4,675.923126,675.923431,0.000306
5243,SENSOR_DATA,42,1,42->31->21->11->1,4,676.253404,676.253738,0.000335
5248,SENSOR_DATA,30,1,30->21->11->1,3,676.467984,676.468202,0.000219
5254,SENSOR_DATA,35,1,35->34->23->12->2->1,5,677.439348,677.439752,0.000404
5266,SENSOR_DATA,22,1,22->11->1,2,678.591410,678.591575,0.000165
5268,SENSOR_DATA,20,1,20->11->1,2,679.287111,679.287308,0.000197
5275,SENSOR_DATA,31,1,31->21->11->1,3,679.889377,679.889618,0.000241
5279,SENSOR_DATA,12,1,12->2->1,2,680.316218,680.316386,0.000167
5291,SENSOR_DATA,0,1,0->1,1,681.188125,681.188173,0.000048
5292,SENSOR_DATA,32,1,32->22->11->1,3,681.223711,681.223980,0.000269
5293,SENSOR_DATA,13,1,13->3->2->1,3,681.223882,681.224077,0.000195
5297,SENSOR_DATA,40,1,40->41->31->21->11->1,5,681.867377,681.867759,0.000382
5300,SENSOR_DATA,2,1,2->1,1,682.104102,682.104172,0.000070
5302,SENSOR_DATA,14,1,14->23->12->2->1,4,682.690114,682.690457,0.000344
5312,SENSOR_DATA,3,1,3->2->1,2,683.494044,683.494184,0.000140
5316,SENSOR_DATA,11,1,11->1,1,684.204738,684.204831,0.000093
5319,SENSOR_DATA,34,1,34->23->12->2->1,4,684.554077,684.554418,0.000341
5321,SENSOR_DATA,4,1,4->13->3->2->1,4,684.696931,684.697209,0.000279
5324,SENSOR_DATA,23,1,23->12->2->1,3,684.912783,684.913021,0.000239
5329,SENSOR_DATA,21,1,21->11->1,2,685.481629,685.481799,0.000170
5333,SENSOR_DATA,10,1,10->1,1,685.580227,685.580296,0.000069
5337,SENSOR_DATA,41,1,41->31->21->11->1,4,685.923126,685.923431,0.000306
5342,SENSOR_DATA,42,1,42->31->21->11->1,4,686.253404,686.253738,0.000335
5347,SENSOR_DATA,30,1,30->21->11->1,3,686.467984,686.468202,0.000219
5353,SENSOR_DATA,35,1,35->34->23->12->2->1,5,687.439348,687.439752,0.000404
5365,SENSOR_DATA,22,1,22->11->1,2,688.591410,688.591575,0.000165
5367,SENSOR_DATA,20,1,20->11->1,2,689.287111,689.287308,0.000197
5374,SENSOR_DATA,31,1,31->21->11->1,3,689.889377,689.889618,0.000241
5378,SENSOR_DATA,12,1,12->2->1,2,690.316218,690.316386,0.000167
5390,SENSOR_DATA,0,1,0->1,1,691.188125,691.188173,0.000048
5391,SENSOR_DATA,32,1,32->22->11->1,3,691.223711,691.223980,0.000269
5392,SENSOR_DATA,13,1,13->3->2->1,3,691.223882,691.224077,0.000195
5396,SENSOR_DATA,40,1,40->41->31->21->11->1,5,691.867377,691.867759,0.000382
5399,SENSOR_DATA,2,1,2->1,1,692.104102,692.104172,0.000070
5401,SENSOR_DATA,14,1,14->23->12->2->1,4,692.690114,692.690457,0.000344
5411,SENSOR_DATA,3,1,3->2->1,2,693.494044,693.494184,0.000140
5415,SENSOR_DATA,11,1,11->1,1,694.204738,694.204831,0.000093
5418,SENSOR_DATA,34,1,34->23->12->2->1,4,694.554077,694.554418,0.000341
5420,SENSOR_DATA,4,1,4->13->3->2->1,4,694.696931,694.697209,0.000279
5423,SENSOR_DATA,23,1,23->12->2->1,3,694.912783,694.913021,0.000239
5428,SENSOR_DATA,21,1,21->11->1,2,695.481629,695.481799,0.000170
5432,SENSOR_DATA,10,1,10->1,1,695.580227,695.580296,0.000069
5436,SENSOR_DATA,41,1,41->31->21->11->1,4,695.923126,695.923431,0.000306
5441,SENSOR_DATA,42,1,42->31->21->11->1,4,696.253404,696.253738,0.000335
5446,SENSOR_DATA,30,1,30->21->11->1,3,696.467984,696.468202,0.000219
5452,SENSOR_DATA,35,1,35->34->23->12->2->1,5,697.439348,697.439752,0.000404
5464,SENSOR_DATA,22,1,22->11->1,2,698.591410,698.591575,0.000165
5466,SENSOR_DATA,20,1,20->11->1,2,699.287111,699.287308,0.000197
5473,SENSOR_DATA,31,1,31->21->11->1,3,699.889377,699.889618,0.000241
5477,SENSOR_DATA,12,1,12->2->1,2,700.316218,700.316386,0.000167
5489,SENSOR_DATA,0,1,0->1,1,701.188125,701.188173,0.000048
5490,SENSOR_DATA,32,1,32->22->11->1,3,701.223711,701.223980,0.000269
5491,SENSOR_DATA,13,1,13->3->2->1,3,701.223882,701.224077,0.000195
5495,SENSOR_DATA,40,1,40->41->31->21->11->1,5,701.867377,701.867759,0.000382
5498,SENSOR_DATA,2,1,2->1,1,702.104102,702.104172,0.000070
5500,SENSOR_DATA,14,1,14->23->12->2->1,4,702.690114,702.690457,0.000344
5510,SENSOR_DATA,3,1,3->2->1,2,703.494044,703.494184,0.000140
5514,SENSOR_DATA,11,1,11->1,1,704.204738,704.204831,0.000093
5517,SENSOR_DATA,34,1,34->23->12->2->1,4,704.554077,704.554418,0.000341
5519,SENSOR_DATA,4,1,4->13->3->2->1,4,704.696931,704.697209,0.000279
5522,SENSOR_DATA,23,1,23->12->2->1,3,704.912783,704.913021,0.000239
5527,SENSOR_DATA,21,1,21->11->1,2,705.481629,705.481799,0.000170
5531,SENSOR_DATA,10,1,10->1,1,705.580227,705.580296,0.000069
5535,SENSOR_DATA,41,1,41->31->21->11->1,4,705.923126,705.923431,0.000306
5540,SENSOR_DATA,42,1,42->31->21->11->1,4,706.253404,706.253738,0.000335
5545,SENSOR_DATA,30,1,30->21->11->1,3,706.467984,706.468202,0.000219
5551,SENSOR_DATA,35,1,35->34->23->12->2->1,5,707.439348,707.439752,0.000404
5563,SENSOR_DATA,22,1,22->11->1,2,708.591410,708.591575,0.000165
5565,SENSOR_DATA,20,1,20->11->1,2,709.287111,709.287308,0.000197
5572,SENSOR_DATA,31,1,31->21->11->1,3,709.889377,709.889618,0.000241
5576,SENSOR_DATA,12,1,12->2->1,2,710.316218,710.316386,0.000167
5588,SENSOR_DATA,0,1,0->1,1,711.188125,711.188173,0.000048
5589,SENSOR_DATA,32,1,32->22->11->1,3,711.223711,711.223980,0.000269
5590,SENSOR_DATA,13,1,13->3->2->1,3,711.223882,711.224077,0.000195
5594,SENSOR_DATA,40,1,40->41->31->21->11->1,5,711.867377,711.867759,0.000382
5597,SENSOR_DATA,2,1,2->1,1,712.104102,712.104172,0.000070
5599,SENSOR_DATA,14,1,14->23->12->2->1,4,712.690114,712.690457,0.000344
5609,SENSOR_DATA,3,1,3->2->1,2,713.494044,713.494184,0.000140
5613,SENSOR_DATA,11,1,11->1,1,714.204738,714.204831,0.000093
5616,SENSOR_DATA,34,1,34->23->12->2->1,4,714.554077,714.554418,0.000341
5618,SENSOR_DATA,4,1,4->13->3->2->1,4,714.696931,714.697209,0.000279
5621,SENSOR_DATA,23,1,23->12->2->1,3,714.912783,714.913021,0.000239
5626,SENSOR_DATA,21,1,21->11->1,2,715.481629,715.481799,0.000170
5630,SENSOR_DATA,10,1,10->1,1,715.580227,715.580296,0.000069
5634,SENSOR_DATA,41,1,41->31->21->11->1,4,715.923126,715.923431,0.000306
5639,SENSOR_DATA,42,1,42->31->21->11->1,4,716.253404,716.253738,0.000335
5644,SENSOR_DATA,30,1,30->21->11->1,3,716.467984,716.468202,0.000219
5650,SENSOR_DATA,35,1,35->34->23->12->2->1,5,717.439348,717.439752,0.000404
5662,SENSOR_DATA,22,1,22->11->1,2,718.591410,718.591575,0.000165
5664,SENSOR_DATA,20,1,20->11->1,2,719.287111,719.287308,0.000197
5671,SENSOR_DATA,31,1,31->21->11->1,3,719.889377,719.889618,0.000241
5675,SENSOR_DATA,12,1,12->2->1,2,720.316218,720.316386,0.000167
5687,SENSOR_DATA,0,1,0->1,1,721.188125,721.188173,0.000048
5688,SENSOR_DATA,32,1,32->22->11->1,3,721.223711,721.223980,0.000269
5689,SENSOR_DATA,13,1,13->3->2->1,3,721.223882,721.224077,0.000195
5693,SENSOR_DATA,40,1,40->41->31->21->11->1,5,721.867377,721.867759,0.000382
5696,SENSOR_DATA,2,1,2->1,1,722.104102,722.104172,0.000070
5698,SENSOR_DATA,14,1,14->23->12->2->1,4,722.690114,722.690457,0.000344
5708,SENSOR_DATA,3,1,3->2->1,2,723.494044,723.494184,0.000140
5712,SENSOR_DATA,11,1,11->1,1,724.204738,724.204831,0.000093
5715,SENSOR_DATA,34,1,34->23->12->2->1,4,724.554077,724.554418,0.000341
5717,SENSOR_DATA,4,1,4->13->3->2->1,4,724.696931,724.697209,0.000279
5720,SENSOR_DATA,23,1,23->12->2->1,3,724.912783,724.913021,0.000239
5725,SENSOR_DATA,21,1,21->11->1,2,725.481629,725.481799,0.000170
5729,SENSOR_DATA,10,1,10->1,1,725.580227,725.580296,0.000069
5733,SENSOR_DATA,41,1,41->31->21->11->1,4,725.923126,725.923431,0.000306
5738,SENSOR_DATA,42,1,42->31->21->11->1,4,726.253404,726.253738,0.000335
5743,SENSOR_DATA,30,1,30->21->11->1,3,726.467984,726.468202,0.000219
5749,SENSOR_DATA,35,1,35->34->23->12->2->1,5,727.439348,727.439752,0.000404
5761,SENSOR_DATA,22,1,22->11->1,2,728.591410,728.591575,0.000165
5763,SENSOR_DATA,20,1,20->11->1,2,729.287111,729.287308,0.000197
5770,SENSOR_DATA,31,1,31->21->11->1,3,729.889377,729.889618,0.000241
5774,SENSOR_DATA,12,1,12->2->1,2,730.316218,730.316386,0.000167
5786,SENSOR_DATA,0,1,0->1,1,731.188125,731.188173,0.000048
5787,SENSOR_DATA,32,1,32->22->11->1,3,731.223711,731.223980,0.000269
5788,SENSOR_DATA,13,1,13->3->2->1,3,731.223882,731.224077,0.000195
5792,SENSOR_DATA,40,1,40->41->31->21->11->1,5,731.867377,731.867759,0.000382
5795,SENSOR_DATA,2,1,2->1,1,732.104102,732.104172,0.000070
5797,SENSOR_DATA,14,1,14->23->12->2->1,4,732.690114,732.690457,0.000344
5807,SENSOR_DATA,3,1,3->2->1,2,733.494044,733.494184,0.000140
5811,SENSOR_DATA,11,1,11->1,1,734.204738,734.204831,0.000093
5814,SENSOR_DATA,34,1,34->23->12->2->1,4,734.554077,734.554418,0.000341
5816,SENSOR_DATA,4,1,4->13->3->2->1,4,734.696931,734.697209,0.000279
5819,SENSOR_DATA,23,1,23->12->2->1,3,734.912783,734.913021,0.000239
5824,SENSOR_DATA,21,1,21->11->1,2,735.481629,735.481799,0.000170
5828,SENSOR_DATA,10,1,10->1,1,735.580227,735.580296,0.000069
5832,SENSOR_DATA,41,1,41->31->21->11->1,4,735.923126,735.923431,0.000306
5837,SENSOR_DATA,42,1,42->31->21->11->1,4,736.253404,736.253738,0.000335
5842,SENSOR_DATA,30,1,30->21->11->1,3,736.467984,736.468202,0.000219
5848,SENSOR_DATA,35,1,35->34->23->12->2->1,5,737.439348,737.439752,0.000404
5860,SENSOR_DATA,22,1,22->11->1,2,738.591410,738.591575,0.000165
5862,SENSOR_DATA,20,1,20->11->1,2,739.287111,739.287308,0.000197
5869,SENSOR_DATA,31,1,31->21->11->1,3,739.889377,739.889618,0.000241
5873,SENSOR_DATA,12,1,12->2->1,2,740.316218,740.316386,0.000167
5885,SENSOR_DATA,0,1,0->1,1,741.188125,741.188173,0.000048
5886,SENSOR_DATA,32,1,32->22->11->1,3,741.223711,741.223980,0.000269
5887,SENSOR_DATA,13,1,13->3->2->1,3,741.223882,741.224077,0.000195
5891,SENSOR_DATA,40,1,40->41->31->21->11->1,5,741.867377,741.867759,0.000382
5894,SENSOR_DATA,2,1,2->1,1,742.104102,742.104172,0.000070
5896,SENSOR_DATA,14,1,14->23->12->2->1,4,742.690114,742.690457,0.000344
5906,SENSOR_DATA,3,1,3->2->1,2,743.494044,743.494184,0.000140
5910,SENSOR_DATA,11,1,11->1,1,744.204738,744.204831,0.000093
5913,SENSOR_DATA,34,1,34->23->12->2->1,4,744.554077,744.554418,0.000341
5915,SENSOR_DATA,4,1,4->13->3->2->1,4,744.696931,744.697209,0.000279
5918,SENSOR_DATA,23,1,23->12->2->1,3,744.912783,744.913021,0.000239
5923,SENSOR_DATA,21,1,21->11->1,2,745.481629,745.481799,0.000170
5927,SENSOR_DATA,10,1,10->1,1,745.580227,745.580296,0.000069
5931,SENSOR_DATA,41,1,41->31->21->11->1,4,745.923126,745.923431,0.000306
5936,SENSOR_DATA,42,1,42->31->21->11->1,4,746.253404,746.253738,0.000335
5941,SENSOR_DATA,30,1,30->21->11->1,3,746.467984,746.468202,0.000219
5947,SENSOR_DATA,35,1,35->34->23->12->2->1,5,747.439348,747.439752,0.000404
5959,SENSOR_DATA,22,1,22->11->1,2,748.591410,748.591575,0.000165
5961,SENSOR_DATA,20,1,20->11->1,2,749.287111,749.287308,0.000197
5968,SENSOR_DATA,31,1,31->21->11->1,3,749.889377,749.889618,0.000241
5972,SENSOR_DATA,12,1,12->2->1,2,750.316218,750.316386,0.000167
5984,SENSOR_DATA,0,1,0->1,1,751.188125,751.188173,0.000048
5985,SENSOR_DATA,32,1,32->22->11->1,3,751.223711,751.223980,0.000269
5986,SENSOR_DATA,13,1,13->3->2->1,3,751.223882,751.224077,0.000195
5990,SENSOR_DATA,40,1,40->41->31->21->11->1,5,751.867377,751.867759,0.000382
5993,SENSOR_DATA,2,1,2->1,1,752.104102,752.104172,0.000070
5995,SENSOR_DATA,14,1,14->23->12->2->1,4,752.690114,752.690457,0.000344
6005,SENSOR_DATA,3,1,3->2->1,2,753.494044,753.494184,0.000140
6009,SENSOR_DATA,11,1,11->1,1,754.204738,754.204831,0.000093
6012,SENSOR_DATA,34,1,34->23->12->2->1,4,754.554077,754.554418,0.000341
6014,SENSOR_DATA,4,1,4->13->3->2->1,4,754.696931,754.697209,0.000279
6017,SENSOR_DATA,23,1,23->12->2->1,3,754.912783,754.913021,0.000239
6022,SENSOR_DATA,21,1,21->11->1,2,755.481629,755.481799,0.000170
6026,SENSOR_DATA,10,1,10->1,1,755.580227,755.580296,0.000069
6030,SENSOR_DATA,41,1,41->31->21->11->1,4,755.923126,755.923431,0.000306
6035,SENSOR_DATA,42,1,42->31->21->11->1,4,756.253404,756.253738,0.000335
6040,SENSOR_DATA,30,1,30->21->11->1,3,756.467984,756.468202,0.000219
6046,SENSOR_DATA,35,1,35->34->23->12->2->1,5,757.439348,757.439752,0.000404
6058,SENSOR_DATA,22,1,22->11->1,2,758.591410,758.591575,0.000165
6060,SENSOR_DATA,20,1,20->11->1,2,759.287111,759.287308,0.000197
6067,SENSOR_DATA,31,1,31->21->11->1,3,759.889377,759.889618,0.000241
6071,SENSOR_DATA,12,1,12->2->1,2,760.316218,760.316386,0.000167
6083,SENSOR_DATA,0,1,0->1,1,761.188125,761.188173,0.000048
6084,SENSOR_DATA,32,1,32->22->11->1,3,761.223711,761.223980,0.000269
6085,SENSOR_DATA,13,1,13->3->2->1,3,761.223882,761.224077,0.000195
6089,SENSOR_DATA,40,1,40->41->31->21->11->1,5,761.867377,761.867759,0.000382
6092,SENSOR_DATA,2,1,2->1,1,762.104102,762.104172,0.000070
6094,SENSOR_DATA,14,1,14->23->12->2->1,4,762.690114,762.690457,0.000344
6104,SENSOR_DATA,3,1,3->2->1,2,763.494044,763.494184,0.000140
6108,SENSOR_DATA,11,1,11->1,1,764.204738,764.204831,0.000093
6111,SENSOR_DATA,34,1,34->23->12->2->1,4,764.554077,764.554418,0.000341
6113,SENSOR_DATA,4,1,4->13->3->2->1,4,764.696931,764.697209,0.000279
6116,SENSOR_DATA,23,1,23->12->2->1,3,764.912783,764.913021,0.000239
6121,SENSOR_DATA,21,1,21->11->1,2,765.481629,765.481799,0.000170
6125,SENSOR_DATA,10,1,10->1,1,765.580227,765.580296,0.000069
6129,SENSOR_DATA,41,1,41->31->21->11->1,4,765.923126,765.923431,0.000306
6134,SENSOR_DATA,42,1,42->31->21->11->1,4,766.253404,766.253738,0.000335
6139,SENSOR_DATA,30,1,30->21->11->1,3,766.467984,766.468202,0.000219
6145,SENSOR_DATA,35,1,35->34->23->12->2->1,5,767.439348,767.439752,0.000404
6157,SENSOR_DATA,22,1,22->11->1,2,768.591410,768.591575,0.000165
6159,SENSOR_DATA,20,1,20->11->1,2,769.287111,769.287308,0.000197
6166,SENSOR_DATA,31,1,31->21->11->1,3,769.889377,769.889618,0.000241
6170,SENSOR_DATA,12,1,12->2->1,2,770.316218,770.316386,0.000167
6182,SENSOR_DATA,0,1,0->1,1,771.188125,771.188173,0.000048
6183,SENSOR_DATA,32,1,32->22->11->1,3,771.223711,771.223980,0.000269
6184,SENSOR_DATA,13,1,13->3->2->1,3,771.223882,771.224077,0.000195
6188,SENSOR_DATA,40,1,40->41->31->21->11->1,5,771.867377,771.867759,0.000382
6191,SENSOR_DATA,2,1,2->1,1,772.104102,772.104172,0.000070
6193,SENSOR_DATA,14,1,14->23->12->2->1,4,772.690114,772.690457,0.000344
6203,SENSOR_DATA,3,1,3->2->1,2,773.494044,773.494184,0.000140
6207,SENSOR_DATA,11,1,11->1,1,774.204738,774.204831,0.000093
6210,SENSOR_DATA,34,1,34->23->12->2->1,4,774.554077,774.554418,0.000341
6212,SENSOR_DATA,4,1,4->13->3->2->1,4,774.696931,774.697209,0.000279
6215,SENSOR_DATA,23,1,23->12->2->1,3,774.912783,774.913021,0.000239
6220,SENSOR_DATA,21,1,21->11->1,2,775.481629,775.481799,0.000170
6224,SENSOR_DATA,10,1,10->1,1,775.580227,775.580296,0.000069
6228,SENSOR_DATA,41,1,41->31->21->11->1,4,775.923126,775.923431,0.000306
6233,SENSOR_DATA,42,1,42->31->21->11->1,4,776.253404,776.253738,0.000335
6238,SENSOR_DATA,30,1,30->21->11->1,3,776.467984,776.468202,0.000219
6244,SENSOR_DATA,35,1,35->34->23->12->2->1,5,777.439348,777.439752,0.000404
6256,SENSOR_DATA,22,1,22->11->1,2,778.591410,778.591575,0.000165
6258,SENSOR_DATA,20,1,20->11->1,2,779.287111,779.287308,0.000197
6265,SENSOR_DATA,31,1,31->21->11->1,3,779.889377,779.889618,0.000241
6269,SENSOR_DATA,12,1,12->2->1,2,780.316218,780.316386,0.000167
6281,SENSOR_DATA,0,1,0->1,1,781.188125,781.188173,0.000048
6282,SENSOR_DATA,32,1,32->22->11->1,3,781.223711,781.223980,0.000269
6283,SENSOR_DATA,13,1,13->3->2->1,3,781.223882,781.224077,0.000195
6287,SENSOR_DATA,40,1,40->41->31->21->11->1,5,781.867377,781.867759,0.000382
6290,SENSOR_DATA,2,1,2->1,1,782.104102,782.104172,0.000070
6292,SENSOR_DATA,14,1,14->23->12->2->1,4,782.690114,782.690457,0.000344
6302,SENSOR_DATA,3,1,3->2->1,2,783.494044,783.494184,0.000140
6306,SENSOR_DATA,11,1,11->1,1,784.204738,784.204831,0.000093
6309,SENSOR_DATA,34,1,34->23->12->2->1,4,784.554077,784.554418,0.000341
6311,SENSOR_DATA,4,1,4->13->3->2->1,4,784.696931,784.697209,0.000279
6314,SENSOR_DATA,23,1,23->12->2->1,3,784.912783,784.913021,0.000239
6319,SENSOR_DATA,21,1,21->11->1,2,785.481629,785.481799,0.000170
6323,SENSOR_DATA,10,1,10->1,1,785.580227,785.580296,0.000069
6327,SENSOR_DATA,41,1,41->31->21->11->1,4,785.923126,785.923431,0.000306
6332,SENSOR_DATA,42,1,42->31->21->11->1,4,786.253404,786.253738,0.000335
6337,SENSOR_DATA,30,1,30->21->11->1,3,786.467984,786.468202,0.000219
6343,SENSOR_DATA,35,1,35->34->23->12->2->1,5,787.439348,787.439752,0.000404
6355,SENSOR_DATA,22,1,22->11->1,2,788.591410,788.591575,0.000165
6357,SENSOR_DATA,20,1,20->11->1,2,789.287111,789.287308,0.000197
6364,SENSOR_DATA,31,1,31->21->11->1,3,789.889377,789.889618,0.000241
6368,SENSOR_DATA,12,1,12->2->1,2,790.316218,790.316386,0.000167
6380,SENSOR_DATA,0,1,0->1,1,791.188125,791.188173,0.000048
6381,SENSOR_DATA,32,1,32->22->11->1,3,791.223711,791.223980,0.000269
6382,SENSOR_DATA,13,1,13->3->2->1,3,791.223882,791.224077,0.000195
6386,SENSOR_DATA,40,1,40->41->31->21->11->1,5,791.867377,791.867759,0.000382
6389,SENSOR_DATA,2,1,2->1,1,792.104102,792.104172,0.000070
6391,SENSOR_DATA,14,1,14->23->12->2->1,4,792.690114,792.690457,0.000344
6401,SENSOR_DATA,3,1,3->2->1,2,793.494044,793.494184,0.000140
6405,SENSOR_DATA,11,1,11->1,1,794.204738,794.204831,0.000093
6408,SENSOR_DATA,34,1,34->23->12->2->1,4,794.554077,794.554418,0.000341
6410,SENSOR_DATA,4,1,4->13->3->2->1,4,794.696931,794.697209,0.000279
6413,SENSOR_DATA,23,1,23->12->2->1,3,794.912783,794.913021,0.000239
6418,SENSOR_DATA,21,1,21->11->1,2,795.481629,795.481799,0.000170
6422,SENSOR_DATA,10,1,10->1,1,795.580227,795.580296,0.000069
6426,SENSOR_DATA,41,1,41->31->21->11->1,4,795.923126,795.923431,0.000306
6431,SENSOR_DATA,42,1,42->31->21->11->1,4,796.253404,796.253738,0.000335
6436,SENSOR_DATA,30,1,30->21->11->1,3,796.467984,796.468202,0.000219
6442,SENSOR_DATA,35,1,35->34->23->12->2->1,5,797.439348,797.439752,0.000404
6454,SENSOR_DATA,22,1,22->11->1,2,798.591410,798.591575,0.000165
6456,SENSOR_DATA,20,1,20->11->1,2,799.287111,799.287308,0.000197
6463,SENSOR_DATA,31,1,31->21->11->1,3,799.889377,799.889618,0.000241
6467,SENSOR_DATA,12,1,12->2->1,2,800.316218,800.316386,0.000167
6479,SENSOR_DATA,0,1,0->1,1,801.188125,801.188173,0.000048
6480,SENSOR_DATA,32,1,32->22->11->1,3,801.223711,801.223980,0.000269
6481,SENSOR_DATA,13,1,13->3->2->1,3,801.223882,801.224077,0.000195
6485,SENSOR_DATA,40,1,40->41->31->21->11->1,5,801.867377,801.867759,0.000382
6488,SENSOR_DATA,2,1,2->1,1,802.104102,802.104172,0.000070
6490,SENSOR_DATA,14,1,14->23->12->2->1,4,802.690114,802.690457,0.000344
6500,SENSOR_DATA,3,1,3->2->1,2,803.494044,803.494184,0.000140
6504,SENSOR_DATA,11,1,11->1,1,804.204738,804.204831,0.000093
6507,SENSOR_DATA,34,1,34->23->12->2->1,4,804.554077,804.554418,0.000341
6509,SENSOR_DATA,4,1,4->13->3->2->1,4,804.696931,804.697209,0.000279
6512,SENSOR_DATA,23,1,23->12->2->1,3,804.912783,804.913021,0.000239
6517,SENSOR_DATA,21,1,21->11->1,2,805.481629,805.481799,0.000170
6521,SENSOR_DATA,10,1,10->1,1,805.580227,805.580296,0.000069
6525,SENSOR_DATA,41,1,41->31->21->11->1,4,805.923126,805.923431,0.000306
6530,SENSOR_DATA,42,1,42->31->21->11->1,4,806.253404,806.253738,0.000335
6535,SENSOR_DATA,30,1,30->21->11->1,3,806.467984,806.468202,0.000219
6541,SENSOR_DATA,35,1,35->34->23->12->2->1,5,807.439348,807.439752,0.000404
6553,SENSOR_DATA,22,1,22->11->1,2,808.591410,808.591575,0.000165
6555,SENSOR_DATA,20,1,20->11->1,2,809.287111,809.287308,0.000197
6562,SENSOR_DATA,31,1,31->21->11->1,3,809.889377,809.889618,0.000241
6566,SENSOR_DATA,12,1,12->2->1,2,810.316218,810.316386,0.000167
6578,SENSOR_DATA,0,1,0->1,1,811.188125,811.188173,0.000048
6579,SENSOR_DATA,32,1,32->22->11->1,3,811.223711,811.223980,0.000269
6580,SENSOR_DATA,13,1,13->3->2->1,3,811.223882,811.224077,0.000195
6584,SENSOR_DATA,40,1,40->41->31->21->11->1,5,811.867377,811.867759,0.000382
6587,SENSOR_DATA,2,1,2->1,1,812.104102,812.104172,0.000070
6589,SENSOR_DATA,14,1,14->23->12->2->1,4,812.690114,812.690457,0.000344
6599,SENSOR_DATA,3,1,3->2->1,2,813.494044,813.494184,0.000140
6603,SENSOR_DATA,11,1,11->1,1,814.204738,814.204831,0.000093
6606,SENSOR_DATA,34,1,34->23->12->2->1,4,814.554077,814.554418,0.000341
6608,SENSOR_DATA,4,1,4->13->3->2->1,4,814.696931,814.697209,0.000279
6611,SENSOR_DATA,23,1,23->12->2->1,3,814.912783,814.913021,0.000239
6616,SENSOR_DATA,21,1,21->11->1,2,815.481629,815.481799,0.000170
6620,SENSOR_DATA,10,1,10->1,1,815.580227,815.580296,0.000069
6624,SENSOR_DATA,41,1,41->31->21->11->1,4,815.923126,815.923431,0.000306
6629,SENSOR_DATA,42,1,42->31->21->11->1,4,816.253404,816.253738,0.000335
6634,SENSOR_DATA,30,1,30->21->11->1,3,816.467984,816.468202,0.000219
6640,SENSOR_DATA,35,1,35->34->23->12->2->1,5,817.439348,817.439752,0.000404
6652,SENSOR_DATA,22,1,22->11->1,2,818.591410,818.591575,0.000165
6654,SENSOR_DATA,20,1,20->11->1,2,819.287111,819.287308,0.000197
6661,SENSOR_DATA,31,1,31->21->11->1,3,819.889377,819.889618,0.000241
6665,SENSOR_DATA,12,1,12->2->1,2,820.316218,820.316386,0.000167
6677,SENSOR_DATA,0,1,0->1,1,821.188125,821.188173,0.000048
6678,SENSOR_DATA,32,1,32->22->11->1,3,821.223711,821.223980,0.000269
6679,SENSOR_DATA,13,1,13->3->2->1,3,821.223882,821.224077,0.000195
6683,SENSOR_DATA,40,1,40->41->31->21->11->1,5,821.867377,821.867759,0.000382
6686,SENSOR_DATA,2,1,2->1,1,822.104102,822.104172,0.000070
6688,SENSOR_DATA,14,1,14->23->12->2->1,4,822.690114,822.690457,0.000344
6698,SENSOR_DATA,3,1,3->2->1,2,823.494044,823.494184,0.000140
6702,SENSOR_DATA,11,1,11->1,1,824.204738,824.204831,0.000093
6705,SENSOR_DATA,34,1,34->23->12->2->1,4,824.554077,824.554418,0.000341
6707,SENSOR_DATA,4,1,4->13->3->2->1,4,824.696931,824.697209,0.000279
6710,SENSOR_DATA,23,1,23->12->2->1,3,824.912783,824.913021,0.000239
6715,SENSOR_DATA,21,1,21->11->1,2,825.481629,825.481799,0.000170
6719,SENSOR_DATA,10,1,10->1,1,825.580227,825.580296,0.000069
6723,SENSOR_DATA,41,1,41->31->21->11->1,4,825.923126,825.923431,0.000306
6728,SENSOR_DATA,42,1,42->31->21->11->1,4,826.253404,826.253738,0.000335
6733,SENSOR_DATA,30,1,30->21->11->1,3,826.467984,826.468202,0.000219
6739,SENSOR_DATA,35,1,35->34->23->12->2->1,5,827.439348,827.439752,0.000404
6751,SENSOR_DATA,22,1,22->11->1,2,828.591410,828.591575,0.000165
6753,SENSOR_DATA,20,1,20->11->1,2,829.287111,829.287308,0.000197
6760,SENSOR_DATA,31,1,31->21->11->1,3,829.889377,829.889618,0.000241
6764,SENSOR_DATA,12,1,12->2->1,2,830.316218,830.316386,0.000167
6776,SENSOR_DATA,0,1,0->1,1,831.188125,831.188173,0.000048
6777,SENSOR_DATA,32,1,32->22->11->1,3,831.223711,831.223980,0.000269
6778,SENSOR_DATA,13,1,13->3->2->1,3,831.223882,831.224077,0.000195
6782,SENSOR_DATA,40,1,40->41->31->21->11->1,5,831.867377,831.867759,0.000382
6785,SENSOR_DATA,2,1,2->1,1,832.104102,832.104172,0.000070
6787,SENSOR_DATA,14,1,14->23->12->2->1,4,832.690114,832.690457,0.000344
6797,SENSOR_DATA,3,1,3->2->1,2,833.494044,833.494184,0.000140
6801,SENSOR_DATA,11,1,11->1,1,834.204738,834.204831,0.000093
6804,SENSOR_DATA,34,1,34->23->12->2->1,4,834.554077,834.554418,0.000341
6806,SENSOR_DATA,4,1,4->13->3->2->1,4,834.696931,834.697209,0.000279
6809,SENSOR_DATA,23,1,23->12->2->1,3,834.912783,834.913021,0.000239
6814,SENSOR_DATA,21,1,21->11->1,2,835.481629,835.481799,0.000170
6818,SENSOR_DATA,10,1,10->1,1,835.580227,835.580296,0.000069
6822,SENSOR_DATA,41,1,41->31->21->11->1,4,835.923126,835.923431,0.000306
6827,SENSOR_DATA,42,1,42->31->21->11->1,4,836.253404,836.253738,0.000335
6832,SENSOR_DATA,30,1,30->21->11->1,3,836.467984,836.468202,0.000219
6838,SENSOR_DATA,35,1,35->34->23->12->2->1,5,837.439348,837.439752,0.000404
6850,SENSOR_DATA,22,1,22->11->1,2,838.591410,838.591575,0.000165
6852,SENSOR_DATA,20,1,20->11->1,2,839.287111,839.287308,0.000197
6859,SENSOR_DATA,31,1,31->21->11->1,3,839.889377,839.889618,0.000241
6863,SENSOR_DATA,12,1,12->2->1,2,840.316218,840.316386,0.000167
6875,SENSOR_DATA,0,1,0->1,1,841.188125,841.188173,0.000048
6876,SENSOR_DATA,32,1,32->22->11->1,3,841.223711,841.223980,0.000269
6877,SENSOR_DATA,13,1,13->3->2->1,3,841.223882,841.224077,0.000195
6881,SENSOR_DATA,40,1,40->41->31->21->11->1,5,841.867377,841.867759,0.000382
6884,SENSOR_DATA,2,1,2->1,1,842.104102,842.104172,0.000070
6886,SENSOR_DATA,14,1,14->23->12->2->1,4,842.690114,842.690457,0.000344
6896,SENSOR_DATA,3,1,3->2->1,2,843.494044,843.494184,0.000140
6900,SENSOR_DATA,11,1,11->1,1,844.204738,844.204831,0.000093
6903,SENSOR_DATA,34,1,34->23->12->2->1,4,844.554077,844.554418,0.000341
6905,SENSOR_DATA,4,1,4->13->3->2->1,4,844.696931,844.697209,0.000279
6908,SENSOR_DATA,23,1,23->12->2->1,3,844.912783,844.913021,0.000239
6913,SENSOR_DATA,21,1,21->11->1,2,845.481629,845.481799,0.000170
6917,SENSOR_DATA,10,1,10->1,1,845.580227,845.580296,0.000069
6921,SENSOR_DATA,41,1,41->31->21->11->1,4,845.923126,845.923431,0.000306
6926,SENSOR_DATA,42,1,42->31->21->11->1,4,846.253404,846.253738,0.000335
6931,SENSOR_DATA,30,1,30->21->11->1,3,846.467984,846.468202,0.000219
6937,SENSOR_DATA,35,1,35->34->23->12->2->1,5,847.439348,847.439752,0.000404
6949,SENSOR_DATA,22,1,22->11->1,2,848.591410,848.591575,0.000165
6951,SENSOR_DATA,20,1,20->11->1,2,849.287111,849.287308,0.000197
6958,SENSOR_DATA,31,1,31->21->11->1,3,849.889377,849.889618,0.000241
6962,SENSOR_DATA,12,1,12->2->1,2,850.316218,850.316386,0.000167
6974,SENSOR_DATA,0,1,0->1,1,851.188125,851.188173,0.000048
6975,SENSOR_DATA,32,1,32->22->11->1,3,851.223711,851.223980,0.000269
6976,SENSOR_DATA,13,1,13->3->2->1,3,851.223882,851.224077,0.000195
6980,SENSOR_DATA,40,1,40->41->31->21->11->1,5,851.867377,851.867759,0.000382
6983,SENSOR_DATA,2,1,2->1,1,852.104102,852.104172,0.000070
6985,SENSOR_DATA,14,1,14->23->12->2->1,4,852.690114,852.690457,0.000344
6995,SENSOR_DATA,3,1,3->2->1,2,853.494044,853.494184,0.000140
6999,SENSOR_DATA,11,1,11->1,1,854.204738,854.204831,0.000093
7002,SENSOR_DATA,34,1,34->23->12->2->1,4,854.554077,854.554418,0.000341
7004,SENSOR_DATA,4,1,4->13->3->2->1,4,854.696931,854.697209,0.000279
7007,SENSOR_DATA,23,1,23->12->2->1,3,854.912783,854.913021,0.000239
7012,SENSOR_DATA,21,1,21->11->1,2,855.481629,855.481799,0.000170
7016,SENSOR_DATA,10,1,10->1,1,855.580227,855.580296,0.000069
7020,SENSOR_DATA,41,1,41->31->21->11->1,4,855.923126,855.923431,0.000306
7025,SENSOR_DATA,42,1,42->31->21->11->1,4,856.253404,856.253738,0.000335
7030,SENSOR_DATA,30,1,30->21->11->1,3,856.467984,856.468202,0.000219
7036,SENSOR_DATA,35,1,35->34->23->12->2->1,5,857.439348,857.439752,0.000404
7048,SENSOR_DATA,22,1,22->11->1,2,858.591410,858.591575,0.000165
7050,SENSOR_DATA,20,1,20->11->1,2,859.287111,859.287308,0.000197
7057,SENSOR_DATA,31,1,31->21->11->1,3,859.889377,859.889618,0.000241
7061,SENSOR_DATA,12,1,12->2->1,2,860.316218,860.316386,0.000167
7073,SENSOR_DATA,0,1,0->1,1,861.188125,861.188173,0.000048
7074,SENSOR_DATA,32,1,32->22->11->1,3,861.223711,861.223980,0.000269
7075,SENSOR_DATA,13,1,13->3->2->1,3,861.223882,861.224077,0.000195
7079,SENSOR_DATA,40,1,40->41->31->21->11->1,5,861.867377,861.867759,0.000382
7082,SENSOR_DATA,2,1,2->1,1,862.104102,862.104172,0.000070
7084,SENSOR_DATA,14,1,14->23->12->2->1,4,862.690114,862.690457,0.000344
7094,SENSOR_DATA,3,1,3->2->1,2,863.494044,863.494184,0.000140
7098,SENSOR_DATA,11,1,11->1,1,864.204738,864.204831,0.000093
7101,SENSOR_DATA,34,1,34->23->12->2->1,4,864.554077,864.554418,0.000341
7103,SENSOR_DATA,4,1,4->13->3->2->1,4,864.696931,864.697209,0.000279
7106,SENSOR_DATA,23,1,23->12->2->1,3,864.912783,864.913021,0.000239
7111,SENSOR_DATA,21,1,21->11->1,2,865.481629,865.481799,0.000170
7115,SENSOR_DATA,10,1,10->1,1,865.580227,865.580296,0.000069
7119,SENSOR_DATA,41,1,41->31->21->11->1,4,865.923126,865.923431,0.000306
7124,SENSOR_DATA,42,1,42->31->21->11->1,4,866.253404,866.253738,0.000335
7129,SENSOR_DATA,30,1,30->21->11->1,3,866.467984,866.468202,0.000219
7135,SENSOR_DATA,35,1,35->34->23->12->2->1,5,867.439348,867.439752,0.000404
7147,SENSOR_DATA,22,1,22->11->1,2,868.591410,868.591575,0.000165
7149,SENSOR_DATA,20,1,20->11->1,2,869.287111,869.287308,0.000197
7156,SENSOR_DATA,31,1,31->21->11->1,3,869.889377,869.889618,0.000241
7160,SENSOR_DATA,12,1,12->2->1,2,870.316218,870.316386,0.000167
7172,SENSOR_DATA,0,1,0->1,1,871.188125,871.188173,0.000048
7173,SENSOR_DATA,32,1,32->22->11->1,3,871.223711,871.223980,0.000269
7174,SENSOR_DATA,13,1,13->3->2->1,3,871.223882,871.224077,0.000195
7178,SENSOR_DATA,40,1,40->41->31->21->11->1,5,871.867377,871.867759,0.000382
7181,SENSOR_DATA,2,1,2->1,1,872.104102,872.104172,0.000070
7183,SENSOR_DATA,14,1,14->23->12->2->1,4,872.690114,872.690457,0.000344
7193,SENSOR_DATA,3,1,3->2->1,2,873.494044,873.494184,0.000140
7197,SENSOR_DATA,11,1,11->1,1,874.204738,874.204831,0.000093
7200,SENSOR_DATA,34,1,34->23->12->2->1,4,874.554077,874.554418,0.000341
7202,SENSOR_DATA,4,1,4->13->3->2->1,4,874.696931,874.697209,0.000279
7205,SENSOR_DATA,23,1,23->12->2->1,3,874.912783,874.913021,0.000239
7210,SENSOR_DATA,21,1,21->11->1,2,875.481629,875.481799,0.000170
7214,SENSOR_DATA,10,1,10->1,1,875.580227,875.580296,0.000069
7218,SENSOR_DATA,41,1,41->31->21->11->1,4,875.923126,875.923431,0.000306
7223,SENSOR_DATA,42,1,42->31->21->11->1,4,876.253404,876.253738,0.000335
7228,SENSOR_DATA,30,1,30->21->11->1,3,876.467984,876.468202,0.000219
7234,SENSOR_DATA,35,1,35->34->23->12->2->1,5,877.439348,877.439752,0.000404
7246,SENSOR_DATA,22,1,22->11->1,2,878.591410,878.591575,0.000165
7248,SENSOR_DATA,20,1,20->11->1,2,879.287111,879.287308,0.000197
7255,SENSOR_DATA,31,1,31->21->11->1,3,879.889377,879.889618,0.000241
7259,SENSOR_DATA,12,1,12->2->1,2,880.316218,880.316386,0.000167
7271,SENSOR_DATA,0,1,0->1,1,881.188125,881.188173,0.000048
7272,SENSOR_DATA,32,1,32->22->11->1,3,881.223711,881.223980,0.000269
7273,SENSOR_DATA,13,1,13->3->2->1,3,881.223882,881.224077,0.000195
7277,SENSOR_DATA,40,1,40->41->31->21->11->1,5,881.867377,881.867759,0.000382
7280,SENSOR_DATA,2,1,2->1,1,882.104102,882.104172,0.000070
7282,SENSOR_DATA,14,1,14->23->12->2->1,4,882.690114,882.690457,0.000344
7292,SENSOR_DATA,3,1,3->2->1,2,883.494044,883.494184,0.000140
7296,SENSOR_DATA,11,1,11->1,1,884.204738,884.204831,0.000093
7299,SENSOR_DATA,34,1,34->23->12->2->1,4,884.554077,884.554418,0.000341
7301,SENSOR_DATA,4,1,4->13->3->2->1,4,884.696931,884.697209,0.000279
7304,SENSOR_DATA,23,1,23->12->2->1,3,884.912783,884.913021,0.000239
7309,SENSOR_DATA,21,1,21->11->1,2,885.481629,885.481799,0.000170
7313,SENSOR_DATA,10,1,10->1,1,885.580227,885.580296,0.000069
7317,SENSOR_DATA,41,1,41->31->21->11->1,4,885.923126,885.923431,0.000306
7322,SENSOR_DATA,42,1,42->31->21->11->1,4,886.253404,886.253738,0.000335
7327,SENSOR_DATA,30,1,30->21->11->1,3,886.467984,886.468202,0.000219
7333,SENSOR_DATA,35,1,35->34->23->12->2->1,5,887.439348,887.439752,0.000404
7345,SENSOR_DATA,22,1,22->11->1,2,888.591410,888.591575,0.000165
7347,SENSOR_DATA,20,1,20->11->1,2,889.287111,889.287308,0.000197
7354,SENSOR_DATA,31,1,31->21->11->1,3,889.889377,889.889618,0.000241
7358,SENSOR_DATA,12,1,12->2->1,2,890.316218,890.316386,0.000167
7370,SENSOR_DATA,0,1,0->1,1,891.188125,891.188173,0.000048
7371,SENSOR_DATA,32,1,32->22->11->1,3,891.223711,891.223980,0.000269
7372,SENSOR_DATA,13,1,13->3->2->1,3,891.223882,891.224077,0.000195
7376,SENSOR_DATA,40,1,40->41->31->21->11->1,5,891.867377,891.867759,0.000382
7379,SENSOR_DATA,2,1,2->1,1,892.104102,892.104172,0.000070
7381,SENSOR_DATA,14,1,14->23->12->2->1,4,892.690114,892.690457,0.000344
7391,SENSOR_DATA,3,1,3->2->1,2,893.494044,893.494184,0.000140
7395,SENSOR_DATA,11,1,11->1,1,894.204738,894.204831,0.000093
7398,SENSOR_DATA,34,1,34->23->12->2->1,4,894.554077,894.554418,0.000341
7400,SENSOR_DATA,4,1,4->13->3->2->1,4,894.696931,894.697209,0.000279
7403,SENSOR_DATA,23,1,23->12->2->1,3,894.912783,894.913021,0.000239
7408,SENSOR_DATA,21,1,21->11->1,2,895.481629,895.481799,0.000170
7412,SENSOR_DATA,10,1,10->1,1,895.580227,895.580296,0.000069
7416,SENSOR_DATA,41,1,41->31->21->11->1,4,895.923126,895.923431,0.000306
7421,SENSOR_DATA,42,1,42->31->21->11->1,4,896.253404,896.253738,0.000335
7426,SENSOR_DATA,30,1,30->21->11->1,3,896.467984,896.468202,0.000219
7432,SENSOR_DATA,35,1,35->34->23->12->2->1,5,897.439348,897.439752,0.000404
7444,SENSOR_DATA,22,1,22->11->1,2,898.591410,898.591575,0.000165
7446,SENSOR_DATA,20,1,20->11->1,2,899.287111,899.287308,0.000197
7453,SENSOR_DATA,31,1,31->21->11->1,3,899.889377,899.889618,0.000241
7457,SENSOR_DATA,12,1,12->2->1,2,900.316218,900.316386,0.000167
7469,SENSOR_DATA,0,1,0->1,1,901.188125,901.188173,0.000048
7470,SENSOR_DATA,32,1,32->22->11->1,3,901.223711,901.223980,0.000269
7471,SENSOR_DATA,13,1,13->3->2->1,3,901.223882,901.224077,0.000195
7475,SENSOR_DATA,40,1,40->41->31->21->11->1,5,901.867377,901.867759,0.000382
7478,SENSOR_DATA,2,1,2->1,1,902.104102,902.104172,0.000070
7480,SENSOR_DATA,14,1,14->23->12->2->1,4,902.690114,902.690457,0.000344
7490,SENSOR_DATA,3,1,3->2->1,2,903.494044,903.494184,0.000140
7494,SENSOR_DATA,11,1,11->1,1,904.204738,904.204831,0.000093
7497,SENSOR_DATA,34,1,34->23->12->2->1,4,904.554077,904.554418,0.000341
7499,SENSOR_DATA,4,1,4->13->3->2->1,4,904.696931,904.697209,0.000279
7502,SENSOR_DATA,23,1,23->12->2->1,3,904.912783,904.913021,0.000239
7507,SENSOR_DATA,21,1,21->11->1,2,905.481629,905.481799,0.000170
7511,SENSOR_DATA,10,1,10->1,1,905.580227,905.580296,0.000069
7515,SENSOR_DATA,41,1,41->31->21->11->1,4,905.923126,905.923431,0.000306
7520,SENSOR_DATA,42,1,42->31->21->11->1,4,906.253404,906.253738,0.000335
7525,SENSOR_DATA,30,1,30->21->11->1,3,906.467984,906.468202,0.000219
7531,SENSOR_DATA,35,1,35->34->23->12->2->1,5,907.439348,907.439752,0.000404
7543,SENSOR_DATA,22,1,22->11->1,2,908.591410,908.591575,0.000165
7545,SENSOR_DATA,20,1,20->11->1,2,909.287111,909.287308,0.000197
7552,SENSOR_DATA,31,1,31->21->11->1,3,909.889377,909.889618,0.000241
7556,SENSOR_DATA,12,1,12->2->1,2,910.316218,910.316386,0.000167
7568,SENSOR_DATA,0,1,0->1,1,911.188125,911.188173,0.000048
7569,SENSOR_DATA,32,1,32->22->11->1,3,911.223711,911.223980,0.000269
7570,SENSOR_DATA,13,1,13->3->2->1,3,911.223882,911.224077,0.000195
7574,SENSOR_DATA,40,1,40->41->31->21->11->1,5,911.867377,911.867759,0.000382
7577,SENSOR_DATA,2,1,2->1,1,912.104102,912.104172,0.000070
7579,SENSOR_DATA,14,1,14->23->12->2->1,4,912.690114,912.690457,0.000344
7589,SENSOR_DATA,3,1,3->2->1,2,913.494044,913.494184,0.000140
7593,SENSOR_DATA,11,1,11->1,1,914.204738,914.204831,0.000093
7596,SENSOR_DATA,34,1,34->23->12->2->1,4,914.554077,914.554418,0.000341
7598,SENSOR_DATA,4,1,4->13->3->2->1,4,914.696931,914.697209,0.000279
7601,SENSOR_DATA,23,1,23->12->2->1,3,914.912783,914.913021,0.000239
7606,SENSOR_DATA,21,1,21->11->1,2,915.481629,915.481799,0.000170
7610,SENSOR_DATA,10,1,10->1,1,915.580227,915.580296,0.000069
7614,SENSOR_DATA,41,1,41->31->21->11->1,4,915.923126,915.923431,0.000306
7619,SENSOR_DATA,42,1,42->31->21->11->1,4,916.253404,916.253738,0.000335
7624,SENSOR_DATA,30,1,30->21->11->1,3,916.467984,916.468202,0.000219
7630,SENSOR_DATA,35,1,35->34->23->12->2->1,5,917.439348,917.439752,0.000404
7642,SENSOR_DATA,22,1,22->11->1,2,918.591410,918.591575,0.000165
7644,SENSOR_DATA,20,1,20->11->1,2,919.287111,919.287308,0.000197
7651,SENSOR_DATA,31,1,31->21->11->1,3,919.889377,919.889618,0.000241
7655,SENSOR_DATA,12,1,12->2->1,2,920.316218,920.316386,0.000167
7667,SENSOR_DATA,0,1,0->1,1,921.188125,921.188173,0.000048
7668,SENSOR_DATA,32,1,32->22->11->1,3,921.223711,921.223980,0.000269
7669,SENSOR_DATA,13,1,13->3->2->1,3,921.223882,921.224077,0.000195
7673,SENSOR_DATA,40,1,40->41->31->21->11->1,5,921.867377,921.867759,0.000382
7676,SENSOR_DATA,2,1,2->1,1,922.104102,922.104172,0.000070
7678,SENSOR_DATA,14,1,14->23->12->2->1,4,922.690114,922.690457,0.000344
7688,SENSOR_DATA,3,1,3->2->1,2,923.494044,923.494184,0.000140
7692,SENSOR_DATA,11,1,11->1,1,924.204738,924.204831,0.000093
7695,SENSOR_DATA,34,1,34->23->12->2->1,4,924.554077,924.554418,0.000341
7697,SENSOR_DATA,4,1,4->13->3->2->1,4,924.696931,924.697209,0.000279
7700,SENSOR_DATA,23,1,23->12->2->1,3,924.912783,924.913021,0.000239
7705,SENSOR_DATA,21,1,21->11->1,2,925.481629,925.481799,0.000170
7709,SENSOR_DATA,10,1,10->1,1,925.580227,925.580296,0.000069
7713,SENSOR_DATA,41,1,41->31->21->11->1,4,925.923126,925.923431,0.000306
7718,SENSOR_DATA,42,1,42->31->21->11->1,4,926.253404,926.253738,0.000335
7723,SENSOR_DATA,30,1,30->21->11->1,3,926.467984,926.468202,0.000219
7729,SENSOR_DATA,35,1,35->34->23->12->2->1,5,927.439348,927.439752,0.000404
7741,SENSOR_DATA,22,1,22->11->1,2,928.591410,928.591575,0.000165
7743,SENSOR_DATA,20,1,20->11->1,2,929.287111,929.287308,0.000197
7750,SENSOR_DATA,31,1,31->21->11->1,3,929.889377,929.889618,0.000241
7754,SENSOR_DATA,12,1,12->2->1,2,930.316218,930.316386,0.000167
7766,SENSOR_DATA,0,1,0->1,1,931.188125,931.188173,0.000048
7767,SENSOR_DATA,32,1,32->22->11->1,3,931.223711,931.223980,0.000269
7768,SENSOR_DATA,13,1,13->3->2->1,3,931.223882,931.224077,0.000195
7772,SENSOR_DATA,40,1,40->41->31->21->11->1,5,931.867377,931.867759,0.000382
7775,SENSOR_DATA,2,1,2->1,1,932.104102,932.104172,0.000070
7777,SENSOR_DATA,14,1,14->23->12->2->1,4,932.690114,932.690457,0.000344
7787,SENSOR_DATA,3,1,3->2->1,2,933.494044,933.494184,0.000140
7791,SENSOR_DATA,11,1,11->1,1,934.204738,934.204831,0.000093
7794,SENSOR_DATA,34,1,34->23->12->2->1,4,934.554077,934.554418,0.000341
7796,SENSOR_DATA,4,1,4->13->3->2->1,4,934.696931,934.697209,0.000279
7799,SENSOR_DATA,23,1,23->12->2->1,3,934.912783,934.913021,0.000239
7804,SENSOR_DATA,21,1,21->11->1,2,935.481629,935.481799,0.000170
7808,SENSOR_DATA,10,1,10->1,1,935.580227,935.580296,0.000069
7812,SENSOR_DATA,41,1,41->31->21->11->1,4,935.923126,935.923431,0.000306
7817,SENSOR_DATA,42,1,42->31->21->11->1,4,936.253404,936.253738,0.000335
7822,SENSOR_DATA,30,1,30->21->11->1,3,936.467984,936.468202,0.000219
7828,SENSOR_DATA,35,1,35->34->23->12->2->1,5,937.439348,937.439752,0.000404
7840,SENSOR_DATA,22,1,22->11->1,2,938.591410,938.591575,0.000165
7842,SENSOR_DATA,20,1,20->11->1,2,939.287111,939.287308,0.000197
7849,SENSOR_DATA,31,1,31->21->11->1,3,939.889377,939.889618,0.000241
7853,SENSOR_DATA,12,1,12->2->1,2,940.316218,940.316386,0.000167
7865,SENSOR_DATA,0,1,0->1,1,941.188125,941.188173,0.000048
7866,SENSOR_DATA,32,1,32->22->11->1,3,941.223711,941.223980,0.000269
7867,SENSOR_DATA,13,1,13->3->2->1,3,941.223882,941.224077,0.000195
7871,SENSOR_DATA,40,1,40->41->31->21->11->1,5,941.867377,941.867759,0.000382
7874,SENSOR_DATA,2,1,2->1,1,942.104102,942.104172,0.000070
7876,SENSOR_DATA,14,1,14->23->12->2->1,4,942.690114,942.690457,0.000344
7886,SENSOR_DATA,3,1,3->2->1,2,943.494044,943.494184,0.000140
7890,SENSOR_DATA,11,1,11->1,1,944.204738,944.204831,0.000093
7893,SENSOR_DATA,34,1,34->23->12->2->1,4,944.554077,944.554418,0.000341
7895,SENSOR_DATA,4,1,4->13->3->2->1,4,944.696931,944.697209,0.000279
7898,SENSOR_DATA,23,1,23->12->2->1,3,944.912783,944.913021,0.000239
7903,SENSOR_DATA,21,1,21->11->1,2,945.481629,945.481799,0.000170
7907,SENSOR_DATA,10,1,10->1,1,945.580227,945.580296,0.000069
7911,SENSOR_DATA,41,1,41->31->21->11->1,4,945.923126,945.923431,0.000306
7916,SENSOR_DATA,42,1,42->31->21->11->1,4,946.253404,946.253738,0.000335
7921,SENSOR_DATA,30,1,30->21->11->1,3,946.467984,946.468202,0.000219
7927,SENSOR_DATA,35,1,35->34->23->12->2->1,5,947.439348,947.439752,0.000404
7939,SENSOR_DATA,22,1,22->11->1,2,948.591410,948.591575,0.000165
7941,SENSOR_DATA,20,1,20->11->1,2,949.287111,949.287308,0.000197
7948,SENSOR_DATA,31,1,31->21->11->1,3,949.889377,949.889618,0.000241
7952,SENSOR_DATA,12,1,12->2->1,2,950.316218,950.316386,0.000167
7964,SENSOR_DATA,0,1,0->1,1,951.188125,951.188173,0.000048
7965,SENSOR_DATA,32,1,32->22->11->1,3,951.223711,951.223980,0.000269
7966,SENSOR_DATA,13,1,13->3->2->1,3,951.223882,951.224077,0.000195
7970,SENSOR_DATA,40,1,40->41->31->21->11->1,5,951.867377,951.867759,0.000382
7973,SENSOR_DATA,2,1,2->1,1,952.104102,952.104172,0.000070
7975,SENSOR_DATA,14,1,14->23->12->2->1,4,952.690114,952.690457,0.000344
7985,SENSOR_DATA,3,1,3->2->1,2,953.494044,953.494184,0.000140
7989,SENSOR_DATA,11,1,11->1,1,954.204738,954.204831,0.000093
7992,SENSOR_DATA,34,1,34->23->12->2->1,4,954.554077,954.554418,0.000341
7994,SENSOR_DATA,4,1,4->13->3->2->1,4,954.696931,954.697209,0.000279
7997,SENSOR_DATA,23,1,23->12->2->1,3,954.912783,954.913021,0.000239
8002,SENSOR_DATA,21,1,21->11->1,2,955.481629,955.481799,0.000170
8006,SENSOR_DATA,10,1,10->1,1,955.580227,955.580296,0.000069
8010,SENSOR_DATA,41,1,41->31->21->11->1,4,955.923126,955.923431,0.000306
8015,SENSOR_DATA,42,1,42->31->21->11->1,4,956.253404,956.253738,0.000335
8020,SENSOR_DATA,30,1,30->21->11->1,3,956.467984,956.468202,0.000219
8026,SENSOR_DATA,35,1,35->34->23->12->2->1,5,957.439348,957.439752,0.000404
8038,SENSOR_DATA,22,1,22->11->1,2,958.591410,958.591575,0.000165
8040,SENSOR_DATA,20,1,20->11->1,2,959.287111,959.287308,0.000197
8047,SENSOR_DATA,31,1,31->21->11->1,3,959.889377,959.889618,0.000241
8051,SENSOR_DATA,12,1,12->2->1,2,960.316218,960.316386,0.000167
8063,SENSOR_DATA,0,1,0->1,1,961.188125,961.188173,0.000048
8064,SENSOR_DATA,32,1,32->22->11->1,3,961.223711,961.223980,0.000269
8065,SENSOR_DATA,13,1,13->3->2->1,3,961.223882,961.224077,0.000195
8069,SENSOR_DATA,40,1,40->41->31->21->11->1,5,961.867377,961.867759,0.000382
8072,SENSOR_DATA,2,1,2->1,1,962.104102,962.104172,0.000070
8074,SENSOR_DATA,14,1,14->23->12->2->1,4,962.690114,962.690457,0.000344
8084,SENSOR_DATA,3,1,3->2->1,2,963.494044,963.494184,0.000140
8088,SENSOR_DATA,11,1,11->1,1,964.204738,964.204831,0.000093
8091,SENSOR_DATA,34,1,34->23->12->2->1,4,964.554077,964.554418,0.000341
8093,SENSOR_DATA,4,1,4->13->3->2->1,4,964.696931,964.697209,0.000279
8096,SENSOR_DATA,23,1,23->12->2->1,3,964.912783,964.913021,0.000239
8101,SENSOR_DATA,21,1,21->11->1,2,965.481629,965.481799,0.000170
8105,SENSOR_DATA,10,1,10->1,1,965.580227,965.580296,0.000069
8109,SENSOR_DATA,41,1,41->31->21->11->1,4,965.923126,965.923431,0.000306
8114,SENSOR_DATA,42,1,42->31->21->11->1,4,966.253404,966.253738,0.000335
8119,SENSOR_DATA,30,1,30->21->11->1,3,966.467984,966.468202,0.000219
8125,SENSOR_DATA,35,1,35->34->23->12->2->1,5,967.439348,967.439752,0.000404
8137,SENSOR_DATA,22,1,22->11->1,2,968.591410,968.591575,0.000165
8139,SENSOR_DATA,20,1,20->11->1,2,969.287111,969.287308,0.000197
8146,SENSOR_DATA,31,1,31->21->11->1,3,969.889377,969.889618,0.000241
8150,SENSOR_DATA,12,1,12->2->1,2,970.316218,970.316386,0.000167
8162,SENSOR_DATA,0,1,0->1,1,971.188125,971.188173,0.000048
8163,SENSOR_DATA,32,1,32->22->11->1,3,971.223711,971.223980,0.000269
8164,SENSOR_DATA,13,1,13->3->2->1,3,971.223882,971.224077,0.000195
8168,SENSOR_DATA,40,1,40->41->31->21->11->1,5,971.867377,971.867759,0.000382
8171,SENSOR_DATA,2,1,2->1,1,972.104102,972.104172,0.000070
8173,SENSOR_DATA,14,1,14->23->12->2->1,4,972.690114,972.690457,0.000344
8183,SENSOR_DATA,3,1,3->2->1,2,973.494044,973.494184,0.000140
8187,SENSOR_DATA,11,1,11->1,1,974.204738,974.204831,0.000093
8190,SENSOR_DATA,34,1,34->23->12->2->1,4,974.554077,974.554418,0.000341
8192,SENSOR_DATA,4,1,4->13->3->2->1,4,974.696931,974.697209,0.000279
8195,SENSOR_DATA,23,1,23->12->2->1,3,974.912783,974.913021,0.000239
8200,SENSOR_DATA,21,1,21->11->1,2,975.481629,975.481799,0.000170
8204,SENSOR_DATA,10,1,10->1,1,975.580227,975.580296,0.000069
8208,SENSOR_DATA,41,1,41->31->21->11->1,4,975.923126,975.923431,0.000306
8213,SENSOR_DATA,42,1,42->31->21->11->1,4,976.253404,976.253738,0.000335
8218,SENSOR_DATA,30,1,30->21->11->1,3,976.467984,976.468202,0.000219
8224,SENSOR_DATA,35,1,35->34->23->12->2->1,5,977.439348,977.439752,0.000404
8236,SENSOR_DATA,22,1,22->11->1,2,978.591410,978.591575,0.000165
8238,SENSOR_DATA,20,1,20->11->1,2,979.287111,979.287308,0.000197
8245,SENSOR_DATA,31,1,31->21->11->1,3,979.889377,979.889618,0.000241
8249,SENSOR_DATA,12,1,12->2->1,2,980.316218,980.316386,0.000167
8261,SENSOR_DATA,0,1,0->1,1,981.188125,981.188173,0.000048
8262,SENSOR_DATA,32,1,32->22->11->1,3,981.223711,981.223980,0.000269
8263,SENSOR_DATA,13,1,13->3->2->1,3,981.223882,981.224077,0.000195
8267,SENSOR_DATA,40,1,40->41->31->21->11->1,5,981.867377,981.867759,0.000382
8270,SENSOR_DATA,2,1,2->1,1,982.104102,982.104172,0.000070
8272,SENSOR_DATA,14,1,14->23->12->2->1,4,982.690114,982.690457,0.000344
8282,SENSOR_DATA,3,1,3->2->1,2,983.494044,983.494184,0.000140
8286,SENSOR_DATA,11,1,11->1,1,984.204738,984.204831,0.000093
8289,SENSOR_DATA,34,1,34->23->12->2->1,4,984.554077,984.554418,0.000341
8291,SENSOR_DATA,4,1,4->13->3->2->1,4,984.696931,984.697209,0.000279
8294,SENSOR_DATA,23,1,23->12->2->1,3,984.912783,984.913021,0.000239
8299,SENSOR_DATA,21,1,21->11->1,2,985.481629,985.481799,0.000170
8303,SENSOR_DATA,10,1,10->1,1,985.580227,985.580296,0.000069
8307,SENSOR_DATA,41,1,41->31->21->11->1,4,985.923126,985.923431,0.000306
8312,SENSOR_DATA,42,1,42->31->21->11->1,4,986.253404,986.253738,0.000335
8317,SENSOR_DATA,30,1,30->21->11->1,3,986.467984,986.468202,0.000219
8323,SENSOR_DATA,35,1,35->34->23->12->2->1,5,987.439348,987.439752,0.000404
8335,SENSOR_DATA,22,1,22->11->1,2,988.591410,988.591575,0.000165
8337,SENSOR_DATA,20,1,20->11->1,2,989.287111,989.287308,0.000197
8344,SENSOR_DATA,31,1,31->21->11->1,3,989.889377,989.889618,0.000241
8348,SENSOR_DATA,12,1,12->2->1,2,990.316218,990.316386,0.000167
8360,SENSOR_DATA,0,1,0->1,1,991.188125,991.188173,0.000048
8361,SENSOR_DATA,32,1,32->22->11->1,3,991.223711,991.223980,0.000269
8362,SENSOR_DATA,13,1,13->3->2->1,3,991.223882,991.224077,0.000195
8366,SENSOR_DATA,40,1,40->41->31->21->11->1,5,991.867377,991.867759,0.000382
8369,SENSOR_DATA,2,1,2->1,1,992.104102,992.104172,0.000070
8371,SENSOR_DATA,14,1,14->23->12->2->1,4,992.690114,992.690457,0.000344
8381,SENSOR_DATA,3,1,3->2->1,2,993.494044,993.494184,0.000140
8385,SENSOR_DATA,11,1,11->1,1,994.204738,994.204831,0.000093
8388,SENSOR_DATA,34,1,34->23->12->2->1,4,994.554077,994.554418,0.000341
8390,SENSOR_DATA,4,1,4->13->3->2->1,4,994.696931,994.697209,0.000279
8393,SENSOR_DATA,23,1,23->12->2->1,3,994.912783,994.913021,0.000239
8398,SENSOR_DATA,21,1,21->11->1,2,995.481629,995.481799,0.000170
8402,SENSOR_DATA,10,1,10->1,1,995.580227,995.580296,0.000069
8406,SENSOR_DATA,41,1,41->31->21->11->1,4,995.923126,995.923431,0.000306
8411,SENSOR_DATA,42,1,42->31->21->11->1,4,996.253404,996.253738,0.000335
8416,SENSOR_DATA,30,1,30->21->11->1,3,996.467984,996.468202,0.000219
8422,SENSOR_DATA,35,1,35->34->23->12->2->1,5,997.439348,997.439752,0.000404
8434,SENSOR_DATA,22,1,22->11->1,2,998.591410,998.591575,0.000165
8436,SENSOR_DATA,20,1,20->11->1,2,999.287111,999.287308,0.000197
8443,SENSOR_DATA,31,1,31->21->11->1,3,999.889377,999.889618,0.000241
8447,SENSOR_DATA,12,1,12->2->1,2,1000.316218,1000.316386,0.000167
8459,SENSOR_DATA,0,1,0->1,1,1001.188125,1001.188173,0.000048
8460,SENSOR_DATA,32,1,32->22->11->1,3,1001.223711,1001.223980,0.000269
8461,SENSOR_DATA,13,1,13->3->2->1,3,1001.223882,1001.224077,0.000195
8465,SENSOR_DATA,40,1,40->41->31->21->11->1,5,1001.867377,1001.867759,0.000382
8468,SENSOR_DATA,2,1,2->1,1,1002.104102,1002.104172,0.000070
8470,SENSOR_DATA,14,1,14->23->12->2->1,4,1002.690114,1002.690457,0.000344
8480,SENSOR_DATA,3,1,3->2->1,2,1003.494044,1003.494184,0.000140
8484,SENSOR_DATA,11,1,11->1,1,1004.204738,1004.204831,0.000093
8487,SENSOR_DATA,34,1,34->23->12->2->1,4,1004.554077,1004.554418,0.000341
8489,SENSOR_DATA,4,1,4->13->3->2->1,4,1004.696931,1004.697209,0.000279
8492,SENSOR_DATA,23,1,23->12->2->1,3,1004.912783,1004.913021,0.000239
8497,SENSOR_DATA,21,1,21->11->1,2,1005.481629,1005.481799,0.000170
8501,SENSOR_DATA,10,1,10->1,1,1005.580227,1005.580296,0.000069
8505,SENSOR_DATA,41,1,41->31->21->11->1,4,1005.923126,1005.923431,0.000306
8510,SENSOR_DATA,42,1,42->31->21->11->1,4,1006.253404,1006.253738,0.000335
8515,SENSOR_DATA,30,1,30->21->11->1,3,1006.467984,1006.468202,0.000219
8521,SENSOR_DATA,35,1,35->34->23->12->2->1,5,1007.439348,1007.439752,0.000404
8533,SENSOR_DATA,22,1,22->11->1,2,1008.591410,1008.591575,0.000165
8535,SENSOR_DATA,20,1,20->11->1,2,1009.287111,1009.287308,0.000197
8542,SENSOR_DATA,31,1,31->21->11->1,3,1009.889377,1009.889618,0.000241
8546,SENSOR_DATA,12,1,12->2->1,2,1010.316218,1010.316386,0.000167
8558,SENSOR_DATA,0,1,0->1,1,1011.188125,1011.188173,0.000048
8559,SENSOR_DATA,32,1,32->22->11->1,3,1011.223711,1011.223980,0.000269
8560,SENSOR_DATA,13,1,13->3->2->1,3,1011.223882,1011.224077,0.000195
8564,SENSOR_DATA,40,1,40->41->31->21->11->1,5,1011.867377,1011.867759,0.000382
8567,SENSOR_DATA,2,1,2->1,1,1012.104102,1012.104172,0.000070
8569,SENSOR_DATA,14,1,14->23->12->2->1,4,1012.690114,1012.690457,0.000344
8579,SENSOR_DATA,3,1,3->2->1,2,1013.494044,1013.494184,0.000140
8583,SENSOR_DATA,11,1,11->1,1,1014.204738,1014.204831,0.000093
8586,SENSOR_DATA,34,1,34->23->12->2->1,4,1014.554077,1014.554418,0.000341
8588,SENSOR_DATA,4,1,4->13->3->2->1,4,1014.696931,1014.697209,0.000279
8591,SENSOR_DATA,23,1,23->12->2->1,3,1014.912783,1014.913021,0.000239
8596,SENSOR_DATA,21,1,21->11->1,2,1015.481629,1015.481799,0.000170
8600,SENSOR_DATA,10,1,10->1,1,1015.580227,1015.580296,0.000069
8604,SENSOR_DATA,41,1,41->31->21->11->1,4,1015.923126,1015.923431,0.000306
8609,SENSOR_DATA,42,1,42->31->21->11->1,4,1016.253404,1016.253738,0.000335
8614,SENSOR_DATA,30,1,30->21->11->1,3,1016.467984,1016.468202,0.000219
8620,SENSOR_DATA,35,1,35->34->23->12->2->1,5,1017.439348,1017.439752,0.000404
8632,SENSOR_DATA,22,1,22->11->1,2,1018.591410,1018.591575,0.000165
8634,SENSOR_DATA,20,1,20->11->1,2,1019.287111,1019.287308,0.000197
8641,SENSOR_DATA,31,1,31->21->11->1,3,1019.889377,1019.889618,0.000241
8645,SENSOR_DATA,12,1,12->2->1,2,1020.316218,1020.316386,0.000167
8657,SENSOR_DATA,0,1,0->1,1,1021.188125,1021.188173,0.000048
8658,SENSOR_DATA,32,1,32->22->11->1,3,1021.223711,1021.223980,0.000269
8659,SENSOR_DATA,13,1,13->3->2->1,3,1021.223882,1021.224077,0.000195
8663,SENSOR_DATA,40,1,40->41->31->21->11->1,5,1021.867377,1021.867759,0.000382
8666,SENSOR_DATA,2,1,2->1,1,1022.104102,1022.104172,0.000070
8668,SENSOR_DATA,14,1,14->23->12->2->1,4,1022.690114,1022.690457,0.000344
8678,SENSOR_DATA,3,1,3->2->1,2,1023.494044,1023.494184,0.000140
8682,SENSOR_DATA,11,1,11->1,1,1024.204738,1024.204831,0.000093
8685,SENSOR_DATA,34,1,34->23->12->2->1,4,1024.554077,1024.554418,0.000341
8687,SENSOR_DATA,4,1,4->13->3->2->1,4,1024.696931,1024.697209,0.000279
8690,SENSOR_DATA,23,1,23->12->2->1,3,1024.912783,1024.913021,0.000239
8695,SENSOR_DATA,21,1,21->11->1,2,1025.481629,1025.481799,0.000170
8699,SENSOR_DATA,10,1,10->1,1,1025.580227,1025.580296,0.000069
8703,SENSOR_DATA,41,1,41->31->21->11->1,4,1025.923126,1025.923431,0.000306
8708,SENSOR_DATA,42,1,42->31->21->11->1,4,1026.253404,1026.253738,0.000335
8713,SENSOR_DATA,30,1,30->21->11->1,3,1026.467984,1026.468202,0.000219
8719,SENSOR_DATA,35,1,35->34->23->12->2->1,5,1027.439348,1027.439752,0.000404
8731,SENSOR_DATA,22,1,22->11->1,2,1028.591410,1028.591575,0.000165
8733,SENSOR_DATA,20,1,20->11->1,2,1029.287111,1029.287308,0.000197
8740,SENSOR_DATA,31,1,31->21->11->1,3,1029.889377,1029.889618,0.000241
8744,SENSOR_DATA,12,1,12->2->1,2,1030.316218,1030.316386,0.000167
8756,SENSOR_DATA,0,1,0->1,1,1031.188125,1031.188173,0.000048
8757,SENSOR_DATA,32,1,32->22->11->1,3,1031.223711,1031.223980,0.000269
8758,SENSOR_DATA,13,1,13->3->2->1,3,1031.223882,1031.224077,0.000195
8762,SENSOR_DATA,40,1,40->41->31->21->11->1,5,1031.867377,1031.867759,0.000382
8765,SENSOR_DATA,2,1,2->1,1,1032.104102,1032.104172,0.000070
8767,SENSOR_DATA,14,1,14->23->12->2->1,4,1032.690114,1032.690457,0.000344
8777,SENSOR_DATA,3,1,3->2->1,2,1033.494044,1033.494184,0.000140
8781,SENSOR_DATA,11,1,11->1,1,1034.204738,1034.204831,0.000093
8784,SENSOR_DATA,34,1,34->23->12->2->1,4,1034.554077,1034.554418,0.000341
8786,SENSOR_DATA,4,1,4->13->3->2->1,4,1034.696931,1034.697209,0.000279
8789,SENSOR_DATA,23,1,23->12->2->1,3,1034.912783,1034.913021,0.000239
8794,SENSOR_DATA,21,1,21->11->1,2,1035.481629,1035.481799,0.000170
8798,SENSOR_DATA,10,1,10->1,1,1035.580227,1035.580296,0.000069
8802,SENSOR_DATA,41,1,41->31->21->11->1,4,1035.923126,1035.923431,0.000306
8807,SENSOR_DATA,42,1,42->31->21->11->1,4,1036.253404,1036.253738,0.000335
8812,SENSOR_DATA,30,1,30->21->11->1,3,1036.467984,1036.468202,0.000219
8818,SENSOR_DATA,35,1,35->34->23->12->2->1,5,1037.439348,1037.439752,0.000404
8830,SENSOR_DATA,22,1,22->11->1,2,1038.591410,1038.591575,0.000165
8832,SENSOR_DATA,20,1,20->11->1,2,1039.287111,1039.287308,0.000197
8839,SENSOR_DATA,31,1,31->21->11->1,3,1039.889377,1039.889618,0.000241
8843,SENSOR_DATA,12,1,12->2->1,2,1040.316218,1040.316386,0.000167
8855,SENSOR_DATA,0,1,0->1,1,1041.188125,1041.188173,0.000048
8856,SENSOR_DATA,32,1,32->22->11->1,3,1041.223711,1041.223980,0.000269
8857,SENSOR_DATA,13,1,13->3->2->1,3,1041.223882,1041.224077,0.000195
8861,SENSOR_DATA,40,1,40->41->31->21->11->1,5,1041.867377,1041.867759,0.000382
8864,SENSOR_DATA,2,1,2->1,1,1042.104102,1042.104172,0.000070
8866,SENSOR_DATA,14,1,14->23->12->2->1,4,1042.690114,1042.690457,0.000344
8876,SENSOR_DATA,3,1,3->2->1,2,1043.494044,1043.494184,0.000140
8880,SENSOR_DATA,11,1,11->1,1,1044.204738,1044.204831,0.000093
8883,SENSOR_DATA,34,1,34->23->12->2->1,4,1044.554077,1044.554418,0.000341
8885,SENSOR_DATA,4,1,4->13->3->2->1,4,1044.696931,1044.697209,0.000279
8888,SENSOR_DATA,23,1,23->12->2->1,3,1044.912783,1044.913021,0.000239
8893,SENSOR_DATA,21,1,21->11->1,2,1045.481629,1045.481799,0.000170
8897,SENSOR_DATA,10,1,10->1,1,1045.580227,1045.580296,0.000069
8901,SENSOR_DATA,41,1,41->31->21->11->1,4,1045.923126,1045.923431,0.000306
8906,SENSOR_DATA,42,1,42->31->21->11->1,4,1046.253404,1046.253738,0.000335
8911,SENSOR_DATA,30,1,30->21->11->1,3,1046.467984,1046.468202,0.000219
8917,SENSOR_DATA,35,1,35->34->23->12->2->1,5,1047.439348,1047.439752,0.000404
8929,SENSOR_DATA,22,1,22->11->1,2,1048.591410,1048.591575,0.000165
8931,SENSOR_DATA,20,1,20->11->1,2,1049.287111,1049.287308,0.000197
8938,SENSOR_DATA,31,1,31->21->11->1,3,1049.889377,1049.889618,0.000241
8942,SENSOR_DATA,12,1,12->2->1,2,1050.316218,1050.316386,0.000167
8954,SENSOR_DATA,0,1,0->1,1,1051.188125,1051.188173,0.000048
8955,SENSOR_DATA,32,1,32->22->11->1,3,1051.223711,1051.223980,0.000269
8956,SENSOR_DATA,13,1,13->3->2->1,3,1051.223882,1051.224077,0.000195
8960,SENSOR_DATA,40,1,40->41->31->21->11->1,5,1051.867377,1051.867759,0.000382
8963,SENSOR_DATA,2,1,2->1,1,1052.104102,1052.104172,0.000070
8965,SENSOR_DATA,14,1,14->23->12->2->1,4,1052.690114,1052.690457,0.000344
8975,SENSOR_DATA,3,1,3->2->1,2,1053.494044,1053.494184,0.000140
8979,SENSOR_DATA,11,1,11->1,1,1054.204738,1054.204831,0.000093
8982,SENSOR_DATA,34,1,34->23->12->2->1,4,1054.554077,1054.554418,0.000341
8984,SENSOR_DATA,4,1,4->13->3->2->1,4,1054.696931,1054.697209,0.000279
8987,SENSOR_DATA,23,1,23->12->2->1,3,1054.912783,1054.913021,0.000239
8992,SENSOR_DATA,21,1,21->11->1,2,1055.481629,1055.481799,0.000170
8996,SENSOR_DATA,10,1,10->1,1,1055.580227,1055.580296,0.000069
9000,SENSOR_DATA,41,1,41->31->21->11->1,4,1055.923126,1055.923431,0.000306
9005,SENSOR_DATA,42,1,42->31->21->11->1,4,1056.253404,1056.253738,0.000335
9010,SENSOR_DATA,30,1,30->21->11->1,3,1056.467984,1056.468202,0.000219
9016,SENSOR_DATA,35,1,35->34->23->12->2->1,5,1057.439348,1057.439752,0.000404
9028,SENSOR_DATA,22,1,22->11->1,2,1058.591410,1058.591575,0.000165
9030,SENSOR_DATA,20,1,20->11->1,2,1059.287111,1059.287308,0.000197
9037,SENSOR_DATA,31,1,31->21->11->1,3,1059.889377,1059.889618,0.000241
9041,SENSOR_DATA,12,1,12->2->1,2,1060.316218,1060.316386,0.000167
9053,SENSOR_DATA,0,1,0->1,1,1061.188125,1061.188173,0.000048
9054,SENSOR_DATA,32,1,32->22->11->1,3,1061.223711,1061.223980,0.000269
9055,SENSOR_DATA,13,1,13->3->2->1,3,1061.223882,1061.224077,0.000195
9059,SENSOR_DATA,40,1,40->41->31->21->11->1,5,1061.867377,1061.867759,0.000382
9062,SENSOR_DATA,2,1,2->1,1,1062.104102,1062.104172,0.000070
9064,SENSOR_DATA,14,1,14->23->12->2->1,4,1062.690114,1062.690457,0.000344
9074,SENSOR_DATA,3,1,3->2->1,2,1063.494044,1063.494184,0.000140
9078,SENSOR_DATA,11,1,11->1,1,1064.204738,1064.204831,0.000093
9081,SENSOR_DATA,34,1,34->23->12->2->1,4,1064.554077,1064.554418,0.000341
9083,SENSOR_DATA,4,1,4->13->3->2->1,4,1064.696931,1064.697209,0.000279
9086,SENSOR_DATA,23,1,23->12->2->1,3,1064.912783,1064.913021,0.000239
9091,SENSOR_DATA,21,1,21->11->1,2,1065.481629,1065.481799,0.000170
9095,SENSOR_DATA,10,1,10->1,1,1065.580227,1065.580296,0.000069
9099,SENSOR_DATA,41,1,41->31->21->11->1,4,1065.923126,1065.923431,0.000306
9104,SENSOR_DATA,42,1,42->31->21->11->1,4,1066.253404,1066.253738,0.000335
9109,SENSOR_DATA,30,1,30->21->11->1,3,1066.467984,1066.468202,0.000219
9115,SENSOR_DATA,35,1,35->34->23->12->2->1,5,1067.439348,1067.439752,0.000404
9127,SENSOR_DATA,22,1,22->11->1,2,1068.591410,1068.591575,0.000165
9129,SENSOR_DATA,20,1,20->11->1,2,1069.287111,1069.287308,0.000197
9136,SENSOR_DATA,31,1,31->21->11->1,3,1069.889377,1069.889618,0.000241
9140,SENSOR_DATA,12,1,12->2->1,2,1070.316218,1070.316386,0.000167
9152,SENSOR_DATA,0,1,0->1,1,1071.188125,1071.188173,0.000048
9153,SENSOR_DATA,32,1,32->22->11->1,3,1071.223711,1071.223980,0.000269
9154,SENSOR_DATA,13,1,13->3->2->1,3,1071.223882,1071.224077,0.000195
9158,SENSOR_DATA,40,1,40->41->31->21->11->1,5,1071.867377,1071.867759,0.000382
9161,SENSOR_DATA,2,1,2->1,1,1072.104102,1072.104172,0.000070
9163,SENSOR_DATA,14,1,14->23->12->2->1,4,1072.690114,1072.690457,0.000344
9173,SENSOR_DATA,3,1,3->2->1,2,1073.494044,1073.494184,0.000140
9177,SENSOR_DATA,11,1,11->1,1,1074.204738,1074.204831,0.000093
9180,SENSOR_DATA,34,1,34->23->12->2->1,4,1074.554077,1074.554418,0.000341
9182,SENSOR_DATA,4,1,4->13->3->2->1,4,1074.696931,1074.697209,0.000279
9185,SENSOR_DATA,23,1,23->12->2->1,3,1074.912783,1074.913021,0.000239
9190,SENSOR_DATA,21,1,21->11->1,2,1075.481629,1075.481799,0.000170
9194,SENSOR_DATA,10,1,10->1,1,1075.580227,1075.580296,0.000069
9198,SENSOR_DATA,41,1,41->31->21->11->1,4,1075.923126,1075.923431,0.000306
9203,SENSOR_DATA,42,1,42->31->21->11->1,4,1076.253404,1076.253738,0.000335
9208,SENSOR_DATA,30,1,30->21->11->1,3,1076.467984,1076.468202,0.000219
9214,SENSOR_DATA,35,1,35->34->23->12->2->1,5,1077.439348,1077.439752,0.000404
9226,SENSOR_DATA,22,1,22->11->1,2,1078.591410,1078.591575,0.000165
9228,SENSOR_DATA,20,1,20->11->1,2,1079.287111,1079.287308,0.000197
9235,SENSOR_DATA,31,1,31->21->11->1,3,1079.889377,1079.889618,0.000241
9239,SENSOR_DATA,12,1,12->2->1,2,1080.316218,1080.316386,0.000167
9251,SENSOR_DATA,0,1,0->1,1,1081.188125,1081.188173,0.000048
9252,SENSOR_DATA,32,1,32->22->11->1,3,1081.223711,1081.223980,0.000269
9253,SENSOR_DATA,13,1,13->3->2->1,3,1081.223882,1081.224077,0.000195
9257,SENSOR_DATA,40,1,40->41->31->21->11->1,5,1081.867377,1081.867759,0.000382
9260,SENSOR_DATA,2,1,2->1,1,1082.104102,1082.104172,0.000070
9262,SENSOR_DATA,14,1,14->23->12->2->1,4,1082.690114,1082.690457,0.000344
9272,SENSOR_DATA,3,1,3->2->1,2,1083.494044,1083.494184,0.000140
9276,SENSOR_DATA,11,1,11->1,1,1084.204738,1084.204831,0.000093
9279,SENSOR_DATA,34,1,34->23->12->2->1,4,1084.554077,1084.554418,0.000341
9281,SENSOR_DATA,4,1,4->13->3->2->1,4,1084.696931,1084.697209,0.000279
9284,SENSOR_DATA,23,1,23->12->2->1,3,1084.912783,1084.913021,0.000239
9289,SENSOR_DATA,21,1,21->11->1,2,1085.481629,1085.481799,0.000170
9293,SENSOR_DATA,10,1,10->1,1,1085.580227,1085.580296,0.000069
9297,SENSOR_DATA,41,1,41->31->21->11->1,4,1085.923126,1085.923431,0.000306
9302,SENSOR_DATA,42,1,42->31->21->11->1,4,1086.253404,1086.253738,0.000335
9307,SENSOR_DATA,30,1,30->21->11->1,3,1086.467984,1086.468202,0.000219
9313,SENSOR_DATA,35,1,35->34->23->12->2->1,5,1087.439348,1087.439752,0.000404
9325,SENSOR_DATA,22,1,22->11->1,2,1088.591410,1088.591575,0.000165
9327,SENSOR_DATA,20,1,20->11->1,2,1089.287111,1089.287308,0.000197
9334,SENSOR_DATA,31,1,31->21->11->1,3,1089.889377,1089.889618,0.000241
9338,SENSOR_DATA,12,1,12->2->1,2,1090.316218,1090.316386,0.000167
9350,SENSOR_DATA,0,1,0->1,1,1091.188125,1091.188173,0.000048
9351,SENSOR_DATA,32,1,32->22->11->1,3,1091.223711,1091.223980,0.000269
9352,SENSOR_DATA,13,1,13->3->2->1,3,1091.223882,1091.224077,0.000195
9356,SENSOR_DATA,40,1,40->41->31->21->11->1,5,1091.867377,1091.867759,0.000382
9359,SENSOR_DATA,2,1,2->1,1,1092.104102,1092.104172,0.000070
9361,SENSOR_DATA,14,1,14->23->12->2->1,4,1092.690114,1092.690457,0.000344
9371,SENSOR_DATA,3,1,3->2->1,2,1093.494044,1093.494184,0.000140
9375,SENSOR_DATA,11,1,11->1,1,1094.204738,1094.204831,0.000093
9378,SENSOR_DATA,34,1,34->23->12->2->1,4,1094.554077,1094.554418,0.000341
9380,SENSOR_DATA,4,1,4->13->3->2->1,4,1094.696931,1094.697209,0.000279
9383,SENSOR_DATA,23,1,23->12->2->1,3,1094.912783,1094.913021,0.000239
9388,SENSOR_DATA,21,1,21->11->1,2,1095.481629,1095.481799,0.000170
9392,SENSOR_DATA,10,1,10->1,1,1095.580227,1095.580296,0.000069
9396,SENSOR_DATA,41,1,41->31->21->11->1,4,1095.923126,1095.923431,0.000306
9401,SENSOR_DATA,42,1,42->31->21->11->1,4,1096.253404,1096.253738,0.000335
9406,SENSOR_DATA,30,1,30->21->11->1,3,1096.467984,1096.468202,0.000219
9412,SENSOR_DATA,35,1,35->34->23->12->2->1,5,1097.439348,1097.439752,0.000404
9424,SENSOR_DATA,22,1,22->11->1,2,1098.591410,1098.591575,0.000165
9426,SENSOR_DATA,20,1,20->11->1,2,1099.287111,1099.287308,0.000197
9433,SENSOR_DATA,31,1,31->21->11->1,3,1099.889377,1099.889618,0.000241
9437,SENSOR_DATA,12,1,12->2->1,2,1100.316218,1100.316386,0.000167
9449,SENSOR_DATA,0,1,0->1,1,1101.188125,1101.188173,0.000048
9450,SENSOR_DATA,32,1,32->22->11->1,3,1101.223711,1101.223980,0.000269
9451,SENSOR_DATA,13,1,13->3->2->1,3,1101.223882,1101.224077,0.000195
9455,SENSOR_DATA,40,1,40->41->31->21->11->1,5,1101.867377,1101.867759,0.000382
9458,SENSOR_DATA,2,1,2->1,1,1102.104102,1102.104172,0.000070
9460,SENSOR_DATA,14,1,14->23->12->2->1,4,1102.690114,1102.690457,0.000344
9470,SENSOR_DATA,3,1,3->2->1,2,1103.494044,1103.494184,0.000140
9474,SENSOR_DATA,11,1,11->1,1,1104.204738,1104.204831,0.000093
9477,SENSOR_DATA,34,1,34->23->12->2->1,4,1104.554077,1104.554418,0.000341
9479,SENSOR_DATA,4,1,4->13->3->2->1,4,1104.696931,1104.697209,0.000279
9482,SENSOR_DATA,23,1,23->12->2->1,3,1104.912783,1104.913021,0.000239
9487,SENSOR_DATA,21,1,21->11->1,2,1105.481629,1105.481799,0.000170
9491,SENSOR_DATA,10,1,10->1,1,1105.580227,1105.580296,0.000069
9495,SENSOR_DATA,41,1,41->31->21->11->1,4,1105.923126,1105.923431,0.000306
9500,SENSOR_DATA,42,1,42->31->21->11->1,4,1106.253404,1106.253738,0.000335
9505,SENSOR_DATA,30,1,30->21->11->1,3,1106.467984,1106.468202,0.000219
9511,SENSOR_DATA,35,1,35->34->23->12->2->1,5,1107.439348,1107.439752,0.000404
9523,SENSOR_DATA,22,1,22->11->1,2,1108.591410,1108.591575,0.000165
9525,SENSOR_DATA,20,1,20->11->1,2,1109.287111,1109.287308,0.000197
9532,SENSOR_DATA,31,1,31->21->11->1,3,1109.889377,1109.889618,0.000241
9536,SENSOR_DATA,12,1,12->2->1,2,1110.316218,1110.316386,0.000167
9548,SENSOR_DATA,0,1,0->1,1,1111.188125,1111.188173,0.000048
9549,SENSOR_DATA,32,1,32->22->11->1,3,1111.223711,1111.223980,0.000269
9550,SENSOR_DATA,13,1,13->3->2->1,3,1111.223882,1111.224077,0.000195
9554,SENSOR_DATA,40,1,40->41->31->21->11->1,5,1111.867377,1111.867759,0.000382
9557,SENSOR_DATA,2,1,2->1,1,1112.104102,1112.104172,0.000070
9559,SENSOR_DATA,14,1,14->23->12->2->1,4,1112.690114,1112.690457,0.000344
9569,SENSOR_DATA,3,1,3->2->1,2,1113.494044,1113.494184,0.000140
9573,SENSOR_DATA,11,1,11->1,1,1114.204738,1114.204831,0.000093
9576,SENSOR_DATA,34,1,34->23->12->2->1,4,1114.554077,1114.554418,0.000341
9578,SENSOR_DATA,4,1,4->13->3->2->1,4,1114.696931,1114.697209,0.000279
9581,SENSOR_DATA,23,1,23->12->2->1,3,1114.912783,1114.913021,0.000239
9586,SENSOR_DATA,21,1,21->11->1,2,1115.481629,1115.481799,0.000170
9590,SENSOR_DATA,10,1,10->1,1,1115.580227,1115.580296,0.000069
9594,SENSOR_DATA,41,1,41->31->21->11->1,4,1115.923126,1115.923431,0.000306
9599,SENSOR_DATA,42,1,42->31->21->11->1,4,1116.253404,1116.253738,0.000335
9604,SENSOR_DATA,30,1,30->21->11->1,3,1116.467984,1116.468202,0.000219
9610,SENSOR_DATA,35,1,35->34->23->12->2->1,5,1117.439348,1117.439752,0.000404
9622,SENSOR_DATA,22,1,22->11->1,2,1118.591410,1118.591575,0.000165
9624,SENSOR_DATA,20,1,20->11->1,2,1119.287111,1119.287308,0.000197
9631,SENSOR_DATA,31,1,31->21->11->1,3,1119.889377,1119.889618,0.000241
9635,SENSOR_DATA,12,1,12->2->1,2,1120.316218,1120.316386,0.000167
9647,SENSOR_DATA,0,1,0->1,1,1121.188125,1121.188173,0.000048
9648,SENSOR_DATA,32,1,32->22->11->1,3,1121.223711,1121.223980,0.000269
9649,SENSOR_DATA,13,1,13->3->2->1,3,1121.223882,1121.224077,0.000195
9653,SENSOR_DATA,40,1,40->41->31->21->11->1,5,1121.867377,1121.867759,0.000382
9656,SENSOR_DATA,2,1,2->1,1,1122.104102,1122.104172,0.000070
9658,SENSOR_DATA,14,1,14->23->12->2->1,4,1122.690114,1122.690457,0.000344
9668,SENSOR_DATA,3,1,3->2->1,2,1123.494044,1123.494184,0.000140
9672,SENSOR_DATA,11,1,11->1,1,1124.204738,1124.204831,0.000093
9675,SENSOR_DATA,34,1,34->23->12->2->1,4,1124.554077,1124.554418,0.000341
9677,SENSOR_DATA,4,1,4->13->3->2->1,4,1124.696931,1124.697209,0.000279
9680,SENSOR_DATA,23,1,23->12->2->1,3,1124.912783,1124.913021,0.000239
9685,SENSOR_DATA,21,1,21->11->1,2,1125.481629,1125.481799,0.000170
9689,SENSOR_DATA,10,1,10->1,1,1125.580227,1125.580296,0.000069
9693,SENSOR_DATA,41,1,41->31->21->11->1,4,1125.923126,1125.923431,0.000306
9698,SENSOR_DATA,42,1,42->31->21->11->1,4,1126.253404,1126.253738,0.000335
9703,SENSOR_DATA,30,1,30->21->11->1,3,1126.467984,1126.468202,0.000219
9709,SENSOR_DATA,35,1,35->34->23->12->2->1,5,1127.439348,1127.439752,0.000404
9721,SENSOR_DATA,22,1,22->11->1,2,1128.591410,1128.591575,0.000165
9723,SENSOR_DATA,20,1,20->11->1,2,1129.287111,1129.287308,0.000197
9730,SENSOR_DATA,31,1,31->21->11->1,3,1129.889377,1129.889618,0.000241
9734,SENSOR_DATA,12,1,12->2->1,2,1130.316218,1130.316386,0.000167
9746,SENSOR_DATA,0,1,0->1,1,1131.188125,1131.188173,0.000048
9747,SENSOR_DATA,32,1,32->22->11->1,3,1131.223711,1131.223980,0.000269
9748,SENSOR_DATA,13,1,13->3->2->1,3,1131.223882,1131.224077,0.000195
9752,SENSOR_DATA,40,1,40->41->31->21->11->1,5,1131.867377,1131.867759,0.000382
9755,SENSOR_DATA,2,1,2->1,1,1132.104102,1132.104172,0.000070
9757,SENSOR_DATA,14,1,14->23->12->2->1,4,1132.690114,1132.690457,0.000344
9767,SENSOR_DATA,3,1,3->2->1,2,1133.494044,1133.494184,0.000140
9771,SENSOR_DATA,11,1,11->1,1,1134.204738,1134.204831,0.000093
9774,SENSOR_DATA,34,1,34->23->12->2->1,4,1134.554077,1134.554418,0.000341
9776,SENSOR_DATA,4,1,4->13->3->2->1,4,1134.696931,1134.697209,0.000279
9779,SENSOR_DATA,23,1,23->12->2->1,3,1134.912783,1134.913021,0.000239
9784,SENSOR_DATA,21,1,21->11->1,2,1135.481629,1135.481799,0.000170
9788,SENSOR_DATA,10,1,10->1,1,1135.580227,1135.580296,0.000069
9792,SENSOR_DATA,41,1,41->31->21->11->1,4,1135.923126,1135.923431,0.000306
9797,SENSOR_DATA,42,1,42->31->21->11->1,4,1136.253404,1136.253738,0.000335
9802,SENSOR_DATA,30,1,30->21->11->1,3,1136.467984,1136.468202,0.000219
9808,SENSOR_DATA,35,1,35->34->23->12->2->1,5,1137.439348,1137.439752,0.000404
9820,SENSOR_DATA,22,1,22->11->1,2,1138.591410,1138.591575,0.000165
9822,SENSOR_DATA,20,1,20->11->1,2,1139.287111,1139.287308,0.000197
9829,SENSOR_DATA,31,1,31->21->11->1,3,1139.889377,1139.889618,0.000241
9833,SENSOR_DATA,12,1,12->2->1,2,1140.316218,1140.316386,0.000167
9845,SENSOR_DATA,0,1,0->1,1,1141.188125,1141.188173,0.000048
9846,SENSOR_DATA,32,1,32->22->11->1,3,1141.223711,1141.223980,0.000269
9847,SENSOR_DATA,13,1,13->3->2->1,3,1141.223882,1141.224077,0.000195
9851,SENSOR_DATA,40,1,40->41->31->21->11->1,5,1141.867377,1141.867759,0.000382
9854,SENSOR_DATA,2,1,2->1,1,1142.104102,1142.104172,0.000070
9856,SENSOR_DATA,14,1,14->23->12->2->1,4,1142.690114,1142.690457,0.000344
9866,SENSOR_DATA,3,1,3->2->1,2,1143.494044,1143.494184,0.000140
9870,SENSOR_DATA,11,1,11->1,1,1144.204738,1144.204831,0.000093
9873,SENSOR_DATA,34,1,34->23->12->2->1,4,1144.554077,1144.554418,0.000341
9875,SENSOR_DATA,4,1,4->13->3->2->1,4,1144.696931,1144.697209,0.000279
9878,SENSOR_DATA,23,1,23->12->2->1,3,1144.912783,1144.913021,0.000239
9883,SENSOR_DATA,21,1,21->11->1,2,1145.481629,1145.481799,0.000170
9887,SENSOR_DATA,10,1,10->1,1,1145.580227,1145.580296,0.000069
9891,SENSOR_DATA,41,1,41->31->21->11->1,4,1145.923126,1145.923431,0.000306
9896,SENSOR_DATA,42,1,42->31->21->11->1,4,1146.253404,1146.253738,0.000335
9901,SENSOR_DATA,30,1,30->21->11->1,3,1146.467984,1146.468202,0.000219
9907,SENSOR_DATA,35,1,35->34->23->12->2->1,5,1147.439348,1147.439752,0.000404
9919,SENSOR_DATA,22,1,22->11->1,2,1148.591410,1148.591575,0.000165
9921,SENSOR_DATA,20,1,20->11->1,2,1149.287111,1149.287308,0.000197
9928,SENSOR_DATA,31,1,31->21->11->1,3,1149.889377,1149.889618,0.000241
9932,SENSOR_DATA,12,1,12->2->1,2,1150.316218,1150.316386,0.000167
9944,SENSOR_DATA,0,1,0->1,1,1151.188125,1151.188173,0.000048
9945,SENSOR_DATA,32,1,32->22->11->1,3,1151.223711,1151.223980,0.000269
9946,SENSOR_DATA,13,1,13->3->2->1,3,1151.223882,1151.224077,0.000195
9950,SENSOR_DATA,40,1,40->41->31->21->11->1,5,1151.867377,1151.867759,0.000382
9953,SENSOR_DATA,2,1,2->1,1,1152.104102,1152.104172,0.000070
9955,SENSOR_DATA,14,1,14->23->12->2->1,4,1152.690114,1152.690457,0.000344
9965,SENSOR_DATA,3,1,3->2->1,2,1153.494044,1153.494184,0.000140
9969,SENSOR_DATA,11,1,11->1,1,1154.204738,1154.204831,0.000093
9972,SENSOR_DATA,34,1,34->23->12->2->1,4,1154.554077,1154.554418,0.000341
9974,SENSOR_DATA,4,1,4->13->3->2->1,4,1154.696931,1154.697209,0.000279
9977,SENSOR_DATA,23,1,23->12->2->1,3,1154.912783,1154.913021,0.000239
9982,SENSOR_DATA,21,1,21->11->1,2,1155.481629,1155.481799,0.000170
9986,SENSOR_DATA,10,1,10->1,1,1155.580227,1155.580296,0.000069
9990,SENSOR_DATA,41,1,41->31->21->11->1,4,1155.923126,1155.923431,0.000306
9995,SENSOR_DATA,42,1,42->31->21->11->1,4,1156.253404,1156.253738,0.000335
10000,SENSOR_DATA,30,1,30->21->11->1,3,1156.467984,1156.468202,0.000219
10006,SENSOR_DATA,35,1,35->34->23->12->2->1,5,1157.439348,1157.439752,0.000404
10018,SENSOR_DATA,22,1,22->11->1,2,1158.591410,1158.591575,0.000165
10020,SENSOR_DATA,20,1,20->11->1,2,1159.287111,1159.287308,0.000197
10027,SENSOR_DATA,31,1,31->21->11->1,3,1159.889377,1159.889618,0.000241
10031,SENSOR_DATA,12,1,12->2->1,2,1160.316218,1160.316386,0.000167
10043,SENSOR_DATA,0,1,0->1,1,1161.188125,1161.188173,0.000048
10044,SENSOR_DATA,32,1,32->22->11->1,3,1161.223711,1161.223980,0.000269
10045,SENSOR_DATA,13,1,13->3->2->1,3,1161.223882,1161.224077,0.000195
10049,SENSOR_DATA,40,1,40->41->31->21->11->1,5,1161.867377,1161.867759,0.000382
10052,SENSOR_DATA,2,1,2->1,1,1162.104102,1162.104172,0.000070
10054,SENSOR_DATA,14,1,14->23->12->2->1,4,1162.690114,1162.690457,0.000344
10064,SENSOR_DATA,3,1,3->2->1,2,1163.494044,1163.494184,0.000140
10068,SENSOR_DATA,11,1,11->1,1,1164.204738,1164.204831,0.000093
10071,SENSOR_DATA,34,1,34->23->12->2->1,4,1164.554077,1164.554418,0.000341
10073,SENSOR_DATA,4,1,4->13->3->2->1,4,1164.696931,1164.697209,0.000279
10076,SENSOR_DATA,23,1,23->12->2->1,3,1164.912783,1164.913021,0.000239
10081,SENSOR_DATA,21,1,21->11->1,2,1165.481629,1165.481799,0.000170
10085,SENSOR_DATA,10,1,10->1,1,1165.580227,1165.580296,0.000069
10089,SENSOR_DATA,41,1,41->31->21->11->1,4,1165.923126,1165.923431,0.000306
10094,SENSOR_DATA,42,1,42->31->21->11->1,4,1166.253404,1166.253738,0.000335
10099,SENSOR_DATA,30,1,30->21->11->1,3,1166.467984,1166.468202,0.000219
10105,SENSOR_DATA,35,1,35->34->23->12->2->1,5,1167.439348,1167.439752,0.000404
10117,SENSOR_DATA,22,1,22->11->1,2,1168.591410,1168.591575,0.000165
10119,SENSOR_DATA,20,1,20->11->1,2,1169.287111,1169.287308,0.000197
10126,SENSOR_DATA,31,1,31->21->11->1,3,1169.889377,1169.889618,0.000241
10130,SENSOR_DATA,12,1,12->2->1,2,1170.316218,1170.316386,0.000167
10142,SENSOR_DATA,0,1,0->1,1,1171.188125,1171.188173,0.000048
10143,SENSOR_DATA,32,1,32->22->11->1,3,1171.223711,1171.223980,0.000269
10144,SENSOR_DATA,13,1,13->3->2->1,3,1171.223882,1171.224077,0.000195
10148,SENSOR_DATA,40,1,40->41->31->21->11->1,5,1171.867377,1171.867759,0.000382
10151,SENSOR_DATA,2,1,2->1,1,1172.104102,1172.104172,0.000070
10153,SENSOR_DATA,14,1,14->23->12->2->1,4,1172.690114,1172.690457,0.000344
10163,SENSOR_DATA,3,1,3->2->1,2,1173.494044,1173.494184,0.000140
10167,SENSOR_DATA,11,1,11->1,1,1174.204738,1174.204831,0.000093
10170,SENSOR_DATA,34,1,34->23->12->2->1,4,1174.554077,1174.554418,0.000341
10172,SENSOR_DATA,4,1,4->13->3->2->1,4,1174.696931,1174.697209,0.000279
10175,SENSOR_DATA,23,1,23->12->2->1,3,1174.912783,1174.913021,0.000239
10180,SENSOR_DATA,21,1,21->11->1,2,1175.481629,1175.481799,0.000170
10184,SENSOR_DATA,10,1,10->1,1,1175.580227,1175.580296,0.000069
10188,SENSOR_DATA,41,1,41->31->21->11->1,4,1175.923126,1175.923431,0.000306
10193,SENSOR_DATA,42,1,42->31->21->11->1,4,1176.253404,1176.253738,0.000335
10198,SENSOR_DATA,30,1,30->21->11->1,3,1176.467984,1176.468202,0.000219
10204,SENSOR_DATA,35,1,35->34->23->12->2->1,5,1177.439348,1177.439752,0.000404
10216,SENSOR_DATA,22,1,22->11->1,2,1178.591410,1178.591575,0.000165
10218,SENSOR_DATA,20,1,20->11->1,2,1179.287111,1179.287308,0.000197
10225,SENSOR_DATA,31,1,31->21->11->1,3,1179.889377,1179.889618,0.000241
10229,SENSOR_DATA,12,1,12->2->1,2,1180.316218,1180.316386,0.000167
10241,SENSOR_DATA,0,1,0->1,1,1181.188125,1181.188173,0.000048
10242,SENSOR_DATA,32,1,32->22->11->1,3,1181.223711,1181.223980,0.000269
10243,SENSOR_DATA,13,1,13->3->2->1,3,1181.223882,1181.224077,0.000195
10247,SENSOR_DATA,40,1,40->41->31->21->11->1,5,1181.867377,1181.867759,0.000382
10250,SENSOR_DATA,2,1,2->1,1,1182.104102,1182.104172,0.000070
10252,SENSOR_DATA,14,1,14->23->12->2->1,4,1182.690114,1182.690457,0.000344
10262,SENSOR_DATA,3,1,3->2->1,2,1183.494044,1183.494184,0.000140
10266,SENSOR_DATA,11,1,11->1,1,1184.204738,1184.204831,0.000093
10269,SENSOR_DATA,34,1,34->23->12->2->1,4,1184.554077,1184.554418,0.000341
10271,SENSOR_DATA,4,1,4->13->3->2->1,4,1184.696931,1184.697209,0.000279
10274,SENSOR_DATA,23,1,23->12->2->1,3,1184.912783,1184.913021,0.000239
10279,SENSOR_DATA,21,1,21->11->1,2,1185.481629,1185.481799,0.000170
10283,SENSOR_DATA,10,1,10->1,1,1185.580227,1185.580296,0.000069
10287,SENSOR_DATA,41,1,41->31->21->11->1,4,1185.923126,1185.923431,0.000306
10292,SENSOR_DATA,42,1,42->31->21->11->1,4,1186.253404,1186.253738,0.000335
10297,SENSOR_DATA,30,1,30->21->11->1,3,1186.467984,1186.468202,0.000219
10303,SENSOR_DATA,35,1,35->34->23->12->2->1,5,1187.439348,1187.439752,0.000404
10315,SENSOR_DATA,22,1,22->11->1,2,1188.591410,1188.591575,0.000165
10317,SENSOR_DATA,20,1,20->11->1,2,1189.287111,1189.287308,0.000197
10324,SENSOR_DATA,31,1,31->21->11->1,3,1189.889377,1189.889618,0.000241
10328,SENSOR_DATA,12,1,12->2->1,2,1190.316218,1190.316386,0.000167
10340,SENSOR_DATA,0,1,0->1,1,1191.188125,1191.188173,0.000048
10341,SENSOR_DATA,32,1,32->22->11->1,3,1191.223711,1191.223980,0.000269
10342,SENSOR_DATA,13,1,13->3->2->1,3,1191.223882,1191.224077,0.000195
10346,SENSOR_DATA,40,1,40->41->31->21->11->1,5,1191.867377,1191.867759,0.000382
10349,SENSOR_DATA,2,1,2->1,1,1192.104102,1192.104172,0.000070
10351,SENSOR_DATA,14,1,14->23->12->2->1,4,1192.690114,1192.690457,0.000344
10361,SENSOR_DATA,3,1,3->2->1,2,1193.494044,1193.494184,0.000140
10365,SENSOR_DATA,11,1,11->1,1,1194.204738,1194.204831,0.000093
10368,SENSOR_DATA,34,1,34->23->12->2->1,4,1194.554077,1194.554418,0.000341
10370,SENSOR_DATA,4,1,4->13->3->2->1,4,1194.696931,1194.697209,0.000279
10373,SENSOR_DATA,23,1,23->12->2->1,3,1194.912783,1194.913021,0.000239
10378,SENSOR_DATA,21,1,21->11->1,2,1195.481629,1195.481799,0.000170
10382,SENSOR_DATA,10,1,10->1,1,1195.580227,1195.580296,0.000069
10386,SENSOR_DATA,41,1,41->31->21->11->1,4,1195.923126,1195.923431,0.000306
10391,SENSOR_DATA,42,1,42->31->21->11->1,4,1196.253404,1196.253738,0.000335
10396,SENSOR_DATA,30,1,30->21->11->1,3,1196.467984,1196.468202,0.000219
10402,SENSOR_DATA,35,1,35->34->23->12->2->1,5,1197.439348,1197.439752,0.000404
10414,SENSOR_DATA,22,1,22->11->1,2,1198.591410,1198.591575,0.000165
10416,SENSOR_DATA,20,1,20->11->1,2,1199.287111,1199.287308,0.000197
10423,SENSOR_DATA,31,1,31->21->11->1,3,1199.889377,1199.889618,0.000241
10427,SENSOR_DATA,12,1,12->2->1,2,1200.316218,1200.316386,0.000167
10439,SENSOR_DATA,0,1,0->1,1,1201.188125,1201.188173,0.000048
10440,SENSOR_DATA,32,1,32->22->11->1,3,1201.223711,1201.223980,0.000269
10441,SENSOR_DATA,13,1,13->3->2->1,3,1201.223882,1201.224077,0.000195
10445,SENSOR_DATA,40,1,40->41->31->21->11->1,5,1201.867377,1201.867759,0.000382
10448,SENSOR_DATA,2,1,2->1,1,1202.104102,1202.104172,0.000070
10450,SENSOR_DATA,14,1,14->23->12->2->1,4,1202.690114,1202.690457,0.000344
10460,SENSOR_DATA,3,1,3->2->1,2,1203.494044,1203.494184,0.000140
10464,SENSOR_DATA,11,1,11->1,1,1204.204738,1204.204831,0.000093
10467,SENSOR_DATA,34,1,34->23->12->2->1,4,1204.554077,1204.554418,0.000341
10469,SENSOR_DATA,4,1,4->13->3->2->1,4,1204.696931,1204.697209,0.000279
10472,SENSOR_DATA,23,1,23->12->2->1,3,1204.912783,1204.913021,0.000239
10477,SENSOR_DATA,21,1,21->11->1,2,1205.481629,1205.481799,0.000170
10481,SENSOR_DATA,10,1,10->1,1,1205.580227,1205.580296,0.000069
10485,SENSOR_DATA,41,1,41->31->21->11->1,4,1205.923126,1205.923431,0.000306
10490,SENSOR_DATA,42,1,42->31->21->11->1,4,1206.253404,1206.253738,0.000335
10495,SENSOR_DATA,30,1,30->21->11->1,3,1206.467984,1206.468202,0.000219
10501,SENSOR_DATA,35,1,35->34->23->12->2->1,5,1207.439348,1207.439752,0.000404
10513,SENSOR_DATA,22,1,22->11->1,2,1208.591410,1208.591575,0.000165
10515,SENSOR_DATA,20,1,20->11->1,2,1209.287111,1209.287308,0.000197
10522,SENSOR_DATA,31,1,31->21->11->1,3,1209.889377,1209.889618,0.000241
10526,SENSOR_DATA,12,1,12->2->1,2,1210.316218,1210.316386,0.000167
10538,SENSOR_DATA,0,1,0->1,1,1211.188125,1211.188173,0.000048
10539,SENSOR_DATA,32,1,32->22->11->1,3,1211.223711,1211.223980,0.000269
10540,SENSOR_DATA,13,1,13->3->2->1,3,1211.223882,1211.224077,0.000195
10544,SENSOR_DATA,40,1,40->41->31->21->11->1,5,1211.867377,1211.867759,0.000382
10547,SENSOR_DATA,2,1,2->1,1,1212.104102,1212.104172,0.000070
10549,SENSOR_DATA,14,1,14->23->12->2->1,4,1212.690114,1212.690457,0.000344
10559,SENSOR_DATA,3,1,3->2->1,2,1213.494044,1213.494184,0.000140
10563,SENSOR_DATA,11,1,11->1,1,1214.204738,1214.204831,0.000093
10566,SENSOR_DATA,34,1,34->23->12->2->1,4,1214.554077,1214.554418,0.000341
10568,SENSOR_DATA,4,1,4->13->3->2->1,4,1214.696931,1214.697209,0.000279
10571,SENSOR_DATA,23,1,23->12->2->1,3,1214.912783,1214.913021,0.000239
10576,SENSOR_DATA,21,1,21->11->1,2,1215.481629,1215.481799,0.000170
10580,SENSOR_DATA,10,1,10->1,1,1215.580227,1215.580296,0.000069
10584,SENSOR_DATA,41,1,41->31->21->11->1,4,1215.923126,1215.923431,0.000306
10589,SENSOR_DATA,42,1,42->31->21->11->1,4,1216.253404,1216.253738,0.000335
10594,SENSOR_DATA,30,1,30->21->11->1,3,1216.467984,1216.468202,0.000219
10600,SENSOR_DATA,35,1,35->34->23->12->2->1,5,1217.439348,1217.439752,0.000404
10612,SENSOR_DATA,22,1,22->11->1,2,1218.591410,1218.591575,0.000165
10614,SENSOR_DATA,20,1,20->11->1,2,1219.287111,1219.287308,0.000197
10621,SENSOR_DATA,31,1,31->21->11->1,3,1219.889377,1219.889618,0.000241
10625,SENSOR_DATA,12,1,12->2->1,2,1220.316218,1220.316386,0.000167
10637,SENSOR_DATA,0,1,0->1,1,1221.188125,1221.188173,0.000048
10638,SENSOR_DATA,32,1,32->22->11->1,3,1221.223711,1221.223980,0.000269
10639,SENSOR_DATA,13,1,13->3->2->1,3,1221.223882,1221.224077,0.000195
10643,SENSOR_DATA,40,1,40->41->31->21->11->1,5,1221.867377,1221.867759,0.000382
10646,SENSOR_DATA,2,1,2->1,1,1222.104102,1222.104172,0.000070
10648,SENSOR_DATA,14,1,14->23->12->2->1,4,1222.690114,1222.690457,0.000344
10658,SENSOR_DATA,3,1,3->2->1,2,1223.494044,1223.494184,0.000140
10662,SENSOR_DATA,11,1,11->1,1,1224.204738,1224.204831,0.000093
10665,SENSOR_DATA,34,1,34->23->12->2->1,4,1224.554077,1224.554418,0.000341
10667,SENSOR_DATA,4,1,4->13->3->2->1,4,1224.696931,1224.697209,0.000279
10670,SENSOR_DATA,23,1,23->12->2->1,3,1224.912783,1224.913021,0.000239
10675,SENSOR_DATA,21,1,21->11->1,2,1225.481629,1225.481799,0.000170
10679,SENSOR_DATA,10,1,10->1,1,1225.580227,1225.580296,0.000069
10683,SENSOR_DATA,41,1,41->31->21->11->1,4,1225.923126,1225.923431,0.000306
10688,SENSOR_DATA,42,1,42->31->21->11->1,4,1226.253404,1226.253738,0.000335
10693,SENSOR_DATA,30,1,30->21->11->1,3,1226.467984,1226.468202,0.000219
10699,SENSOR_DATA,35,1,35->34->23->12->2->1,5,1227.439348,1227.439752,0.000404
10711,SENSOR_DATA,22,1,22->11->1,2,1228.591410,1228.591575,0.000165
10713,SENSOR_DATA,20,1,20->11->1,2,1229.287111,1229.287308,0.000197
10720,SENSOR_DATA,31,1,31->21->11->1,3,1229.889377,1229.889618,0.000241
10724,SENSOR_DATA,12,1,12->2->1,2,1230.316218,1230.316386,0.000167
10736,SENSOR_DATA,0,1,0->1,1,1231.188125,1231.188173,0.000048
10737,SENSOR_DATA,32,1,32->22->11->1,3,1231.223711,1231.223980,0.000269
10738,SENSOR_DATA,13,1,13->3->2->1,3,1231.223882,1231.224077,0.000195
10742,SENSOR_DATA,40,1,40->41->31->21->11->1,5,1231.867377,1231.867759,0.000382
10745,SENSOR_DATA,2,1,2->1,1,1232.104102,1232.104172,0.000070
10747,SENSOR_DATA,14,1,14->23->12->2->1,4,1232.690114,1232.690457,0.000344
10757,SENSOR_DATA,3,1,3->2->1,2,1233.494044,1233.494184,0.000140
10761,SENSOR_DATA,11,1,11->1,1,1234.204738,1234.204831,0.000093
10764,SENSOR_DATA,34,1,34->23->12->2->1,4,1234.554077,1234.554418,0.000341
10766,SENSOR_DATA,4,1,4->13->3->2->1,4,1234.696931,1234.697209,0.000279
10769,SENSOR_DATA,23,1,23->12->2->1,3,1234.912783,1234.913021,0.000239
10774,SENSOR_DATA,21,1,21->11->1,2,1235.481629,1235.481799,0.000170
10778,SENSOR_DATA,10,1,10->1,1,1235.580227,1235.580296,0.000069
10782,SENSOR_DATA,41,1,41->31->21->11->1,4,1235.923126,1235.923431,0.000306
10787,SENSOR_DATA,42,1,42->31->21->11->1,4,1236.253404,1236.253738,0.000335
10792,SENSOR_DATA,30,1,30->21->11->1,3,1236.467984,1236.468202,0.000219
10798,SENSOR_DATA,35,1,35->34->23->12->2->1,5,1237.439348,1237.439752,0.000404
10810,SENSOR_DATA,22,1,22->11->1,2,1238.591410,1238.591575,0.000165
10812,SENSOR_DATA,20,1,20->11->1,2,1239.287111,1239.287308,0.000197
10819,SENSOR_DATA,31,1,31->21->11->1,3,1239.889377,1239.889618,0.000241
10823,SENSOR_DATA,12,1,12->2->1,2,1240.316218,1240.316386,0.000167
10835,SENSOR_DATA,0,1,0->1,1,1241.188125,1241.188173,0.000048
10836,SENSOR_DATA,32,1,32->22->11->1,3,1241.223711,1241.223980,0.000269
10837,SENSOR_DATA,13,1,13->3->2->1,3,1241.223882,1241.224077,0.000195
10841,SENSOR_DATA,40,1,40->41->31->21->11->1,5,1241.867377,1241.867759,0.000382
10844,SENSOR_DATA,2,1,2->1,1,1242.104102,1242.104172,0.000070
10846,SENSOR_DATA,14,1,14->23->12->2->1,4,1242.690114,1242.690457,0.000344
10856,SENSOR_DATA,3,1,3->2->1,2,1243.494044,1243.494184,0.000140
10860,SENSOR_DATA,11,1,11->1,1,1244.204738,1244.204831,0.000093
10863,SENSOR_DATA,34,1,34->23->12->2->1,4,1244.554077,1244.554418,0.000341
10865,SENSOR_DATA,4,1,4->13->3->2->1,4,1244.696931,1244.697209,0.000279
10868,SENSOR_DATA,23,1,23->12->2->1,3,1244.912783,1244.913021,0.000239
10873,SENSOR_DATA,21,1,21->11->1,2,1245.481629,1245.481799,0.000170
10877,SENSOR_DATA,10,1,10->1,1,1245.580227,1245.580296,0.000069
10881,SENSOR_DATA,41,1,41->31->21->11->1,4,1245.923126,1245.923431,0.000306
10886,SENSOR_DATA,42,1,42->31->21->11->1,4,1246.253404,1246.253738,0.000335
10891,SENSOR_DATA,30,1,30->21->11->1,3,1246.467984,1246.468202,0.000219
10897,SENSOR_DATA,35,1,35->34->23->12->2->1,5,1247.439348,1247.439752,0.000404
10909,SENSOR_DATA,22,1,22->11->1,2,1248.591410,1248.591575,0.000165
10911,SENSOR_DATA,20,1,20->11->1,2,1249.287111,1249.287308,0.000197
10918,SENSOR_DATA,31,1,31->21->11->1,3,1249.889377,1249.889618,0.000241
10922,SENSOR_DATA,12,1,12->2->1,2,1250.316218,1250.316386,0.000167
10934,SENSOR_DATA,0,1,0->1,1,1251.188125,1251.188173,0.000048
10935,SENSOR_DATA,32,1,32->22->11->1,3,1251.223711,1251.223980,0.000269
10936,SENSOR_DATA,13,1,13->3->2->1,3,1251.223882,1251.224077,0.000195
10940,SENSOR_DATA,40,1,40->41->31->21->11->1,5,1251.867377,1251.867759,0.000382
10943,SENSOR_DATA,2,1,2->1,1,1252.104102,1252.104172,0.000070
10945,SENSOR_DATA,14,1,14->23->12->2->1,4,1252.690114,1252.690457,0.000344
10955,SENSOR_DATA,3,1,3->2->1,2,1253.494044,1253.494184,0.000140
10959,SENSOR_DATA,11,1,11->1,1,1254.204738,1254.204831,0.000093
10962,SENSOR_DATA,34,1,34->23->12->2->1,4,1254.554077,1254.554418,0.000341
10964,SENSOR_DATA,4,1,4->13->3->2->1,4,1254.696931,1254.697209,0.000279
10967,SENSOR_DATA,23,1,23->12->2->1,3,1254.912783,1254.913021,0.000239
10972,SENSOR_DATA,21,1,21->11->1,2,1255.481629,1255.481799,0.000170
10976,SENSOR_DATA,10,1,10->1,1,1255.580227,1255.580296,0.000069
10980,SENSOR_DATA,41,1,41->31->21->11->1,4,1255.923126,1255.923431,0.000306
10985,SENSOR_DATA,42,1,42->31->21->11->1,4,1256.253404,1256.253738,0.000335
10990,SENSOR_DATA,30,1,30->21->11->1,3,1256.467984,1256.468202,0.000219
10996,SENSOR_DATA,35,1,35->34->23->12->2->1,5,1257.439348,1257.439752,0.000404
11008,SENSOR_DATA,22,1,22->11->1,2,1258.591410,1258.591575,0.000165
11010,SENSOR_DATA,20,1,20->11->1,2,1259.287111,1259.287308,0.000197
11017,SENSOR_DATA,31,1,31->21->11->1,3,1259.889377,1259.889618,0.000241
11021,SENSOR_DATA,12,1,12->2->1,2,1260.316218,1260.316386,0.000167
11033,SENSOR_DATA,0,1,0->1,1,1261.188125,1261.188173,0.000048
11034,SENSOR_DATA,32,1,32->22->11->1,3,1261.223711,1261.223980,0.000269
11035,SENSOR_DATA,13,1,13->3->2->1,3,1261.223882,1261.224077,0.000195
11039,SENSOR_DATA,40,1,40->41->31->21->11->1,5,1261.867377,1261.867759,0.000382
11042,SENSOR_DATA,2,1,2->1,1,1262.104102,1262.104172,0.000070
11044,SENSOR_DATA,14,1,14->23->12->2->1,4,1262.690114,1262.690457,0.000344
11054,SENSOR_DATA,3,1,3->2->1,2,1263.494044,1263.494184,0.000140
11058,SENSOR_DATA,11,1,11->1,1,1264.204738,1264.204831,0.000093
11061,SENSOR_DATA,34,1,34->23->12->2->1,4,1264.554077,1264.554418,0.000341
11063,SENSOR_DATA,4,1,4->13->3->2->1,4,1264.696931,1264.697209,0.000279
11066,SENSOR_DATA,23,1,23->12->2->1,3,1264.912783,1264.913021,0.000239
11071,SENSOR_DATA,21,1,21->11->1,2,1265.481629,1265.481799,0.000170
11075,SENSOR_DATA,10,1,10->1,1,1265.580227,1265.580296,0.000069
11079,SENSOR_DATA,41,1,41->31->21->11->1,4,1265.923126,1265.923431,0.000306
11084,SENSOR_DATA,42,1,42->31->21->11->1,4,1266.253404,1266.253738,0.000335
11089,SENSOR_DATA,30,1,30->21->11->1,3,1266.467984,1266.468202,0.000219
11095,SENSOR_DATA,35,1,35->34->23->12->2->1,5,1267.439348,1267.439752,0.000404
11107,SENSOR_DATA,22,1,22->11->1,2,1268.591410,1268.591575,0.000165
11109,SENSOR_DATA,20,1,20->11->1,2,1269.287111,1269.287308,0.000197
11116,SENSOR_DATA,31,1,31->21->11->1,3,1269.889377,1269.889618,0.000241
11120,SENSOR_DATA,12,1,12->2->1,2,1270.316218,1270.316386,0.000167
11132,SENSOR_DATA,0,1,0->1,1,1271.188125,1271.188173,0.000048
11133,SENSOR_DATA,32,1,32->22->11->1,3,1271.223711,1271.223980,0.000269
11134,SENSOR_DATA,13,1,13->3->2->1,3,1271.223882,1271.224077,0.000195
11138,SENSOR_DATA,40,1,40->41->31->21->11->1,5,1271.867377,1271.867759,0.000382
11141,SENSOR_DATA,2,1,2->1,1,1272.104102,1272.104172,0.000070
11143,SENSOR_DATA,14,1,14->23->12->2->1,4,1272.690114,1272.690457,0.000344
11153,SENSOR_DATA,3,1,3->2->1,2,1273.494044,1273.494184,0.000140
11157,SENSOR_DATA,11,1,11->1,1,1274.204738,1274.204831,0.000093
11160,SENSOR_DATA,34,1,34->23->12->2->1,4,1274.554077,1274.554418,0.000341
11162,SENSOR_DATA,4,1,4->13->3->2->1,4,1274.696931,1274.697209,0.000279
11165,SENSOR_DATA,23,1,23->12->2->1,3,1274.912783,1274.913021,0.000239
11170,SENSOR_DATA,21,1,21->11->1,2,1275.481629,1275.481799,0.000170
11174,SENSOR_DATA,10,1,10->1,1,1275.580227,1275.580296,0.000069
11178,SENSOR_DATA,41,1,41->31->21->11->1,4,1275.923126,1275.923431,0.000306
11183,SENSOR_DATA,42,1,42->31->21->11->1,4,1276.253404,1276.253738,0.000335
11188,SENSOR_DATA,30,1,30->21->11->1,3,1276.467984,1276.468202,0.000219
11194,SENSOR_DATA,35,1,35->34->23->12->2->1,5,1277.439348,1277.439752,0.000404
11206,SENSOR_DATA,22,1,22->11->1,2,1278.591410,1278.591575,0.000165
11208,SENSOR_DATA,20,1,20->11->1,2,1279.287111,1279.287308,0.000197
11215,SENSOR_DATA,31,1,31->21->11->1,3,1279.889377,1279.889618,0.000241
11219,SENSOR_DATA,12,1,12->2->1,2,1280.316218,1280.316386,0.000167
11231,SENSOR_DATA,0,1,0->1,1,1281.188125,1281.188173,0.000048
11232,SENSOR_DATA,32,1,32->22->11->1,3,1281.223711,1281.223980,0.000269
11233,SENSOR_DATA,13,1,13->3->2->1,3,1281.223882,1281.224077,0.000195
11237,SENSOR_DATA,40,1,40->41->31->21->11->1,5,1281.867377,1281.867759,0.000382
11240,SENSOR_DATA,2,1,2->1,1,1282.104102,1282.104172,0.000070
11242,SENSOR_DATA,14,1,14->23->12->2->1,4,1282.690114,1282.690457,0.000344
11252,SENSOR_DATA,3,1,3->2->1,2,1283.494044,1283.494184,0.000140
11256,SENSOR_DATA,11,1,11->1,1,1284.204738,1284.204831,0.000093
11259,SENSOR_DATA,34,1,34->23->12->2->1,4,1284.554077,1284.554418,0.000341
11261,SENSOR_DATA,4,1,4->13->3->2->1,4,1284.696931,1284.697209,0.000279
11264,SENSOR_DATA,23,1,23->12->2->1,3,1284.912783,1284.913021,0.000239
11269,SENSOR_DATA,21,1,21->11->1,2,1285.481629,1285.481799,0.000170
11273,SENSOR_DATA,10,1,10->1,1,1285.580227,1285.580296,0.000069
11277,SENSOR_DATA,41,1,41->31->21->11->1,4,1285.923126,1285.923431,0.000306
11282,SENSOR_DATA,42,1,42->31->21->11->1,4,1286.253404,1286.253738,0.000335
11287,SENSOR_DATA,30,1,30->21->11->1,3,1286.467984,1286.468202,0.000219
11293,SENSOR_DATA,35,1,35->34->23->12->2->1,5,1287.439348,1287.439752,0.000404
11305,SENSOR_DATA,22,1,22->11->1,2,1288.591410,1288.591575,0.000165
11307,SENSOR_DATA,20,1,20->11->1,2,1289.287111,1289.287308,0.000197
11314,SENSOR_DATA,31,1,31->21->11->1,3,1289.889377,1289.889618,0.000241
11318,SENSOR_DATA,12,1,12->2->1,2,1290.316218,1290.316386,0.000167
11330,SENSOR_DATA,0,1,0->1,1,1291.188125,1291.188173,0.000048
11331,SENSOR_DATA,32,1,32->22->11->1,3,1291.223711,1291.223980,0.000269
11332,SENSOR_DATA,13,1,13->3->2->1,3,1291.223882,1291.224077,0.000195
11336,SENSOR_DATA,40,1,40->41->31->21->11->1,5,1291.867377,1291.867759,0.000382
11339,SENSOR_DATA,2,1,2->1,1,1292.104102,1292.104172,0.000070
11341,SENSOR_DATA,14,1,14->23->12->2->1,4,1292.690114,1292.690457,0.000344
11351,SENSOR_DATA,3,1,3->2->1,2,1293.494044,1293.494184,0.000140
11355,SENSOR_DATA,11,1,11->1,1,1294.204738,1294.204831,0.000093
11358,SENSOR_DATA,34,1,34->23->12->2->1,4,1294.554077,1294.554418,0.000341
11360,SENSOR_DATA,4,1,4->13->3->2->1,4,1294.696931,1294.697209,0.000279
11363,SENSOR_DATA,23,1,23->12->2->1,3,1294.912783,1294.913021,0.000239
11368,SENSOR_DATA,21,1,21->11->1,2,1295.481629,1295.481799,0.000170
11372,SENSOR_DATA,10,1,10->1,1,1295.580227,1295.580296,0.000069
11376,SENSOR_DATA,41,1,41->31->21->11->1,4,1295.923126,1295.923431,0.000306
11381,SENSOR_DATA,42,1,42->31->21->11->1,4,1296.253404,1296.253738,0.000335
11386,SENSOR_DATA,30,1,30->21->11->1,3,1296.467984,1296.468202,0.000219
11392,SENSOR_DATA,35,1,35->34->23->12->2->1,5,1297.439348,1297.439752,0.000404
11404,SENSOR_DATA,22,1,22->11->1,2,1298.591410,1298.591575,0.000165
11406,SENSOR_DATA,20,1,20->11->1,2,1299.287111,1299.287308,0.000197
11413,SENSOR_DATA,31,1,31->21->11->1,3,1299.889377,1299.889618,0.000241
11417,SENSOR_DATA,12,1,12->2->1,2,1300.316218,1300.316386,0.000167
11429,SENSOR_DATA,0,1,0->1,1,1301.188125,1301.188173,0.000048
11430,SENSOR_DATA,32,1,32->22->11->1,3,1301.223711,1301.223980,0.000269
11431,SENSOR_DATA,13,1,13->3->2->1,3,1301.223882,1301.224077,0.000195
11435,SENSOR_DATA,40,1,40->41->31->21->11->1,5,1301.867377,1301.867759,0.000382
11438,SENSOR_DATA,2,1,2->1,1,1302.104102,1302.104172,0.000070
11440,SENSOR_DATA,14,1,14->23->12->2->1,4,1302.690114,1302.690457,0.000344
11450,SENSOR_DATA,3,1,3->2->1,2,1303.494044,1303.494184,0.000140
11454,SENSOR_DATA,11,1,11->1,1,1304.204738,1304.204831,0.000093
11457,SENSOR_DATA,34,1,34->23->12->2->1,4,1304.554077,1304.554418,0.000341
11459,SENSOR_DATA,4,1,4->13->3->2->1,4,1304.696931,1304.697209,0.000279
11462,SENSOR_DATA,23,1,23->12->2->1,3,1304.912783,1304.913021,0.000239
11467,SENSOR_DATA,21,1,21->11->1,2,1305.481629,1305.481799,0.000170
11471,SENSOR_DATA,10,1,10->1,1,1305.580227,1305.580296,0.000069
11475,SENSOR_DATA,41,1,41->31->21->11->1,4,1305.923126,1305.923431,0.000306
11480,SENSOR_DATA,42,1,42->31->21->11->1,4,1306.253404,1306.253738,0.000335
11485,SENSOR_DATA,30,1,30->21->11->1,3,1306.467984,1306.468202,0.000219
11491,SENSOR_DATA,35,1,35->34->23->12->2->1,5,1307.439348,1307.439752,0.000404
11503,SENSOR_DATA,22,1,22->11->1,2,1308.591410,1308.591575,0.000165
11505,SENSOR_DATA,20,1,20->11->1,2,1309.287111,1309.287308,0.000197
11512,SENSOR_DATA,31,1,31->21->11->1,3,1309.889377,1309.889618,0.000241
11516,SENSOR_DATA,12,1,12->2->1,2,1310.316218,1310.316386,0.000167
11528,SENSOR_DATA,0,1,0->1,1,1311.188125,1311.188173,0.000048
11529,SENSOR_DATA,32,1,32->22->11->1,3,1311.223711,1311.223980,0.000269
11530,SENSOR_DATA,13,1,13->3->2->1,3,1311.223882,1311.224077,0.000195
11534,SENSOR_DATA,40,1,40->41->31->21->11->1,5,1311.867377,1311.867759,0.000382
11537,SENSOR_DATA,2,1,2->1,1,1312.104102,1312.104172,0.000070
11539,SENSOR_DATA,14,1,14->23->12->2->1,4,1312.690114,1312.690457,0.000344
11549,SENSOR_DATA,3,1,3->2->1,2,1313.494044,1313.494184,0.000140
11553,SENSOR_DATA,11,1,11->1,1,1314.204738,1314.204831,0.000093
11556,SENSOR_DATA,34,1,34->23->12->2->1,4,1314.554077,1314.554418,0.000341
11558,SENSOR_DATA,4,1,4->13->3->2->1,4,1314.696931,1314.697209,0.000279
11561,SENSOR_DATA,23,1,23->12->2->1,3,1314.912783,1314.913021,0.000239
11566,SENSOR_DATA,21,1,21->11->1,2,1315.481629,1315.481799,0.000170
11570,SENSOR_DATA,10,1,10->1,1,1315.580227,1315.580296,0.000069
11574,SENSOR_DATA,41,1,41->31->21->11->1,4,1315.923126,1315.923431,0.000306
11579,SENSOR_DATA,42,1,42->31->21->11->1,4,1316.253404,1316.253738,0.000335
11584,SENSOR_DATA,30,1,30->21->11->1,3,1316.467984,1316.468202,0.000219
11590,SENSOR_DATA,35,1,35->34->23->12->2->1,5,1317.439348,1317.439752,0.000404
11602,SENSOR_DATA,22,1,22->11->1,2,1318.591410,1318.591575,0.000165
11604,SENSOR_DATA,20,1,20->11->1,2,1319.287111,1319.287308,0.000197
11611,SENSOR_DATA,31,1,31->21->11->1,3,1319.889377,1319.889618,0.000241
11615,SENSOR_DATA,12,1,12->2->1,2,1320.316218,1320.316386,0.000167
11627,SENSOR_DATA,0,1,0->1,1,1321.188125,1321.188173,0.000048
11628,SENSOR_DATA,32,1,32->22->11->1,3,1321.223711,1321.223980,0.000269
11629,SENSOR_DATA,13,1,13->3->2->1,3,1321.223882,1321.224077,0.000195
11633,SENSOR_DATA,40,1,40->41->31->21->11->1,5,1321.867377,1321.867759,0.000382
11636,SENSOR_DATA,2,1,2->1,1,1322.104102,1322.104172,0.000070
11638,SENSOR_DATA,14,1,14->23->12->2->1,4,1322.690114,1322.690457,0.000344
11648,SENSOR_DATA,3,1,3->2->1,2,1323.494044,1323.494184,0.000140
11652,SENSOR_DATA,11,1,11->1,1,1324.204738,1324.204831,0.000093
11655,SENSOR_DATA,34,1,34->23->12->2->1,4,1324.554077,1324.554418,0.000341
11657,SENSOR_DATA,4,1,4->13->3->2->1,4,1324.696931,1324.697209,0.000279
11660,SENSOR_DATA,23,1,23->12->2->1,3,1324.912783,1324.913021,0.000239
11665,SENSOR_DATA,21,1,21->11->1,2,1325.481629,1325.481799,0.000170
11669,SENSOR_DATA,10,1,10->1,1,1325.580227,1325.580296,0.000069
11673,SENSOR_DATA,41,1,41->31->21->11->1,4,1325.923126,1325.923431,0.000306
11678,SENSOR_DATA,42,1,42->31->21->11->1,4,1326.253404,1326.253738,0.000335
11683,SENSOR_DATA,30,1,30->21->11->1,3,1326.467984,1326.468202,0.000219
11689,SENSOR_DATA,35,1,35->34->23->12->2->1,5,1327.439348,1327.439752,0.000404
11701,SENSOR_DATA,22,1,22->11->1,2,1328.591410,1328.591575,0.000165
11703,SENSOR_DATA,20,1,20->11->1,2,1329.287111,1329.287308,0.000197
11710,SENSOR_DATA,31,1,31->21->11->1,3,1329.889377,1329.889618,0.000241
11714,SENSOR_DATA,12,1,12->2->1,2,1330.316218,1330.316386,0.000167
11726,SENSOR_DATA,0,1,0->1,1,1331.188125,1331.188173,0.000048
11727,SENSOR_DATA,32,1,32->22->11->1,3,1331.223711,1331.223980,0.000269
11728,SENSOR_DATA,13,1,13->3->2->1,3,1331.223882,1331.224077,0.000195
11732,SENSOR_DATA,40,1,40->41->31->21->11->1,5,1331.867377,1331.867759,0.000382
11735,SENSOR_DATA,2,1,2->1,1,1332.104102,1332.104172,0.000070
11737,SENSOR_DATA,14,1,14->23->12->2->1,4,1332.690114,1332.690457,0.000344
11747,SENSOR_DATA,3,1,3->2->1,2,1333.494044,1333.494184,0.000140
11751,SENSOR_DATA,11,1,11->1,1,1334.204738,1334.204831,0.000093
11754,SENSOR_DATA,34,1,34->23->12->2->1,4,1334.554077,1334.554418,0.000341
11756,SENSOR_DATA,4,1,4->13->3->2->1,4,1334.696931,1334.697209,0.000279
11759,SENSOR_DATA,23,1,23->12->2->1,3,1334.912783,1334.913021,0.000239
11764,SENSOR_DATA,21,1,21->11->1,2,1335.481629,1335.481799,0.000170
11768,SENSOR_DATA,10,1,10->1,1,1335.580227,1335.580296,0.000069
11772,SENSOR_DATA,41,1,41->31->21->11->1,4,1335.923126,1335.923431,0.000306
11777,SENSOR_DATA,42,1,42->31->21->11->1,4,1336.253404,1336.253738,0.000335
11782,SENSOR_DATA,30,1,30->21->11->1,3,1336.467984,1336.468202,0.000219
11788,SENSOR_DATA,35,1,35->34->23->12->2->1,5,1337.439348,1337.439752,0.000404
11800,SENSOR_DATA,22,1,22->11->1,2,1338.591410,1338.591575,0.000165
11802,SENSOR_DATA,20,1,20->11->1,2,1339.287111,1339.287308,0.000197
11809,SENSOR_DATA,31,1,31->21->11->1,3,1339.889377,1339.889618,0.000241
11813,SENSOR_DATA,12,1,12->2->1,2,1340.316218,1340.316386,0.000167
11825,SENSOR_DATA,0,1,0->1,1,1341.188125,1341.188173,0.000048
11826,SENSOR_DATA,32,1,32->22->11->1,3,1341.223711,1341.223980,0.000269
11827,SENSOR_DATA,13,1,13->3->2->1,3,1341.223882,1341.224077,0.000195
11831,SENSOR_DATA,40,1,40->41->31->21->11->1,5,1341.867377,1341.867759,0.000382
11834,SENSOR_DATA,2,1,2->1,1,1342.104102,1342.104172,0.000070
11836,SENSOR_DATA,14,1,14->23->12->2->1,4,1342.690114,1342.690457,0.000344
11846,SENSOR_DATA,3,1,3->2->1,2,1343.494044,1343.494184,0.000140
11850,SENSOR_DATA,11,1,11->1,1,1344.204738,1344.204831,0.000093
11853,SENSOR_DATA,34,1,34->23->12->2->1,4,1344.554077,1344.554418,0.000341
11855,SENSOR_DATA,4,1,4->13->3->2->1,4,1344.696931,1344.697209,0.000279
11858,SENSOR_DATA,23,1,23->12->2->1,3,1344.912783,1344.913021,0.000239
11863,SENSOR_DATA,21,1,21->11->1,2,1345.481629,1345.481799,0.000170
11867,SENSOR_DATA,10,1,10->1,1,1345.580227,1345.580296,0.000069
11871,SENSOR_DATA,41,1,41->31->21->11->1,4,1345.923126,1345.923431,0.000306
11876,SENSOR_DATA,42,1,42->31->21->11->1,4,1346.253404,1346.253738,0.000335
11881,SENSOR_DATA,30,1,30->21->11->1,3,1346.467984,1346.468202,0.000219
11887,SENSOR_DATA,35,1,35->34->23->12->2->1,5,1347.439348,1347.439752,0.000404
11899,SENSOR_DATA,22,1,22->11->1,2,1348.591410,1348.591575,0.000165
11901,SENSOR_DATA,20,1,20->11->1,2,1349.287111,1349.287308,0.000197
11908,SENSOR_DATA,31,1,31->21->11->1,3,1349.889377,1349.889618,0.000241
11912,SENSOR_DATA,12,1,12->2->1,2,1350.316218,1350.316386,0.000167
11924,SENSOR_DATA,0,1,0->1,1,1351.188125,1351.188173,0.000048
11925,SENSOR_DATA,32,1,32->22->11->1,3,1351.223711,1351.223980,0.000269
11926,SENSOR_DATA,13,1,13->3->2->1,3,1351.223882,1351.224077,0.000195
11930,SENSOR_DATA,40,1,40->41->31->21->11->1,5,1351.867377,1351.867759,0.000382
11933,SENSOR_DATA,2,1,2->1,1,1352.104102,1352.104172,0.000070
11935,SENSOR_DATA,14,1,14->23->12->2->1,4,1352.690114,1352.690457,0.000344
11945,SENSOR_DATA,3,1,3->2->1,2,1353.494044,1353.494184,0.000140
11949,SENSOR_DATA,11,1,11->1,1,1354.204738,1354.204831,0.000093
11952,SENSOR_DATA,34,1,34->23->12->2->1,4,1354.554077,1354.554418,0.000341
11954,SENSOR_DATA,4,1,4->13->3->2->1,4,1354.696931,1354.697209,0.000279
11957,SENSOR_DATA,23,1,23->12->2->1,3,1354.912783,1354.913021,0.000239
11962,SENSOR_DATA,21,1,21->11->1,2,1355.481629,1355.481799,0.000170
11966,SENSOR_DATA,10,1,10->1,1,1355.580227,1355.580296,0.000069
11970,SENSOR_DATA,41,1,41->31->21->11->1,4,1355.923126,1355.923431,0.000306
11975,SENSOR_DATA,42,1,42->31->21->11->1,4,1356.253404,1356.253738,0.000335
11980,SENSOR_DATA,30,1,30->21->11->1,3,1356.467984,1356.468202,0.000219
11986,SENSOR_DATA,35,1,35->34->23->12->2->1,5,1357.439348,1357.439752,0.000404
11998,SENSOR_DATA,22,1,22->11->1,2,1358.591410,1358.591575,0.000165
12000,SENSOR_DATA,20,1,20->11->1,2,1359.287111,1359.287308,0.000197
12007,SENSOR_DATA,31,1,31->21->11->1,3,1359.889377,1359.889618,0.000241
12011,SENSOR_DATA,12,1,12->2->1,2,1360.316218,1360.316386,0.000167
12023,SENSOR_DATA,0,1,0->1,1,1361.188125,1361.188173,0.000048
12024,SENSOR_DATA,32,1,32->22->11->1,3,1361.223711,1361.223980,0.000269
12025,SENSOR_DATA,13,1,13->3->2->1,3,1361.223882,1361.224077,0.000195
12029,SENSOR_DATA,40,1,40->41->31->21->11->1,5,1361.867377,1361.867759,0.000382
12032,SENSOR_DATA,2,1,2->1,1,1362.104102,1362.104172,0.000070
12034,SENSOR_DATA,14,1,14->23->12->2->1,4,1362.690114,1362.690457,0.000344
12044,SENSOR_DATA,3,1,3->2->1,2,1363.494044,1363.494184,0.000140
12048,SENSOR_DATA,11,1,11->1,1,1364.204738,1364.204831,0.000093
12051,SENSOR_DATA,34,1,34->23->12->2->1,4,1364.554077,1364.554418,0.000341
12053,SENSOR_DATA,4,1,4->13->3->2->1,4,1364.696931,1364.697209,0.000279
12056,SENSOR_DATA,23,1,23->12->2->1,3,1364.912783,1364.913021,0.000239
12061,SENSOR_DATA,21,1,21->11->1,2,1365.481629,1365.481799,0.000170
12065,SENSOR_DATA,10,1,10->1,1,1365.580227,1365.580296,0.000069
12069,SENSOR_DATA,41,1,41->31->21->11->1,4,1365.923126,1365.923431,0.000306
12074,SENSOR_DATA,42,1,42->31->21->11->1,4,1366.253404,1366.253738,0.000335
12079,SENSOR_DATA,30,1,30->21->11->1,3,1366.467984,1366.468202,0.000219
12085,SENSOR_DATA,35,1,35->34->23->12->2->1,5,1367.439348,1367.439752,0.000404
12097,SENSOR_DATA,22,1,22->11->1,2,1368.591410,1368.591575,0.000165
12099,SENSOR_DATA,20,1,20->11->1,2,1369.287111,1369.287308,0.000197
12106,SENSOR_DATA,31,1,31->21->11->1,3,1369.889377,1369.889618,0.000241
12110,SENSOR_DATA,12,1,12->2->1,2,1370.316218,1370.316386,0.000167
12122,SENSOR_DATA,0,1,0->1,1,1371.188125,1371.188173,0.000048
12123,SENSOR_DATA,32,1,32->22->11->1,3,1371.223711,1371.223980,0.000269
12124,SENSOR_DATA,13,1,13->3->2->1,3,1371.223882,1371.224077,0.000195
12128,SENSOR_DATA,40,1,40->41->31->21->11->1,5,1371.867377,1371.867759,0.000382
12131,SENSOR_DATA,2,1,2->1,1,1372.104102,1372.104172,0.000070
12133,SENSOR_DATA,14,1,14->23->12->2->1,4,1372.690114,1372.690457,0.000344
12143,SENSOR_DATA,3,1,3->2->1,2,1373.494044,1373.494184,0.000140
12147,SENSOR_DATA,11,1,11->1,1,1374.204738,1374.204831,0.000093
12150,SENSOR_DATA,34,1,34->23->12->2->1,4,1374.554077,1374.554418,0.000341
12152,SENSOR_DATA,4,1,4->13->3->2->1,4,1374.696931,1374.697209,0.000279
12155,SENSOR_DATA,23,1,23->12->2->1,3,1374.912783,1374.913021,0.000239
12160,SENSOR_DATA,21,1,21->11->1,2,1375.481629,1375.481799,0.000170
12164,SENSOR_DATA,10,1,10->1,1,1375.580227,1375.580296,0.000069
12168,SENSOR_DATA,41,1,41->31->21->11->1,4,1375.923126,1375.923431,0.000306
12173,SENSOR_DATA,42,1,42->31->21->11->1,4,1376.253404,1376.253738,0.000335
12178,SENSOR_DATA,30,1,30->21->11->1,3,1376.467984,1376.468202,0.000219
12184,SENSOR_DATA,35,1,35->34->23->12->2->1,5,1377.439348,1377.439752,0.000404
12196,SENSOR_DATA,22,1,22->11->1,2,1378.591410,1378.591575,0.000165
12198,SENSOR_DATA,20,1,20->11->1,2,1379.287111,1379.287308,0.000197
12205,SENSOR_DATA,31,1,31->21->11->1,3,1379.889377,1379.889618,0.000241
12209,SENSOR_DATA,12,1,12->2->1,2,1380.316218,1380.316386,0.000167
12221,SENSOR_DATA,0,1,0->1,1,1381.188125,1381.188173,0.000048
12222,SENSOR_DATA,32,1,32->22->11->1,3,1381.223711,1381.223980,0.000269
12223,SENSOR_DATA,13,1,13->3->2->1,3,1381.223882,1381.224077,0.000195
12227,SENSOR_DATA,40,1,40->41->31->21->11->1,5,1381.867377,1381.867759,0.000382
12230,SENSOR_DATA,2,1,2->1,1,1382.104102,1382.104172,0.000070
12232,SENSOR_DATA,14,1,14->23->12->2->1,4,1382.690114,1382.690457,0.000344
12242,SENSOR_DATA,3,1,3->2->1,2,1383.494044,1383.494184,0.000140
12246,SENSOR_DATA,11,1,11->1,1,1384.204738,1384.204831,0.000093
12249,SENSOR_DATA,34,1,34->23->12->2->1,4,1384.554077,1384.554418,0.000341
12251,SENSOR_DATA,4,1,4->13->3->2->1,4,1384.696931,1384.697209,0.000279
12254,SENSOR_DATA,23,1,23->12->2->1,3,1384.912783,1384.913021,0.000239
12259,SENSOR_DATA,21,1,21->11->1,2,1385.481629,1385.481799,0.000170
12263,SENSOR_DATA,10,1,10->1,1,1385.580227,1385.580296,0.000069
12267,SENSOR_DATA,41,1,41->31->21->11->1,4,1385.923126,1385.923431,0.000306
12272,SENSOR_DATA,42,1,42->31->21->11->1,4,1386.253404,1386.253738,0.000335
12277,SENSOR_DATA,30,1,30->21->11->1,3,1386.467984,1386.468202,0.000219
12283,SENSOR_DATA,35,1,35->34->23->12->2->1,5,1387.439348,1387.439752,0.000404
12295,SENSOR_DATA,22,1,22->11->1,2,1388.591410,1388.591575,0.000165
12297,SENSOR_DATA,20,1,20->11->1,2,1389.287111,1389.287308,0.000197
12304,SENSOR_DATA,31,1,31->21->11->1,3,1389.889377,1389.889618,0.000241
12308,SENSOR_DATA,12,1,12->2->1,2,1390.316218,1390.316386,0.000167
12320,SENSOR_DATA,0,1,0->1,1,1391.188125,1391.188173,0.000048
12321,SENSOR_DATA,32,1,32->22->11->1,3,1391.223711,1391.223980,0.000269
12322,SENSOR_DATA,13,1,13->3->2->1,3,1391.223882,1391.224077,0.000195
12326,SENSOR_DATA,40,1,40->41->31->21->11->1,5,1391.867377,1391.867759,0.000382
12329,SENSOR_DATA,2,1,2->1,1,1392.104102,1392.104172,0.000070
12331,SENSOR_DATA,14,1,14->23->12->2->1,4,1392.690114,1392.690457,0.000344
12341,SENSOR_DATA,3,1,3->2->1,2,1393.494044,1393.494184,0.000140
12345,SENSOR_DATA,11,1,11->1,1,1394.204738,1394.204831,0.000093
12348,SENSOR_DATA,34,1,34->23->12->2->1,4,1394.554077,1394.554418,0.000341
12350,SENSOR_DATA,4,1,4->13->3->2->1,4,1394.696931,1394.697209,0.000279
12353,SENSOR_DATA,23,1,23->12->2->1,3,1394.912783,1394.913021,0.000239
12358,SENSOR_DATA,21,1,21->11->1,2,1395.481629,1395.481799,0.000170
12362,SENSOR_DATA,10,1,10->1,1,1395.580227,1395.580296,0.000069
12366,SENSOR_DATA,41,1,41->31->21->11->1,4,1395.923126,1395.923431,0.000306
12371,SENSOR_DATA,42,1,42->31->21->11->1,4,1396.253404,1396.253738,0.000335
12376,SENSOR_DATA,30,1,30->21->11->1,3,1396.467984,1396.468202,0.000219
12382,SENSOR_DATA,35,1,35->34->23->12->2->1,5,1397.439348,1397.439752,0.000404
12394,SENSOR_DATA,22,1,22->11->1,2,1398.591410,1398.591575,0.000165
12396,SENSOR_DATA,20,1,20->11->1,2,1399.287111,1399.287308,0.000197
12403,SENSOR_DATA,31,1,31->21->11->1,3,1399.889377,1399.889618,0.000241
12407,SENSOR_DATA,12,1,12->2->1,2,1400.316218,1400.316386,0.000167
12419,SENSOR_DATA,0,1,0->1,1,1401.188125,1401.188173,0.000048
12420,SENSOR_DATA,32,1,32->22->11->1,3,1401.223711,1401.223980,0.000269
12421,SENSOR_DATA,13,1,13->3->2->1,3,1401.223882,1401.224077,0.000195
12425,SENSOR_DATA,40,1,40->41->31->21->11->1,5,1401.867377,1401.867759,0.000382
12428,SENSOR_DATA,2,1,2->1,1,1402.104102,1402.104172,0.000070
12430,SENSOR_DATA,14,1,14->23->12->2->1,4,1402.690114,1402.690457,0.000344
12440,SENSOR_DATA,3,1,3->2->1,2,1403.494044,1403.494184,0.000140
12444,SENSOR_DATA,11,1,11->1,1,1404.204738,1404.204831,0.000093
12447,SENSOR_DATA,34,1,34->23->12->2->1,4,1404.554077,1404.554418,0.000341
12449,SENSOR_DATA,4,1,4->13->3->2->1,4,1404.696931,1404.697209,0.000279
12452,SENSOR_DATA,23,1,23->12->2->1,3,1404.912783,1404.913021,0.000239
12457,SENSOR_DATA,21,1,21->11->1,2,1405.481629,1405.481799,0.000170
12461,SENSOR_DATA,10,1,10->1,1,1405.580227,1405.580296,0.000069
12465,SENSOR_DATA,41,1,41->31->21->11->1,4,1405.923126,1405.923431,0.000306
12470,SENSOR_DATA,42,1,42->31->21->11->1,4,1406.253404,1406.253738,0.000335
12475,SENSOR_DATA,30,1,30->21->11->1,3,1406.467984,1406.468202,0.000219
12481,SENSOR_DATA,35,1,35->34->23->12->2->1,5,1407.439348,1407.439752,0.000404
12493,SENSOR_DATA,22,1,22->11->1,2,1408.591410,1408.591575,0.000165
12495,SENSOR_DATA,20,1,20->11->1,2,1409.287111,1409.287308,0.000197
12502,SENSOR_DATA,31,1,31->21->11->1,3,1409.889377,1409.889618,0.000241
12506,SENSOR_DATA,12,1,12->2->1,2,1410.316218,1410.316386,0.000167
12518,SENSOR_DATA,0,1,0->1,1,1411.188125,1411.188173,0.000048
12519,SENSOR_DATA,32,1,32->22->11->1,3,1411.223711,1411.223980,0.000269
12520,SENSOR_DATA,13,1,13->3->2->1,3,1411.223882,1411.224077,0.000195
12524,SENSOR_DATA,40,1,40->41->31->21->11->1,5,1411.867377,1411.867759,0.000382
12527,SENSOR_DATA,2,1,2->1,1,1412.104102,1412.104172,0.000070
12529,SENSOR_DATA,14,1,14->23->12->2->1,4,1412.690114,1412.690457,0.000344
12539,SENSOR_DATA,3,1,3->2->1,2,1413.494044,1413.494184,0.000140
12543,SENSOR_DATA,11,1,11->1,1,1414.204738,1414.204831,0.000093
12546,SENSOR_DATA,34,1,34->23->12->2->1,4,1414.554077,1414.554418,0.000341
12548,SENSOR_DATA,4,1,4->13->3->2->1,4,1414.696931,1414.697209,0.000279
12551,SENSOR_DATA,23,1,23->12->2->1,3,1414.912783,1414.913021,0.000239
12556,SENSOR_DATA,21,1,21->11->1,2,1415.481629,1415.481799,0.000170
12560,SENSOR_DATA,10,1,10->1,1,1415.580227,1415.580296,0.000069
12564,SENSOR_DATA,41,1,41->31->21->11->1,4,1415.923126,1415.923431,0.000306
12569,SENSOR_DATA,42,1,42->31->21->11->1,4,1416.253404,1416.253738,0.000335
12574,SENSOR_DATA,30,1,30->21->11->1,3,1416.467984,1416.468202,0.000219
12580,SENSOR_DATA,35,1,35->34->23->12->2->1,5,1417.439348,1417.439752,0.000404
12592,SENSOR_DATA,22,1,22->11->1,2,1418.591410,1418.591575,0.000165
12594,SENSOR_DATA,20,1,20->11->1,2,1419.287111,1419.287308,0.000197
12601,SENSOR_DATA,31,1,31->21->11->1,3,1419.889377,1419.889618,0.000241
12605,SENSOR_DATA,12,1,12->2->1,2,1420.316218,1420.316386,0.000167
12617,SENSOR_DATA,0,1,0->1,1,1421.188125,1421.188173,0.000048
12618,SENSOR_DATA,32,1,32->22->11->1,3,1421.223711,1421.223980,0.000269
12619,SENSOR_DATA,13,1,13->3->2->1,3,1421.223882,1421.224077,0.000195
12623,SENSOR_DATA,40,1,40->41->31->21->11->1,5,1421.867377,1421.867759,0.000382
12626,SENSOR_DATA,2,1,2->1,1,1422.104102,1422.104172,0.000070
12628,SENSOR_DATA,14,1,14->23->12->2->1,4,1422.690114,1422.690457,0.000344
12638,SENSOR_DATA,3,1,3->2->1,2,1423.494044,1423.494184,0.000140
12642,SENSOR_DATA,11,1,11->1,1,1424.204738,1424.204831,0.000093
12645,SENSOR_DATA,34,1,34->23->12->2->1,4,1424.554077,1424.554418,0.000341
12647,SENSOR_DATA,4,1,4->13->3->2->1,4,1424.696931,1424.697209,0.000279
12650,SENSOR_DATA,23,1,23->12->2->1,3,1424.912783,1424.913021,0.000239
12655,SENSOR_DATA,21,1,21->11->1,2,1425.481629,1425.481799,0.000170
12659,SENSOR_DATA,10,1,10->1,1,1425.580227,1425.580296,0.000069
12663,SENSOR_DATA,41,1,41->31->21->11->1,4,1425.923126,1425.923431,0.000306
12668,SENSOR_DATA,42,1,42->31->21->11->1,4,1426.253404,1426.253738,0.000335
12673,SENSOR_DATA,30,1,30->21->11->1,3,1426.467984,1426.468202,0.000219
12679,SENSOR_DATA,35,1,35->34->23->12->2->1,5,1427.439348,1427.439752,0.000404
12691,SENSOR_DATA,22,1,22->11->1,2,1428.591410,1428.591575,0.000165
12693,SENSOR_DATA,20,1,20->11->1,2,1429.287111,1429.287308,0.000197
12700,SENSOR_DATA,31,1,31->21->11->1,3,1429.889377,1429.889618,0.000241
12704,SENSOR_DATA,12,1,12->2->1,2,1430.316218,1430.316386,0.000167
12716,SENSOR_DATA,0,1,0->1,1,1431.188125,1431.188173,0.000048
12717,SENSOR_DATA,32,1,32->22->11->1,3,1431.223711,1431.223980,0.000269
12718,SENSOR_DATA,13,1,13->3->2->1,3,1431.223882,1431.224077,0.000195
12722,SENSOR_DATA,40,1,40->41->31->21->11->1,5,1431.867377,1431.867759,0.000382
12725,SENSOR_DATA,2,1,2->1,1,1432.104102,1432.104172,0.000070
12727,SENSOR_DATA,14,1,14->23->12->2->1,4,1432.690114,1432.690457,0.000344
12737,SENSOR_DATA,3,1,3->2->1,2,1433.494044,1433.494184,0.000140
12741,SENSOR_DATA,11,1,11->1,1,1434.204738,1434.204831,0.000093
12744,SENSOR_DATA,34,1,34->23->12->2->1,4,1434.554077,1434.554418,0.000341
12746,SENSOR_DATA,4,1,4->13->3->2->1,4,1434.696931,1434.697209,0.000279
12749,SENSOR_DATA,23,1,23->12->2->1,3,1434.912783,1434.913021,0.000239
12754,SENSOR_DATA,21,1,21->11->1,2,1435.481629,1435.481799,0.000170
12758,SENSOR_DATA,10,1,10->1,1,1435.580227,1435.580296,0.000069
12762,SENSOR_DATA,41,1,41->31->21->11->1,4,1435.923126,1435.923431,0.000306
12767,SENSOR_DATA,42,1,42->31->21->11->1,4,1436.253404,1436.253738,0.000335
12772,SENSOR_DATA,30,1,30->21->11->1,3,1436.467984,1436.468202,0.000219
12778,SENSOR_DATA,35,1,35->34->23->12->2->1,5,1437.439348,1437.439752,0.000404
12790,SENSOR_DATA,22,1,22->11->1,2,1438.591410,1438.591575,0.000165
12792,SENSOR_DATA,20,1,20->11->1,2,1439.287111,1439.287308,0.000197
12799,SENSOR_DATA,31,1,31->21->11->1,3,1439.889377,1439.889618,0.000241
12803,SENSOR_DATA,12,1,12->2->1,2,1440.316218,1440.316386,0.000167
12815,SENSOR_DATA,0,1,0->1,1,1441.188125,1441.188173,0.000048
12816,SENSOR_DATA,32,1,32->22->11->1,3,1441.223711,1441.223980,0.000269
12817,SENSOR_DATA,13,1,13->3->2->1,3,1441.223882,1441.224077,0.000195
12821,SENSOR_DATA,40,1,40->41->31->21->11->1,5,1441.867377,1441.867759,0.000382
12824,SENSOR_DATA,2,1,2->1,1,1442.104102,1442.104172,0.000070
12826,SENSOR_DATA,14,1,14->23->12->2->1,4,1442.690114,1442.690457,0.000344
12836,SENSOR_DATA,3,1,3->2->1,2,1443.494044,1443.494184,0.000140
12840,SENSOR_DATA,11,1,11->1,1,1444.204738,1444.204831,0.000093
12843,SENSOR_DATA,34,1,34->23->12->2->1,4,1444.554077,1444.554418,0.000341
12845,SENSOR_DATA,4,1,4->13->3->2->1,4,1444.696931,1444.697209,0.000279
12848,SENSOR_DATA,23,1,23->12->2->1,3,1444.912783,1444.913021,0.000239
12853,SENSOR_DATA,21,1,21->11->1,2,1445.481629,1445.481799,0.000170
12857,SENSOR_DATA,10,1,10->1,1,1445.580227,1445.580296,0.000069
12861,SENSOR_DATA,41,1,41->31->21->11->1,4,1445.923126,1445.923431,0.000306
12866,SENSOR_DATA,42,1,42->31->21->11->1,4,1446.253404,1446.253738,0.000335
12871,SENSOR_DATA,30,1,30->21->11->1,3,1446.467984,1446.468202,0.000219
12877,SENSOR_DATA,35,1,35->34->23->12->2->1,5,1447.439348,1447.439752,0.000404
12889,SENSOR_DATA,22,1,22->11->1,2,1448.591410,1448.591575,0.000165
12891,SENSOR_DATA,20,1,20->11->1,2,1449.287111,1449.287308,0.000197
12898,SENSOR_DATA,31,1,31->21->11->1,3,1449.889377,1449.889618,0.000241
12902,SENSOR_DATA,12,1,12->2->1,2,1450.316218,1450.316386,0.000167
12914,SENSOR_DATA,0,1,0->1,1,1451.188125,1451.188173,0.000048
12915,SENSOR_DATA,32,1,32->22->11->1,3,1451.223711,1451.223980,0.000269
12916,SENSOR_DATA,13,1,13->3->2->1,3,1451.223882,1451.224077,0.000195
12920,SENSOR_DATA,40,1,40->41->31->21->11->1,5,1451.867377,1451.867759,0.000382
12923,SENSOR_DATA,2,1,2->1,1,1452.104102,1452.104172,0.000070
12925,SENSOR_DATA,14,1,14->23->12->2->1,4,1452.690114,1452.690457,0.000344
12935,SENSOR_DATA,3,1,3->2->1,2,1453.494044,1453.494184,0.000140
12939,SENSOR_DATA,11,1,11->1,1,1454.204738,1454.204831,0.000093
12942,SENSOR_DATA,34,1,34->23->12->2->1,4,1454.554077,1454.554418,0.000341
12944,SENSOR_DATA,4,1,4->13->3->2->1,4,1454.696931,1454.697209,0.000279
12947,SENSOR_DATA,23,1,23->12->2->1,3,1454.912783,1454.913021,0.000239
12952,SENSOR_DATA,21,1,21->11->1,2,1455.481629,1455.481799,0.000170
12956,SENSOR_DATA,10,1,10->1,1,1455.580227,1455.580296,0.000069
12960,SENSOR_DATA,41,1,41->31->21->11->1,4,1455.923126,1455.923431,0.000306
12965,SENSOR_DATA,42,1,42->31->21->11->1,4,1456.253404,1456.253738,0.000335
12970,SENSOR_DATA,30,1,30->21->11->1,3,1456.467984,1456.468202,0.000219
12976,SENSOR_DATA,35,1,35->34->23->12->2->1,5,1457.439348,1457.439752,0.000404
12988,SENSOR_DATA,22,1,22->11->1,2,1458.591410,1458.591575,0.000165
12990,SENSOR_DATA,20,1,20->11->1,2,1459.287111,1459.287308,0.000197
12997,SENSOR_DATA,31,1,31->21->11->1,3,1459.889377,1459.889618,0.000241
13001,SENSOR_DATA,12,1,12->2->1,2,1460.316218,1460.316386,0.000167
13013,SENSOR_DATA,0,1,0->1,1,1461.188125,1461.188173,0.000048
13014,SENSOR_DATA,32,1,32->22->11->1,3,1461.223711,1461.223980,0.000269
13015,SENSOR_DATA,13,1,13->3->2->1,3,1461.223882,1461.224077,0.000195
13019,SENSOR_DATA,40,1,40->41->31->21->11->1,5,1461.867377,1461.867759,0.000382
13022,SENSOR_DATA,2,1,2->1,1,1462.104102,1462.104172,0.000070
13024,SENSOR_DATA,14,1,14->23->12->2->1,4,1462.690114,1462.690457,0.000344
13034,SENSOR_DATA,3,1,3->2->1,2,1463.494044,1463.494184,0.000140
13038,SENSOR_DATA,11,1,11->1,1,1464.204738,1464.204831,0.000093
13041,SENSOR_DATA,34,1,34->23->12->2->1,4,1464.554077,1464.554418,0.000341
13043,SENSOR_DATA,4,1,4->13->3->2->1,4,1464.696931,1464.697209,0.000279
13046,SENSOR_DATA,23,1,23->12->2->1,3,1464.912783,1464.913021,0.000239
13051,SENSOR_DATA,21,1,21->11->1,2,1465.481629,1465.481799,0.000170
13055,SENSOR_DATA,10,1,10->1,1,1465.580227,1465.580296,0.000069
13059,SENSOR_DATA,41,1,41->31->21->11->1,4,1465.923126,1465.923431,0.000306
13064,SENSOR_DATA,42,1,42->31->21->11->1,4,1466.253404,1466.253738,0.000335
13069,SENSOR_DATA,30,1,30->21->11->1,3,1466.467984,1466.468202,0.000219
13075,SENSOR_DATA,35,1,35->34->23->12->2->1,5,1467.439348,1467.439752,0.000404
13087,SENSOR_DATA,22,1,22->11->1,2,1468.591410,1468.591575,0.000165
13089,SENSOR_DATA,20,1,20->11->1,2,1469.287111,1469.287308,0.000197
13096,SENSOR_DATA,31,1,31->21->11->1,3,1469.889377,1469.889618,0.000241
13100,SENSOR_DATA,12,1,12->2->1,2,1470.316218,1470.316386,0.000167
13112,SENSOR_DATA,0,1,0->1,1,1471.188125,1471.188173,0.000048
13113,SENSOR_DATA,32,1,32->22->11->1,3,1471.223711,1471.223980,0.000269
13114,SENSOR_DATA,13,1,13->3->2->1,3,1471.223882,1471.224077,0.000195
13118,SENSOR_DATA,40,1,40->41->31->21->11->1,5,1471.867377,1471.867759,0.000382
13121,SENSOR_DATA,2,1,2->1,1,1472.104102,1472.104172,0.000070
13123,SENSOR_DATA,14,1,14->23->12->2->1,4,1472.690114,1472.690457,0.000344
13133,SENSOR_DATA,3,1,3->2->1,2,1473.494044,1473.494184,0.000140
13137,SENSOR_DATA,11,1,11->1,1,1474.204738,1474.204831,0.000093
13140,SENSOR_DATA,34,1,34->23->12->2->1,4,1474.554077,1474.554418,0.000341
13142,SENSOR_DATA,4,1,4->13->3->2->1,4,1474.696931,1474.697209,0.000279
13145,SENSOR_DATA,23,1,23->12->2->1,3,1474.912783,1474.913021,0.000239
13150,SENSOR_DATA,21,1,21->11->1,2,1475.481629,1475.481799,0.000170
13154,SENSOR_DATA,10,1,10->1,1,1475.580227,1475.580296,0.000069
13158,SENSOR_DATA,41,1,41->31->21->11->1,4,1475.923126,1475.923431,0.000306
13163,SENSOR_DATA,42,1,42->31->21->11->1,4,1476.253404,1476.253738,0.000335
13168,SENSOR_DATA,30,1,30->21->11->1,3,1476.467984,1476.468202,0.000219
13174,SENSOR_DATA,35,1,35->34->23->12->2->1,5,1477.439348,1477.439752,0.000404
13186,SENSOR_DATA,22,1,22->11->1,2,1478.591410,1478.591575,0.000165
13188,SENSOR_DATA,20,1,20->11->1,2,1479.287111,1479.287308,0.000197
13195,SENSOR_DATA,31,1,31->21->11->1,3,1479.889377,1479.889618,0.000241
13199,SENSOR_DATA,12,1,12->2->1,2,1480.316218,1480.316386,0.000167
13211,SENSOR_DATA,0,1,0->1,1,1481.188125,1481.188173,0.000048
13212,SENSOR_DATA,32,1,32->22->11->1,3,1481.223711,1481.223980,0.000269
13213,SENSOR_DATA,13,1,13->3->2->1,3,1481.223882,1481.224077,0.000195
13217,SENSOR_DATA,40,1,40->41->31->21->11->1,5,1481.867377,1481.867759,0.000382
13220,SENSOR_DATA,2,1,2->1,1,1482.104102,1482.104172,0.000070
13222,SENSOR_DATA,14,1,14->23->12->2->1,4,1482.690114,1482.690457,0.000344
13232,SENSOR_DATA,3,1,3->2->1,2,1483.494044,1483.494184,0.000140
13236,SENSOR_DATA,11,1,11->1,1,1484.204738,1484.204831,0.000093
13239,SENSOR_DATA,34,1,34->23->12->2->1,4,1484.554077,1484.554418,0.000341
13241,SENSOR_DATA,4,1,4->13->3->2->1,4,1484.696931,1484.697209,0.000279
13244,SENSOR_DATA,23,1,23->12->2->1,3,1484.912783,1484.913021,0.000239
13249,SENSOR_DATA,21,1,21->11->1,2,1485.481629,1485.481799,0.000170
13253,SENSOR_DATA,10,1,10->1,1,1485.580227,1485.580296,0.000069
13257,SENSOR_DATA,41,1,41->31->21->11->1,4,1485.923126,1485.923431,0.000306
13262,SENSOR_DATA,42,1,42->31->21->11->1,4,1486.253404,1486.253738,0.000335
13267,SENSOR_DATA,30,1,30->21->11->1,3,1486.467984,1486.468202,0.000219
13273,SENSOR_DATA,35,1,35->34->23->12->2->1,5,1487.439348,1487.439752,0.000404
13285,SENSOR_DATA,22,1,22->11->1,2,1488.591410,1488.591575,0.000165
13287,SENSOR_DATA,20,1,20->11->1,2,1489.287111,1489.287308,0.000197
13294,SENSOR_DATA,31,1,31->21->11->1,3,1489.889377,1489.889618,0.000241
13298,SENSOR_DATA,12,1,12->2->1,2,1490.316218,1490.316386,0.000167
13310,SENSOR_DATA,0,1,0->1,1,1491.188125,1491.188173,0.000048
13311,SENSOR_DATA,32,1,32->22->11->1,3,1491.223711,1491.223980,0.000269
13312,SENSOR_DATA,13,1,13->3->2->1,3,1491.223882,1491.224077,0.000195
13316,SENSOR_DATA,40,1,40->41->31->21->11->1,5,1491.867377,1491.867759,0.000382
13319,SENSOR_DATA,2,1,2->1,1,1492.104102,1492.104172,0.000070
13321,SENSOR_DATA,14,1,14->23->12->2->1,4,1492.690114,1492.690457,0.000344
13331,SENSOR_DATA,3,1,3->2->1,2,1493.494044,1493.494184,0.000140
13335,SENSOR_DATA,11,1,11->1,1,1494.204738,1494.204831,0.000093
13338,SENSOR_DATA,34,1,34->23->12->2->1,4,1494.554077,1494.554418,0.000341
13340,SENSOR_DATA,4,1,4->13->3->2->1,4,1494.696931,1494.697209,0.000279
13343,SENSOR_DATA,23,1,23->12->2->1,3,1494.912783,1494.913021,0.000239
13348,SENSOR_DATA,21,1,21->11->1,2,1495.481629,1495.481799,0.000170
13352,SENSOR_DATA,10,1,10->1,1,1495.580227,1495.580296,0.000069
13356,SENSOR_DATA,41,1,41->31->21->11->1,4,1495.923126,1495.923431,0.000306
13361,SENSOR_DATA,42,1,42->31->21->11->1,4,1496.253404,1496.253738,0.000335
13366,SENSOR_DATA,30,1,30->21->11->1,3,1496.467984,1496.468202,0.000219
13372,SENSOR_DATA,35,1,35->34->23->12->2->1,5,1497.439348,1497.439752,0.000404
13384,SENSOR_DATA,22,1,22->11->1,2,1498.591410,1498.591575,0.000165
13386,SENSOR_DATA,20,1,20->11->1,2,1499.287111,1499.287308,0.000197
13393,SENSOR_DATA,31,1,31->21->11->1,3,1499.889377,1499.889618,0.000241
13397,SENSOR_DATA,12,1,12->2->1,2,1500.316218,1500.316386,0.000167
13409,SENSOR_DATA,0,1,0->1,1,1501.188125,1501.188173,0.000048
13410,SENSOR_DATA,32,1,32->22->11->1,3,1501.223711,1501.223980,0.000269
13411,SENSOR_DATA,13,1,13->3->2->1,3,1501.223882,1501.224077,0.000195
13415,SENSOR_DATA,40,1,40->41->31->21->11->1,5,1501.867377,1501.867759,0.000382
13418,SENSOR_DATA,2,1,2->1,1,1502.104102,1502.104172,0.000070
13420,SENSOR_DATA,14,1,14->23->12->2->1,4,1502.690114,1502.690457,0.000344
13430,SENSOR_DATA,3,1,3->2->1,2,1503.494044,1503.494184,0.000140
13434,SENSOR_DATA,11,1,11->1,1,1504.204738,1504.204831,0.000093
13437,SENSOR_DATA,34,1,34->23->12->2->1,4,1504.554077,1504.554418,0.000341
13439,SENSOR_DATA,4,1,4->13->3->2->1,4,1504.696931,1504.697209,0.000279
13442,SENSOR_DATA,23,1,23->12->2->1,3,1504.912783,1504.913021,0.000239
13447,SENSOR_DATA,21,1,21->11->1,2,1505.481629,1505.481799,0.000170
13451,SENSOR_DATA,10,1,10->1,1,1505.580227,1505.580296,0.000069
13455,SENSOR_DATA,41,1,41->31->21->11->1,4,1505.923126,1505.923431,0.000306
13460,SENSOR_DATA,42,1,42->31->21->11->1,4,1506.253404,1506.253738,0.000335
13465,SENSOR_DATA,30,1,30->21->11->1,3,1506.467984,1506.468202,0.000219
13471,SENSOR_DATA,35,1,35->34->23->12->2->1,5,1507.439348,1507.439752,0.000404
13483,SENSOR_DATA,22,1,22->11->1,2,1508.591410,1508.591575,0.000165
13485,SENSOR_DATA,20,1,20->11->1,2,1509.287111,1509.287308,0.000197
13492,SENSOR_DATA,31,1,31->21->11->1,3,1509.889377,1509.889618,0.000241
13496,SENSOR_DATA,12,1,12->2->1,2,1510.316218,1510.316386,0.000167
13508,SENSOR_DATA,0,1,0->1,1,1511.188125,1511.188173,0.000048
13509,SENSOR_DATA,32,1,32->22->11->1,3,1511.223711,1511.223980,0.000269
13510,SENSOR_DATA,13,1,13->3->2->1,3,1511.223882,1511.224077,0.000195
13514,SENSOR_DATA,40,1,40->41->31->21->11->1,5,1511.867377,1511.867759,0.000382
13517,SENSOR_DATA,2,1,2->1,1,1512.104102,1512.104172,0.000070
13519,SENSOR_DATA,14,1,14->23->12->2->1,4,1512.690114,1512.690457,0.000344
13529,SENSOR_DATA,3,1,3->2->1,2,1513.494044,1513.494184,0.000140
13533,SENSOR_DATA,11,1,11->1,1,1514.204738,1514.204831,0.000093
13536,SENSOR_DATA,34,1,34->23->12->2->1,4,1514.554077,1514.554418,0.000341
13538,SENSOR_DATA,4,1,4->13->3->2->1,4,1514.696931,1514.697209,0.000279
13541,SENSOR_DATA,23,1,23->12->2->1,3,1514.912783,1514.913021,0.000239
13546,SENSOR_DATA,21,1,21->11->1,2,1515.481629,1515.481799,0.000170
13550,SENSOR_DATA,10,1,10->1,1,1515.580227,1515.580296,0.000069
13554,SENSOR_DATA,41,1,41->31->21->11->1,4,1515.923126,1515.923431,0.000306
13559,SENSOR_DATA,42,1,42->31->21->11->1,4,1516.253404,1516.253738,0.000335
13564,SENSOR_DATA,30,1,30->21->11->1,3,1516.467984,1516.468202,0.000219
13570,SENSOR_DATA,35,1,35->34->23->12->2->1,5,1517.439348,1517.439752,0.000404
13582,SENSOR_DATA,22,1,22->11->1,2,1518.591410,1518.591575,0.000165
13584,SENSOR_DATA,20,1,20->11->1,2,1519.287111,1519.287308,0.000197
13591,SENSOR_DATA,31,1,31->21->11->1,3,1519.889377,1519.889618,0.000241
13595,SENSOR_DATA,12,1,12->2->1,2,1520.316218,1520.316386,0.000167
13607,SENSOR_DATA,0,1,0->1,1,1521.188125,1521.188173,0.000048
13608,SENSOR_DATA,32,1,32->22->11->1,3,1521.223711,1521.223980,0.000269
13609,SENSOR_DATA,13,1,13->3->2->1,3,1521.223882,1521.224077,0.000195
13613,SENSOR_DATA,40,1,40->41->31->21->11->1,5,1521.867377,1521.867759,0.000382
13616,SENSOR_DATA,2,1,2->1,1,1522.104102,1522.104172,0.000070
13618,SENSOR_DATA,14,1,14->23->12->2->1,4,1522.690114,1522.690457,0.000344
13628,SENSOR_DATA,3,1,3->2->1,2,1523.494044,1523.494184,0.000140
13632,SENSOR_DATA,11,1,11->1,1,1524.204738,1524.204831,0.000093
13635,SENSOR_DATA,34,1,34->23->12->2->1,4,1524.554077,1524.554418,0.000341
13637,SENSOR_DATA,4,1,4->13->3->2->1,4,1524.696931,1524.697209,0.000279
13640,SENSOR_DATA,23,1,23->12->2->1,3,1524.912783,1524.913021,0.000239
13645,SENSOR_DATA,21,1,21->11->1,2,1525.481629,1525.481799,0.000170
13649,SENSOR_DATA,10,1,10->1,1,1525.580227,1525.580296,0.000069
13653,SENSOR_DATA,41,1,41->31->21->11->1,4,1525.923126,1525.923431,0.000306
13658,SENSOR_DATA,42,1,42->31->21->11->1,4,1526.253404,1526.253738,0.000335
13663,SENSOR_DATA,30,1,30->21->11->1,3,1526.467984,1526.468202,0.000219
13669,SENSOR_DATA,35,1,35->34->23->12->2->1,5,1527.439348,1527.439752,0.000404
13681,SENSOR_DATA,22,1,22->11->1,2,1528.591410,1528.591575,0.000165
13683,SENSOR_DATA,20,1,20->11->1,2,1529.287111,1529.287308,0.000197
13690,SENSOR_DATA,31,1,31->21->11->1,3,1529.889377,1529.889618,0.000241
13694,SENSOR_DATA,12,1,12->2->1,2,1530.316218,1530.316386,0.000167
13706,SENSOR_DATA,0,1,0->1,1,1531.188125,1531.188173,0.000048
13707,SENSOR_DATA,32,1,32->22->11->1,3,1531.223711,1531.223980,0.000269
13708,SENSOR_DATA,13,1,13->3->2->1,3,1531.223882,1531.224077,0.000195
13712,SENSOR_DATA,40,1,40->41->31->21->11->1,5,1531.867377,1531.867759,0.000382
13715,SENSOR_DATA,2,1,2->1,1,1532.104102,1532.104172,0.000070
13717,SENSOR_DATA,14,1,14->23->12->2->1,4,1532.690114,1532.690457,0.000344
13727,SENSOR_DATA,3,1,3->2->1,2,1533.494044,1533.494184,0.000140
13731,SENSOR_DATA,11,1,11->1,1,1534.204738,1534.204831,0.000093
13734,SENSOR_DATA,34,1,34->23->12->2->1,4,1534.554077,1534.554418,0.000341
13736,SENSOR_DATA,4,1,4->13->3->2->1,4,1534.696931,1534.697209,0.000279
13739,SENSOR_DATA,23,1,23->12->2->1,3,1534.912783,1534.913021,0.000239
13744,SENSOR_DATA,21,1,21->11->1,2,1535.481629,1535.481799,0.000170
13748,SENSOR_DATA,10,1,10->1,1,1535.580227,1535.580296,0.000069
13752,SENSOR_DATA,41,1,41->31->21->11->1,4,1535.923126,1535.923431,0.000306
13757,SENSOR_DATA,42,1,42->31->21->11->1,4,1536.253404,1536.253738,0.000335
13762,SENSOR_DATA,30,1,30->21->11->1,3,1536.467984,1536.468202,0.000219
13768,SENSOR_DATA,35,1,35->34->23->12->2->1,5,1537.439348,1537.439752,0.000404
13780,SENSOR_DATA,22,1,22->11->1,2,1538.591410,1538.591575,0.000165
13782,SENSOR_DATA,20,1,20->11->1,2,1539.287111,1539.287308,0.000197
13789,SENSOR_DATA,31,1,31->21->11->1,3,1539.889377,1539.889618,0.000241
13793,SENSOR_DATA,12,1,12->2->1,2,1540.316218,1540.316386,0.000167
13805,SENSOR_DATA,0,1,0->1,1,1541.188125,1541.188173,0.000048
13806,SENSOR_DATA,32,1,32->22->11->1,3,1541.223711,1541.223980,0.000269
13807,SENSOR_DATA,13,1,13->3->2->1,3,1541.223882,1541.224077,0.000195
13811,SENSOR_DATA,40,1,40->41->31->21->11->1,5,1541.867377,1541.867759,0.000382
13814,SENSOR_DATA,2,1,2->1,1,1542.104102,1542.104172,0.000070
13816,SENSOR_DATA,14,1,14->23->12->2->1,4,1542.690114,1542.690457,0.000344
13826,SENSOR_DATA,3,1,3->2->1,2,1543.494044,1543.494184,0.000140
13830,SENSOR_DATA,11,1,11->1,1,1544.204738,1544.204831,0.000093
13833,SENSOR_DATA,34,1,34->23->12->2->1,4,1544.554077,1544.554418,0.000341
13835,SENSOR_DATA,4,1,4->13->3->2->1,4,1544.696931,1544.697209,0.000279
13838,SENSOR_DATA,23,1,23->12->2->1,3,1544.912783,1544.913021,0.000239
13843,SENSOR_DATA,21,1,21->11->1,2,1545.481629,1545.481799,0.000170
13847,SENSOR_DATA,10,1,10->1,1,1545.580227,1545.580296,0.000069
13851,SENSOR_DATA,41,1,41->31->21->11->1,4,1545.923126,1545.923431,0.000306
13856,SENSOR_DATA,42,1,42->31->21->11->1,4,1546.253404,1546.253738,0.000335
13861,SENSOR_DATA,30,1,30->21->11->1,3,1546.467984,1546.468202,0.000219
13867,SENSOR_DATA,35,1,35->34->23->12->2->1,5,1547.439348,1547.439752,0.000404
13879,SENSOR_DATA,22,1,22->11->1,2,1548.591410,1548.591575,0.000165
13881,SENSOR_DATA,20,1,20->11->1,2,1549.287111,1549.287308,0.000197
13888,SENSOR_DATA,31,1,31->21->11->1,3,1549.889377,1549.889618,0.000241
13892,SENSOR_DATA,12,1,12->2->1,2,1550.316218,1550.316386,0.000167
13904,SENSOR_DATA,0,1,0->1,1,1551.188125,1551.188173,0.000048
13905,SENSOR_DATA,32,1,32->22->11->1,3,1551.223711,1551.223980,0.000269
13906,SENSOR_DATA,13,1,13->3->2->1,3,1551.223882,1551.224077,0.000195
13910,SENSOR_DATA,40,1,40->41->31->21->11->1,5,1551.867377,1551.867759,0.000382
13913,SENSOR_DATA,2,1,2->1,1,1552.104102,1552.104172,0.000070
13915,SENSOR_DATA,14,1,14->23->12->2->1,4,1552.690114,1552.690457,0.000344
13925,SENSOR_DATA,3,1,3->2->1,2,1553.494044,1553.494184,0.000140
13929,SENSOR_DATA,11,1,11->1,1,1554.204738,1554.204831,0.000093
13932,SENSOR_DATA,34,1,34->23->12->2->1,4,1554.554077,1554.554418,0.000341
13934,SENSOR_DATA,4,1,4->13->3->2->1,4,1554.696931,1554.697209,0.000279
13937,SENSOR_DATA,23,1,23->12->2->1,3,1554.912783,1554.913021,0.000239
13942,SENSOR_DATA,21,1,21->11->1,2,1555.481629,1555.481799,0.000170
13946,SENSOR_DATA,10,1,10->1,1,1555.580227,1555.580296,0.000069
13950,SENSOR_DATA,41,1,41->31->21->11->1,4,1555.923126,1555.923431,0.000306
13955,SENSOR_DATA,42,1,42->31->21->11->1,4,1556.253404,1556.253738,0.000335
13960,SENSOR_DATA,30,1,30->21->11->1,3,1556.467984,1556.468202,0.000219
13966,SENSOR_DATA,35,1,35->34->23->12->2->1,5,1557.439348,1557.439752,0.000404
13978,SENSOR_DATA,22,1,22->11->1,2,1558.591410,1558.591575,0.000165
13980,SENSOR_DATA,20,1,20->11->1,2,1559.287111,1559.287308,0.000197
13987,SENSOR_DATA,31,1,31->21->11->1,3,1559.889377,1559.889618,0.000241
13991,SENSOR_DATA,12,1,12->2->1,2,1560.316218,1560.316386,0.000167
14003,SENSOR_DATA,0,1,0->1,1,1561.188125,1561.188173,0.000048
14004,SENSOR_DATA,32,1,32->22->11->1,3,1561.223711,1561.223980,0.000269
14005,SENSOR_DATA,13,1,13->3->2->1,3,1561.223882,1561.224077,0.000195
14009,SENSOR_DATA,40,1,40->41->31->21->11->1,5,1561.867377,1561.867759,0.000382
14012,SENSOR_DATA,2,1,2->1,1,1562.104102,1562.104172,0.000070
14014,SENSOR_DATA,14,1,14->23->12->2->1,4,1562.690114,1562.690457,0.000344
14024,SENSOR_DATA,3,1,3->2->1,2,1563.494044,1563.494184,0.000140
14028,SENSOR_DATA,11,1,11->1,1,1564.204738,1564.204831,0.000093
14031,SENSOR_DATA,34,1,34->23->12->2->1,4,1564.554077,1564.554418,0.000341
14033,SENSOR_DATA,4,1,4->13->3->2->1,4,1564.696931,1564.697209,0.000279
14036,SENSOR_DATA,23,1,23->12->2->1,3,1564.912783,1564.913021,0.000239
14041,SENSOR_DATA,21,1,21->11->1,2,1565.481629,1565.481799,0.000170
14045,SENSOR_DATA,10,1,10->1,1,1565.580227,1565.580296,0.000069
14049,SENSOR_DATA,41,1,41->31->21->11->1,4,1565.923126,1565.923431,0.000306
14054,SENSOR_DATA,42,1,42->31->21->11->1,4,1566.253404,1566.253738,0.000335
14059,SENSOR_DATA,30,1,30->21->11->1,3,1566.467984,1566.468202,0.000219
14065,SENSOR_DATA,35,1,35->34->23->12->2->1,5,1567.439348,1567.439752,0.000404
14077,SENSOR_DATA,22,1,22->11->1,2,1568.591410,1568.591575,0.000165
14079,SENSOR_DATA,20,1,20->11->1,2,1569.287111,1569.287308,0.000197
14086,SENSOR_DATA,31,1,31->21->11->1,3,1569.889377,1569.889618,0.000241
14090,SENSOR_DATA,12,1,12->2->1,2,1570.316218,1570.316386,0.000167
14102,SENSOR_DATA,0,1,0->1,1,1571.188125,1571.188173,0.000048
14103,SENSOR_DATA,32,1,32->22->11->1,3,1571.223711,1571.223980,0.000269
14104,SENSOR_DATA,13,1,13->3->2->1,3,1571.223882,1571.224077,0.000195
14108,SENSOR_DATA,40,1,40->41->31->21->11->1,5,1571.867377,1571.867759,0.000382
14111,SENSOR_DATA,2,1,2->1,1,1572.104102,1572.104172,0.000070
14113,SENSOR_DATA,14,1,14->23->12->2->1,4,1572.690114,1572.690457,0.000344
14123,SENSOR_DATA,3,1,3->2->1,2,1573.494044,1573.494184,0.000140
14127,SENSOR_DATA,11,1,11->1,1,1574.204738,1574.204831,0.000093
14130,SENSOR_DATA,34,1,34->23->12->2->1,4,1574.554077,1574.554418,0.000341
14132,SENSOR_DATA,4,1,4->13->3->2->1,4,1574.696931,1574.697209,0.000279
14135,SENSOR_DATA,23,1,23->12->2->1,3,1574.912783,1574.913021,0.000239
14140,SENSOR_DATA,21,1,21->11->1,2,1575.481629,1575.481799,0.000170
14144,SENSOR_DATA,10,1,10->1,1,1575.580227,1575.580296,0.000069
14148,SENSOR_DATA,41,1,41->31->21->11->1,4,1575.923126,1575.923431,0.000306
14153,SENSOR_DATA,42,1,42->31->21->11->1,4,1576.253404,1576.253738,0.000335
14158,SENSOR_DATA,30,1,30->21->11->1,3,1576.467984,1576.468202,0.000219
14164,SENSOR_DATA,35,1,35->34->23->12->2->1,5,1577.439348,1577.439752,0.000404
14176,SENSOR_DATA,22,1,22->11->1,2,1578.591410,1578.591575,0.000165
14178,SENSOR_DATA,20,1,20->11->1,2,1579.287111,1579.287308,0.000197
14185,SENSOR_DATA,31,1,31->21->11->1,3,1579.889377,1579.889618,0.000241
14189,SENSOR_DATA,12,1,12->2->1,2,1580.316218,1580.316386,0.000167
14201,SENSOR_DATA,0,1,0->1,1,1581.188125,1581.188173,0.000048
14202,SENSOR_DATA,32,1,32->22->11->1,3,1581.223711,1581.223980,0.000269
14203,SENSOR_DATA,13,1,13->3->2->1,3,1581.223882,1581.224077,0.000195
14207,SENSOR_DATA,40,1,40->41->31->21->11->1,5,1581.867377,1581.867759,0.000382
14210,SENSOR_DATA,2,1,2->1,1,1582.104102,1582.104172,0.000070
14212,SENSOR_DATA,14,1,14->23->12->2->1,4,1582.690114,1582.690457,0.000344
14222,SENSOR_DATA,3,1,3->2->1,2,1583.494044,1583.494184,0.000140
14226,SENSOR_DATA,11,1,11->1,1,1584.204738,1584.204831,0.000093
14229,SENSOR_DATA,34,1,34->23->12->2->1,4,1584.554077,1584.554418,0.000341
14231,SENSOR_DATA,4,1,4->13->3->2->1,4,1584.696931,1584.697209,0.000279
14234,SENSOR_DATA,23,1,23->12->2->1,3,1584.912783,1584.913021,0.000239
14239,SENSOR_DATA,21,1,21->11->1,2,1585.481629,1585.481799,0.000170
14243,SENSOR_DATA,10,1,10->1,1,1585.580227,1585.580296,0.000069
14247,SENSOR_DATA,41,1,41->31->21->11->1,4,1585.923126,1585.923431,0.000306
14252,SENSOR_DATA,42,1,42->31->21->11->1,4,1586.253404,1586.253738,0.000335
14257,SENSOR_DATA,30,1,30->21->11->1,3,1586.467984,1586.468202,0.000219
14263,SENSOR_DATA,35,1,35->34->23->12->2->1,5,1587.439348,1587.439752,0.000404
14275,SENSOR_DATA,22,1,22->11->1,2,1588.591410,1588.591575,0.000165
14277,SENSOR_DATA,20,1,20->11->1,2,1589.287111,1589.287308,0.000197
14284,SENSOR_DATA,31,1,31->21->11->1,3,1589.889377,1589.889618,0.000241
14288,SENSOR_DATA,12,1,12->2->1,2,1590.316218,1590.316386,0.000167
14300,SENSOR_DATA,0,1,0->1,1,1591.188125,1591.188173,0.000048
14301,SENSOR_DATA,32,1,32->22->11->1,3,1591.223711,1591.223980,0.000269
14302,SENSOR_DATA,13,1,13->3->2->1,3,1591.223882,1591.224077,0.000195
14306,SENSOR_DATA,40,1,40->41->31->21->11->1,5,1591.867377,1591.867759,0.000382
14309,SENSOR_DATA,2,1,2->1,1,1592.104102,1592.104172,0.000070
14311,SENSOR_DATA,14,1,14->23->12->2->1,4,1592.690114,1592.690457,0.000344
14321,SENSOR_DATA,3,1,3->2->1,2,1593.494044,1593.494184,0.000140
14325,SENSOR_DATA,11,1,11->1,1,1594.204738,1594.204831,0.000093
14328,SENSOR_DATA,34,1,34->23->12->2->1,4,1594.554077,1594.554418,0.000341
14330,SENSOR_DATA,4,1,4->13->3->2->1,4,1594.696931,1594.697209,0.000279
14333,SENSOR_DATA,23,1,23->12->2->1,3,1594.912783,1594.913021,0.000239
14338,SENSOR_DATA,21,1,21->11->1,2,1595.481629,1595.481799,0.000170
14342,SENSOR_DATA,10,1,10->1,1,1595.580227,1595.580296,0.000069
14346,SENSOR_DATA,41,1,41->31->21->11->1,4,1595.923126,1595.923431,0.000306
14351,SENSOR_DATA,42,1,42->31->21->11->1,4,1596.253404,1596.253738,0.000335
14356,SENSOR_DATA,30,1,30->21->11->1,3,1596.467984,1596.468202,0.000219
14362,SENSOR_DATA,35,1,35->34->23->12->2->1,5,1597.439348,1597.439752,0.000404
14374,SENSOR_DATA,22,1,22->11->1,2,1598.591410,1598.591575,0.000165
14376,SENSOR_DATA,20,1,20->11->1,2,1599.287111,1599.287308,0.000197
14383,SENSOR_DATA,31,1,31->21->11->1,3,1599.889377,1599.889618,0.000241
14387,SENSOR_DATA,12,1,12->2->1,2,1600.316218,1600.316386,0.000167
14399,SENSOR_DATA,0,1,0->1,1,1601.188125,1601.188173,0.000048
14400,SENSOR_DATA,32,1,32->22->11->1,3,1601.223711,1601.223980,0.000269
14401,SENSOR_DATA,13,1,13->3->2->1,3,1601.223882,1601.224077,0.000195
14405,SENSOR_DATA,40,1,40->41->31->21->11->1,5,1601.867377,1601.867759,0.000382
14408,SENSOR_DATA,2,1,2->1,1,1602.104102,1602.104172,0.000070
14410,SENSOR_DATA,14,1,14->23->12->2->1,4,1602.690114,1602.690457,0.000344
14420,SENSOR_DATA,3,1,3->2->1,2,1603.494044,1603.494184,0.000140
14424,SENSOR_DATA,11,1,11->1,1,1604.204738,1604.204831,0.000093
14427,SENSOR_DATA,34,1,34->23->12->2->1,4,1604.554077,1604.554418,0.000341
14429,SENSOR_DATA,4,1,4->13->3->2->1,4,1604.696931,1604.697209,0.000279
14432,SENSOR_DATA,23,1,23->12->2->1,3,1604.912783,1604.913021,0.000239
14437,SENSOR_DATA,21,1,21->11->1,2,1605.481629,1605.481799,0.000170
14441,SENSOR_DATA,10,1,10->1,1,1605.580227,1605.580296,0.000069
14445,SENSOR_DATA,41,1,41->31->21->11->1,4,1605.923126,1605.923431,0.000306
14450,SENSOR_DATA,42,1,42->31->21->11->1,4,1606.253404,1606.253738,0.000335
14455,SENSOR_DATA,30,1,30->21->11->1,3,1606.467984,1606.468202,0.000219
14461,SENSOR_DATA,35,1,35->34->23->12->2->1,5,1607.439348,1607.439752,0.000404
14473,SENSOR_DATA,22,1,22->11->1,2,1608.591410,1608.591575,0.000165
14475,SENSOR_DATA,20,1,20->11->1,2,1609.287111,1609.287308,0.000197
14482,SENSOR_DATA,31,1,31->21->11->1,3,1609.889377,1609.889618,0.000241
14486,SENSOR_DATA,12,1,12->2->1,2,1610.316218,1610.316386,0.000167
14498,SENSOR_DATA,0,1,0->1,1,1611.188125,1611.188173,0.000048
14499,SENSOR_DATA,32,1,32->22->11->1,3,1611.223711,1611.223980,0.000269
14500,SENSOR_DATA,13,1,13->3->2->1,3,1611.223882,1611.224077,0.000195
14504,SENSOR_DATA,40,1,40->41->31->21->11->1,5,1611.867377,1611.867759,0.000382
14507,SENSOR_DATA,2,1,2->1,1,1612.104102,1612.104172,0.000070
14509,SENSOR_DATA,14,1,14->23->12->2->1,4,1612.690114,1612.690457,0.000344
14519,SENSOR_DATA,3,1,3->2->1,2,1613.494044,1613.494184,0.000140
14523,SENSOR_DATA,11,1,11->1,1,1614.204738,1614.204831,0.000093
14526,SENSOR_DATA,34,1,34->23->12->2->1,4,1614.554077,1614.554418,0.000341
14528,SENSOR_DATA,4,1,4->13->3->2->1,4,1614.696931,1614.697209,0.000279
14531,SENSOR_DATA,23,1,23->12->2->1,3,1614.912783,1614.913021,0.000239
14536,SENSOR_DATA,21,1,21->11->1,2,1615.481629,1615.481799,0.000170
14540,SENSOR_DATA,10,1,10->1,1,1615.580227,1615.580296,0.000069
14544,SENSOR_DATA,41,1,41->31->21->11->1,4,1615.923126,1615.923431,0.000306
14549,SENSOR_DATA,42,1,42->31->21->11->1,4,1616.253404,1616.253738,0.000335
14554,SENSOR_DATA,30,1,30->21->11->1,3,1616.467984,1616.468202,0.000219
14560,SENSOR_DATA,35,1,35->34->23->12->2->1,5,1617.439348,1617.439752,0.000404
14572,SENSOR_DATA,22,1,22->11->1,2,1618.591410,1618.591575,0.000165
14574,SENSOR_DATA,20,1,20->11->1,2,1619.287111,1619.287308,0.000197
14581,SENSOR_DATA,31,1,31->21->11->1,3,1619.889377,1619.889618,0.000241
14585,SENSOR_DATA,12,1,12->2->1,2,1620.316218,1620.316386,0.000167
14597,SENSOR_DATA,0,1,0->1,1,1621.188125,1621.188173,0.000048
14598,SENSOR_DATA,32,1,32->22->11->1,3,1621.223711,1621.223980,0.000269
14599,SENSOR_DATA,13,1,13->3->2->1,3,1621.223882,1621.224077,0.000195
14603,SENSOR_DATA,40,1,40->41->31->21->11->1,5,1621.867377,1621.867759,0.000382
14606,SENSOR_DATA,2,1,2->1,1,1622.104102,1622.104172,0.000070
14608,SENSOR_DATA,14,1,14->23->12->2->1,4,1622.690114,1622.690457,0.000344
14618,SENSOR_DATA,3,1,3->2->1,2,1623.494044,1623.494184,0.000140
14622,SENSOR_DATA,11,1,11->1,1,1624.204738,1624.204831,0.000093
14625,SENSOR_DATA,34,1,34->23->12->2->1,4,1624.554077,1624.554418,0.000341
14627,SENSOR_DATA,4,1,4->13->3->2->1,4,1624.696931,1624.697209,0.000279
14630,SENSOR_DATA,23,1,23->12->2->1,3,1624.912783,1624.913021,0.000239
14635,SENSOR_DATA,21,1,21->11->1,2,1625.481629,1625.481799,0.000170
14639,SENSOR_DATA,10,1,10->1,1,1625.580227,1625.580296,0.000069
14643,SENSOR_DATA,41,1,41->31->21->11->1,4,1625.923126,1625.923431,0.000306
14648,SENSOR_DATA,42,1,42->31->21->11->1,4,1626.253404,1626.253738,0.000335
14653,SENSOR_DATA,30,1,30->21->11->1,3,1626.467984,1626.468202,0.000219
14659,SENSOR_DATA,35,1,35->34->23->12->2->1,5,1627.439348,1627.439752,0.000404
14671,SENSOR_DATA,22,1,22->11->1,2,1628.591410,1628.591575,0.000165
14673,SENSOR_DATA,20,1,20->11->1,2,1629.287111,1629.287308,0.000197
14680,SENSOR_DATA,31,1,31->21->11->1,3,1629.889377,1629.889618,0.000241
14684,SENSOR_DATA,12,1,12->2->1,2,1630.316218,1630.316386,0.000167
14696,SENSOR_DATA,0,1,0->1,1,1631.188125,1631.188173,0.000048
14697,SENSOR_DATA,32,1,32->22->11->1,3,1631.223711,1631.223980,0.000269
14698,SENSOR_DATA,13,1,13->3->2->1,3,1631.223882,1631.224077,0.000195
14702,SENSOR_DATA,40,1,40->41->31->21->11->1,5,1631.867377,1631.867759,0.000382
14705,SENSOR_DATA,2,1,2->1,1,1632.104102,1632.104172,0.000070
14707,SENSOR_DATA,14,1,14->23->12->2->1,4,1632.690114,1632.690457,0.000344
14717,SENSOR_DATA,3,1,3->2->1,2,1633.494044,1633.494184,0.000140
14721,SENSOR_DATA,11,1,11->1,1,1634.204738,1634.204831,0.000093
14724,SENSOR_DATA,34,1,34->23->12->2->1,4,1634.554077,1634.554418,0.000341
14726,SENSOR_DATA,4,1,4->13->3->2->1,4,1634.696931,1634.697209,0.000279
14729,SENSOR_DATA,23,1,23->12->2->1,3,1634.912783,1634.913021,0.000239
14734,SENSOR_DATA,21,1,21->11->1,2,1635.481629,1635.481799,0.000170
14738,SENSOR_DATA,10,1,10->1,1,1635.580227,1635.580296,0.000069
14742,SENSOR_DATA,41,1,41->31->21->11->1,4,1635.923126,1635.923431,0.000306
14747,SENSOR_DATA,42,1,42->31->21->11->1,4,1636.253404,1636.253738,0.000335
14752,SENSOR_DATA,30,1,30->21->11->1,3,1636.467984,1636.468202,0.000219
14758,SENSOR_DATA,35,1,35->34->23->12->2->1,5,1637.439348,1637.439752,0.000404
14770,SENSOR_DATA,22,1,22->11->1,2,1638.591410,1638.591575,0.000165
14772,SENSOR_DATA,20,1,20->11->1,2,1639.287111,1639.287308,0.000197
14779,SENSOR_DATA,31,1,31->21->11->1,3,1639.889377,1639.889618,0.000241
14783,SENSOR_DATA,12,1,12->2->1,2,1640.316218,1640.316386,0.000167
14795,SENSOR_DATA,0,1,0->1,1,1641.188125,1641.188173,0.000048
14796,SENSOR_DATA,32,1,32->22->11->1,3,1641.223711,1641.223980,0.000269
14797,SENSOR_DATA,13,1,13->3->2->1,3,1641.223882,1641.224077,0.000195
14801,SENSOR_DATA,40,1,40->41->31->21->11->1,5,1641.867377,1641.867759,0.000382
14804,SENSOR_DATA,2,1,2->1,1,1642.104102,1642.104172,0.000070
14806,SENSOR_DATA,14,1,14->23->12->2->1,4,1642.690114,1642.690457,0.000344
14816,SENSOR_DATA,3,1,3->2->1,2,1643.494044,1643.494184,0.000140
14820,SENSOR_DATA,11,1,11->1,1,1644.204738,1644.204831,0.000093
14823,SENSOR_DATA,34,1,34->23->12->2->1,4,1644.554077,1644.554418,0.000341
14825,SENSOR_DATA,4,1,4->13->3->2->1,4,1644.696931,1644.697209,0.000279
14828,SENSOR_DATA,23,1,23->12->2->1,3,1644.912783,1644.913021,0.000239
14833,SENSOR_DATA,21,1,21->11->1,2,1645.481629,1645.481799,0.000170
14837,SENSOR_DATA,10,1,10->1,1,1645.580227,1645.580296,0.000069
14841,SENSOR_DATA,41,1,41->31->21->11->1,4,1645.923126,1645.923431,0.000306
14846,SENSOR_DATA,42,1,42->31->21->11->1,4,1646.253404,1646.253738,0.000335
14851,SENSOR_DATA,30,1,30->21->11->1,3,1646.467984,1646.468202,0.000219
14857,SENSOR_DATA,35,1,35->34->23->12->2->1,5,1647.439348,1647.439752,0.000404
14869,SENSOR_DATA,22,1,22->11->1,2,1648.591410,1648.591575,0.000165
14871,SENSOR_DATA,20,1,20->11->1,2,1649.287111,1649.287308,0.000197
14878,SENSOR_DATA,31,1,31->21->11->1,3,1649.889377,1649.889618,0.000241
14882,SENSOR_DATA,12,1,12->2->1,2,1650.316218,1650.316386,0.000167
14894,SENSOR_DATA,0,1,0->1,1,1651.188125,1651.188173,0.000048
14895,SENSOR_DATA,32,1,32->22->11->1,3,1651.223711,1651.223980,0.000269
14896,SENSOR_DATA,13,1,13->3->2->1,3,1651.223882,1651.224077,0.000195
14900,SENSOR_DATA,40,1,40->41->31->21->11->1,5,1651.867377,1651.867759,0.000382
14903,SENSOR_DATA,2,1,2->1,1,1652.104102,1652.104172,0.000070
14905,SENSOR_DATA,14,1,14->23->12->2->1,4,1652.690114,1652.690457,0.000344
14915,SENSOR_DATA,3,1,3->2->1,2,1653.494044,1653.494184,0.000140
14919,SENSOR_DATA,11,1,11->1,1,1654.204738,1654.204831,0.000093
14922,SENSOR_DATA,34,1,34->23->12->2->1,4,1654.554077,1654.554418,0.000341
14924,SENSOR_DATA,4,1,4->13->3->2->1,4,1654.696931,1654.697209,0.000279
14927,SENSOR_DATA,23,1,23->12->2->1,3,1654.912783,1654.913021,0.000239
14932,SENSOR_DATA,21,1,21->11->1,2,1655.481629,1655.481799,0.000170
14936,SENSOR_DATA,10,1,10->1,1,1655.580227,1655.580296,0.000069
14940,SENSOR_DATA,41,1,41->31->21->11->1,4,1655.923126,1655.923431,0.000306
14945,SENSOR_DATA,42,1,42->31->21->11->1,4,1656.253404,1656.253738,0.000335
14950,SENSOR_DATA,30,1,30->21->11->1,3,1656.467984,1656.468202,0.000219
14956,SENSOR_DATA,35,1,35->34->23->12->2->1,5,1657.439348,1657.439752,0.000404
14968,SENSOR_DATA,22,1,22->11->1,2,1658.591410,1658.591575,0.000165
14970,SENSOR_DATA,20,1,20->11->1,2,1659.287111,1659.287308,0.000197
14977,SENSOR_DATA,31,1,31->21->11->1,3,1659.889377,1659.889618,0.000241
14981,SENSOR_DATA,12,1,12->2->1,2,1660.316218,1660.316386,0.000167
14993,SENSOR_DATA,0,1,0->1,1,1661.188125,1661.188173,0.000048
14994,SENSOR_DATA,32,1,32->22->11->1,3,1661.223711,1661.223980,0.000269
14995,SENSOR_DATA,13,1,13->3->2->1,3,1661.223882,1661.224077,0.000195
14999,SENSOR_DATA,40,1,40->41->31->21->11->1,5,1661.867377,1661.867759,0.000382
15002,SENSOR_DATA,2,1,2->1,1,1662.104102,1662.104172,0.000070
15004,SENSOR_DATA,14,1,14->23->12->2->1,4,1662.690114,1662.690457,0.000344
15014,SENSOR_DATA,3,1,3->2->1,2,1663.494044,1663.494184,0.000140
15018,SENSOR_DATA,11,1,11->1,1,1664.204738,1664.204831,0.000093
15021,SENSOR_DATA,34,1,34->23->12->2->1,4,1664.554077,1664.554418,0.000341
15023,SENSOR_DATA,4,1,4->13->3->2->1,4,1664.696931,1664.697209,0.000279
15026,SENSOR_DATA,23,1,23->12->2->1,3,1664.912783,1664.913021,0.000239
15031,SENSOR_DATA,21,1,21->11->1,2,1665.481629,1665.481799,0.000170
15035,SENSOR_DATA,10,1,10->1,1,1665.580227,1665.580296,0.000069
15039,SENSOR_DATA,41,1,41->31->21->11->1,4,1665.923126,1665.923431,0.000306
15044,SENSOR_DATA,42,1,42->31->21->11->1,4,1666.253404,1666.253738,0.000335
15049,SENSOR_DATA,30,1,30->21->11->1,3,1666.467984,1666.468202,0.000219
15055,SENSOR_DATA,35,1,35->34->23->12->2->1,5,1667.439348,1667.439752,0.000404
15067,SENSOR_DATA,22,1,22->11->1,2,1668.591410,1668.591575,0.000165
15069,SENSOR_DATA,20,1,20->11->1,2,1669.287111,1669.287308,0.000197
15076,SENSOR_DATA,31,1,31->21->11->1,3,1669.889377,1669.889618,0.000241
15080,SENSOR_DATA,12,1,12->2->1,2,1670.316218,1670.316386,0.000167
15092,SENSOR_DATA,0,1,0->1,1,1671.188125,1671.188173,0.000048
15093,SENSOR_DATA,32,1,32->22->11->1,3,1671.223711,1671.223980,0.000269
15094,SENSOR_DATA,13,1,13->3->2->1,3,1671.223882,1671.224077,0.000195
15098,SENSOR_DATA,40,1,40->41->31->21->11->1,5,1671.867377,1671.867759,0.000382
15101,SENSOR_DATA,2,1,2->1,1,1672.104102,1672.104172,0.000070
15103,SENSOR_DATA,14,1,14->23->12->2->1,4,1672.690114,1672.690457,0.000344
15113,SENSOR_DATA,3,1,3->2->1,2,1673.494044,1673.494184,0.000140
15117,SENSOR_DATA,11,1,11->1,1,1674.204738,1674.204831,0.000093
15120,SENSOR_DATA,34,1,34->23->12->2->1,4,1674.554077,1674.554418,0.000341
15122,SENSOR_DATA,4,1,4->13->3->2->1,4,1674.696931,1674.697209,0.000279
15125,SENSOR_DATA,23,1,23->12->2->1,3,1674.912783,1674.913021,0.000239
15130,SENSOR_DATA,21,1,21->11->1,2,1675.481629,1675.481799,0.000170
15134,SENSOR_DATA,10,1,10->1,1,1675.580227,1675.580296,0.000069
15138,SENSOR_DATA,41,1,41->31->21->11->1,4,1675.923126,1675.923431,0.000306
15143,SENSOR_DATA,42,1,42->31->21->11->1,4,1676.253404,1676.253738,0.000335
15148,SENSOR_DATA,30,1,30->21->11->1,3,1676.467984,1676.468202,0.000219
15154,SENSOR_DATA,35,1,35->34->23->12->2->1,5,1677.439348,1677.439752,0.000404
15166,SENSOR_DATA,22,1,22->11->1,2,1678.591410,1678.591575,0.000165
15168,SENSOR_DATA,20,1,20->11->1,2,1679.287111,1679.287308,0.000197
15175,SENSOR_DATA,31,1,31->21->11->1,3,1679.889377,1679.889618,0.000241
15179,SENSOR_DATA,12,1,12->2->1,2,1680.316218,1680.316386,0.000167
15191,SENSOR_DATA,0,1,0->1,1,1681.188125,1681.188173,0.000048
15192,SENSOR_DATA,32,1,32->22->11->1,3,1681.223711,1681.223980,0.000269
15193,SENSOR_DATA,13,1,13->3->2->1,3,1681.223882,1681.224077,0.000195
15197,SENSOR_DATA,40,1,40->41->31->21->11->1,5,1681.867377,1681.867759,0.000382
15200,SENSOR_DATA,2,1,2->1,1,1682.104102,1682.104172,0.000070
15202,SENSOR_DATA,14,1,14->23->12->2->1,4,1682.690114,1682.690457,0.000344
15212,SENSOR_DATA,3,1,3->2->1,2,1683.494044,1683.494184,0.000140
15216,SENSOR_DATA,11,1,11->1,1,1684.204738,1684.204831,0.000093
15219,SENSOR_DATA,34,1,34->23->12->2->1,4,1684.554077,1684.554418,0.000341
15221,SENSOR_DATA,4,1,4->13->3->2->1,4,1684.696931,1684.697209,0.000279
15224,SENSOR_DATA,23,1,23->12->2->1,3,1684.912783,1684.913021,0.000239
15229,SENSOR_DATA,21,1,21->11->1,2,1685.481629,1685.481799,0.000170
15233,SENSOR_DATA,10,1,10->1,1,1685.580227,1685.580296,0.000069
15237,SENSOR_DATA,41,1,41->31->21->11->1,4,1685.923126,1685.923431,0.000306
15242,SENSOR_DATA,42,1,42->31->21->11->1,4,1686.253404,1686.253738,0.000335
15247,SENSOR_DATA,30,1,30->21->11->1,3,1686.467984,1686.468202,0.000219
15253,SENSOR_DATA,35,1,35->34->23->12->2->1,5,1687.439348,1687.439752,0.000404
15265,SENSOR_DATA,22,1,22->11->1,2,1688.591410,1688.591575,0.000165
15267,SENSOR_DATA,20,1,20->11->1,2,1689.287111,1689.287308,0.000197
15274,SENSOR_DATA,31,1,31->21->11->1,3,1689.889377,1689.889618,0.000241
15278,SENSOR_DATA,12,1,12->2->1,2,1690.316218,1690.316386,0.000167
15290,SENSOR_DATA,0,1,0->1,1,1691.188125,1691.188173,0.000048
15291,SENSOR_DATA,32,1,32->22->11->1,3,1691.223711,1691.223980,0.000269
15292,SENSOR_DATA,13,1,13->3->2->1,3,1691.223882,1691.224077,0.000195
15296,SENSOR_DATA,40,1,40->41->31->21->11->1,5,1691.867377,1691.867759,0.000382
15299,SENSOR_DATA,2,1,2->1,1,1692.104102,1692.104172,0.000070
15301,SENSOR_DATA,14,1,14->23->12->2->1,4,1692.690114,1692.690457,0.000344
15311,SENSOR_DATA,3,1,3->2->1,2,1693.494044,1693.494184,0.000140
15315,SENSOR_DATA,11,1,11->1,1,1694.204738,1694.204831,0.000093
15318,SENSOR_DATA,34,1,34->23->12->2->1,4,1694.554077,1694.554418,0.000341
15320,SENSOR_DATA,4,1,4->13->3->2->1,4,1694.696931,1694.697209,0.000279
15323,SENSOR_DATA,23,1,23->12->2->1,3,1694.912783,1694.913021,0.000239
15328,SENSOR_DATA,21,1,21->11->1,2,1695.481629,1695.481799,0.000170
15332,SENSOR_DATA,10,1,10->1,1,1695.580227,1695.580296,0.000069
15336,SENSOR_DATA,41,1,41->31->21->11->1,4,1695.923126,1695.923431,0.000306
15341,SENSOR_DATA,42,1,42->31->21->11->1,4,1696.253404,1696.253738,0.000335
15346,SENSOR_DATA,30,1,30->21->11->1,3,1696.467984,1696.468202,0.000219
15352,SENSOR_DATA,35,1,35->34->23->12->2->1,5,1697.439348,1697.439752,0.000404
15364,SENSOR_DATA,22,1,22->11->1,2,1698.591410,1698.591575,0.000165
15366,SENSOR_DATA,20,1,20->11->1,2,1699.287111,1699.287308,0.000197
15373,SENSOR_DATA,31,1,31->21->11->1,3,1699.889377,1699.889618,0.000241
15377,SENSOR_DATA,12,1,12->2->1,2,1700.316218,1700.316386,0.000167
15389,SENSOR_DATA,0,1,0->1,1,1701.188125,1701.188173,0.000048
15390,SENSOR_DATA,32,1,32->22->11->1,3,1701.223711,1701.223980,0.000269
15391,SENSOR_DATA,13,1,13->3->2->1,3,1701.223882,1701.224077,0.000195
15395,SENSOR_DATA,40,1,40->41->31->21->11->1,5,1701.867377,1701.867759,0.000382
15398,SENSOR_DATA,2,1,2->1,1,1702.104102,1702.104172,0.000070
15400,SENSOR_DATA,14,1,14->23->12->2->1,4,1702.690114,1702.690457,0.000344
15410,SENSOR_DATA,3,1,3->2->1,2,1703.494044,1703.494184,0.000140
15414,SENSOR_DATA,11,1,11->1,1,1704.204738,1704.204831,0.000093
15417,SENSOR_DATA,34,1,34->23->12->2->1,4,1704.554077,1704.554418,0.000341
15419,SENSOR_DATA,4,1,4->13->3->2->1,4,1704.696931,1704.697209,0.000279
15422,SENSOR_DATA,23,1,23->12->2->1,3,1704.912783,1704.913021,0.000239
15427,SENSOR_DATA,21,1,21->11->1,2,1705.481629,1705.481799,0.000170
15431,SENSOR_DATA,10,1,10->1,1,1705.580227,1705.580296,0.000069
15435,SENSOR_DATA,41,1,41->31->21->11->1,4,1705.923126,1705.923431,0.000306
15440,SENSOR_DATA,42,1,42->31->21->11->1,4,1706.253404,1706.253738,0.000335
15445,SENSOR_DATA,30,1,30->21->11->1,3,1706.467984,1706.468202,0.000219
15451,SENSOR_DATA,35,1,35->34->23->12->2->1,5,1707.439348,1707.439752,0.000404
15463,SENSOR_DATA,22,1,22->11->1,2,1708.591410,1708.591575,0.000165
15465,SENSOR_DATA,20,1,20->11->1,2,1709.287111,1709.287308,0.000197
15472,SENSOR_DATA,31,1,31->21->11->1,3,1709.889377,1709.889618,0.000241
15476,SENSOR_DATA,12,1,12->2->1,2,1710.316218,1710.316386,0.000167
15488,SENSOR_DATA,0,1,0->1,1,1711.188125,1711.188173,0.000048
15489,SENSOR_DATA,32,1,32->22->11->1,3,1711.223711,1711.223980,0.000269
15490,SENSOR_DATA,13,1,13->3->2->1,3,1711.223882,1711.224077,0.000195
15494,SENSOR_DATA,40,1,40->41->31->21->11->1,5,1711.867377,1711.867759,0.000382
15497,SENSOR_DATA,2,1,2->1,1,1712.104102,1712.104172,0.000070
15499,SENSOR_DATA,14,1,14->23->12->2->1,4,1712.690114,1712.690457,0.000344
15509,SENSOR_DATA,3,1,3->2->1,2,1713.494044,1713.494184,0.000140
15513,SENSOR_DATA,11,1,11->1,1,1714.204738,1714.204831,0.000093
15516,SENSOR_DATA,34,1,34->23->12->2->1,4,1714.554077,1714.554418,0.000341
15518,SENSOR_DATA,4,1,4->13->3->2->1,4,1714.696931,1714.697209,0.000279
15521,SENSOR_DATA,23,1,23->12->2->1,3,1714.912783,1714.913021,0.000239
15526,SENSOR_DATA,21,1,21->11->1,2,1715.481629,1715.481799,0.000170
15530,SENSOR_DATA,10,1,10->1,1,1715.580227,1715.580296,0.000069
15534,SENSOR_DATA,41,1,41->31->21->11->1,4,1715.923126,1715.923431,0.000306
15539,SENSOR_DATA,42,1,42->31->21->11->1,4,1716.253404,1716.253738,0.000335
15544,SENSOR_DATA,30,1,30->21->11->1,3,1716.467984,1716.468202,0.000219
15550,SENSOR_DATA,35,1,35->34->23->12->2->1,5,1717.439348,1717.439752,0.000404
15562,SENSOR_DATA,22,1,22->11->1,2,1718.591410,1718.591575,0.000165
15564,SENSOR_DATA,20,1,20->11->1,2,1719.287111,1719.287308,0.000197
15571,SENSOR_DATA,31,1,31->21->11->1,3,1719.889377,1719.889618,0.000241
15575,SENSOR_DATA,12,1,12->2->1,2,1720.316218,1720.316386,0.000167
15587,SENSOR_DATA,0,1,0->1,1,1721.188125,1721.188173,0.000048
15588,SENSOR_DATA,32,1,32->22->11->1,3,1721.223711,1721.223980,0.000269
15589,SENSOR_DATA,13,1,13->3->2->1,3,1721.223882,1721.224077,0.000195
15593,SENSOR_DATA,40,1,40->41->31->21->11->1,5,1721.867377,1721.867759,0.000382
15596,SENSOR_DATA,2,1,2->1,1,1722.104102,1722.104172,0.000070
15598,SENSOR_DATA,14,1,14->23->12->2->1,4,1722.690114,1722.690457,0.000344
15608,SENSOR_DATA,3,1,3->2->1,2,1723.494044,1723.494184,0.000140
15612,SENSOR_DATA,11,1,11->1,1,1724.204738,1724.204831,0.000093
15615,SENSOR_DATA,34,1,34->23->12->2->1,4,1724.554077,1724.554418,0.000341
15617,SENSOR_DATA,4,1,4->13->3->2->1,4,1724.696931,1724.697209,0.000279
15620,SENSOR_DATA,23,1,23->12->2->1,3,1724.912783,1724.913021,0.000239
15625,SENSOR_DATA,21,1,21->11->1,2,1725.481629,1725.481799,0.000170
15629,SENSOR_DATA,10,1,10->1,1,1725.580227,1725.580296,0.000069
15633,SENSOR_DATA,41,1,41->31->21->11->1,4,1725.923126,1725.923431,0.000306
15638,SENSOR_DATA,42,1,42->31->21->11->1,4,1726.253404,1726.253738,0.000335
15643,SENSOR_DATA,30,1,30->21->11->1,3,1726.467984,1726.468202,0.000219
15649,SENSOR_DATA,35,1,35->34->23->12->2->1,5,1727.439348,1727.439752,0.000404
15661,SENSOR_DATA,22,1,22->11->1,2,1728.591410,1728.591575,0.000165
15663,SENSOR_DATA,20,1,20->11->1,2,1729.287111,1729.287308,0.000197
15670,SENSOR_DATA,31,1,31->21->11->1,3,1729.889377,1729.889618,0.000241
15674,SENSOR_DATA,12,1,12->2->1,2,1730.316218,1730.316386,0.000167
15686,SENSOR_DATA,0,1,0->1,1,1731.188125,1731.188173,0.000048
15687,SENSOR_DATA,32,1,32->22->11->1,3,1731.223711,1731.223980,0.000269
15688,SENSOR_DATA,13,1,13->3->2->1,3,1731.223882,1731.224077,0.000195
15692,SENSOR_DATA,40,1,40->41->31->21->11->1,5,1731.867377,1731.867759,0.000382
15695,SENSOR_DATA,2,1,2->1,1,1732.104102,1732.104172,0.000070
15697,SENSOR_DATA,14,1,14->23->12->2->1,4,1732.690114,1732.690457,0.000344
15707,SENSOR_DATA,3,1,3->2->1,2,1733.494044,1733.494184,0.000140
15711,SENSOR_DATA,11,1,11->1,1,1734.204738,1734.204831,0.000093
15714,SENSOR_DATA,34,1,34->23->12->2->1,4,1734.554077,1734.554418,0.000341
15716,SENSOR_DATA,4,1,4->13->3->2->1,4,1734.696931,1734.697209,0.000279
15719,SENSOR_DATA,23,1,23->12->2->1,3,1734.912783,1734.913021,0.000239
15724,SENSOR_DATA,21,1,21->11->1,2,1735.481629,1735.481799,0.000170
15728,SENSOR_DATA,10,1,10->1,1,1735.580227,1735.580296,0.000069
15732,SENSOR_DATA,41,1,41->31->21->11->1,4,1735.923126,1735.923431,0.000306
15737,SENSOR_DATA,42,1,42->31->21->11->1,4,1736.253404,1736.253738,0.000335
15742,SENSOR_DATA,30,1,30->21->11->1,3,1736.467984,1736.468202,0.000219
15748,SENSOR_DATA,35,1,35->34->23->12->2->1,5,1737.439348,1737.439752,0.000404
15760,SENSOR_DATA,22,1,22->11->1,2,1738.591410,1738.591575,0.000165
15762,SENSOR_DATA,20,1,20->11->1,2,1739.287111,1739.287308,0.000197
15769,SENSOR_DATA,31,1,31->21->11->1,3,1739.889377,1739.889618,0.000241
15773,SENSOR_DATA,12,1,12->2->1,2,1740.316218,1740.316386,0.000167
15785,SENSOR_DATA,0,1,0->1,1,1741.188125,1741.188173,0.000048
15786,SENSOR_DATA,32,1,32->22->11->1,3,1741.223711,1741.223980,0.000269
15787,SENSOR_DATA,13,1,13->3->2->1,3,1741.223882,1741.224077,0.000195
15791,SENSOR_DATA,40,1,40->41->31->21->11->1,5,1741.867377,1741.867759,0.000382
15794,SENSOR_DATA,2,1,2->1,1,1742.104102,1742.104172,0.000070
15796,SENSOR_DATA,14,1,14->23->12->2->1,4,1742.690114,1742.690457,0.000344
15806,SENSOR_DATA,3,1,3->2->1,2,1743.494044,1743.494184,0.000140
15810,SENSOR_DATA,11,1,11->1,1,1744.204738,1744.204831,0.000093
15813,SENSOR_DATA,34,1,34->23->12->2->1,4,1744.554077,1744.554418,0.000341
15815,SENSOR_DATA,4,1,4->13->3->2->1,4,1744.696931,1744.697209,0.000279
15818,SENSOR_DATA,23,1,23->12->2->1,3,1744.912783,1744.913021,0.000239
15823,SENSOR_DATA,21,1,21->11->1,2,1745.481629,1745.481799,0.000170
15827,SENSOR_DATA,10,1,10->1,1,1745.580227,1745.580296,0.000069
15831,SENSOR_DATA,41,1,41->31->21->11->1,4,1745.923126,1745.923431,0.000306
15836,SENSOR_DATA,42,1,42->31->21->11->1,4,1746.253404,1746.253738,0.000335
15841,SENSOR_DATA,30,1,30->21->11->1,3,1746.467984,1746.468202,0.000219
15847,SENSOR_DATA,35,1,35->34->23->12->2->1,5,1747.439348,1747.439752,0.000404
15859,SENSOR_DATA,22,1,22->11->1,2,1748.591410,1748.591575,0.000165
15861,SENSOR_DATA,20,1,20->11->1,2,1749.287111,1749.287308,0.000197
15868,SENSOR_DATA,31,1,31->21->11->1,3,1749.889377,1749.889618,0.000241
15872,SENSOR_DATA,12,1,12->2->1,2,1750.316218,1750.316386,0.000167
15884,SENSOR_DATA,0,1,0->1,1,1751.188125,1751.188173,0.000048
15885,SENSOR_DATA,32,1,32->22->11->1,3,1751.223711,1751.223980,0.000269
15886,SENSOR_DATA,13,1,13->3->2->1,3,1751.223882,1751.224077,0.000195
15890,SENSOR_DATA,40,1,40->41->31->21->11->1,5,1751.867377,1751.867759,0.000382
15893,SENSOR_DATA,2,1,2->1,1,1752.104102,1752.104172,0.000070
15895,SENSOR_DATA,14,1,14->23->12->2->1,4,1752.690114,1752.690457,0.000344
15905,SENSOR_DATA,3,1,3->2->1,2,1753.494044,1753.494184,0.000140
15909,SENSOR_DATA,11,1,11->1,1,1754.204738,1754.204831,0.000093
15912,SENSOR_DATA,34,1,34->23->12->2->1,4,1754.554077,1754.554418,0.000341
15914,SENSOR_DATA,4,1,4->13->3->2->1,4,1754.696931,1754.697209,0.000279
15917,SENSOR_DATA,23,1,23->12->2->1,3,1754.912783,1754.913021,0.000239
15922,SENSOR_DATA,21,1,21->11->1,2,1755.481629,1755.481799,0.000170
15926,SENSOR_DATA,10,1,10->1,1,1755.580227,1755.580296,0.000069
15930,SENSOR_DATA,41,1,41->31->21->11->1,4,1755.923126,1755.923431,0.000306
15935,SENSOR_DATA,42,1,42->31->21->11->1,4,1756.253404,1756.253738,0.000335
15940,SENSOR_DATA,30,1,30->21->11->1,3,1756.467984,1756.468202,0.000219
15946,SENSOR_DATA,35,1,35->34->23->12->2->1,5,1757.439348,1757.439752,0.000404
15958,SENSOR_DATA,22,1,22->11->1,2,1758.591410,1758.591575,0.000165
15960,SENSOR_DATA,20,1,20->11->1,2,1759.287111,1759.287308,0.000197
15967,SENSOR_DATA,31,1,31->21->11->1,3,1759.889377,1759.889618,0.000241
15971,SENSOR_DATA,12,1,12->2->1,2,1760.316218,1760.316386,0.000167
15983,SENSOR_DATA,0,1,0->1,1,1761.188125,1761.188173,0.000048
15984,SENSOR_DATA,32,1,32->22->11->1,3,1761.223711,1761.223980,0.000269
15985,SENSOR_DATA,13,1,13->3->2->1,3,1761.223882,1761.224077,0.000195
15989,SENSOR_DATA,40,1,40->41->31->21->11->1,5,1761.867377,1761.867759,0.000382
15992,SENSOR_DATA,2,1,2->1,1,1762.104102,1762.104172,0.000070
15994,SENSOR_DATA,14,1,14->23->12->2->1,4,1762.690114,1762.690457,0.000344
16004,SENSOR_DATA,3,1,3->2->1,2,1763.494044,1763.494184,0.000140
16008,SENSOR_DATA,11,1,11->1,1,1764.204738,1764.204831,0.000093
16011,SENSOR_DATA,34,1,34->23->12->2->1,4,1764.554077,1764.554418,0.000341
16013,SENSOR_DATA,4,1,4->13->3->2->1,4,1764.696931,1764.697209,0.000279
16016,SENSOR_DATA,23,1,23->12->2->1,3,1764.912783,1764.913021,0.000239
16021,SENSOR_DATA,21,1,21->11->1,2,1765.481629,1765.481799,0.000170
16025,SENSOR_DATA,10,1,10->1,1,1765.580227,1765.580296,0.000069
16029,SENSOR_DATA,41,1,41->31->21->11->1,4,1765.923126,1765.923431,0.000306
16034,SENSOR_DATA,42,1,42->31->21->11->1,4,1766.253404,1766.253738,0.000335
16039,SENSOR_DATA,30,1,30->21->11->1,3,1766.467984,1766.468202,0.000219
16045,SENSOR_DATA,35,1,35->34->23->12->2->1,5,1767.439348,1767.439752,0.000404
16057,SENSOR_DATA,22,1,22->11->1,2,1768.591410,1768.591575,0.000165
16059,SENSOR_DATA,20,1,20->11->1,2,1769.287111,1769.287308,0.000197
16066,SENSOR_DATA,31,1,31->21->11->1,3,1769.889377,1769.889618,0.000241
16070,SENSOR_DATA,12,1,12->2->1,2,1770.316218,1770.316386,0.000167
16082,SENSOR_DATA,0,1,0->1,1,1771.188125,1771.188173,0.000048
16083,SENSOR_DATA,32,1,32->22->11->1,3,1771.223711,1771.223980,0.000269
16084,SENSOR_DATA,13,1,13->3->2->1,3,1771.223882,1771.224077,0.000195
16088,SENSOR_DATA,40,1,40->41->31->21->11->1,5,1771.867377,1771.867759,0.000382
16091,SENSOR_DATA,2,1,2->1,1,1772.104102,1772.104172,0.000070
16093,SENSOR_DATA,14,1,14->23->12->2->1,4,1772.690114,1772.690457,0.000344
16103,SENSOR_DATA,3,1,3->2->1,2,1773.494044,1773.494184,0.000140
16107,SENSOR_DATA,11,1,11->1,1,1774.204738,1774.204831,0.000093
16110,SENSOR_DATA,34,1,34->23->12->2->1,4,1774.554077,1774.554418,0.000341
16112,SENSOR_DATA,4,1,4->13->3->2->1,4,1774.696931,1774.697209,0.000279
16115,SENSOR_DATA,23,1,23->12->2->1,3,1774.912783,1774.913021,0.000239
16120,SENSOR_DATA,21,1,21->11->1,2,1775.481629,1775.481799,0.000170
16124,SENSOR_DATA,10,1,10->1,1,1775.580227,1775.580296,0.000069
16128,SENSOR_DATA,41,1,41->31->21->11->1,4,1775.923126,1775.923431,0.000306
16133,SENSOR_DATA,42,1,42->31->21->11->1,4,1776.253404,1776.253738,0.000335
16138,SENSOR_DATA,30,1,30->21->11->1,3,1776.467984,1776.468202,0.000219
16144,SENSOR_DATA,35,1,35->34->23->12->2->1,5,1777.439348,1777.439752,0.000404
16156,SENSOR_DATA,22,1,22->11->1,2,1778.591410,1778.591575,0.000165
16158,SENSOR_DATA,20,1,20->11->1,2,1779.287111,1779.287308,0.000197
16165,SENSOR_DATA,31,1,31->21->11->1,3,1779.889377,1779.889618,0.000241
16169,SENSOR_DATA,12,1,12->2->1,2,1780.316218,1780.316386,0.000167
16181,SENSOR_DATA,0,1,0->1,1,1781.188125,1781.188173,0.000048
16182,SENSOR_DATA,32,1,32->22->11->1,3,1781.223711,1781.223980,0.000269
16183,SENSOR_DATA,13,1,13->3->2->1,3,1781.223882,1781.224077,0.000195
16187,SENSOR_DATA,40,1,40->41->31->21->11->1,5,1781.867377,1781.867759,0.000382
16190,SENSOR_DATA,2,1,2->1,1,1782.104102,1782.104172,0.000070
16192,SENSOR_DATA,14,1,14->23->12->2->1,4,1782.690114,1782.690457,0.000344
16202,SENSOR_DATA,3,1,3->2->1,2,1783.494044,1783.494184,0.000140
16206,SENSOR_DATA,11,1,11->1,1,1784.204738,1784.204831,0.000093
16209,SENSOR_DATA,34,1,34->23->12->2->1,4,1784.554077,1784.554418,0.000341
16211,SENSOR_DATA,4,1,4->13->3->2->1,4,1784.696931,1784.697209,0.000279
16214,SENSOR_DATA,23,1,23->12->2->1,3,1784.912783,1784.913021,0.000239
16219,SENSOR_DATA,21,1,21->11->1,2,1785.481629,1785.481799,0.000170
16223,SENSOR_DATA,10,1,10->1,1,1785.580227,1785.580296,0.000069
16227,SENSOR_DATA,41,1,41->31->21->11->1,4,1785.923126,1785.923431,0.000306
16232,SENSOR_DATA,42,1,42->31->21->11->1,4,1786.253404,1786.253738,0.000335
16237,SENSOR_DATA,30,1,30->21->11->1,3,1786.467984,1786.468202,0.000219
16243,SENSOR_DATA,35,1,35->34->23->12->2->1,5,1787.439348,1787.439752,0.000404
16255,SENSOR_DATA,22,1,22->11->1,2,1788.591410,1788.591575,0.000165
16257,SENSOR_DATA,20,1,20->11->1,2,1789.287111,1789.287308,0.000197
16264,SENSOR_DATA,31,1,31->21->11->1,3,1789.889377,1789.889618,0.000241
16268,SENSOR_DATA,12,1,12->2->1,2,1790.316218,1790.316386,0.000167
16280,SENSOR_DATA,0,1,0->1,1,1791.188125,1791.188173,0.000048
16281,SENSOR_DATA,32,1,32->22->11->1,3,1791.223711,1791.223980,0.000269
16282,SENSOR_DATA,13,1,13->3->2->1,3,1791.223882,1791.224077,0.000195
16286,SENSOR_DATA,40,1,40->41->31->21->11->1,5,1791.867377,1791.867759,0.000382
16289,SENSOR_DATA,2,1,2->1,1,1792.104102,1792.104172,0.000070
16291,SENSOR_DATA,14,1,14->23->12->2->1,4,1792.690114,1792.690457,0.000344
16301,SENSOR_DATA,3,1,3->2->1,2,1793.494044,1793.494184,0.000140
16305,SENSOR_DATA,11,1,11->1,1,1794.204738,1794.204831,0.000093
16308,SENSOR_DATA,34,1,34->23->12->2->1,4,1794.554077,1794.554418,0.000341
16310,SENSOR_DATA,4,1,4->13->3->2->1,4,1794.696931,1794.697209,0.000279
16313,SENSOR_DATA,23,1,23->12->2->1,3,1794.912783,1794.913021,0.000239
16318,SENSOR_DATA,21,1,21->11->1,2,1795.481629,1795.481799,0.000170
16322,SENSOR_DATA,10,1,10->1,1,1795.580227,1795.580296,0.000069
16326,SENSOR_DATA,41,1,41->31->21->11->1,4,1795.923126,1795.923431,0.000306
16331,SENSOR_DATA,42,1,42->31->21->11->1,4,1796.253404,1796.253738,0.000335
16336,SENSOR_DATA,30,1,30->21->11->1,3,1796.467984,1796.468202,0.000219
16342,SENSOR_DATA,35,1,35->34->23->12->2->1,5,1797.439348,1797.439752,0.000404
16354,SENSOR_DATA,22,1,22->11->1,2,1798.591410,1798.591575,0.000165
16356,SENSOR_DATA,20,1,20->11->1,2,1799.287111,1799.287308,0.000197
16363,SENSOR_DATA,31,1,31->21->11->1,3,1799.889377,1799.889618,0.000241
16367,SENSOR_DATA,12,1,12->2->1,2,1800.316218,1800.316386,0.000167
16379,SENSOR_DATA,0,1,0->1,1,1801.188125,1801.188173,0.000048
16380,SENSOR_DATA,32,1,32->22->11->1,3,1801.223711,1801.223980,0.000269
16381,SENSOR_DATA,13,1,13->3->2->1,3,1801.223882,1801.224077,0.000195
16385,SENSOR_DATA,40,1,40->41->31->21->11->1,5,1801.867377,1801.867759,0.000382
16388,SENSOR_DATA,2,1,2->1,1,1802.104102,1802.104172,0.000070
16390,SENSOR_DATA,14,1,14->23->12->2->1,4,1802.690114,1802.690457,0.000344
16400,SENSOR_DATA,3,1,3->2->1,2,1803.494044,1803.494184,0.000140
16404,SENSOR_DATA,11,1,11->1,1,1804.204738,1804.204831,0.000093
16407,SENSOR_DATA,34,1,34->23->12->2->1,4,1804.554077,1804.554418,0.000341
16409,SENSOR_DATA,4,1,4->13->3->2->1,4,1804.696931,1804.697209,0.000279
16412,SENSOR_DATA,23,1,23->12->2->1,3,1804.912783,1804.913021,0.000239
16417,SENSOR_DATA,21,1,21->11->1,2,1805.481629,1805.481799,0.000170
16421,SENSOR_DATA,10,1,10->1,1,1805.580227,1805.580296,0.000069
16425,SENSOR_DATA,41,1,41->31->21->11->1,4,1805.923126,1805.923431,0.000306
16430,SENSOR_DATA,42,1,42->31->21->11->1,4,1806.253404,1806.253738,0.000335
16435,SENSOR_DATA,30,1,30->21->11->1,3,1806.467984,1806.468202,0.000219
16441,SENSOR_DATA,35,1,35->34->23->12->2->1,5,1807.439348,1807.439752,0.000404
16453,SENSOR_DATA,22,1,22->11->1,2,1808.591410,1808.591575,0.000165
16455,SENSOR_DATA,20,1,20->11->1,2,1809.287111,1809.287308,0.000197
16462,SENSOR_DATA,31,1,31->21->11->1,3,1809.889377,1809.889618,0.000241
16466,SENSOR_DATA,12,1,12->2->1,2,1810.316218,1810.316386,0.000167
16478,SENSOR_DATA,0,1,0->1,1,1811.188125,1811.188173,0.000048
16479,SENSOR_DATA,32,1,32->22->11->1,3,1811.223711,1811.223980,0.000269
16480,SENSOR_DATA,13,1,13->3->2->1,3,1811.223882,1811.224077,0.000195
16484,SENSOR_DATA,40,1,40->41->31->21->11->1,5,1811.867377,1811.867759,0.000382
16487,SENSOR_DATA,2,1,2->1,1,1812.104102,1812.104172,0.000070
16489,SENSOR_DATA,14,1,14->23->12->2->1,4,1812.690114,1812.690457,0.000344
16499,SENSOR_DATA,3,1,3->2->1,2,1813.494044,1813.494184,0.000140
16503,SENSOR_DATA,11,1,11->1,1,1814.204738,1814.204831,0.000093
16506,SENSOR_DATA,34,1,34->23->12->2->1,4,1814.554077,1814.554418,0.000341
16508,SENSOR_DATA,4,1,4->13->3->2->1,4,1814.696931,1814.697209,0.000279
16511,SENSOR_DATA,23,1,23->12->2->1,3,1814.912783,1814.913021,0.000239
16516,SENSOR_DATA,21,1,21->11->1,2,1815.481629,1815.481799,0.000170
16520,SENSOR_DATA,10,1,10->1,1,1815.580227,1815.580296,0.000069
16524,SENSOR_DATA,41,1,41->31->21->11->1,4,1815.923126,1815.923431,0.000306
16529,SENSOR_DATA,42,1,42->31->21->11->1,4,1816.253404,1816.253738,0.000335
16534,SENSOR_DATA,30,1,30->21->11->1,3,1816.467984,1816.468202,0.000219
16540,SENSOR_DATA,35,1,35->34->23->12->2->1,5,1817.439348,1817.439752,0.000404
16552,SENSOR_DATA,22,1,22->11->1,2,1818.591410,1818.591575,0.000165
16554,SENSOR_DATA,20,1,20->11->1,2,1819.287111,1819.287308,0.000197
16561,SENSOR_DATA,31,1,31->21->11->1,3,1819.889377,1819.889618,0.000241
16565,SENSOR_DATA,12,1,12->2->1,2,1820.316218,1820.316386,0.000167
16577,SENSOR_DATA,0,1,0->1,1,1821.188125,1821.188173,0.000048
16578,SENSOR_DATA,32,1,32->22->11->1,3,1821.223711,1821.223980,0.000269
16579,SENSOR_DATA,13,1,13->3->2->1,3,1821.223882,1821.224077,0.000195
16583,SENSOR_DATA,40,1,40->41->31->21->11->1,5,1821.867377,1821.867759,0.000382
16586,SENSOR_DATA,2,1,2->1,1,1822.104102,1822.104172,0.000070
16588,SENSOR_DATA,14,1,14->23->12->2->1,4,1822.690114,1822.690457,0.000344
16598,SENSOR_DATA,3,1,3->2->1,2,1823.494044,1823.494184,0.000140
16602,SENSOR_DATA,11,1,11->1,1,1824.204738,1824.204831,0.000093
16605,SENSOR_DATA,34,1,34->23->12->2->1,4,1824.554077,1824.554418,0.000341
16607,SENSOR_DATA,4,1,4->13->3->2->1,4,1824.696931,1824.697209,0.000279
16610,SENSOR_DATA,23,1,23->12->2->1,3,1824.912783,1824.913021,0.000239
16615,SENSOR_DATA,21,1,21->11->1,2,1825.481629,1825.481799,0.000170
16619,SENSOR_DATA,10,1,10->1,1,1825.580227,1825.580296,0.000069
16623,SENSOR_DATA,41,1,41->31->21->11->1,4,1825.923126,1825.923431,0.000306
16628,SENSOR_DATA,42,1,42->31->21->11->1,4,1826.253404,1826.253738,0.000335
16633,SENSOR_DATA,30,1,30->21->11->1,3,1826.467984,1826.468202,0.000219
16639,SENSOR_DATA,35,1,35->34->23->12->2->1,5,1827.439348,1827.439752,0.000404
16651,SENSOR_DATA,22,1,22->11->1,2,1828.591410,1828.591575,0.000165
16653,SENSOR_DATA,20,1,20->11->1,2,1829.287111,1829.287308,0.000197
16660,SENSOR_DATA,31,1,31->21->11->1,3,1829.889377,1829.889618,0.000241
16664,SENSOR_DATA,12,1,12->2->1,2,1830.316218,1830.316386,0.000167
16676,SENSOR_DATA,0,1,0->1,1,1831.188125,1831.188173,0.000048
16677,SENSOR_DATA,32,1,32->22->11->1,3,1831.223711,1831.223980,0.000269
16678,SENSOR_DATA,13,1,13->3->2->1,3,1831.223882,1831.224077,0.000195
16682,SENSOR_DATA,40,1,40->41->31->21->11->1,5,1831.867377,1831.867759,0.000382
16685,SENSOR_DATA,2,1,2->1,1,1832.104102,1832.104172,0.000070
16687,SENSOR_DATA,14,1,14->23->12->2->1,4,1832.690114,1832.690457,0.000344
16697,SENSOR_DATA,3,1,3->2->1,2,1833.494044,1833.494184,0.000140
16701,SENSOR_DATA,11,1,11->1,1,1834.204738,1834.204831,0.000093
16704,SENSOR_DATA,34,1,34->23->12->2->1,4,1834.554077,1834.554418,0.000341
16706,SENSOR_DATA,4,1,4->13->3->2->1,4,1834.696931,1834.697209,0.000279
16709,SENSOR_DATA,23,1,23->12->2->1,3,1834.912783,1834.913021,0.000239
16714,SENSOR_DATA,21,1,21->11->1,2,1835.481629,1835.481799,0.000170
16718,SENSOR_DATA,10,1,10->1,1,1835.580227,1835.580296,0.000069
16722,SENSOR_DATA,41,1,41->31->21->11->1,4,1835.923126,1835.923431,0.000306
16727,SENSOR_DATA,42,1,42->31->21->11->1,4,1836.253404,1836.253738,0.000335
16732,SENSOR_DATA,30,1,30->21->11->1,3,1836.467984,1836.468202,0.000219
16738,SENSOR_DATA,35,1,35->34->23->12->2->1,5,1837.439348,1837.439752,0.000404
16750,SENSOR_DATA,22,1,22->11->1,2,1838.591410,1838.591575,0.000165
16752,SENSOR_DATA,20,1,20->11->1,2,1839.287111,1839.287308,0.000197
16759,SENSOR_DATA,31,1,31->21->11->1,3,1839.889377,1839.889618,0.000241
16763,SENSOR_DATA,12,1,12->2->1,2,1840.316218,1840.316386,0.000167
16775,SENSOR_DATA,0,1,0->1,1,1841.188125,1841.188173,0.000048
16776,SENSOR_DATA,32,1,32->22->11->1,3,1841.223711,1841.223980,0.000269
16777,SENSOR_DATA,13,1,13->3->2->1,3,1841.223882,1841.224077,0.000195
16781,SENSOR_DATA,40,1,40->41->31->21->11->1,5,1841.867377,1841.867759,0.000382
16784,SENSOR_DATA,2,1,2->1,1,1842.104102,1842.104172,0.000070
16786,SENSOR_DATA,14,1,14->23->12->2->1,4,1842.690114,1842.690457,0.000344
16796,SENSOR_DATA,3,1,3->2->1,2,1843.494044,1843.494184,0.000140
16800,SENSOR_DATA,11,1,11->1,1,1844.204738,1844.204831,0.000093
16803,SENSOR_DATA,34,1,34->23->12->2->1,4,1844.554077,1844.554418,0.000341
16805,SENSOR_DATA,4,1,4->13->3->2->1,4,1844.696931,1844.697209,0.000279
16808,SENSOR_DATA,23,1,23->12->2->1,3,1844.912783,1844.913021,0.000239
16813,SENSOR_DATA,21,1,21->11->1,2,1845.481629,1845.481799,0.000170
16817,SENSOR_DATA,10,1,10->1,1,1845.580227,1845.580296,0.000069
16821,SENSOR_DATA,41,1,41->31->21->11->1,4,1845.923126,1845.923431,0.000306
16826,SENSOR_DATA,42,1,42->31->21->11->1,4,1846.253404,1846.253738,0.000335
16831,SENSOR_DATA,30,1,30->21->11->1,3,1846.467984,1846.468202,0.000219
16837,SENSOR_DATA,35,1,35->34->23->12->2->1,5,1847.439348,1847.439752,0.000404
16849,SENSOR_DATA,22,1,22->11->1,2,1848.591410,1848.591575,0.000165
16851,SENSOR_DATA,20,1,20->11->1,2,1849.287111,1849.287308,0.000197
16858,SENSOR_DATA,31,1,31->21->11->1,3,1849.889377,1849.889618,0.000241
16862,SENSOR_DATA,12,1,12->2->1,2,1850.316218,1850.316386,0.000167
16874,SENSOR_DATA,0,1,0->1,1,1851.188125,1851.188173,0.000048
16875,SENSOR_DATA,32,1,32->22->11->1,3,1851.223711,1851.223980,0.000269
16876,SENSOR_DATA,13,1,13->3->2->1,3,1851.223882,1851.224077,0.000195
16880,SENSOR_DATA,40,1,40->41->31->21->11->1,5,1851.867377,1851.867759,0.000382
16883,SENSOR_DATA,2,1,2->1,1,1852.104102,1852.104172,0.000070
16885,SENSOR_DATA,14,1,14->23->12->2->1,4,1852.690114,1852.690457,0.000344
16895,SENSOR_DATA,3,1,3->2->1,2,1853.494044,1853.494184,0.000140
16899,SENSOR_DATA,11,1,11->1,1,1854.204738,1854.204831,0.000093
16902,SENSOR_DATA,34,1,34->23->12->2->1,4,1854.554077,1854.554418,0.000341
16904,SENSOR_DATA,4,1,4->13->3->2->1,4,1854.696931,1854.697209,0.000279
16907,SENSOR_DATA,23,1,23->12->2->1,3,1854.912783,1854.913021,0.000239
16912,SENSOR_DATA,21,1,21->11->1,2,1855.481629,1855.481799,0.000170
16916,SENSOR_DATA,10,1,10->1,1,1855.580227,1855.580296,0.000069
16920,SENSOR_DATA,41,1,41->31->21->11->1,4,1855.923126,1855.923431,0.000306
16925,SENSOR_DATA,42,1,42->31->21->11->1,4,1856.253404,1856.253738,0.000335
16930,SENSOR_DATA,30,1,30->21->11->1,3,1856.467984,1856.468202,0.000219
16936,SENSOR_DATA,35,1,35->34->23->12->2->1,5,1857.439348,1857.439752,0.000404
16948,SENSOR_DATA,22,1,22->11->1,2,1858.591410,1858.591575,0.000165
16950,SENSOR_DATA,20,1,20->11->1,2,1859.287111,1859.287308,0.000197
16957,SENSOR_DATA,31,1,31->21->11->1,3,1859.889377,1859.889618,0.000241
16961,SENSOR_DATA,12,1,12->2->1,2,1860.316218,1860.316386,0.000167
16973,SENSOR_DATA,0,1,0->1,1,1861.188125,1861.188173,0.000048
16974,SENSOR_DATA,32,1,32->22->11->1,3,1861.223711,1861.223980,0.000269
16975,SENSOR_DATA,13,1,13->3->2->1,3,1861.223882,1861.224077,0.000195
16979,SENSOR_DATA,40,1,40->41->31->21->11->1,5,1861.867377,1861.867759,0.000382
16982,SENSOR_DATA,2,1,2->1,1,1862.104102,1862.104172,0.000070
16984,SENSOR_DATA,14,1,14->23->12->2->1,4,1862.690114,1862.690457,0.000344
16994,SENSOR_DATA,3,1,3->2->1,2,1863.494044,1863.494184,0.000140
16998,SENSOR_DATA,11,1,11->1,1,1864.204738,1864.204831,0.000093
17001,SENSOR_DATA,34,1,34->23->12->2->1,4,1864.554077,1864.554418,0.000341
17003,SENSOR_DATA,4,1,4->13->3->2->1,4,1864.696931,1864.697209,0.000279
17006,SENSOR_DATA,23,1,23->12->2->1,3,1864.912783,1864.913021,0.000239
17011,SENSOR_DATA,21,1,21->11->1,2,1865.481629,1865.481799,0.000170
17015,SENSOR_DATA,10,1,10->1,1,1865.580227,1865.580296,0.000069
17019,SENSOR_DATA,41,1,41->31->21->11->1,4,1865.923126,1865.923431,0.000306
17024,SENSOR_DATA,42,1,42->31->21->11->1,4,1866.253404,1866.253738,0.000335
17029,SENSOR_DATA,30,1,30->21->11->1,3,1866.467984,1866.468202,0.000219
17035,SENSOR_DATA,35,1,35->34->23->12->2->1,5,1867.439348,1867.439752,0.000404
17047,SENSOR_DATA,22,1,22->11->1,2,1868.591410,1868.591575,0.000165
17049,SENSOR_DATA,20,1,20->11->1,2,1869.287111,1869.287308,0.000197
17056,SENSOR_DATA,31,1,31->21->11->1,3,1869.889377,1869.889618,0.000241
17060,SENSOR_DATA,12,1,12->2->1,2,1870.316218,1870.316386,0.000167
17072,SENSOR_DATA,0,1,0->1,1,1871.188125,1871.188173,0.000048
17073,SENSOR_DATA,32,1,32->22->11->1,3,1871.223711,1871.223980,0.000269
17074,SENSOR_DATA,13,1,13->3->2->1,3,1871.223882,1871.224077,0.000195
17078,SENSOR_DATA,40,1,40->41->31->21->11->1,5,1871.867377,1871.867759,0.000382
17081,SENSOR_DATA,2,1,2->1,1,1872.104102,1872.104172,0.000070
17083,SENSOR_DATA,14,1,14->23->12->2->1,4,1872.690114,1872.690457,0.000344
17093,SENSOR_DATA,3,1,3->2->1,2,1873.494044,1873.494184,0.000140
17097,SENSOR_DATA,11,1,11->1,1,1874.204738,1874.204831,0.000093
17100,SENSOR_DATA,34,1,34->23->12->2->1,4,1874.554077,1874.554418,0.000341
17102,SENSOR_DATA,4,1,4->13->3->2->1,4,1874.696931,1874.697209,0.000279
17105,SENSOR_DATA,23,1,23->12->2->1,3,1874.912783,1874.913021,0.000239
17110,SENSOR_DATA,21,1,21->11->1,2,1875.481629,1875.481799,0.000170
17114,SENSOR_DATA,10,1,10->1,1,1875.580227,1875.580296,0.000069
17118,SENSOR_DATA,41,1,41->31->21->11->1,4,1875.923126,1875.923431,0.000306
17123,SENSOR_DATA,42,1,42->31->21->11->1,4,1876.253404,1876.253738,0.000335
17128,SENSOR_DATA,30,1,30->21->11->1,3,1876.467984,1876.468202,0.000219
17134,SENSOR_DATA,35,1,35->34->23->12->2->1,5,1877.439348,1877.439752,0.000404
17146,SENSOR_DATA,22,1,22->11->1,2,1878.591410,1878.591575,0.000165
17148,SENSOR_DATA,20,1,20->11->1,2,1879.287111,1879.287308,0.000197
17155,SENSOR_DATA,31,1,31->21->11->1,3,1879.889377,1879.889618,0.000241
17159,SENSOR_DATA,12,1,12->2->1,2,1880.316218,1880.316386,0.000167
17171,SENSOR_DATA,0,1,0->1,1,1881.188125,1881.188173,0.000048
17172,SENSOR_DATA,32,1,32->22->11->1,3,1881.223711,1881.223980,0.000269
17173,SENSOR_DATA,13,1,13->3->2->1,3,1881.223882,1881.224077,0.000195
17177,SENSOR_DATA,40,1,40->41->31->21->11->1,5,1881.867377,1881.867759,0.000382
17180,SENSOR_DATA,2,1,2->1,1,1882.104102,1882.104172,0.000070
17182,SENSOR_DATA,14,1,14->23->12->2->1,4,1882.690114,1882.690457,0.000344
17192,SENSOR_DATA,3,1,3->2->1,2,1883.494044,1883.494184,0.000140
17196,SENSOR_DATA,11,1,11->1,1,1884.204738,1884.204831,0.000093
17199,SENSOR_DATA,34,1,34->23->12->2->1,4,1884.554077,1884.554418,0.000341
17201,SENSOR_DATA,4,1,4->13->3->2->1,4,1884.696931,1884.697209,0.000279
17204,SENSOR_DATA,23,1,23->12->2->1,3,1884.912783,1884.913021,0.000239
17209,SENSOR_DATA,21,1,21->11->1,2,1885.481629,1885.481799,0.000170
17213,SENSOR_DATA,10,1,10->1,1,1885.580227,1885.580296,0.000069
17217,SENSOR_DATA,41,1,41->31->21->11->1,4,1885.923126,1885.923431,0.000306
17222,SENSOR_DATA,42,1,42->31->21->11->1,4,1886.253404,1886.253738,0.000335
17227,SENSOR_DATA,30,1,30->21->11->1,3,1886.467984,1886.468202,0.000219
17233,SENSOR_DATA,35,1,35->34->23->12->2->1,5,1887.439348,1887.439752,0.000404
17245,SENSOR_DATA,22,1,22->11->1,2,1888.591410,1888.591575,0.000165
17247,SENSOR_DATA,20,1,20->11->1,2,1889.287111,1889.287308,0.000197
17254,SENSOR_DATA,31,1,31->21->11->1,3,1889.889377,1889.889618,0.000241
17258,SENSOR_DATA,12,1,12->2->1,2,1890.316218,1890.316386,0.000167
17270,SENSOR_DATA,0,1,0->1,1,1891.188125,1891.188173,0.000048
17271,SENSOR_DATA,32,1,32->22->11->1,3,1891.223711,1891.223980,0.000269
17272,SENSOR_DATA,13,1,13->3->2->1,3,1891.223882,1891.224077,0.000195
17276,SENSOR_DATA,40,1,40->41->31->21->11->1,5,1891.867377,1891.867759,0.000382
17279,SENSOR_DATA,2,1,2->1,1,1892.104102,1892.104172,0.000070
17281,SENSOR_DATA,14,1,14->23->12->2->1,4,1892.690114,1892.690457,0.000344
17291,SENSOR_DATA,3,1,3->2->1,2,1893.494044,1893.494184,0.000140
17295,SENSOR_DATA,11,1,11->1,1,1894.204738,1894.204831,0.000093
17298,SENSOR_DATA,34,1,34->23->12->2->1,4,1894.554077,1894.554418,0.000341
17300,SENSOR_DATA,4,1,4->13->3->2->1,4,1894.696931,1894.697209,0.000279
17303,SENSOR_DATA,23,1,23->12->2->1,3,1894.912783,1894.913021,0.000239
17308,SENSOR_DATA,21,1,21->11->1,2,1895.481629,1895.481799,0.000170
17312,SENSOR_DATA,10,1,10->1,1,1895.580227,1895.580296,0.000069
17316,SENSOR_DATA,41,1,41->31->21->11->1,4,1895.923126,1895.923431,0.000306
17321,SENSOR_DATA,42,1,42->31->21->11->1,4,1896.253404,1896.253738,0.000335
17326,SENSOR_DATA,30,1,30->21->11->1,3,1896.467984,1896.468202,0.000219
17332,SENSOR_DATA,35,1,35->34->23->12->2->1,5,1897.439348,1897.439752,0.000404
17344,SENSOR_DATA,22,1,22->11->1,2,1898.591410,1898.591575,0.000165
17346,SENSOR_DATA,20,1,20->11->1,2,1899.287111,1899.287308,0.000197
17353,SENSOR_DATA,31,1,31->21->11->1,3,1899.889377,1899.889618,0.000241
17357,SENSOR_DATA,12,1,12->2->1,2,1900.316218,1900.316386,0.000167
17369,SENSOR_DATA,0,1,0->1,1,1901.188125,1901.188173,0.000048
17370,SENSOR_DATA,32,1,32->22->11->1,3,1901.223711,1901.223980,0.000269
17371,SENSOR_DATA,13,1,13->3->2->1,3,1901.223882,1901.224077,0.000195
17375,SENSOR_DATA,40,1,40->41->31->21->11->1,5,1901.867377,1901.867759,0.000382
17378,SENSOR_DATA,2,1,2->1,1,1902.104102,1902.104172,0.000070
17380,SENSOR_DATA,14,1,14->23->12->2->1,4,1902.690114,1902.690457,0.000344
17390,SENSOR_DATA,3,1,3->2->1,2,1903.494044,1903.494184,0.000140
17394,SENSOR_DATA,11,1,11->1,1,1904.204738,1904.204831,0.000093
17397,SENSOR_DATA,34,1,34->23->12->2->1,4,1904.554077,1904.554418,0.000341
17399,SENSOR_DATA,4,1,4->13->3->2->1,4,1904.696931,1904.697209,0.000279
17402,SENSOR_DATA,23,1,23->12->2->1,3,1904.912783,1904.913021,0.000239
17407,SENSOR_DATA,21,1,21->11->1,2,1905.481629,1905.481799,0.000170
17411,SENSOR_DATA,10,1,10->1,1,1905.580227,1905.580296,0.000069
17415,SENSOR_DATA,41,1,41->31->21->11->1,4,1905.923126,1905.923431,0.000306
17420,SENSOR_DATA,42,1,42->31->21->11->1,4,1906.253404,1906.253738,0.000335
17425,SENSOR_DATA,30,1,30->21->11->1,3,1906.467984,1906.468202,0.000219
17431,SENSOR_DATA,35,1,35->34->23->12->2->1,5,1907.439348,1907.439752,0.000404
17443,SENSOR_DATA,22,1,22->11->1,2,1908.591410,1908.591575,0.000165
17445,SENSOR_DATA,20,1,20->11->1,2,1909.287111,1909.287308,0.000197
17452,SENSOR_DATA,31,1,31->21->11->1,3,1909.889377,1909.889618,0.000241
17456,SENSOR_DATA,12,1,12->2->1,2,1910.316218,1910.316386,0.000167
17468,SENSOR_DATA,0,1,0->1,1,1911.188125,1911.188173,0.000048
17469,SENSOR_DATA,32,1,32->22->11->1,3,1911.223711,1911.223980,0.000269
17470,SENSOR_DATA,13,1,13->3->2->1,3,1911.223882,1911.224077,0.000195
17474,SENSOR_DATA,40,1,40->41->31->21->11->1,5,1911.867377,1911.867759,0.000382
17477,SENSOR_DATA,2,1,2->1,1,1912.104102,1912.104172,0.000070
17479,SENSOR_DATA,14,1,14->23->12->2->1,4,1912.690114,1912.690457,0.000344
17489,SENSOR_DATA,3,1,3->2->1,2,1913.494044,1913.494184,0.000140
17493,SENSOR_DATA,11,1,11->1,1,1914.204738,1914.204831,0.000093
17496,SENSOR_DATA,34,1,34->23->12->2->1,4,1914.554077,1914.554418,0.000341
17498,SENSOR_DATA,4,1,4->13->3->2->1,4,1914.696931,1914.697209,0.000279
17501,SENSOR_DATA,23,1,23->12->2->1,3,1914.912783,1914.913021,0.000239
17506,SENSOR_DATA,21,1,21->11->1,2,1915.481629,1915.481799,0.000170
17510,SENSOR_DATA,10,1,10->1,1,1915.580227,1915.580296,0.000069
17514,SENSOR_DATA,41,1,41->31->21->11->1,4,1915.923126,1915.923431,0.000306
17519,SENSOR_DATA,42,1,42->31->21->11->1,4,1916.253404,1916.253738,0.000335
17524,SENSOR_DATA,30,1,30->21->11->1,3,1916.467984,1916.468202,0.000219
17530,SENSOR_DATA,35,1,35->34->23->12->2->1,5,1917.439348,1917.439752,0.000404
17542,SENSOR_DATA,22,1,22->11->1,2,1918.591410,1918.591575,0.000165
17544,SENSOR_DATA,20,1,20->11->1,2,1919.287111,1919.287308,0.000197
17551,SENSOR_DATA,31,1,31->21->11->1,3,1919.889377,1919.889618,0.000241
17555,SENSOR_DATA,12,1,12->2->1,2,1920.316218,1920.316386,0.000167
17567,SENSOR_DATA,0,1,0->1,1,1921.188125,1921.188173,0.000048
17568,SENSOR_DATA,32,1,32->22->11->1,3,1921.223711,1921.223980,0.000269
17569,SENSOR_DATA,13,1,13->3->2->1,3,1921.223882,1921.224077,0.000195
17573,SENSOR_DATA,40,1,40->41->31->21->11->1,5,1921.867377,1921.867759,0.000382
17576,SENSOR_DATA,2,1,2->1,1,1922.104102,1922.104172,0.000070
17578,SENSOR_DATA,14,1,14->23->12->2->1,4,1922.690114,1922.690457,0.000344
17588,SENSOR_DATA,3,1,3->2->1,2,1923.494044,1923.494184,0.000140
17592,SENSOR_DATA,11,1,11->1,1,1924.204738,1924.204831,0.000093
17595,SENSOR_DATA,34,1,34->23->12->2->1,4,1924.554077,1924.554418,0.000341
17597,SENSOR_DATA,4,1,4->13->3->2->1,4,1924.696931,1924.697209,0.000279
17600,SENSOR_DATA,23,1,23->12->2->1,3,1924.912783,1924.913021,0.000239
17605,SENSOR_DATA,21,1,21->11->1,2,1925.481629,1925.481799,0.000170
17609,SENSOR_DATA,10,1,10->1,1,1925.580227,1925.580296,0.000069
17613,SENSOR_DATA,41,1,41->31->21->11->1,4,1925.923126,1925.923431,0.000306
17618,SENSOR_DATA,42,1,42->31->21->11->1,4,1926.253404,1926.253738,0.000335
17623,SENSOR_DATA,30,1,30->21->11->1,3,1926.467984,1926.468202,0.000219
17629,SENSOR_DATA,35,1,35->34->23->12->2->1,5,1927.439348,1927.439752,0.000404
17641,SENSOR_DATA,22,1,22->11->1,2,1928.591410,1928.591575,0.000165
17643,SENSOR_DATA,20,1,20->11->1,2,1929.287111,1929.287308,0.000197
17650,SENSOR_DATA,31,1,31->21->11->1,3,1929.889377,1929.889618,0.000241
17654,SENSOR_DATA,12,1,12->2->1,2,1930.316218,1930.316386,0.000167
17666,SENSOR_DATA,0,1,0->1,1,1931.188125,1931.188173,0.000048
17667,SENSOR_DATA,32,1,32->22->11->1,3,1931.223711,1931.223980,0.000269
17668,SENSOR_DATA,13,1,13->3->2->1,3,1931.223882,1931.224077,0.000195
17672,SENSOR_DATA,40,1,40->41->31->21->11->1,5,1931.867377,1931.867759,0.000382
17675,SENSOR_DATA,2,1,2->1,1,1932.104102,1932.104172,0.000070
17677,SENSOR_DATA,14,1,14->23->12->2->1,4,1932.690114,1932.690457,0.000344
17687,SENSOR_DATA,3,1,3->2->1,2,1933.494044,1933.494184,0.000140
17691,SENSOR_DATA,11,1,11->1,1,1934.204738,1934.204831,0.000093
17694,SENSOR_DATA,34,1,34->23->12->2->1,4,1934.554077,1934.554418,0.000341
17696,SENSOR_DATA,4,1,4->13->3->2->1,4,1934.696931,1934.697209,0.000279
17699,SENSOR_DATA,23,1,23->12->2->1,3,1934.912783,1934.913021,0.000239
17704,SENSOR_DATA,21,1,21->11->1,2,1935.481629,1935.481799,0.000170
17708,SENSOR_DATA,10,1,10->1,1,1935.580227,1935.580296,0.000069
17712,SENSOR_DATA,41,1,41->31->21->11->1,4,1935.923126,1935.923431,0.000306
17717,SENSOR_DATA,42,1,42->31->21->11->1,4,1936.253404,1936.253738,0.000335
17722,SENSOR_DATA,30,1,30->21->11->1,3,1936.467984,1936.468202,0.000219
17728,SENSOR_DATA,35,1,35->34->23->12->2->1,5,1937.439348,1937.439752,0.000404
17740,SENSOR_DATA,22,1,22->11->1,2,1938.591410,1938.591575,0.000165
17742,SENSOR_DATA,20,1,20->11->1,2,1939.287111,1939.287308,0.000197
17749,SENSOR_DATA,31,1,31->21->11->1,3,1939.889377,1939.889618,0.000241
17753,SENSOR_DATA,12,1,12->2->1,2,1940.316218,1940.316386,0.000167
17765,SENSOR_DATA,0,1,0->1,1,1941.188125,1941.188173,0.000048
17766,SENSOR_DATA,32,1,32->22->11->1,3,1941.223711,1941.223980,0.000269
17767,SENSOR_DATA,13,1,13->3->2->1,3,1941.223882,1941.224077,0.000195
17771,SENSOR_DATA,40,1,40->41->31->21->11->1,5,1941.867377,1941.867759,0.000382
17774,SENSOR_DATA,2,1,2->1,1,1942.104102,1942.104172,0.000070
17776,SENSOR_DATA,14,1,14->23->12->2->1,4,1942.690114,1942.690457,0.000344
17786,SENSOR_DATA,3,1,3->2->1,2,1943.494044,1943.494184,0.000140
17790,SENSOR_DATA,11,1,11->1,1,1944.204738,1944.204831,0.000093
17793,SENSOR_DATA,34,1,34->23->12->2->1,4,1944.554077,1944.554418,0.000341
17795,SENSOR_DATA,4,1,4->13->3->2->1,4,1944.696931,1944.697209,0.000279
17798,SENSOR_DATA,23,1,23->12->2->1,3,1944.912783,1944.913021,0.000239
17803,SENSOR_DATA,21,1,21->11->1,2,1945.481629,1945.481799,0.000170
17807,SENSOR_DATA,10,1,10->1,1,1945.580227,1945.580296,0.000069
17811,SENSOR_DATA,41,1,41->31->21->11->1,4,1945.923126,1945.923431,0.000306
17816,SENSOR_DATA,42,1,42->31->21->11->1,4,1946.253404,1946.253738,0.000335
17821,SENSOR_DATA,30,1,30->21->11->1,3,1946.467984,1946.468202,0.000219
17827,SENSOR_DATA,35,1,35->34->23->12->2->1,5,1947.439348,1947.439752,0.000404
17839,SENSOR_DATA,22,1,22->11->1,2,1948.591410,1948.591575,0.000165
17841,SENSOR_DATA,20,1,20->11->1,2,1949.287111,1949.287308,0.000197
17848,SENSOR_DATA,31,1,31->21->11->1,3,1949.889377,1949.889618,0.000241
17852,SENSOR_DATA,12,1,12->2->1,2,1950.316218,1950.316386,0.000167
17864,SENSOR_DATA,0,1,0->1,1,1951.188125,1951.188173,0.000048
17865,SENSOR_DATA,32,1,32->22->11->1,3,1951.223711,1951.223980,0.000269
17866,SENSOR_DATA,13,1,13->3->2->1,3,1951.223882,1951.224077,0.000195
17870,SENSOR_DATA,40,1,40->41->31->21->11->1,5,1951.867377,1951.867759,0.000382
17873,SENSOR_DATA,2,1,2->1,1,1952.104102,1952.104172,0.000070
17875,SENSOR_DATA,14,1,14->23->12->2->1,4,1952.690114,1952.690457,0.000344
17885,SENSOR_DATA,3,1,3->2->1,2,1953.494044,1953.494184,0.000140
17889,SENSOR_DATA,11,1,11->1,1,1954.204738,1954.204831,0.000093
17892,SENSOR_DATA,34,1,34->23->12->2->1,4,1954.554077,1954.554418,0.000341
17894,SENSOR_DATA,4,1,4->13->3->2->1,4,1954.696931,1954.697209,0.000279
17897,SENSOR_DATA,23,1,23->12->2->1,3,1954.912783,1954.913021,0.000239
17902,SENSOR_DATA,21,1,21->11->1,2,1955.481629,1955.481799,0.000170
17906,SENSOR_DATA,10,1,10->1,1,1955.580227,1955.580296,0.000069
17910,SENSOR_DATA,41,1,41->31->21->11->1,4,1955.923126,1955.923431,0.000306
17915,SENSOR_DATA,42,1,42->31->21->11->1,4,1956.253404,1956.253738,0.000335
17920,SENSOR_DATA,30,1,30->21->11->1,3,1956.467984,1956.468202,0.000219
17926,SENSOR_DATA,35,1,35->34->23->12->2->1,5,1957.439348,1957.439752,0.000404
17938,SENSOR_DATA,22,1,22->11->1,2,1958.591410,1958.591575,0.000165
17940,SENSOR_DATA,20,1,20->11->1,2,1959.287111,1959.287308,0.000197
17947,SENSOR_DATA,31,1,31->21->11->1,3,1959.889377,1959.889618,0.000241
17951,SENSOR_DATA,12,1,12->2->1,2,1960.316218,1960.316386,0.000167
17963,SENSOR_DATA,0,1,0->1,1,1961.188125,1961.188173,0.000048
17964,SENSOR_DATA,32,1,32->22->11->1,3,1961.223711,1961.223980,0.000269
17965,SENSOR_DATA,13,1,13->3->2->1,3,1961.223882,1961.224077,0.000195
17969,SENSOR_DATA,40,1,40->41->31->21->11->1,5,1961.867377,1961.867759,0.000382
17972,SENSOR_DATA,2,1,2->1,1,1962.104102,1962.104172,0.000070
17974,SENSOR_DATA,14,1,14->23->12->2->1,4,1962.690114,1962.690457,0.000344
17984,SENSOR_DATA,3,1,3->2->1,2,1963.494044,1963.494184,0.000140
17988,SENSOR_DATA,11,1,11->1,1,1964.204738,1964.204831,0.000093
17991,SENSOR_DATA,34,1,34->23->12->2->1,4,1964.554077,1964.554418,0.000341
17993,SENSOR_DATA,4,1,4->13->3->2->1,4,1964.696931,1964.697209,0.000279
17996,SENSOR_DATA,23,1,23->12->2->1,3,1964.912783,1964.913021,0.000239
18001,SENSOR_DATA,21,1,21->11->1,2,1965.481629,1965.481799,0.000170
18005,SENSOR_DATA,10,1,10->1,1,1965.580227,1965.580296,0.000069
18009,SENSOR_DATA,41,1,41->31->21->11->1,4,1965.923126,1965.923431,0.000306
18014,SENSOR_DATA,42,1,42->31->21->11->1,4,1966.253404,1966.253738,0.000335
18019,SENSOR_DATA,30,1,30->21->11->1,3,1966.467984,1966.468202,0.000219
18025,SENSOR_DATA,35,1,35->34->23->12->2->1,5,1967.439348,1967.439752,0.000404
18037,SENSOR_DATA,22,1,22->11->1,2,1968.591410,1968.591575,0.000165
18039,SENSOR_DATA,20,1,20->11->1,2,1969.287111,1969.287308,0.000197
18046,SENSOR_DATA,31,1,31->21->11->1,3,1969.889377,1969.889618,0.000241
18050,SENSOR_DATA,12,1,12->2->1,2,1970.316218,1970.316386,0.000167
18062,SENSOR_DATA,0,1,0->1,1,1971.188125,1971.188173,0.000048
18063,SENSOR_DATA,32,1,32->22->11->1,3,1971.223711,1971.223980,0.000269
18064,SENSOR_DATA,13,1,13->3->2->1,3,1971.223882,1971.224077,0.000195
18068,SENSOR_DATA,40,1,40->41->31->21->11->1,5,1971.867377,1971.867759,0.000382
18071,SENSOR_DATA,2,1,2->1,1,1972.104102,1972.104172,0.000070
18073,SENSOR_DATA,14,1,14->23->12->2->1,4,1972.690114,1972.690457,0.000344
18083,SENSOR_DATA,3,1,3->2->1,2,1973.494044,1973.494184,0.000140
18087,SENSOR_DATA,11,1,11->1,1,1974.204738,1974.204831,0.000093
18090,SENSOR_DATA,34,1,34->23->12->2->1,4,1974.554077,1974.554418,0.000341
18092,SENSOR_DATA,4,1,4->13->3->2->1,4,1974.696931,1974.697209,0.000279
18095,SENSOR_DATA,23,1,23->12->2->1,3,1974.912783,1974.913021,0.000239
18100,SENSOR_DATA,21,1,21->11->1,2,1975.481629,1975.481799,0.000170
18104,SENSOR_DATA,10,1,10->1,1,1975.580227,1975.580296,0.000069
18108,SENSOR_DATA,41,1,41->31->21->11->1,4,1975.923126,1975.923431,0.000306
18113,SENSOR_DATA,42,1,42->31->21->11->1,4,1976.253404,1976.253738,0.000335
18118,SENSOR_DATA,30,1,30->21->11->1,3,1976.467984,1976.468202,0.000219
18124,SENSOR_DATA,35,1,35->34->23->12->2->1,5,1977.439348,1977.439752,0.000404
18136,SENSOR_DATA,22,1,22->11->1,2,1978.591410,1978.591575,0.000165
18138,SENSOR_DATA,20,1,20->11->1,2,1979.287111,1979.287308,0.000197
18145,SENSOR_DATA,31,1,31->21->11->1,3,1979.889377,1979.889618,0.000241
18149,SENSOR_DATA,12,1,12->2->1,2,1980.316218,1980.316386,0.000167
18161,SENSOR_DATA,0,1,0->1,1,1981.188125,1981.188173,0.000048
18162,SENSOR_DATA,32,1,32->22->11->1,3,1981.223711,1981.223980,0.000269
18163,SENSOR_DATA,13,1,13->3->2->1,3,1981.223882,1981.224077,0.000195
18167,SENSOR_DATA,40,1,40->41->31->21->11->1,5,1981.867377,1981.867759,0.000382
18170,SENSOR_DATA,2,1,2->1,1,1982.104102,1982.104172,0.000070
18172,SENSOR_DATA,14,1,14->23->12->2->1,4,1982.690114,1982.690457,0.000344
18182,SENSOR_DATA,3,1,3->2->1,2,1983.494044,1983.494184,0.000140
18186,SENSOR_DATA,11,1,11->1,1,1984.204738,1984.204831,0.000093
18189,SENSOR_DATA,34,1,34->23->12->2->1,4,1984.554077,1984.554418,0.000341
18191,SENSOR_DATA,4,1,4->13->3->2->1,4,1984.696931,1984.697209,0.000279
18194,SENSOR_DATA,23,1,23->12->2->1,3,1984.912783,1984.913021,0.000239
18199,SENSOR_DATA,21,1,21->11->1,2,1985.481629,1985.481799,0.000170
18203,SENSOR_DATA,10,1,10->1,1,1985.580227,1985.580296,0.000069
18207,SENSOR_DATA,41,1,41->31->21->11->1,4,1985.923126,1985.923431,0.000306
18212,SENSOR_DATA,42,1,42->31->21->11->1,4,1986.253404,1986.253738,0.000335
18217,SENSOR_DATA,30,1,30->21->11->1,3,1986.467984,1986.468202,0.000219
18223,SENSOR_DATA,35,1,35->34->23->12->2->1,5,1987.439348,1987.439752,0.000404
18235,SENSOR_DATA,22,1,22->11->1,2,1988.591410,1988.591575,0.000165
18237,SENSOR_DATA,20,1,20->11->1,2,1989.287111,1989.287308,0.000197
18244,SENSOR_DATA,31,1,31->21->11->1,3,1989.889377,1989.889618,0.000241
18248,SENSOR_DATA,12,1,12->2->1,2,1990.316218,1990.316386,0.000167
18260,SENSOR_DATA,0,1,0->1,1,1991.188125,1991.188173,0.000048
18261,SENSOR_DATA,32,1,32->22->11->1,3,1991.223711,1991.223980,0.000269
18262,SENSOR_DATA,13,1,13->3->2->1,3,1991.223882,1991.224077,0.000195
18266,SENSOR_DATA,40,1,40->41->31->21->11->1,5,1991.867377,1991.867759,0.000382
18269,SENSOR_DATA,2,1,2->1,1,1992.104102,1992.104172,0.000070
18271,SENSOR_DATA,14,1,14->23->12->2->1,4,1992.690114,1992.690457,0.000344
18281,SENSOR_DATA,3,1,3->2->1,2,1993.494044,1993.494184,0.000140
18285,SENSOR_DATA,11,1,11->1,1,1994.204738,1994.204831,0.000093
18288,SENSOR_DATA,34,1,34->23->12->2->1,4,1994.554077,1994.554418,0.000341
18290,SENSOR_DATA,4,1,4->13->3->2->1,4,1994.696931,1994.697209,0.000279
18293,SENSOR_DATA,23,1,23->12->2->1,3,1994.912783,1994.913021,0.000239
18298,SENSOR_DATA,21,1,21->11->1,2,1995.481629,1995.481799,0.000170
18302,SENSOR_DATA,10,1,10->1,1,1995.580227,1995.580296,0.000069
18306,SENSOR_DATA,41,1,41->31->21->11->1,4,1995.923126,1995.923431,0.000306
18311,SENSOR_DATA,42,1,42->31->21->11->1,4,1996.253404,1996.253738,0.000335
18316,SENSOR_DATA,30,1,30->21->11->1,3,1996.467984,1996.468202,0.000219
18322,SENSOR_DATA,35,1,35->34->23->12->2->1,5,1997.439348,1997.439752,0.000404
18334,SENSOR_DATA,22,1,22->11->1,2,1998.591410,1998.591575,0.000165
18336,SENSOR_DATA,20,1,20->11->1,2,1999.287111,1999.287308,0.000197
18343,SENSOR_DATA,31,1,31->21->11->1,3,1999.889377,1999.889618,0.000241
18347,SENSOR_DATA,12,1,12->2->1,2,2000.316218,2000.316386,0.000167
18359,SENSOR_DATA,0,1,0->1,1,2001.188125,2001.188173,0.000048
18360,SENSOR_DATA,32,1,32->22->11->1,3,2001.223711,2001.223980,0.000269
18361,SENSOR_DATA,13,1,13->3->2->1,3,2001.223882,2001.224077,0.000195
18365,SENSOR_DATA,40,1,40->41->31->21->11->1,5,2001.867377,2001.867759,0.000382
18368,SENSOR_DATA,2,1,2->1,1,2002.104102,2002.104172,0.000070
18370,SENSOR_DATA,14,1,14->23->12->2->1,4,2002.690114,2002.690457,0.000344
18380,SENSOR_DATA,3,1,3->2->1,2,2003.494044,2003.494184,0.000140
18384,SENSOR_DATA,11,1,11->1,1,2004.204738,2004.204831,0.000093
18387,SENSOR_DATA,34,1,34->23->12->2->1,4,2004.554077,2004.554418,0.000341
18389,SENSOR_DATA,4,1,4->13->3->2->1,4,2004.696931,2004.697209,0.000279
18392,SENSOR_DATA,23,1,23->12->2->1,3,2004.912783,2004.913021,0.000239
18397,SENSOR_DATA,21,1,21->11->1,2,2005.481629,2005.481799,0.000170
18401,SENSOR_DATA,10,1,10->1,1,2005.580227,2005.580296,0.000069
18405,SENSOR_DATA,41,1,41->31->21->11->1,4,2005.923126,2005.923431,0.000306
18410,SENSOR_DATA,42,1,42->31->21->11->1,4,2006.253404,2006.253738,0.000335
18415,SENSOR_DATA,30,1,30->21->11->1,3,2006.467984,2006.468202,0.000219
18421,SENSOR_DATA,35,1,35->34->23->12->2->1,5,2007.439348,2007.439752,0.000404
18433,SENSOR_DATA,22,1,22->11->1,2,2008.591410,2008.591575,0.000165
18435,SENSOR_DATA,20,1,20->11->1,2,2009.287111,2009.287308,0.000197
18442,SENSOR_DATA,31,1,31->21->11->1,3,2009.889377,2009.889618,0.000241
18446,SENSOR_DATA,12,1,12->2->1,2,2010.316218,2010.316386,0.000167
18458,SENSOR_DATA,0,1,0->1,1,2011.188125,2011.188173,0.000048
18459,SENSOR_DATA,32,1,32->22->11->1,3,2011.223711,2011.223980,0.000269
18460,SENSOR_DATA,13,1,13->3->2->1,3,2011.223882,2011.224077,0.000195
18464,SENSOR_DATA,40,1,40->41->31->21->11->1,5,2011.867377,2011.867759,0.000382
18467,SENSOR_DATA,2,1,2->1,1,2012.104102,2012.104172,0.000070
18469,SENSOR_DATA,14,1,14->23->12->2->1,4,2012.690114,2012.690457,0.000344
18479,SENSOR_DATA,3,1,3->2->1,2,2013.494044,2013.494184,0.000140
18483,SENSOR_DATA,11,1,11->1,1,2014.204738,2014.204831,0.000093
18486,SENSOR_DATA,34,1,34->23->12->2->1,4,2014.554077,2014.554418,0.000341
18488,SENSOR_DATA,4,1,4->13->3->2->1,4,2014.696931,2014.697209,0.000279
18491,SENSOR_DATA,23,1,23->12->2->1,3,2014.912783,2014.913021,0.000239
18496,SENSOR_DATA,21,1,21->11->1,2,2015.481629,2015.481799,0.000170
18500,SENSOR_DATA,10,1,10->1,1,2015.580227,2015.580296,0.000069
18504,SENSOR_DATA,41,1,41->31->21->11->1,4,2015.923126,2015.923431,0.000306
18509,SENSOR_DATA,42,1,42->31->21->11->1,4,2016.253404,2016.253738,0.000335
18514,SENSOR_DATA,30,1,30->21->11->1,3,2016.467984,2016.468202,0.000219
18520,SENSOR_DATA,35,1,35->34->23->12->2->1,5,2017.439348,2017.439752,0.000404
18532,SENSOR_DATA,22,1,22->11->1,2,2018.591410,2018.591575,0.000165
18534,SENSOR_DATA,20,1,20->11->1,2,2019.287111,2019.287308,0.000197
18541,SENSOR_DATA,31,1,31->21->11->1,3,2019.889377,2019.889618,0.000241
18545,SENSOR_DATA,12,1,12->2->1,2,2020.316218,2020.316386,0.000167
18557,SENSOR_DATA,0,1,0->1,1,2021.188125,2021.188173,0.000048
18558,SENSOR_DATA,32,1,32->22->11->1,3,2021.223711,2021.223980,0.000269
18559,SENSOR_DATA,13,1,13->3->2->1,3,2021.223882,2021.224077,0.000195
18563,SENSOR_DATA,40,1,40->41->31->21->11->1,5,2021.867377,2021.867759,0.000382
18566,SENSOR_DATA,2,1,2->1,1,2022.104102,2022.104172,0.000070
18568,SENSOR_DATA,14,1,14->23->12->2->1,4,2022.690114,2022.690457,0.000344
18578,SENSOR_DATA,3,1,3->2->1,2,2023.494044,2023.494184,0.000140
18582,SENSOR_DATA,11,1,11->1,1,2024.204738,2024.204831,0.000093
18585,SENSOR_DATA,34,1,34->23->12->2->1,4,2024.554077,2024.554418,0.000341
18587,SENSOR_DATA,4,1,4->13->3->2->1,4,2024.696931,2024.697209,0.000279
18590,SENSOR_DATA,23,1,23->12->2->1,3,2024.912783,2024.913021,0.000239
18595,SENSOR_DATA,21,1,21->11->1,2,2025.481629,2025.481799,0.000170
18599,SENSOR_DATA,10,1,10->1,1,2025.580227,2025.580296,0.000069
18603,SENSOR_DATA,41,1,41->31->21->11->1,4,2025.923126,2025.923431,0.000306
18608,SENSOR_DATA,42,1,42->31->21->11->1,4,2026.253404,2026.253738,0.000335
18613,SENSOR_DATA,30,1,30->21->11->1,3,2026.467984,2026.468202,0.000219
18619,SENSOR_DATA,35,1,35->34->23->12->2->1,5,2027.439348,2027.439752,0.000404
18631,SENSOR_DATA,22,1,22->11->1,2,2028.591410,2028.591575,0.000165
18633,SENSOR_DATA,20,1,20->11->1,2,2029.287111,2029.287308,0.000197
18640,SENSOR_DATA,31,1,31->21->11->1,3,2029.889377,2029.889618,0.000241
18644,SENSOR_DATA,12,1,12->2->1,2,2030.316218,2030.316386,0.000167
18656,SENSOR_DATA,0,1,0->1,1,2031.188125,2031.188173,0.000048
18657,SENSOR_DATA,32,1,32->22->11->1,3,2031.223711,2031.223980,0.000269
18658,SENSOR_DATA,13,1,13->3->2->1,3,2031.223882,2031.224077,0.000195
18662,SENSOR_DATA,40,1,40->41->31->21->11->1,5,2031.867377,2031.867759,0.000382
18665,SENSOR_DATA,2,1,2->1,1,2032.104102,2032.104172,0.000070
18667,SENSOR_DATA,14,1,14->23->12->2->1,4,2032.690114,2032.690457,0.000344
18677,SENSOR_DATA,3,1,3->2->1,2,2033.494044,2033.494184,0.000140
18681,SENSOR_DATA,11,1,11->1,1,2034.204738,2034.204831,0.000093
18684,SENSOR_DATA,34,1,34->23->12->2->1,4,2034.554077,2034.554418,0.000341
18686,SENSOR_DATA,4,1,4->13->3->2->1,4,2034.696931,2034.697209,0.000279
18689,SENSOR_DATA,23,1,23->12->2->1,3,2034.912783,2034.913021,0.000239
18694,SENSOR_DATA,21,1,21->11->1,2,2035.481629,2035.481799,0.000170
18698,SENSOR_DATA,10,1,10->1,1,2035.580227,2035.580296,0.000069
18702,SENSOR_DATA,41,1,41->31->21->11->1,4,2035.923126,2035.923431,0.000306
18707,SENSOR_DATA,42,1,42->31->21->11->1,4,2036.253404,2036.253738,0.000335
18712,SENSOR_DATA,30,1,30->21->11->1,3,2036.467984,2036.468202,0.000219
18718,SENSOR_DATA,35,1,35->34->23->12->2->1,5,2037.439348,2037.439752,0.000404
18730,SENSOR_DATA,22,1,22->11->1,2,2038.591410,2038.591575,0.000165
18732,SENSOR_DATA,20,1,20->11->1,2,2039.287111,2039.287308,0.000197
18739,SENSOR_DATA,31,1,31->21->11->1,3,2039.889377,2039.889618,0.000241
18743,SENSOR_DATA,12,1,12->2->1,2,2040.316218,2040.316386,0.000167
18755,SENSOR_DATA,0,1,0->1,1,2041.188125,2041.188173,0.000048
18756,SENSOR_DATA,32,1,32->22->11->1,3,2041.223711,2041.223980,0.000269
18757,SENSOR_DATA,13,1,13->3->2->1,3,2041.223882,2041.224077,0.000195
18761,SENSOR_DATA,40,1,40->41->31->21->11->1,5,2041.867377,2041.867759,0.000382
18764,SENSOR_DATA,2,1,2->1,1,2042.104102,2042.104172,0.000070
18766,SENSOR_DATA,14,1,14->23->12->2->1,4,2042.690114,2042.690457,0.000344
18776,SENSOR_DATA,3,1,3->2->1,2,2043.494044,2043.494184,0.000140
18780,SENSOR_DATA,11,1,11->1,1,2044.204738,2044.204831,0.000093
18783,SENSOR_DATA,34,1,34->23->12->2->1,4,2044.554077,2044.554418,0.000341
18785,SENSOR_DATA,4,1,4->13->3->2->1,4,2044.696931,2044.697209,0.000279
18788,SENSOR_DATA,23,1,23->12->2->1,3,2044.912783,2044.913021,0.000239
18793,SENSOR_DATA,21,1,21->11->1,2,2045.481629,2045.481799,0.000170
18797,SENSOR_DATA,10,1,10->1,1,2045.580227,2045.580296,0.000069
18801,SENSOR_DATA,41,1,41->31->21->11->1,4,2045.923126,2045.923431,0.000306
18806,SENSOR_DATA,42,1,42->31->21->11->1,4,2046.253404,2046.253738,0.000335
18811,SENSOR_DATA,30,1,30->21->11->1,3,2046.467984,2046.468202,0.000219
18817,SENSOR_DATA,35,1,35->34->23->12->2->1,5,2047.439348,2047.439752,0.000404
18829,SENSOR_DATA,22,1,22->11->1,2,2048.591410,2048.591575,0.000165
18831,SENSOR_DATA,20,1,20->11->1,2,2049.287111,2049.287308,0.000197
18838,SENSOR_DATA,31,1,31->21->11->1,3,2049.889377,2049.889618,0.000241
18842,SENSOR_DATA,12,1,12->2->1,2,2050.316218,2050.316386,0.000167
18854,SENSOR_DATA,0,1,0->1,1,2051.188125,2051.188173,0.000048
18855,SENSOR_DATA,32,1,32->22->11->1,3,2051.223711,2051.223980,0.000269
18856,SENSOR_DATA,13,1,13->3->2->1,3,2051.223882,2051.224077,0.000195
18860,SENSOR_DATA,40,1,40->41->31->21->11->1,5,2051.867377,2051.867759,0.000382
18863,SENSOR_DATA,2,1,2->1,1,2052.104102,2052.104172,0.000070
18865,SENSOR_DATA,14,1,14->23->12->2->1,4,2052.690114,2052.690457,0.000344
18875,SENSOR_DATA,3,1,3->2->1,2,2053.494044,2053.494184,0.000140
18879,SENSOR_DATA,11,1,11->1,1,2054.204738,2054.204831,0.000093
18882,SENSOR_DATA,34,1,34->23->12->2->1,4,2054.554077,2054.554418,0.000341
18884,SENSOR_DATA,4,1,4->13->3->2->1,4,2054.696931,2054.697209,0.000279
18887,SENSOR_DATA,23,1,23->12->2->1,3,2054.912783,2054.913021,0.000239
18892,SENSOR_DATA,21,1,21->11->1,2,2055.481629,2055.481799,0.000170
18896,SENSOR_DATA,10,1,10->1,1,2055.580227,2055.580296,0.000069
18900,SENSOR_DATA,41,1,41->31->21->11->1,4,2055.923126,2055.923431,0.000306
18905,SENSOR_DATA,42,1,42->31->21->11->1,4,2056.253404,2056.253738,0.000335
18910,SENSOR_DATA,30,1,30->21->11->1,3,2056.467984,2056.468202,0.000219
18916,SENSOR_DATA,35,1,35->34->23->12->2->1,5,2057.439348,2057.439752,0.000404
18928,SENSOR_DATA,22,1,22->11->1,2,2058.591410,2058.591575,0.000165
18930,SENSOR_DATA,20,1,20->11->1,2,2059.287111,2059.287308,0.000197
18937,SENSOR_DATA,31,1,31->21->11->1,3,2059.889377,2059.889618,0.000241
18941,SENSOR_DATA,12,1,12->2->1,2,2060.316218,2060.316386,0.000167
18953,SENSOR_DATA,0,1,0->1,1,2061.188125,2061.188173,0.000048
18954,SENSOR_DATA,32,1,32->22->11->1,3,2061.223711,2061.223980,0.000269
18955,SENSOR_DATA,13,1,13->3->2->1,3,2061.223882,2061.224077,0.000195
18959,SENSOR_DATA,40,1,40->41->31->21->11->1,5,2061.867377,2061.867759,0.000382
18962,SENSOR_DATA,2,1,2->1,1,2062.104102,2062.104172,0.000070
18964,SENSOR_DATA,14,1,14->23->12->2->1,4,2062.690114,2062.690457,0.000344
18974,SENSOR_DATA,3,1,3->2->1,2,2063.494044,2063.494184,0.000140
18978,SENSOR_DATA,11,1,11->1,1,2064.204738,2064.204831,0.000093
18981,SENSOR_DATA,34,1,34->23->12->2->1,4,2064.554077,2064.554418,0.000341
18983,SENSOR_DATA,4,1,4->13->3->2->1,4,2064.696931,2064.697209,0.000279
18986,SENSOR_DATA,23,1,23->12->2->1,3,2064.912783,2064.913021,0.000239
18991,SENSOR_DATA,21,1,21->11->1,2,2065.481629,2065.481799,0.000170
18995,SENSOR_DATA,10,1,10->1,1,2065.580227,2065.580296,0.000069
18999,SENSOR_DATA,41,1,41->31->21->11->1,4,2065.923126,2065.923431,0.000306
19004,SENSOR_DATA,42,1,42->31->21->11->1,4,2066.253404,2066.253738,0.000335
19009,SENSOR_DATA,30,1,30->21->11->1,3,2066.467984,2066.468202,0.000219
19015,SENSOR_DATA,35,1,35->34->23->12->2->1,5,2067.439348,2067.439752,0.000404
19027,SENSOR_DATA,22,1,22->11->1,2,2068.591410,2068.591575,0.000165
19029,SENSOR_DATA,20,1,20->11->1,2,2069.287111,2069.287308,0.000197
19036,SENSOR_DATA,31,1,31->21->11->1,3,2069.889377,2069.889618,0.000241
19040,SENSOR_DATA,12,1,12->2->1,2,2070.316218,2070.316386,0.000167
19052,SENSOR_DATA,0,1,0->1,1,2071.188125,2071.188173,0.000048
19053,SENSOR_DATA,32,1,32->22->11->1,3,2071.223711,2071.223980,0.000269
19054,SENSOR_DATA,13,1,13->3->2->1,3,2071.223882,2071.224077,0.000195
19058,SENSOR_DATA,40,1,40->41->31->21->11->1,5,2071.867377,2071.867759,0.000382
19061,SENSOR_DATA,2,1,2->1,1,2072.104102,2072.104172,0.000070
19063,SENSOR_DATA,14,1,14->23->12->2->1,4,2072.690114,2072.690457,0.000344
19073,SENSOR_DATA,3,1,3->2->1,2,2073.494044,2073.494184,0.000140
19077,SENSOR_DATA,11,1,11->1,1,2074.204738,2074.204831,0.000093
19080,SENSOR_DATA,34,1,34->23->12->2->1,4,2074.554077,2074.554418,0.000341
19082,SENSOR_DATA,4,1,4->13->3->2->1,4,2074.696931,2074.697209,0.000279
19085,SENSOR_DATA,23,1,23->12->2->1,3,2074.912783,2074.913021,0.000239
19090,SENSOR_DATA,21,1,21->11->1,2,2075.481629,2075.481799,0.000170
19094,SENSOR_DATA,10,1,10->1,1,2075.580227,2075.580296,0.000069
19098,SENSOR_DATA,41,1,41->31->21->11->1,4,2075.923126,2075.923431,0.000306
19103,SENSOR_DATA,42,1,42->31->21->11->1,4,2076.253404,2076.253738,0.000335
19108,SENSOR_DATA,30,1,30->21->11->1,3,2076.467984,2076.468202,0.000219
19114,SENSOR_DATA,35,1,35->34->23->12->2->1,5,2077.439348,2077.439752,0.000404
19126,SENSOR_DATA,22,1,22->11->1,2,2078.591410,2078.591575,0.000165
19128,SENSOR_DATA,20,1,20->11->1,2,2079.287111,2079.287308,0.000197
19135,SENSOR_DATA,31,1,31->21->11->1,3,2079.889377,2079.889618,0.000241
19139,SENSOR_DATA,12,1,12->2->1,2,2080.316218,2080.316386,0.000167
19151,SENSOR_DATA,0,1,0->1,1,2081.188125,2081.188173,0.000048
19152,SENSOR_DATA,32,1,32->22->11->1,3,2081.223711,2081.223980,0.000269
19153,SENSOR_DATA,13,1,13->3->2->1,3,2081.223882,2081.224077,0.000195
19157,SENSOR_DATA,40,1,40->41->31->21->11->1,5,2081.867377,2081.867759,0.000382
19160,SENSOR_DATA,2,1,2->1,1,2082.104102,2082.104172,0.000070
19162,SENSOR_DATA,14,1,14->23->12->2->1,4,2082.690114,2082.690457,0.000344
19172,SENSOR_DATA,3,1,3->2->1,2,2083.494044,2083.494184,0.000140
19176,SENSOR_DATA,11,1,11->1,1,2084.204738,2084.204831,0.000093
19179,SENSOR_DATA,34,1,34->23->12->2->1,4,2084.554077,2084.554418,0.000341
19181,SENSOR_DATA,4,1,4->13->3->2->1,4,2084.696931,2084.697209,0.000279
19184,SENSOR_DATA,23,1,23->12->2->1,3,2084.912783,2084.913021,0.000239
19189,SENSOR_DATA,21,1,21->11->1,2,2085.481629,2085.481799,0.000170
19193,SENSOR_DATA,10,1,10->1,1,2085.580227,2085.580296,0.000069
19197,SENSOR_DATA,41,1,41->31->21->11->1,4,2085.923126,2085.923431,0.000306
19202,SENSOR_DATA,42,1,42->31->21->11->1,4,2086.253404,2086.253738,0.000335
19207,SENSOR_DATA,30,1,30->21->11->1,3,2086.467984,2086.468202,0.000219
19213,SENSOR_DATA,35,1,35->34->23->12->2->1,5,2087.439348,2087.439752,0.000404
19225,SENSOR_DATA,22,1,22->11->1,2,2088.591410,2088.591575,0.000165
19227,SENSOR_DATA,20,1,20->11->1,2,2089.287111,2089.287308,0.000197
19234,SENSOR_DATA,31,1,31->21->11->1,3,2089.889377,2089.889618,0.000241
19238,SENSOR_DATA,12,1,12->2->1,2,2090.316218,2090.316386,0.000167
19250,SENSOR_DATA,0,1,0->1,1,2091.188125,2091.188173,0.000048
19251,SENSOR_DATA,32,1,32->22->11->1,3,2091.223711,2091.223980,0.000269
19252,SENSOR_DATA,13,1,13->3->2->1,3,2091.223882,2091.224077,0.000195
19256,SENSOR_DATA,40,1,40->41->31->21->11->1,5,2091.867377,2091.867759,0.000382
19259,SENSOR_DATA,2,1,2->1,1,2092.104102,2092.104172,0.000070
19261,SENSOR_DATA,14,1,14->23->12->2->1,4,2092.690114,2092.690457,0.000344
19271,SENSOR_DATA,3,1,3->2->1,2,2093.494044,2093.494184,0.000140
19275,SENSOR_DATA,11,1,11->1,1,2094.204738,2094.204831,0.000093
19278,SENSOR_DATA,34,1,34->23->12->2->1,4,2094.554077,2094.554418,0.000341
19280,SENSOR_DATA,4,1,4->13->3->2->1,4,2094.696931,2094.697209,0.000279
19283,SENSOR_DATA,23,1,23->12->2->1,3,2094.912783,2094.913021,0.000239
19288,SENSOR_DATA,21,1,21->11->1,2,2095.481629,2095.481799,0.000170
19292,SENSOR_DATA,10,1,10->1,1,2095.580227,2095.580296,0.000069
19296,SENSOR_DATA,41,1,41->31->21->11->1,4,2095.923126,2095.923431,0.000306
19301,SENSOR_DATA,42,1,42->31->21->11->1,4,2096.253404,2096.253738,0.000335
19306,SENSOR_DATA,30,1,30->21->11->1,3,2096.467984,2096.468202,0.000219
19312,SENSOR_DATA,35,1,35->34->23->12->2->1,5,2097.439348,2097.439752,0.000404
19324,SENSOR_DATA,22,1,22->11->1,2,2098.591410,2098.591575,0.000165
19326,SENSOR_DATA,20,1,20->11->1,2,2099.287111,2099.287308,0.000197
19333,SENSOR_DATA,31,1,31->21->11->1,3,2099.889377,2099.889618,0.000241
19337,SENSOR_DATA,12,1,12->2->1,2,2100.316218,2100.316386,0.000167
19349,SENSOR_DATA,0,1,0->1,1,2101.188125,2101.188173,0.000048
19350,SENSOR_DATA,32,1,32->22->11->1,3,2101.223711,2101.223980,0.000269
19351,SENSOR_DATA,13,1,13->3->2->1,3,2101.223882,2101.224077,0.000195
19355,SENSOR_DATA,40,1,40->41->31->21->11->1,5,2101.867377,2101.867759,0.000382
19358,SENSOR_DATA,2,1,2->1,1,2102.104102,2102.104172,0.000070
19360,SENSOR_DATA,14,1,14->23->12->2->1,4,2102.690114,2102.690457,0.000344
19370,SENSOR_DATA,3,1,3->2->1,2,2103.494044,2103.494184,0.000140
19374,SENSOR_DATA,11,1,11->1,1,2104.204738,2104.204831,0.000093
19377,SENSOR_DATA,34,1,34->23->12->2->1,4,2104.554077,2104.554418,0.000341
19379,SENSOR_DATA,4,1,4->13->3->2->1,4,2104.696931,2104.697209,0.000279
19382,SENSOR_DATA,23,1,23->12->2->1,3,2104.912783,2104.913021,0.000239
19387,SENSOR_DATA,21,1,21->11->1,2,2105.481629,2105.481799,0.000170
19391,SENSOR_DATA,10,1,10->1,1,2105.580227,2105.580296,0.000069
19395,SENSOR_DATA,41,1,41->31->21->11->1,4,2105.923126,2105.923431,0.000306
19400,SENSOR_DATA,42,1,42->31->21->11->1,4,2106.253404,2106.253738,0.000335
19405,SENSOR_DATA,30,1,30->21->11->1,3,2106.467984,2106.468202,0.000219
19411,SENSOR_DATA,35,1,35->34->23->12->2->1,5,2107.439348,2107.439752,0.000404
19423,SENSOR_DATA,22,1,22->11->1,2,2108.591410,2108.591575,0.000165
19425,SENSOR_DATA,20,1,20->11->1,2,2109.287111,2109.287308,0.000197
19432,SENSOR_DATA,31,1,31->21->11->1,3,2109.889377,2109.889618,0.000241
19436,SENSOR_DATA,12,1,12->2->1,2,2110.316218,2110.316386,0.000167
19448,SENSOR_DATA,0,1,0->1,1,2111.188125,2111.188173,0.000048
19449,SENSOR_DATA,32,1,32->22->11->1,3,2111.223711,2111.223980,0.000269
19450,SENSOR_DATA,13,1,13->3->2->1,3,2111.223882,2111.224077,0.000195
19454,SENSOR_DATA,40,1,40->41->31->21->11->1,5,2111.867377,2111.867759,0.000382
19457,SENSOR_DATA,2,1,2->1,1,2112.104102,2112.104172,0.000070
19459,SENSOR_DATA,14,1,14->23->12->2->1,4,2112.690114,2112.690457,0.000344
19469,SENSOR_DATA,3,1,3->2->1,2,2113.494044,2113.494184,0.000140
19473,SENSOR_DATA,11,1,11->1,1,2114.204738,2114.204831,0.000093
19476,SENSOR_DATA,34,1,34->23->12->2->1,4,2114.554077,2114.554418,0.000341
19478,SENSOR_DATA,4,1,4->13->3->2->1,4,2114.696931,2114.697209,0.000279
19481,SENSOR_DATA,23,1,23->12->2->1,3,2114.912783,2114.913021,0.000239
19486,SENSOR_DATA,21,1,21->11->1,2,2115.481629,2115.481799,0.000170
19490,SENSOR_DATA,10,1,10->1,1,2115.580227,2115.580296,0.000069
19494,SENSOR_DATA,41,1,41->31->21->11->1,4,2115.923126,2115.923431,0.000306
19499,SENSOR_DATA,42,1,42->31->21->11->1,4,2116.253404,2116.253738,0.000335
19504,SENSOR_DATA,30,1,30->21->11->1,3,2116.467984,2116.468202,0.000219
19510,SENSOR_DATA,35,1,35->34->23->12->2->1,5,2117.439348,2117.439752,0.000404
19522,SENSOR_DATA,22,1,22->11->1,2,2118.591410,2118.591575,0.000165
19524,SENSOR_DATA,20,1,20->11->1,2,2119.287111,2119.287308,0.000197
19531,SENSOR_DATA,31,1,31->21->11->1,3,2119.889377,2119.889618,0.000241
19535,SENSOR_DATA,12,1,12->2->1,2,2120.316218,2120.316386,0.000167
19547,SENSOR_DATA,0,1,0->1,1,2121.188125,2121.188173,0.000048
19548,SENSOR_DATA,32,1,32->22->11->1,3,2121.223711,2121.223980,0.000269
19549,SENSOR_DATA,13,1,13->3->2->1,3,2121.223882,2121.224077,0.000195
19553,SENSOR_DATA,40,1,40->41->31->21->11->1,5,2121.867377,2121.867759,0.000382
19556,SENSOR_DATA,2,1,2->1,1,2122.104102,2122.104172,0.000070
19558,SENSOR_DATA,14,1,14->23->12->2->1,4,2122.690114,2122.690457,0.000344
19568,SENSOR_DATA,3,1,3->2->1,2,2123.494044,2123.494184,0.000140
19572,SENSOR_DATA,11,1,11->1,1,2124.204738,2124.204831,0.000093
19575,SENSOR_DATA,34,1,34->23->12->2->1,4,2124.554077,2124.554418,0.000341
19577,SENSOR_DATA,4,1,4->13->3->2->1,4,2124.696931,2124.697209,0.000279
19580,SENSOR_DATA,23,1,23->12->2->1,3,2124.912783,2124.913021,0.000239
19585,SENSOR_DATA,21,1,21->11->1,2,2125.481629,2125.481799,0.000170
19589,SENSOR_DATA,10,1,10->1,1,2125.580227,2125.580296,0.000069
19593,SENSOR_DATA,41,1,41->31->21->11->1,4,2125.923126,2125.923431,0.000306
19598,SENSOR_DATA,42,1,42->31->21->11->1,4,2126.253404,2126.253738,0.000335
19603,SENSOR_DATA,30,1,30->21->11->1,3,2126.467984,2126.468202,0.000219
19609,SENSOR_DATA,35,1,35->34->23->12->2->1,5,2127.439348,2127.439752,0.000404
19621,SENSOR_DATA,22,1,22->11->1,2,2128.591410,2128.591575,0.000165
19623,SENSOR_DATA,20,1,20->11->1,2,2129.287111,2129.287308,0.000197
19630,SENSOR_DATA,31,1,31->21->11->1,3,2129.889377,2129.889618,0.000241
19634,SENSOR_DATA,12,1,12->2->1,2,2130.316218,2130.316386,0.000167
19646,SENSOR_DATA,0,1,0->1,1,2131.188125,2131.188173,0.000048
19647,SENSOR_DATA,32,1,32->22->11->1,3,2131.223711,2131.223980,0.000269
19648,SENSOR_DATA,13,1,13->3->2->1,3,2131.223882,2131.224077,0.000195
19652,SENSOR_DATA,40,1,40->41->31->21->11->1,5,2131.867377,2131.867759,0.000382
19655,SENSOR_DATA,2,1,2->1,1,2132.104102,2132.104172,0.000070
19657,SENSOR_DATA,14,1,14->23->12->2->1,4,2132.690114,2132.690457,0.000344
19667,SENSOR_DATA,3,1,3->2->1,2,2133.494044,2133.494184,0.000140
19671,SENSOR_DATA,11,1,11->1,1,2134.204738,2134.204831,0.000093
19674,SENSOR_DATA,34,1,34->23->12->2->1,4,2134.554077,2134.554418,0.000341
19676,SENSOR_DATA,4,1,4->13->3->2->1,4,2134.696931,2134.697209,0.000279
19679,SENSOR_DATA,23,1,23->12->2->1,3,2134.912783,2134.913021,0.000239
19684,SENSOR_DATA,21,1,21->11->1,2,2135.481629,2135.481799,0.000170
19688,SENSOR_DATA,10,1,10->1,1,2135.580227,2135.580296,0.000069
19692,SENSOR_DATA,41,1,41->31->21->11->1,4,2135.923126,2135.923431,0.000306
19697,SENSOR_DATA,42,1,42->31->21->11->1,4,2136.253404,2136.253738,0.000335
19702,SENSOR_DATA,30,1,30->21->11->1,3,2136.467984,2136.468202,0.000219
19708,SENSOR_DATA,35,1,35->34->23->12->2->1,5,2137.439348,2137.439752,0.000404
19720,SENSOR_DATA,22,1,22->11->1,2,2138.591410,2138.591575,0.000165
19722,SENSOR_DATA,20,1,20->11->1,2,2139.287111,2139.287308,0.000197
19729,SENSOR_DATA,31,1,31->21->11->1,3,2139.889377,2139.889618,0.000241
19733,SENSOR_DATA,12,1,12->2->1,2,2140.316218,2140.316386,0.000167
19745,SENSOR_DATA,0,1,0->1,1,2141.188125,2141.188173,0.000048
19746,SENSOR_DATA,32,1,32->22->11->1,3,2141.223711,2141.223980,0.000269
19747,SENSOR_DATA,13,1,13->3->2->1,3,2141.223882,2141.224077,0.000195
19751,SENSOR_DATA,40,1,40->41->31->21->11->1,5,2141.867377,2141.867759,0.000382
19754,SENSOR_DATA,2,1,2->1,1,2142.104102,2142.104172,0.000070
19756,SENSOR_DATA,14,1,14->23->12->2->1,4,2142.690114,2142.690457,0.000344
19766,SENSOR_DATA,3,1,3->2->1,2,2143.494044,2143.494184,0.000140
19770,SENSOR_DATA,11,1,11->1,1,2144.204738,2144.204831,0.000093
19773,SENSOR_DATA,34,1,34->23->12->2->1,4,2144.554077,2144.554418,0.000341
19775,SENSOR_DATA,4,1,4->13->3->2->1,4,2144.696931,2144.697209,0.000279
19778,SENSOR_DATA,23,1,23->12->2->1,3,2144.912783,2144.913021,0.000239
19783,SENSOR_DATA,21,1,21->11->1,2,2145.481629,2145.481799,0.000170
19787,SENSOR_DATA,10,1,10->1,1,2145.580227,2145.580296,0.000069
19791,SENSOR_DATA,41,1,41->31->21->11->1,4,2145.923126,2145.923431,0.000306
19796,SENSOR_DATA,42,1,42->31->21->11->1,4,2146.253404,2146.253738,0.000335
19801,SENSOR_DATA,30,1,30->21->11->1,3,2146.467984,2146.468202,0.000219
19807,SENSOR_DATA,35,1,35->34->23->12->2->1,5,2147.439348,2147.439752,0.000404
19819,SENSOR_DATA,22,1,22->11->1,2,2148.591410,2148.591575,0.000165
19821,SENSOR_DATA,20,1,20->11->1,2,2149.287111,2149.287308,0.000197
19828,SENSOR_DATA,31,1,31->21->11->1,3,2149.889377,2149.889618,0.000241
19832,SENSOR_DATA,12,1,12->2->1,2,2150.316218,2150.316386,0.000167
19844,SENSOR_DATA,0,1,0->1,1,2151.188125,2151.188173,0.000048
19845,SENSOR_DATA,32,1,32->22->11->1,3,2151.223711,2151.223980,0.000269
19846,SENSOR_DATA,13,1,13->3->2->1,3,2151.223882,2151.224077,0.000195
19850,SENSOR_DATA,40,1,40->41->31->21->11->1,5,2151.867377,2151.867759,0.000382
19853,SENSOR_DATA,2,1,2->1,1,2152.104102,2152.104172,0.000070
19855,SENSOR_DATA,14,1,14->23->12->2->1,4,2152.690114,2152.690457,0.000344
19865,SENSOR_DATA,3,1,3->2->1,2,2153.494044,2153.494184,0.000140
19869,SENSOR_DATA,11,1,11->1,1,2154.204738,2154.204831,0.000093
19872,SENSOR_DATA,34,1,34->23->12->2->1,4,2154.554077,2154.554418,0.000341
19874,SENSOR_DATA,4,1,4->13->3->2->1,4,2154.696931,2154.697209,0.000279
19877,SENSOR_DATA,23,1,23->12->2->1,3,2154.912783,2154.913021,0.000239
19882,SENSOR_DATA,21,1,21->11->1,2,2155.481629,2155.481799,0.000170
19886,SENSOR_DATA,10,1,10->1,1,2155.580227,2155.580296,0.000069
19890,SENSOR_DATA,41,1,41->31->21->11->1,4,2155.923126,2155.923431,0.000306
19895,SENSOR_DATA,42,1,42->31->21->11->1,4,2156.253404,2156.253738,0.000335
19900,SENSOR_DATA,30,1,30->21->11->1,3,2156.467984,2156.468202,0.000219
19906,SENSOR_DATA,35,1,35->34->23->12->2->1,5,2157.439348,2157.439752,0.000404
19918,SENSOR_DATA,22,1,22->11->1,2,2158.591410,2158.591575,0.000165
19920,SENSOR_DATA,20,1,20->11->1,2,2159.287111,2159.287308,0.000197
19927,SENSOR_DATA,31,1,31->21->11->1,3,2159.889377,2159.889618,0.000241
19931,SENSOR_DATA,12,1,12->2->1,2,2160.316218,2160.316386,0.000167
19943,SENSOR_DATA,0,1,0->1,1,2161.188125,2161.188173,0.000048
19944,SENSOR_DATA,32,1,32->22->11->1,3,2161.223711,2161.223980,0.000269
19945,SENSOR_DATA,13,1,13->3->2->1,3,2161.223882,2161.224077,0.000195
19949,SENSOR_DATA,40,1,40->41->31->21->11->1,5,2161.867377,2161.867759,0.000382
19952,SENSOR_DATA,2,1,2->1,1,2162.104102,2162.104172,0.000070
19954,SENSOR_DATA,14,1,14->23->12->2->1,4,2162.690114,2162.690457,0.000344
19964,SENSOR_DATA,3,1,3->2->1,2,2163.494044,2163.494184,0.000140
19968,SENSOR_DATA,11,1,11->1,1,2164.204738,2164.204831,0.000093
19971,SENSOR_DATA,34,1,34->23->12->2->1,4,2164.554077,2164.554418,0.000341
19973,SENSOR_DATA,4,1,4->13->3->2->1,4,2164.696931,2164.697209,0.000279
19976,SENSOR_DATA,23,1,23->12->2->1,3,2164.912783,2164.913021,0.000239
19981,SENSOR_DATA,21,1,21->11->1,2,2165.481629,2165.481799,0.000170
19985,SENSOR_DATA,10,1,10->1,1,2165.580227,2165.580296,0.000069
19989,SENSOR_DATA,41,1,41->31->21->11->1,4,2165.923126,2165.923431,0.000306
19994,SENSOR_DATA,42,1,42->31->21->11->1,4,2166.253404,2166.253738,0.000335
19999,SENSOR_DATA,30,1,30->21->11->1,3,2166.467984,2166.468202,0.000219
20005,SENSOR_DATA,35,1,35->34->23->12->2->1,5,2167.439348,2167.439752,0.000404
20017,SENSOR_DATA,22,1,22->11->1,2,2168.591410,2168.591575,0.000165
20019,SENSOR_DATA,20,1,20->11->1,2,2169.287111,2169.287308,0.000197
20026,SENSOR_DATA,31,1,31->21->11->1,3,2169.889377,2169.889618,0.000241
20030,SENSOR_DATA,12,1,12->2->1,2,2170.316218,2170.316386,0.000167
20042,SENSOR_DATA,0,1,0->1,1,2171.188125,2171.188173,0.000048
20043,SENSOR_DATA,32,1,32->22->11->1,3,2171.223711,2171.223980,0.000269
20044,SENSOR_DATA,13,1,13->3->2->1,3,2171.223882,2171.224077,0.000195
20048,SENSOR_DATA,40,1,40->41->31->21->11->1,5,2171.867377,2171.867759,0.000382
20051,SENSOR_DATA,2,1,2->1,1,2172.104102,2172.104172,0.000070
20053,SENSOR_DATA,14,1,14->23->12->2->1,4,2172.690114,2172.690457,0.000344
20063,SENSOR_DATA,3,1,3->2->1,2,2173.494044,2173.494184,0.000140
20067,SENSOR_DATA,11,1,11->1,1,2174.204738,2174.204831,0.000093
20070,SENSOR_DATA,34,1,34->23->12->2->1,4,2174.554077,2174.554418,0.000341
20072,SENSOR_DATA,4,1,4->13->3->2->1,4,2174.696931,2174.697209,0.000279
20075,SENSOR_DATA,23,1,23->12->2->1,3,2174.912783,2174.913021,0.000239
20080,SENSOR_DATA,21,1,21->11->1,2,2175.481629,2175.481799,0.000170
20084,SENSOR_DATA,10,1,10->1,1,2175.580227,2175.580296,0.000069
20088,SENSOR_DATA,41,1,41->31->21->11->1,4,2175.923126,2175.923431,0.000306
20093,SENSOR_DATA,42,1,42->31->21->11->1,4,2176.253404,2176.253738,0.000335
20098,SENSOR_DATA,30,1,30->21->11->1,3,2176.467984,2176.468202,0.000219
20104,SENSOR_DATA,35,1,35->34->23->12->2->1,5,2177.439348,2177.439752,0.000404
20116,SENSOR_DATA,22,1,22->11->1,2,2178.591410,2178.591575,0.000165
20118,SENSOR_DATA,20,1,20->11->1,2,2179.287111,2179.287308,0.000197
20125,SENSOR_DATA,31,1,31->21->11->1,3,2179.889377,2179.889618,0.000241
20129,SENSOR_DATA,12,1,12->2->1,2,2180.316218,2180.316386,0.000167
20141,SENSOR_DATA,0,1,0->1,1,2181.188125,2181.188173,0.000048
20142,SENSOR_DATA,32,1,32->22->11->1,3,2181.223711,2181.223980,0.000269
20143,SENSOR_DATA,13,1,13->3->2->1,3,2181.223882,2181.224077,0.000195
20147,SENSOR_DATA,40,1,40->41->31->21->11->1,5,2181.867377,2181.867759,0.000382
20150,SENSOR_DATA,2,1,2->1,1,2182.104102,2182.104172,0.000070
20152,SENSOR_DATA,14,1,14->23->12->2->1,4,2182.690114,2182.690457,0.000344
20162,SENSOR_DATA,3,1,3->2->1,2,2183.494044,2183.494184,0.000140
20166,SENSOR_DATA,11,1,11->1,1,2184.204738,2184.204831,0.000093
20169,SENSOR_DATA,34,1,34->23->12->2->1,4,2184.554077,2184.554418,0.000341
20171,SENSOR_DATA,4,1,4->13->3->2->1,4,2184.696931,2184.697209,0.000279
20174,SENSOR_DATA,23,1,23->12->2->1,3,2184.912783,2184.913021,0.000239
20179,SENSOR_DATA,21,1,21->11->1,2,2185.481629,2185.481799,0.000170
20183,SENSOR_DATA,10,1,10->1,1,2185.580227,2185.580296,0.000069
20187,SENSOR_DATA,41,1,41->31->21->11->1,4,2185.923126,2185.923431,0.000306
20192,SENSOR_DATA,42,1,42->31->21->11->1,4,2186.253404,2186.253738,0.000335
20197,SENSOR_DATA,30,1,30->21->11->1,3,2186.467984,2186.468202,0.000219
20203,SENSOR_DATA,35,1,35->34->23->12->2->1,5,2187.439348,2187.439752,0.000404
20215,SENSOR_DATA,22,1,22->11->1,2,2188.591410,2188.591575,0.000165
20217,SENSOR_DATA,20,1,20->11->1,2,2189.287111,2189.287308,0.000197
20224,SENSOR_DATA,31,1,31->21->11->1,3,2189.889377,2189.889618,0.000241
20228,SENSOR_DATA,12,1,12->2->1,2,2190.316218,2190.316386,0.000167
20240,SENSOR_DATA,0,1,0->1,1,2191.188125,2191.188173,0.000048
20241,SENSOR_DATA,32,1,32->22->11->1,3,2191.223711,2191.223980,0.000269
20242,SENSOR_DATA,13,1,13->3->2->1,3,2191.223882,2191.224077,0.000195
20246,SENSOR_DATA,40,1,40->41->31->21->11->1,5,2191.867377,2191.867759,0.000382
20249,SENSOR_DATA,2,1,2->1,1,2192.104102,2192.104172,0.000070
20251,SENSOR_DATA,14,1,14->23->12->2->1,4,2192.690114,2192.690457,0.000344
20261,SENSOR_DATA,3,1,3->2->1,2,2193.494044,2193.494184,0.000140
20265,SENSOR_DATA,11,1,11->1,1,2194.204738,2194.204831,0.000093
20268,SENSOR_DATA,34,1,34->23->12->2->1,4,2194.554077,2194.554418,0.000341
20270,SENSOR_DATA,4,1,4->13->3->2->1,4,2194.696931,2194.697209,0.000279
20273,SENSOR_DATA,23,1,23->12->2->1,3,2194.912783,2194.913021,0.000239
20278,SENSOR_DATA,21,1,21->11->1,2,2195.481629,2195.481799,0.000170
20282,SENSOR_DATA,10,1,10->1,1,2195.580227,2195.580296,0.000069
20286,SENSOR_DATA,41,1,41->31->21->11->1,4,2195.923126,2195.923431,0.000306
20291,SENSOR_DATA,42,1,42->31->21->11->1,4,2196.253404,2196.253738,0.000335
20296,SENSOR_DATA,30,1,30->21->11->1,3,2196.467984,2196.468202,0.000219
20302,SENSOR_DATA,35,1,35->34->23->12->2->1,5,2197.439348,2197.439752,0.000404
20314,SENSOR_DATA,22,1,22->11->1,2,2198.591410,2198.591575,0.000165
20316,SENSOR_DATA,20,1,20->11->1,2,2199.287111,2199.287308,0.000197
20323,SENSOR_DATA,31,1,31->21->11->1,3,2199.889377,2199.889618,0.000241
20327,SENSOR_DATA,12,1,12->2->1,2,2200.316218,2200.316386,0.000167
20339,SENSOR_DATA,0,1,0->1,1,2201.188125,2201.188173,0.000048
20340,SENSOR_DATA,32,1,32->22->11->1,3,2201.223711,2201.223980,0.000269
20341,SENSOR_DATA,13,1,13->3->2->1,3,2201.223882,2201.224077,0.000195
20345,SENSOR_DATA,40,1,40->41->31->21->11->1,5,2201.867377,2201.867759,0.000382
20348,SENSOR_DATA,2,1,2->1,1,2202.104102,2202.104172,0.000070
20350,SENSOR_DATA,14,1,14->23->12->2->1,4,2202.690114,2202.690457,0.000344
20360,SENSOR_DATA,3,1,3->2->1,2,2203.494044,2203.494184,0.000140
20364,SENSOR_DATA,11,1,11->1,1,2204.204738,2204.204831,0.000093
20367,SENSOR_DATA,34,1,34->23->12->2->1,4,2204.554077,2204.554418,0.000341
20369,SENSOR_DATA,4,1,4->13->3->2->1,4,2204.696931,2204.697209,0.000279
20372,SENSOR_DATA,23,1,23->12->2->1,3,2204.912783,2204.913021,0.000239
20377,SENSOR_DATA,21,1,21->11->1,2,2205.481629,2205.481799,0.000170
20381,SENSOR_DATA,10,1,10->1,1,2205.580227,2205.580296,0.000069
20385,SENSOR_DATA,41,1,41->31->21->11->1,4,2205.923126,2205.923431,0.000306
20390,SENSOR_DATA,42,1,42->31->21->11->1,4,2206.253404,2206.253738,0.000335
20395,SENSOR_DATA,30,1,30->21->11->1,3,2206.467984,2206.468202,0.000219
20401,SENSOR_DATA,35,1,35->34->23->12->2->1,5,2207.439348,2207.439752,0.000404
20413,SENSOR_DATA,22,1,22->11->1,2,2208.591410,2208.591575,0.000165
20415,SENSOR_DATA,20,1,20->11->1,2,2209.287111,2209.287308,0.000197
20422,SENSOR_DATA,31,1,31->21->11->1,3,2209.889377,2209.889618,0.000241
20426,SENSOR_DATA,12,1,12->2->1,2,2210.316218,2210.316386,0.000167
20438,SENSOR_DATA,0,1,0->1,1,2211.188125,2211.188173,0.000048
20439,SENSOR_DATA,32,1,32->22->11->1,3,2211.223711,2211.223980,0.000269
20440,SENSOR_DATA,13,1,13->3->2->1,3,2211.223882,2211.224077,0.000195
20444,SENSOR_DATA,40,1,40->41->31->21->11->1,5,2211.867377,2211.867759,0.000382
20447,SENSOR_DATA,2,1,2->1,1,2212.104102,2212.104172,0.000070
20449,SENSOR_DATA,14,1,14->23->12->2->1,4,2212.690114,2212.690457,0.000344
20459,SENSOR_DATA,3,1,3->2->1,2,2213.494044,2213.494184,0.000140
20463,SENSOR_DATA,11,1,11->1,1,2214.204738,2214.204831,0.000093
20466,SENSOR_DATA,34,1,34->23->12->2->1,4,2214.554077,2214.554418,0.000341
20468,SENSOR_DATA,4,1,4->13->3->2->1,4,2214.696931,2214.697209,0.000279
20471,SENSOR_DATA,23,1,23->12->2->1,3,2214.912783,2214.913021,0.000239
20476,SENSOR_DATA,21,1,21->11->1,2,2215.481629,2215.481799,0.000170
20480,SENSOR_DATA,10,1,10->1,1,2215.580227,2215.580296,0.000069
20484,SENSOR_DATA,41,1,41->31->21->11->1,4,2215.923126,2215.923431,0.000306
20489,SENSOR_DATA,42,1,42->31->21->11->1,4,2216.253404,2216.253738,0.000335
20494,SENSOR_DATA,30,1,30->21->11->1,3,2216.467984,2216.468202,0.000219
20500,SENSOR_DATA,35,1,35->34->23->12->2->1,5,2217.439348,2217.439752,0.000404
20512,SENSOR_DATA,22,1,22->11->1,2,2218.591410,2218.591575,0.000165
20514,SENSOR_DATA,20,1,20->11->1,2,2219.287111,2219.287308,0.000197
20521,SENSOR_DATA,31,1,31->21->11->1,3,2219.889377,2219.889618,0.000241
20525,SENSOR_DATA,12,1,12->2->1,2,2220.316218,2220.316386,0.000167
20537,SENSOR_DATA,0,1,0->1,1,2221.188125,2221.188173,0.000048
20538,SENSOR_DATA,32,1,32->22->11->1,3,2221.223711,2221.223980,0.000269
20539,SENSOR_DATA,13,1,13->3->2->1,3,2221.223882,2221.224077,0.000195
20543,SENSOR_DATA,40,1,40->41->31->21->11->1,5,2221.867377,2221.867759,0.000382
20546,SENSOR_DATA,2,1,2->1,1,2222.104102,2222.104172,0.000070
20548,SENSOR_DATA,14,1,14->23->12->2->1,4,2222.690114,2222.690457,0.000344
20558,SENSOR_DATA,3,1,3->2->1,2,2223.494044,2223.494184,0.000140
20562,SENSOR_DATA,11,1,11->1,1,2224.204738,2224.204831,0.000093
20565,SENSOR_DATA,34,1,34->23->12->2->1,4,2224.554077,2224.554418,0.000341
20567,SENSOR_DATA,4,1,4->13->3->2->1,4,2224.696931,2224.697209,0.000279
20570,SENSOR_DATA,23,1,23->12->2->1,3,2224.912783,2224.913021,0.000239
20575,SENSOR_DATA,21,1,21->11->1,2,2225.481629,2225.481799,0.000170
20579,SENSOR_DATA,10,1,10->1,1,2225.580227,2225.580296,0.000069
20583,SENSOR_DATA,41,1,41->31->21->11->1,4,2225.923126,2225.923431,0.000306
20588,SENSOR_DATA,42,1,42->31->21->11->1,4,2226.253404,2226.253738,0.000335
20593,SENSOR_DATA,30,1,30->21->11->1,3,2226.467984,2226.468202,0.000219
20599,SENSOR_DATA,35,1,35->34->23->12->2->1,5,2227.439348,2227.439752,0.000404
20611,SENSOR_DATA,22,1,22->11->1,2,2228.591410,2228.591575,0.000165
20613,SENSOR_DATA,20,1,20->11->1,2,2229.287111,2229.287308,0.000197
20620,SENSOR_DATA,31,1,31->21->11->1,3,2229.889377,2229.889618,0.000241
20624,SENSOR_DATA,12,1,12->2->1,2,2230.316218,2230.316386,0.000167
20636,SENSOR_DATA,0,1,0->1,1,2231.188125,2231.188173,0.000048
20637,SENSOR_DATA,32,1,32->22->11->1,3,2231.223711,2231.223980,0.000269
20638,SENSOR_DATA,13,1,13->3->2->1,3,2231.223882,2231.224077,0.000195
20642,SENSOR_DATA,40,1,40->41->31->21->11->1,5,2231.867377,2231.867759,0.000382
20645,SENSOR_DATA,2,1,2->1,1,2232.104102,2232.104172,0.000070
20647,SENSOR_DATA,14,1,14->23->12->2->1,4,2232.690114,2232.690457,0.000344
20657,SENSOR_DATA,3,1,3->2->1,2,2233.494044,2233.494184,0.000140
20661,SENSOR_DATA,11,1,11->1,1,2234.204738,2234.204831,0.000093
20664,SENSOR_DATA,34,1,34->23->12->2->1,4,2234.554077,2234.554418,0.000341
20666,SENSOR_DATA,4,1,4->13->3->2->1,4,2234.696931,2234.697209,0.000279
20669,SENSOR_DATA,23,1,23->12->2->1,3,2234.912783,2234.913021,0.000239
20674,SENSOR_DATA,21,1,21->11->1,2,2235.481629,2235.481799,0.000170
20678,SENSOR_DATA,10,1,10->1,1,2235.580227,2235.580296,0.000069
20682,SENSOR_DATA,41,1,41->31->21->11->1,4,2235.923126,2235.923431,0.000306
20687,SENSOR_DATA,42,1,42->31->21->11->1,4,2236.253404,2236.253738,0.000335
20692,SENSOR_DATA,30,1,30->21->11->1,3,2236.467984,2236.468202,0.000219
20698,SENSOR_DATA,35,1,35->34->23->12->2->1,5,2237.439348,2237.439752,0.000404
20710,SENSOR_DATA,22,1,22->11->1,2,2238.591410,2238.591575,0.000165
20712,SENSOR_DATA,20,1,20->11->1,2,2239.287111,2239.287308,0.000197
20719,SENSOR_DATA,31,1,31->21->11->1,3,2239.889377,2239.889618,0.000241
20723,SENSOR_DATA,12,1,12->2->1,2,2240.316218,2240.316386,0.000167
20735,SENSOR_DATA,0,1,0->1,1,2241.188125,2241.188173,0.000048
20736,SENSOR_DATA,32,1,32->22->11->1,3,2241.223711,2241.223980,0.000269
20737,SENSOR_DATA,13,1,13->3->2->1,3,2241.223882,2241.224077,0.000195
20741,SENSOR_DATA,40,1,40->41->31->21->11->1,5,2241.867377,2241.867759,0.000382
20744,SENSOR_DATA,2,1,2->1,1,2242.104102,2242.104172,0.000070
20746,SENSOR_DATA,14,1,14->23->12->2->1,4,2242.690114,2242.690457,0.000344
20756,SENSOR_DATA,3,1,3->2->1,2,2243.494044,2243.494184,0.000140
20760,SENSOR_DATA,11,1,11->1,1,2244.204738,2244.204831,0.000093
20763,SENSOR_DATA,34,1,34->23->12->2->1,4,2244.554077,2244.554418,0.000341
20765,SENSOR_DATA,4,1,4->13->3->2->1,4,2244.696931,2244.697209,0.000279
20768,SENSOR_DATA,23,1,23->12->2->1,3,2244.912783,2244.913021,0.000239
20773,SENSOR_DATA,21,1,21->11->1,2,2245.481629,2245.481799,0.000170
20777,SENSOR_DATA,10,1,10->1,1,2245.580227,2245.580296,0.000069
20781,SENSOR_DATA,41,1,41->31->21->11->1,4,2245.923126,2245.923431,0.000306
20786,SENSOR_DATA,42,1,42->31->21->11->1,4,2246.253404,2246.253738,0.000335
20791,SENSOR_DATA,30,1,30->21->11->1,3,2246.467984,2246.468202,0.000219
20797,SENSOR_DATA,35,1,35->34->23->12->2->1,5,2247.439348,2247.439752,0.000404
20809,SENSOR_DATA,22,1,22->11->1,2,2248.591410,2248.591575,0.000165
20811,SENSOR_DATA,20,1,20->11->1,2,2249.287111,2249.287308,0.000197
20818,SENSOR_DATA,31,1,31->21->11->1,3,2249.889377,2249.889618,0.000241
20822,SENSOR_DATA,12,1,12->2->1,2,2250.316218,2250.316386,0.000167
20834,SENSOR_DATA,0,1,0->1,1,2251.188125,2251.188173,0.000048
20835,SENSOR_DATA,32,1,32->22->11->1,3,2251.223711,2251.223980,0.000269
20836,SENSOR_DATA,13,1,13->3->2->1,3,2251.223882,2251.224077,0.000195
20840,SENSOR_DATA,40,1,40->41->31->21->11->1,5,2251.867377,2251.867759,0.000382
20843,SENSOR_DATA,2,1,2->1,1,2252.104102,2252.104172,0.000070
20845,SENSOR_DATA,14,1,14->23->12->2->1,4,2252.690114,2252.690457,0.000344
20855,SENSOR_DATA,3,1,3->2->1,2,2253.494044,2253.494184,0.000140
20859,SENSOR_DATA,11,1,11->1,1,2254.204738,2254.204831,0.000093
20862,SENSOR_DATA,34,1,34->23->12->2->1,4,2254.554077,2254.554418,0.000341
20864,SENSOR_DATA,4,1,4->13->3->2->1,4,2254.696931,2254.697209,0.000279
20867,SENSOR_DATA,23,1,23->12->2->1,3,2254.912783,2254.913021,0.000239
20872,SENSOR_DATA,21,1,21->11->1,2,2255.481629,2255.481799,0.000170
20876,SENSOR_DATA,10,1,10->1,1,2255.580227,2255.580296,0.000069
20880,SENSOR_DATA,41,1,41->31->21->11->1,4,2255.923126,2255.923431,0.000306
20885,SENSOR_DATA,42,1,42->31->21->11->1,4,2256.253404,2256.253738,0.000335
20890,SENSOR_DATA,30,1,30->21->11->1,3,2256.467984,2256.468202,0.000219
20896,SENSOR_DATA,35,1,35->34->23->12->2->1,5,2257.439348,2257.439752,0.000404
20908,SENSOR_DATA,22,1,22->11->1,2,2258.591410,2258.591575,0.000165
20910,SENSOR_DATA,20,1,20->11->1,2,2259.287111,2259.287308,0.000197
20917,SENSOR_DATA,31,1,31->21->11->1,3,2259.889377,2259.889618,0.000241
20921,SENSOR_DATA,12,1,12->2->1,2,2260.316218,2260.316386,0.000167
20933,SENSOR_DATA,0,1,0->1,1,2261.188125,2261.188173,0.000048
20934,SENSOR_DATA,32,1,32->22->11->1,3,2261.223711,2261.223980,0.000269
20935,SENSOR_DATA,13,1,13->3->2->1,3,2261.223882,2261.224077,0.000195
20939,SENSOR_DATA,40,1,40->41->31->21->11->1,5,2261.867377,2261.867759,0.000382
20942,SENSOR_DATA,2,1,2->1,1,2262.104102,2262.104172,0.000070
20944,SENSOR_DATA,14,1,14->23->12->2->1,4,2262.690114,2262.690457,0.000344
20954,SENSOR_DATA,3,1,3->2->1,2,2263.494044,2263.494184,0.000140
20958,SENSOR_DATA,11,1,11->1,1,2264.204738,2264.204831,0.000093
20961,SENSOR_DATA,34,1,34->23->12->2->1,4,2264.554077,2264.554418,0.000341
20963,SENSOR_DATA,4,1,4->13->3->2->1,4,2264.696931,2264.697209,0.000279
20966,SENSOR_DATA,23,1,23->12->2->1,3,2264.912783,2264.913021,0.000239
20971,SENSOR_DATA,21,1,21->11->1,2,2265.481629,2265.481799,0.000170
20975,SENSOR_DATA,10,1,10->1,1,2265.580227,2265.580296,0.000069
20979,SENSOR_DATA,41,1,41->31->21->11->1,4,2265.923126,2265.923431,0.000306
20984,SENSOR_DATA,42,1,42->31->21->11->1,4,2266.253404,2266.253738,0.000335
20989,SENSOR_DATA,30,1,30->21->11->1,3,2266.467984,2266.468202,0.000219
20995,SENSOR_DATA,35,1,35->34->23->12->2->1,5,2267.439348,2267.439752,0.000404
21007,SENSOR_DATA,22,1,22->11->1,2,2268.591410,2268.591575,0.000165
21009,SENSOR_DATA,20,1,20->11->1,2,2269.287111,2269.287308,0.000197
21016,SENSOR_DATA,31,1,31->21->11->1,3,2269.889377,2269.889618,0.000241
21020,SENSOR_DATA,12,1,12->2->1,2,2270.316218,2270.316386,0.000167
21032,SENSOR_DATA,0,1,0->1,1,2271.188125,2271.188173,0.000048
21033,SENSOR_DATA,32,1,32->22->11->1,3,2271.223711,2271.223980,0.000269
21034,SENSOR_DATA,13,1,13->3->2->1,3,2271.223882,2271.224077,0.000195
21038,SENSOR_DATA,40,1,40->41->31->21->11->1,5,2271.867377,2271.867759,0.000382
21041,SENSOR_DATA,2,1,2->1,1,2272.104102,2272.104172,0.000070
21043,SENSOR_DATA,14,1,14->23->12->2->1,4,2272.690114,2272.690457,0.000344
21053,SENSOR_DATA,3,1,3->2->1,2,2273.494044,2273.494184,0.000140
21057,SENSOR_DATA,11,1,11->1,1,2274.204738,2274.204831,0.000093
21060,SENSOR_DATA,34,1,34->23->12->2->1,4,2274.554077,2274.554418,0.000341
21062,SENSOR_DATA,4,1,4->13->3->2->1,4,2274.696931,2274.697209,0.000279
21065,SENSOR_DATA,23,1,23->12->2->1,3,2274.912783,2274.913021,0.000239
21070,SENSOR_DATA,21,1,21->11->1,2,2275.481629,2275.481799,0.000170
21074,SENSOR_DATA,10,1,10->1,1,2275.580227,2275.580296,0.000069
21078,SENSOR_DATA,41,1,41->31->21->11->1,4,2275.923126,2275.923431,0.000306
21083,SENSOR_DATA,42,1,42->31->21->11->1,4,2276.253404,2276.253738,0.000335
21088,SENSOR_DATA,30,1,30->21->11->1,3,2276.467984,2276.468202,0.000219
21094,SENSOR_DATA,35,1,35->34->23->12->2->1,5,2277.439348,2277.439752,0.000404
21106,SENSOR_DATA,22,1,22->11->1,2,2278.591410,2278.591575,0.000165
21108,SENSOR_DATA,20,1,20->11->1,2,2279.287111,2279.287308,0.000197
21115,SENSOR_DATA,31,1,31->21->11->1,3,2279.889377,2279.889618,0.000241
21119,SENSOR_DATA,12,1,12->2->1,2,2280.316218,2280.316386,0.000167
21131,SENSOR_DATA,0,1,0->1,1,2281.188125,2281.188173,0.000048
21132,SENSOR_DATA,32,1,32->22->11->1,3,2281.223711,2281.223980,0.000269
21133,SENSOR_DATA,13,1,13->3->2->1,3,2281.223882,2281.224077,0.000195
21137,SENSOR_DATA,40,1,40->41->31->21->11->1,5,2281.867377,2281.867759,0.000382
21140,SENSOR_DATA,2,1,2->1,1,2282.104102,2282.104172,0.000070
21142,SENSOR_DATA,14,1,14->23->12->2->1,4,2282.690114,2282.690457,0.000344
21152,SENSOR_DATA,3,1,3->2->1,2,2283.494044,2283.494184,0.000140
21156,SENSOR_DATA,11,1,11->1,1,2284.204738,2284.204831,0.000093
21159,SENSOR_DATA,34,1,34->23->12->2->1,4,2284.554077,2284.554418,0.000341
21161,SENSOR_DATA,4,1,4->13->3->2->1,4,2284.696931,2284.697209,0.000279
21164,SENSOR_DATA,23,1,23->12->2->1,3,2284.912783,2284.913021,0.000239
21169,SENSOR_DATA,21,1,21->11->1,2,2285.481629,2285.481799,0.000170
21173,SENSOR_DATA,10,1,10->1,1,2285.580227,2285.580296,0.000069
21177,SENSOR_DATA,41,1,41->31->21->11->1,4,2285.923126,2285.923431,0.000306
21182,SENSOR_DATA,42,1,42->31->21->11->1,4,2286.253404,2286.253738,0.000335
21187,SENSOR_DATA,30,1,30->21->11->1,3,2286.467984,2286.468202,0.000219
21193,SENSOR_DATA,35,1,35->34->23->12->2->1,5,2287.439348,2287.439752,0.000404
21205,SENSOR_DATA,22,1,22->11->1,2,2288.591410,2288.591575,0.000165
21207,SENSOR_DATA,20,1,20->11->1,2,2289.287111,2289.287308,0.000197
21214,SENSOR_DATA,31,1,31->21->11->1,3,2289.889377,2289.889618,0.000241
21218,SENSOR_DATA,12,1,12->2->1,2,2290.316218,2290.316386,0.000167
21230,SENSOR_DATA,0,1,0->1,1,2291.188125,2291.188173,0.000048
21231,SENSOR_DATA,32,1,32->22->11->1,3,2291.223711,2291.223980,0.000269
21232,SENSOR_DATA,13,1,13->3->2->1,3,2291.223882,2291.224077,0.000195
21236,SENSOR_DATA,40,1,40->41->31->21->11->1,5,2291.867377,2291.867759,0.000382
21239,SENSOR_DATA,2,1,2->1,1,2292.104102,2292.104172,0.000070
21241,SENSOR_DATA,14,1,14->23->12->2->1,4,2292.690114,2292.690457,0.000344
21251,SENSOR_DATA,3,1,3->2->1,2,2293.494044,2293.494184,0.000140
21255,SENSOR_DATA,11,1,11->1,1,2294.204738,2294.204831,0.000093
21258,SENSOR_DATA,34,1,34->23->12->2->1,4,2294.554077,2294.554418,0.000341
21260,SENSOR_DATA,4,1,4->13->3->2->1,4,2294.696931,2294.697209,0.000279
21263,SENSOR_DATA,23,1,23->12->2->1,3,2294.912783,2294.913021,0.000239
21268,SENSOR_DATA,21,1,21->11->1,2,2295.481629,2295.481799,0.000170
21272,SENSOR_DATA,10,1,10->1,1,2295.580227,2295.580296,0.000069
21276,SENSOR_DATA,41,1,41->31->21->11->1,4,2295.923126,2295.923431,0.000306
21281,SENSOR_DATA,42,1,42->31->21->11->1,4,2296.253404,2296.253738,0.000335
21286,SENSOR_DATA,30,1,30->21->11->1,3,2296.467984,2296.468202,0.000219
21292,SENSOR_DATA,35,1,35->34->23->12->2->1,5,2297.439348,2297.439752,0.000404
21304,SENSOR_DATA,22,1,22->11->1,2,2298.591410,2298.591575,0.000165
21306,SENSOR_DATA,20,1,20->11->1,2,2299.287111,2299.287308,0.000197
21313,SENSOR_DATA,31,1,31->21->11->1,3,2299.889377,2299.889618,0.000241
21317,SENSOR_DATA,12,1,12->2->1,2,2300.316218,2300.316386,0.000167
21329,SENSOR_DATA,0,1,0->1,1,2301.188125,2301.188173,0.000048
21330,SENSOR_DATA,32,1,32->22->11->1,3,2301.223711,2301.223980,0.000269
21331,SENSOR_DATA,13,1,13->3->2->1,3,2301.223882,2301.224077,0.000195
21335,SENSOR_DATA,40,1,40->41->31->21->11->1,5,2301.867377,2301.867759,0.000382
21338,SENSOR_DATA,2,1,2->1,1,2302.104102,2302.104172,0.000070
21340,SENSOR_DATA,14,1,14->23->12->2->1,4,2302.690114,2302.690457,0.000344
21350,SENSOR_DATA,3,1,3->2->1,2,2303.494044,2303.494184,0.000140
21354,SENSOR_DATA,11,1,11->1,1,2304.204738,2304.204831,0.000093
21357,SENSOR_DATA,34,1,34->23->12->2->1,4,2304.554077,2304.554418,0.000341
21359,SENSOR_DATA,4,1,4->13->3->2->1,4,2304.696931,2304.697209,0.000279
21362,SENSOR_DATA,23,1,23->12->2->1,3,2304.912783,2304.913021,0.000239
21367,SENSOR_DATA,21,1,21->11->1,2,2305.481629,2305.481799,0.000170
21371,SENSOR_DATA,10,1,10->1,1,2305.580227,2305.580296,0.000069
21375,SENSOR_DATA,41,1,41->31->21->11->1,4,2305.923126,2305.923431,0.000306
21380,SENSOR_DATA,42,1,42->31->21->11->1,4,2306.253404,2306.253738,0.000335
21385,SENSOR_DATA,30,1,30->21->11->1,3,2306.467984,2306.468202,0.000219
21391,SENSOR_DATA,35,1,35->34->23->12->2->1,5,2307.439348,2307.439752,0.000404
21403,SENSOR_DATA,22,1,22->11->1,2,2308.591410,2308.591575,0.000165
21405,SENSOR_DATA,20,1,20->11->1,2,2309.287111,2309.287308,0.000197
21412,SENSOR_DATA,31,1,31->21->11->1,3,2309.889377,2309.889618,0.000241
21416,SENSOR_DATA,12,1,12->2->1,2,2310.316218,2310.316386,0.000167
21428,SENSOR_DATA,0,1,0->1,1,2311.188125,2311.188173,0.000048
21429,SENSOR_DATA,32,1,32->22->11->1,3,2311.223711,2311.223980,0.000269
21430,SENSOR_DATA,13,1,13->3->2->1,3,2311.223882,2311.224077,0.000195
21434,SENSOR_DATA,40,1,40->41->31->21->11->1,5,2311.867377,2311.867759,0.000382
21437,SENSOR_DATA,2,1,2->1,1,2312.104102,2312.104172,0.000070
21439,SENSOR_DATA,14,1,14->23->12->2->1,4,2312.690114,2312.690457,0.000344
21449,SENSOR_DATA,3,1,3->2->1,2,2313.494044,2313.494184,0.000140
21453,SENSOR_DATA,11,1,11->1,1,2314.204738,2314.204831,0.000093
21456,SENSOR_DATA,34,1,34->23->12->2->1,4,2314.554077,2314.554418,0.000341
21458,SENSOR_DATA,4,1,4->13->3->2->1,4,2314.696931,2314.697209,0.000279
21461,SENSOR_DATA,23,1,23->12->2->1,3,2314.912783,2314.913021,0.000239
21466,SENSOR_DATA,21,1,21->11->1,2,2315.481629,2315.481799,0.000170
21470,SENSOR_DATA,10,1,10->1,1,2315.580227,2315.580296,0.000069
21474,SENSOR_DATA,41,1,41->31->21->11->1,4,2315.923126,2315.923431,0.000306
21479,SENSOR_DATA,42,1,42->31->21->11->1,4,2316.253404,2316.253738,0.000335
21484,SENSOR_DATA,30,1,30->21->11->1,3,2316.467984,2316.468202,0.000219
21490,SENSOR_DATA,35,1,35->34->23->12->2->1,5,2317.439348,2317.439752,0.000404
21502,SENSOR_DATA,22,1,22->11->1,2,2318.591410,2318.591575,0.000165
21504,SENSOR_DATA,20,1,20->11->1,2,2319.287111,2319.287308,0.000197
21511,SENSOR_DATA,31,1,31->21->11->1,3,2319.889377,2319.889618,0.000241
21515,SENSOR_DATA,12,1,12->2->1,2,2320.316218,2320.316386,0.000167
21527,SENSOR_DATA,0,1,0->1,1,2321.188125,2321.188173,0.000048
21528,SENSOR_DATA,32,1,32->22->11->1,3,2321.223711,2321.223980,0.000269
21529,SENSOR_DATA,13,1,13->3->2->1,3,2321.223882,2321.224077,0.000195
21533,SENSOR_DATA,40,1,40->41->31->21->11->1,5,2321.867377,2321.867759,0.000382
21536,SENSOR_DATA,2,1,2->1,1,2322.104102,2322.104172,0.000070
21538,SENSOR_DATA,14,1,14->23->12->2->1,4,2322.690114,2322.690457,0.000344
21548,SENSOR_DATA,3,1,3->2->1,2,2323.494044,2323.494184,0.000140
21552,SENSOR_DATA,11,1,11->1,1,2324.204738,2324.204831,0.000093
21555,SENSOR_DATA,34,1,34->23->12->2->1,4,2324.554077,2324.554418,0.000341
21557,SENSOR_DATA,4,1,4->13->3->2->1,4,2324.696931,2324.697209,0.000279
21560,SENSOR_DATA,23,1,23->12->2->1,3,2324.912783,2324.913021,0.000239
21565,SENSOR_DATA,21,1,21->11->1,2,2325.481629,2325.481799,0.000170
21569,SENSOR_DATA,10,1,10->1,1,2325.580227,2325.580296,0.000069
21573,SENSOR_DATA,41,1,41->31->21->11->1,4,2325.923126,2325.923431,0.000306
21578,SENSOR_DATA,42,1,42->31->21->11->1,4,2326.253404,2326.253738,0.000335
21583,SENSOR_DATA,30,1,30->21->11->1,3,2326.467984,2326.468202,0.000219
21589,SENSOR_DATA,35,1,35->34->23->12->2->1,5,2327.439348,2327.439752,0.000404
21601,SENSOR_DATA,22,1,22->11->1,2,2328.591410,2328.591575,0.000165
21603,SENSOR_DATA,20,1,20->11->1,2,2329.287111,2329.287308,0.000197
21610,SENSOR_DATA,31,1,31->21->11->1,3,2329.889377,2329.889618,0.000241
21614,SENSOR_DATA,12,1,12->2->1,2,2330.316218,2330.316386,0.000167
21626,SENSOR_DATA,0,1,0->1,1,2331.188125,2331.188173,0.000048
21627,SENSOR_DATA,32,1,32->22->11->1,3,2331.223711,2331.223980,0.000269
21628,SENSOR_DATA,13,1,13->3->2->1,3,2331.223882,2331.224077,0.000195
21632,SENSOR_DATA,40,1,40->41->31->21->11->1,5,2331.867377,2331.867759,0.000382
21635,SENSOR_DATA,2,1,2->1,1,2332.104102,2332.104172,0.000070
21637,SENSOR_DATA,14,1,14->23->12->2->1,4,2332.690114,2332.690457,0.000344
21647,SENSOR_DATA,3,1,3->2->1,2,2333.494044,2333.494184,0.000140
21651,SENSOR_DATA,11,1,11->1,1,2334.204738,2334.204831,0.000093
21654,SENSOR_DATA,34,1,34->23->12->2->1,4,2334.554077,2334.554418,0.000341
21656,SENSOR_DATA,4,1,4->13->3->2->1,4,2334.696931,2334.697209,0.000279
21659,SENSOR_DATA,23,1,23->12->2->1,3,2334.912783,2334.913021,0.000239
21664,SENSOR_DATA,21,1,21->11->1,2,2335.481629,2335.481799,0.000170
21668,SENSOR_DATA,10,1,10->1,1,2335.580227,2335.580296,0.000069
21672,SENSOR_DATA,41,1,41->31->21->11->1,4,2335.923126,2335.923431,0.000306
21677,SENSOR_DATA,42,1,42->31->21->11->1,4,2336.253404,2336.253738,0.000335
21682,SENSOR_DATA,30,1,30->21->11->1,3,2336.467984,2336.468202,0.000219
21688,SENSOR_DATA,35,1,35->34->23->12->2->1,5,2337.439348,2337.439752,0.000404
21700,SENSOR_DATA,22,1,22->11->1,2,2338.591410,2338.591575,0.000165
21702,SENSOR_DATA,20,1,20->11->1,2,2339.287111,2339.287308,0.000197
21709,SENSOR_DATA,31,1,31->21->11->1,3,2339.889377,2339.889618,0.000241
21713,SENSOR_DATA,12,1,12->2->1,2,2340.316218,2340.316386,0.000167
21725,SENSOR_DATA,0,1,0->1,1,2341.188125,2341.188173,0.000048
21726,SENSOR_DATA,32,1,32->22->11->1,3,2341.223711,2341.223980,0.000269
21727,SENSOR_DATA,13,1,13->3->2->1,3,2341.223882,2341.224077,0.000195
21731,SENSOR_DATA,40,1,40->41->31->21->11->1,5,2341.867377,2341.867759,0.000382
21734,SENSOR_DATA,2,1,2->1,1,2342.104102,2342.104172,0.000070
21736,SENSOR_DATA,14,1,14->23->12->2->1,4,2342.690114,2342.690457,0.000344
21746,SENSOR_DATA,3,1,3->2->1,2,2343.494044,2343.494184,0.000140
21750,SENSOR_DATA,11,1,11->1,1,2344.204738,2344.204831,0.000093
21753,SENSOR_DATA,34,1,34->23->12->2->1,4,2344.554077,2344.554418,0.000341
21755,SENSOR_DATA,4,1,4->13->3->2->1,4,2344.696931,2344.697209,0.000279
21758,SENSOR_DATA,23,1,23->12->2->1,3,2344.912783,2344.913021,0.000239
21763,SENSOR_DATA,21,1,21->11->1,2,2345.481629,2345.481799,0.000170
21767,SENSOR_DATA,10,1,10->1,1,2345.580227,2345.580296,0.000069
21771,SENSOR_DATA,41,1,41->31->21->11->1,4,2345.923126,2345.923431,0.000306
21776,SENSOR_DATA,42,1,42->31->21->11->1,4,2346.253404,2346.253738,0.000335
21781,SENSOR_DATA,30,1,30->21->11->1,3,2346.467984,2346.468202,0.000219
21787,SENSOR_DATA,35,1,35->34->23->12->2->1,5,2347.439348,2347.439752,0.000404
21799,SENSOR_DATA,22,1,22->11->1,2,2348.591410,2348.591575,0.000165
21801,SENSOR_DATA,20,1,20->11->1,2,2349.287111,2349.287308,0.000197
21808,SENSOR_DATA,31,1,31->21->11->1,3,2349.889377,2349.889618,0.000241
21812,SENSOR_DATA,12,1,12->2->1,2,2350.316218,2350.316386,0.000167
21824,SENSOR_DATA,0,1,0->1,1,2351.188125,2351.188173,0.000048
21825,SENSOR_DATA,32,1,32->22->11->1,3,2351.223711,2351.223980,0.000269
21826,SENSOR_DATA,13,1,13->3->2->1,3,2351.223882,2351.224077,0.000195
21830,SENSOR_DATA,40,1,40->41->31->21->11->1,5,2351.867377,2351.867759,0.000382
21833,SENSOR_DATA,2,1,2->1,1,2352.104102,2352.104172,0.000070
21835,SENSOR_DATA,14,1,14->23->12->2->1,4,2352.690114,2352.690457,0.000344
21845,SENSOR_DATA,3,1,3->2->1,2,2353.494044,2353.494184,0.000140
21849,SENSOR_DATA,11,1,11->1,1,2354.204738,2354.204831,0.000093
21852,SENSOR_DATA,34,1,34->23->12->2->1,4,2354.554077,2354.554418,0.000341
21854,SENSOR_DATA,4,1,4->13->3->2->1,4,2354.696931,2354.697209,0.000279
21857,SENSOR_DATA,23,1,23->12->2->1,3,2354.912783,2354.913021,0.000239
21862,SENSOR_DATA,21,1,21->11->1,2,2355.481629,2355.481799,0.000170
21866,SENSOR_DATA,10,1,10->1,1,2355.580227,2355.580296,0.000069
21870,SENSOR_DATA,41,1,41->31->21->11->1,4,2355.923126,2355.923431,0.000306
21875,SENSOR_DATA,42,1,42->31->21->11->1,4,2356.253404,2356.253738,0.000335
21880,SENSOR_DATA,30,1,30->21->11->1,3,2356.467984,2356.468202,0.000219
21886,SENSOR_DATA,35,1,35->34->23->12->2->1,5,2357.439348,2357.439752,0.000404
21898,SENSOR_DATA,22,1,22->11->1,2,2358.591410,2358.591575,0.000165
21900,SENSOR_DATA,20,1,20->11->1,2,2359.287111,2359.287308,0.000197
21907,SENSOR_DATA,31,1,31->21->11->1,3,2359.889377,2359.889618,0.000241
21911,SENSOR_DATA,12,1,12->2->1,2,2360.316218,2360.316386,0.000167
21923,SENSOR_DATA,0,1,0->1,1,2361.188125,2361.188173,0.000048
21924,SENSOR_DATA,32,1,32->22->11->1,3,2361.223711,2361.223980,0.000269
21925,SENSOR_DATA,13,1,13->3->2->1,3,2361.223882,2361.224077,0.000195
21929,SENSOR_DATA,40,1,40->41->31->21->11->1,5,2361.867377,2361.867759,0.000382
21932,SENSOR_DATA,2,1,2->1,1,2362.104102,2362.104172,0.000070
21934,SENSOR_DATA,14,1,14->23->12->2->1,4,2362.690114,2362.690457,0.000344
21944,SENSOR_DATA,3,1,3->2->1,2,2363.494044,2363.494184,0.000140
21948,SENSOR_DATA,11,1,11->1,1,2364.204738,2364.204831,0.000093
21951,SENSOR_DATA,34,1,34->23->12->2->1,4,2364.554077,2364.554418,0.000341
21953,SENSOR_DATA,4,1,4->13->3->2->1,4,2364.696931,2364.697209,0.000279
21956,SENSOR_DATA,23,1,23->12->2->1,3,2364.912783,2364.913021,0.000239
21961,SENSOR_DATA,21,1,21->11->1,2,2365.481629,2365.481799,0.000170
21965,SENSOR_DATA,10,1,10->1,1,2365.580227,2365.580296,0.000069
21969,SENSOR_DATA,41,1,41->31->21->11->1,4,2365.923126,2365.923431,0.000306
21974,SENSOR_DATA,42,1,42->31->21->11->1,4,2366.253404,2366.253738,0.000335
21979,SENSOR_DATA,30,1,30->21->11->1,3,2366.467984,2366.468202,0.000219
21985,SENSOR_DATA,35,1,35->34->23->12->2->1,5,2367.439348,2367.439752,0.000404
21997,SENSOR_DATA,22,1,22->11->1,2,2368.591410,2368.591575,0.000165
21999,SENSOR_DATA,20,1,20->11->1,2,2369.287111,2369.287308,0.000197
22006,SENSOR_DATA,31,1,31->21->11->1,3,2369.889377,2369.889618,0.000241
22010,SENSOR_DATA,12,1,12->2->1,2,2370.316218,2370.316386,0.000167
22022,SENSOR_DATA,0,1,0->1,1,2371.188125,2371.188173,0.000048
22023,SENSOR_DATA,32,1,32->22->11->1,3,2371.223711,2371.223980,0.000269
22024,SENSOR_DATA,13,1,13->3->2->1,3,2371.223882,2371.224077,0.000195
22028,SENSOR_DATA,40,1,40->41->31->21->11->1,5,2371.867377,2371.867759,0.000382
22031,SENSOR_DATA,2,1,2->1,1,2372.104102,2372.104172,0.000070
22033,SENSOR_DATA,14,1,14->23->12->2->1,4,2372.690114,2372.690457,0.000344
22043,SENSOR_DATA,3,1,3->2->1,2,2373.494044,2373.494184,0.000140
22047,SENSOR_DATA,11,1,11->1,1,2374.204738,2374.204831,0.000093
22050,SENSOR_DATA,34,1,34->23->12->2->1,4,2374.554077,2374.554418,0.000341
22052,SENSOR_DATA,4,1,4->13->3->2->1,4,2374.696931,2374.697209,0.000279
22055,SENSOR_DATA,23,1,23->12->2->1,3,2374.912783,2374.913021,0.000239
22060,SENSOR_DATA,21,1,21->11->1,2,2375.481629,2375.481799,0.000170
22064,SENSOR_DATA,10,1,10->1,1,2375.580227,2375.580296,0.000069
22068,SENSOR_DATA,41,1,41->31->21->11->1,4,2375.923126,2375.923431,0.000306
22073,SENSOR_DATA,42,1,42->31->21->11->1,4,2376.253404,2376.253738,0.000335
22078,SENSOR_DATA,30,1,30->21->11->1,3,2376.467984,2376.468202,0.000219
22084,SENSOR_DATA,35,1,35->34->23->12->2->1,5,2377.439348,2377.439752,0.000404
22096,SENSOR_DATA,22,1,22->11->1,2,2378.591410,2378.591575,0.000165
22098,SENSOR_DATA,20,1,20->11->1,2,2379.287111,2379.287308,0.000197
22105,SENSOR_DATA,31,1,31->21->11->1,3,2379.889377,2379.889618,0.000241
22109,SENSOR_DATA,12,1,12->2->1,2,2380.316218,2380.316386,0.000167
22121,SENSOR_DATA,0,1,0->1,1,2381.188125,2381.188173,0.000048
22122,SENSOR_DATA,32,1,32->22->11->1,3,2381.223711,2381.223980,0.000269
22123,SENSOR_DATA,13,1,13->3->2->1,3,2381.223882,2381.224077,0.000195
22127,SENSOR_DATA,40,1,40->41->31->21->11->1,5,2381.867377,2381.867759,0.000382
22130,SENSOR_DATA,2,1,2->1,1,2382.104102,2382.104172,0.000070
22132,SENSOR_DATA,14,1,14->23->12->2->1,4,2382.690114,2382.690457,0.000344
22142,SENSOR_DATA,3,1,3->2->1,2,2383.494044,2383.494184,0.000140
22146,SENSOR_DATA,11,1,11->1,1,2384.204738,2384.204831,0.000093
22149,SENSOR_DATA,34,1,34->23->12->2->1,4,2384.554077,2384.554418,0.000341
22151,SENSOR_DATA,4,1,4->13->3->2->1,4,2384.696931,2384.697209,0.000279
22154,SENSOR_DATA,23,1,23->12->2->1,3,2384.912783,2384.913021,0.000239
22159,SENSOR_DATA,21,1,21->11->1,2,2385.481629,2385.481799,0.000170
22163,SENSOR_DATA,10,1,10->1,1,2385.580227,2385.580296,0.000069
22167,SENSOR_DATA,41,1,41->31->21->11->1,4,2385.923126,2385.923431,0.000306
22172,SENSOR_DATA,42,1,42->31->21->11->1,4,2386.253404,2386.253738,0.000335
22177,SENSOR_DATA,30,1,30->21->11->1,3,2386.467984,2386.468202,0.000219
22183,SENSOR_DATA,35,1,35->34->23->12->2->1,5,2387.439348,2387.439752,0.000404
22195,SENSOR_DATA,22,1,22->11->1,2,2388.591410,2388.591575,0.000165
22197,SENSOR_DATA,20,1,20->11->1,2,2389.287111,2389.287308,0.000197
22204,SENSOR_DATA,31,1,31->21->11->1,3,2389.889377,2389.889618,0.000241
22208,SENSOR_DATA,12,1,12->2->1,2,2390.316218,2390.316386,0.000167
22220,SENSOR_DATA,0,1,0->1,1,2391.188125,2391.188173,0.000048
22221,SENSOR_DATA,32,1,32->22->11->1,3,2391.223711,2391.223980,0.000269
22222,SENSOR_DATA,13,1,13->3->2->1,3,2391.223882,2391.224077,0.000195
22226,SENSOR_DATA,40,1,40->41->31->21->11->1,5,2391.867377,2391.867759,0.000382
22229,SENSOR_DATA,2,1,2->1,1,2392.104102,2392.104172,0.000070
22231,SENSOR_DATA,14,1,14->23->12->2->1,4,2392.690114,2392.690457,0.000344
22241,SENSOR_DATA,3,1,3->2->1,2,2393.494044,2393.494184,0.000140
22245,SENSOR_DATA,11,1,11->1,1,2394.204738,2394.204831,0.000093
22248,SENSOR_DATA,34,1,34->23->12->2->1,4,2394.554077,2394.554418,0.000341
22250,SENSOR_DATA,4,1,4->13->3->2->1,4,2394.696931,2394.697209,0.000279
22253,SENSOR_DATA,23,1,23->12->2->1,3,2394.912783,2394.913021,0.000239
22258,SENSOR_DATA,21,1,21->11->1,2,2395.481629,2395.481799,0.000170
22262,SENSOR_DATA,10,1,10->1,1,2395.580227,2395.580296,0.000069
22266,SENSOR_DATA,41,1,41->31->21->11->1,4,2395.923126,2395.923431,0.000306
22271,SENSOR_DATA,42,1,42->31->21->11->1,4,2396.253404,2396.253738,0.000335
22276,SENSOR_DATA,30,1,30->21->11->1,3,2396.467984,2396.468202,0.000219
22282,SENSOR_DATA,35,1,35->34->23->12->2->1,5,2397.439348,2397.439752,0.000404
22294,SENSOR_DATA,22,1,22->11->1,2,2398.591410,2398.591575,0.000165
22296,SENSOR_DATA,20,1,20->11->1,2,2399.287111,2399.287308,0.000197
22303,SENSOR_DATA,31,1,31->21->11->1,3,2399.889377,2399.889618,0.000241
22307,SENSOR_DATA,12,1,12->2->1,2,2400.316218,2400.316386,0.000167
22319,SENSOR_DATA,0,1,0->1,1,2401.188125,2401.188173,0.000048
22320,SENSOR_DATA,32,1,32->22->11->1,3,2401.223711,2401.223980,0.000269
22321,SENSOR_DATA,13,1,13->3->2->1,3,2401.223882,2401.224077,0.000195
22325,SENSOR_DATA,40,1,40->41->31->21->11->1,5,2401.867377,2401.867759,0.000382
22328,SENSOR_DATA,2,1,2->1,1,2402.104102,2402.104172,0.000070
22330,SENSOR_DATA,14,1,14->23->12->2->1,4,2402.690114,2402.690457,0.000344
22340,SENSOR_DATA,3,1,3->2->1,2,2403.494044,2403.494184,0.000140
22344,SENSOR_DATA,11,1,11->1,1,2404.204738,2404.204831,0.000093
22347,SENSOR_DATA,34,1,34->23->12->2->1,4,2404.554077,2404.554418,0.000341
22349,SENSOR_DATA,4,1,4->13->3->2->1,4,2404.696931,2404.697209,0.000279
22352,SENSOR_DATA,23,1,23->12->2->1,3,2404.912783,2404.913021,0.000239
22357,SENSOR_DATA,21,1,21->11->1,2,2405.481629,2405.481799,0.000170
22361,SENSOR_DATA,10,1,10->1,1,2405.580227,2405.580296,0.000069
22365,SENSOR_DATA,41,1,41->31->21->11->1,4,2405.923126,2405.923431,0.000306
22370,SENSOR_DATA,42,1,42->31->21->11->1,4,2406.253404,2406.253738,0.000335
22375,SENSOR_DATA,30,1,30->21->11->1,3,2406.467984,2406.468202,0.000219
22381,SENSOR_DATA,35,1,35->34->23->12->2->1,5,2407.439348,2407.439752,0.000404
22393,SENSOR_DATA,22,1,22->11->1,2,2408.591410,2408.591575,0.000165
22395,SENSOR_DATA,20,1,20->11->1,2,2409.287111,2409.287308,0.000197
22402,SENSOR_DATA,31,1,31->21->11->1,3,2409.889377,2409.889618,0.000241
22406,SENSOR_DATA,12,1,12->2->1,2,2410.316218,2410.316386,0.000167
22418,SENSOR_DATA,0,1,0->1,1,2411.188125,2411.188173,0.000048
22419,SENSOR_DATA,32,1,32->22->11->1,3,2411.223711,2411.223980,0.000269
22420,SENSOR_DATA,13,1,13->3->2->1,3,2411.223882,2411.224077,0.000195
22424,SENSOR_DATA,40,1,40->41->31->21->11->1,5,2411.867377,2411.867759,0.000382
22427,SENSOR_DATA,2,1,2->1,1,2412.104102,2412.104172,0.000070
22429,SENSOR_DATA,14,1,14->23->12->2->1,4,2412.690114,2412.690457,0.000344
22439,SENSOR_DATA,3,1,3->2->1,2,2413.494044,2413.494184,0.000140
22443,SENSOR_DATA,11,1,11->1,1,2414.204738,2414.204831,0.000093
22446,SENSOR_DATA,34,1,34->23->12->2->1,4,2414.554077,2414.554418,0.000341
22448,SENSOR_DATA,4,1,4->13->3->2->1,4,2414.696931,2414.697209,0.000279
22451,SENSOR_DATA,23,1,23->12->2->1,3,2414.912783,2414.913021,0.000239
22456,SENSOR_DATA,21,1,21->11->1,2,2415.481629,2415.481799,0.000170
22460,SENSOR_DATA,10,1,10->1,1,2415.580227,2415.580296,0.000069
22464,SENSOR_DATA,41,1,41->31->21->11->1,4,2415.923126,2415.923431,0.000306
22469,SENSOR_DATA,42,1,42->31->21->11->1,4,2416.253404,2416.253738,0.000335
22474,SENSOR_DATA,30,1,30->21->11->1,3,2416.467984,2416.468202,0.000219
22480,SENSOR_DATA,35,1,35->34->23->12->2->1,5,2417.439348,2417.439752,0.000404
22492,SENSOR_DATA,22,1,22->11->1,2,2418.591410,2418.591575,0.000165
22494,SENSOR_DATA,20,1,20->11->1,2,2419.287111,2419.287308,0.000197
22501,SENSOR_DATA,31,1,31->21->11->1,3,2419.889377,2419.889618,0.000241
22505,SENSOR_DATA,12,1,12->2->1,2,2420.316218,2420.316386,0.000167
22517,SENSOR_DATA,0,1,0->1,1,2421.188125,2421.188173,0.000048
22518,SENSOR_DATA,32,1,32->22->11->1,3,2421.223711,2421.223980,0.000269
22519,SENSOR_DATA,13,1,13->3->2->1,3,2421.223882,2421.224077,0.000195
22523,SENSOR_DATA,40,1,40->41->31->21->11->1,5,2421.867377,2421.867759,0.000382
22526,SENSOR_DATA,2,1,2->1,1,2422.104102,2422.104172,0.000070
22528,SENSOR_DATA,14,1,14->23->12->2->1,4,2422.690114,2422.690457,0.000344
22538,SENSOR_DATA,3,1,3->2->1,2,2423.494044,2423.494184,0.000140
22542,SENSOR_DATA,11,1,11->1,1,2424.204738,2424.204831,0.000093
22545,SENSOR_DATA,34,1,34->23->12->2->1,4,2424.554077,2424.554418,0.000341
22547,SENSOR_DATA,4,1,4->13->3->2->1,4,2424.696931,2424.697209,0.000279
22550,SENSOR_DATA,23,1,23->12->2->1,3,2424.912783,2424.913021,0.000239
22555,SENSOR_DATA,21,1,21->11->1,2,2425.481629,2425.481799,0.000170
22559,SENSOR_DATA,10,1,10->1,1,2425.580227,2425.580296,0.000069
22563,SENSOR_DATA,41,1,41->31->21->11->1,4,2425.923126,2425.923431,0.000306
22568,SENSOR_DATA,42,1,42->31->21->11->1,4,2426.253404,2426.253738,0.000335
22573,SENSOR_DATA,30,1,30->21->11->1,3,2426.467984,2426.468202,0.000219
22579,SENSOR_DATA,35,1,35->34->23->12->2->1,5,2427.439348,2427.439752,0.000404
22591,SENSOR_DATA,22,1,22->11->1,2,2428.591410,2428.591575,0.000165
22593,SENSOR_DATA,20,1,20->11->1,2,2429.287111,2429.287308,0.000197
22600,SENSOR_DATA,31,1,31->21->11->1,3,2429.889377,2429.889618,0.000241
22604,SENSOR_DATA,12,1,12->2->1,2,2430.316218,2430.316386,0.000167
22616,SENSOR_DATA,0,1,0->1,1,2431.188125,2431.188173,0.000048
22617,SENSOR_DATA,32,1,32->22->11->1,3,2431.223711,2431.223980,0.000269
22618,SENSOR_DATA,13,1,13->3->2->1,3,2431.223882,2431.224077,0.000195
22622,SENSOR_DATA,40,1,40->41->31->21->11->1,5,2431.867377,2431.867759,0.000382
22625,SENSOR_DATA,2,1,2->1,1,2432.104102,2432.104172,0.000070
22627,SENSOR_DATA,14,1,14->23->12->2->1,4,2432.690114,2432.690457,0.000344
22637,SENSOR_DATA,3,1,3->2->1,2,2433.494044,2433.494184,0.000140
22641,SENSOR_DATA,11,1,11->1,1,2434.204738,2434.204831,0.000093
22644,SENSOR_DATA,34,1,34->23->12->2->1,4,2434.554077,2434.554418,0.000341
22646,SENSOR_DATA,4,1,4->13->3->2->1,4,2434.696931,2434.697209,0.000279
22649,SENSOR_DATA,23,1,23->12->2->1,3,2434.912783,2434.913021,0.000239
22654,SENSOR_DATA,21,1,21->11->1,2,2435.481629,2435.481799,0.000170
22658,SENSOR_DATA,10,1,10->1,1,2435.580227,2435.580296,0.000069
22662,SENSOR_DATA,41,1,41->31->21->11->1,4,2435.923126,2435.923431,0.000306
22667,SENSOR_DATA,42,1,42->31->21->11->1,4,2436.253404,2436.253738,0.000335
22672,SENSOR_DATA,30,1,30->21->11->1,3,2436.467984,2436.468202,0.000219
22678,SENSOR_DATA,35,1,35->34->23->12->2->1,5,2437.439348,2437.439752,0.000404
22690,SENSOR_DATA,22,1,22->11->1,2,2438.591410,2438.591575,0.000165
22692,SENSOR_DATA,20,1,20->11->1,2,2439.287111,2439.287308,0.000197
22699,SENSOR_DATA,31,1,31->21->11->1,3,2439.889377,2439.889618,0.000241
22703,SENSOR_DATA,12,1,12->2->1,2,2440.316218,2440.316386,0.000167
22715,SENSOR_DATA,0,1,0->1,1,2441.188125,2441.188173,0.000048
22716,SENSOR_DATA,32,1,32->22->11->1,3,2441.223711,2441.223980,0.000269
22717,SENSOR_DATA,13,1,13->3->2->1,3,2441.223882,2441.224077,0.000195
22721,SENSOR_DATA,40,1,40->41->31->21->11->1,5,2441.867377,2441.867759,0.000382
22724,SENSOR_DATA,2,1,2->1,1,2442.104102,2442.104172,0.000070
22726,SENSOR_DATA,14,1,14->23->12->2->1,4,2442.690114,2442.690457,0.000344
22736,SENSOR_DATA,3,1,3->2->1,2,2443.494044,2443.494184,0.000140
22740,SENSOR_DATA,11,1,11->1,1,2444.204738,2444.204831,0.000093
22743,SENSOR_DATA,34,1,34->23->12->2->1,4,2444.554077,2444.554418,0.000341
22745,SENSOR_DATA,4,1,4->13->3->2->1,4,2444.696931,2444.697209,0.000279
22748,SENSOR_DATA,23,1,23->12->2->1,3,2444.912783,2444.913021,0.000239
22753,SENSOR_DATA,21,1,21->11->1,2,2445.481629,2445.481799,0.000170
22757,SENSOR_DATA,10,1,10->1,1,2445.580227,2445.580296,0.000069
22761,SENSOR_DATA,41,1,41->31->21->11->1,4,2445.923126,2445.923431,0.000306
22766,SENSOR_DATA,42,1,42->31->21->11->1,4,2446.253404,2446.253738,0.000335
22771,SENSOR_DATA,30,1,30->21->11->1,3,2446.467984,2446.468202,0.000219
22777,SENSOR_DATA,35,1,35->34->23->12->2->1,5,2447.439348,2447.439752,0.000404
22789,SENSOR_DATA,22,1,22->11->1,2,2448.591410,2448.591575,0.000165
22791,SENSOR_DATA,20,1,20->11->1,2,2449.287111,2449.287308,0.000197
22798,SENSOR_DATA,31,1,31->21->11->1,3,2449.889377,2449.889618,0.000241
22802,SENSOR_DATA,12,1,12->2->1,2,2450.316218,2450.316386,0.000167
22814,SENSOR_DATA,0,1,0->1,1,2451.188125,2451.188173,0.000048
22815,SENSOR_DATA,32,1,32->22->11->1,3,2451.223711,2451.223980,0.000269
22816,SENSOR_DATA,13,1,13->3->2->1,3,2451.223882,2451.224077,0.000195
22820,SENSOR_DATA,40,1,40->41->31->21->11->1,5,2451.867377,2451.867759,0.000382
22823,SENSOR_DATA,2,1,2->1,1,2452.104102,2452.104172,0.000070
22825,SENSOR_DATA,14,1,14->23->12->2->1,4,2452.690114,2452.690457,0.000344
22835,SENSOR_DATA,3,1,3->2->1,2,2453.494044,2453.494184,0.000140
22839,SENSOR_DATA,11,1,11->1,1,2454.204738,2454.204831,0.000093
22842,SENSOR_DATA,34,1,34->23->12->2->1,4,2454.554077,2454.554418,0.000341
22844,SENSOR_DATA,4,1,4->13->3->2->1,4,2454.696931,2454.697209,0.000279
22847,SENSOR_DATA,23,1,23->12->2->1,3,2454.912783,2454.913021,0.000239
22852,SENSOR_DATA,21,1,21->11->1,2,2455.481629,2455.481799,0.000170
22856,SENSOR_DATA,10,1,10->1,1,2455.580227,2455.580296,0.000069
22860,SENSOR_DATA,41,1,41->31->21->11->1,4,2455.923126,2455.923431,0.000306
22865,SENSOR_DATA,42,1,42->31->21->11->1,4,2456.253404,2456.253738,0.000335
22870,SENSOR_DATA,30,1,30->21->11->1,3,2456.467984,2456.468202,0.000219
22876,SENSOR_DATA,35,1,35->34->23->12->2->1,5,2457.439348,2457.439752,0.000404
22888,SENSOR_DATA,22,1,22->11->1,2,2458.591410,2458.591575,0.000165
22890,SENSOR_DATA,20,1,20->11->1,2,2459.287111,2459.287308,0.000197
22897,SENSOR_DATA,31,1,31->21->11->1,3,2459.889377,2459.889618,0.000241
22901,SENSOR_DATA,12,1,12->2->1,2,2460.316218,2460.316386,0.000167
22913,SENSOR_DATA,0,1,0->1,1,2461.188125,2461.188173,0.000048
22914,SENSOR_DATA,32,1,32->22->11->1,3,2461.223711,2461.223980,0.000269
22915,SENSOR_DATA,13,1,13->3->2->1,3,2461.223882,2461.224077,0.000195
22919,SENSOR_DATA,40,1,40->41->31->21->11->1,5,2461.867377,2461.867759,0.000382
22922,SENSOR_DATA,2,1,2->1,1,2462.104102,2462.104172,0.000070
22924,SENSOR_DATA,14,1,14->23->12->2->1,4,2462.690114,2462.690457,0.000344
22934,SENSOR_DATA,3,1,3->2->1,2,2463.494044,2463.494184,0.000140
22938,SENSOR_DATA,11,1,11->1,1,2464.204738,2464.204831,0.000093
22941,SENSOR_DATA,34,1,34->23->12->2->1,4,2464.554077,2464.554418,0.000341
22943,SENSOR_DATA,4,1,4->13->3->2->1,4,2464.696931,2464.697209,0.000279
22946,SENSOR_DATA,23,1,23->12->2->1,3,2464.912783,2464.913021,0.000239
22951,SENSOR_DATA,21,1,21->11->1,2,2465.481629,2465.481799,0.000170
22955,SENSOR_DATA,10,1,10->1,1,2465.580227,2465.580296,0.000069
22959,SENSOR_DATA,41,1,41->31->21->11->1,4,2465.923126,2465.923431,0.000306
22964,SENSOR_DATA,42,1,42->31->21->11->1,4,2466.253404,2466.253738,0.000335
22969,SENSOR_DATA,30,1,30->21->11->1,3,2466.467984,2466.468202,0.000219
22975,SENSOR_DATA,35,1,35->34->23->12->2->1,5,2467.439348,2467.439752,0.000404
22987,SENSOR_DATA,22,1,22->11->1,2,2468.591410,2468.591575,0.000165
22989,SENSOR_DATA,20,1,20->11->1,2,2469.287111,2469.287308,0.000197
22996,SENSOR_DATA,31,1,31->21->11->1,3,2469.889377,2469.889618,0.000241
23000,SENSOR_DATA,12,1,12->2->1,2,2470.316218,2470.316386,0.000167
23012,SENSOR_DATA,0,1,0->1,1,2471.188125,2471.188173,0.000048
23013,SENSOR_DATA,32,1,32->22->11->1,3,2471.223711,2471.223980,0.000269
23014,SENSOR_DATA,13,1,13->3->2->1,3,2471.223882,2471.224077,0.000195
23018,SENSOR_DATA,40,1,40->41->31->21->11->1,5,2471.867377,2471.867759,0.000382
23021,SENSOR_DATA,2,1,2->1,1,2472.104102,2472.104172,0.000070
23023,SENSOR_DATA,14,1,14->23->12->2->1,4,2472.690114,2472.690457,0.000344
23033,SENSOR_DATA,3,1,3->2->1,2,2473.494044,2473.494184,0.000140
23037,SENSOR_DATA,11,1,11->1,1,2474.204738,2474.204831,0.000093
23040,SENSOR_DATA,34,1,34->23->12->2->1,4,2474.554077,2474.554418,0.000341
23042,SENSOR_DATA,4,1,4->13->3->2->1,4,2474.696931,2474.697209,0.000279
23045,SENSOR_DATA,23,1,23->12->2->1,3,2474.912783,2474.913021,0.000239
23050,SENSOR_DATA,21,1,21->11->1,2,2475.481629,2475.481799,0.000170
23054,SENSOR_DATA,10,1,10->1,1,2475.580227,2475.580296,0.000069
23058,SENSOR_DATA,41,1,41->31->21->11->1,4,2475.923126,2475.923431,0.000306
23063,SENSOR_DATA,42,1,42->31->21->11->1,4,2476.253404,2476.253738,0.000335
23068,SENSOR_DATA,30,1,30->21->11->1,3,2476.467984,2476.468202,0.000219
23074,SENSOR_DATA,35,1,35->34->23->12->2->1,5,2477.439348,2477.439752,0.000404
23086,SENSOR_DATA,22,1,22->11->1,2,2478.591410,2478.591575,0.000165
23088,SENSOR_DATA,20,1,20->11->1,2,2479.287111,2479.287308,0.000197
23095,SENSOR_DATA,31,1,31->21->11->1,3,2479.889377,2479.889618,0.000241
23099,SENSOR_DATA,12,1,12->2->1,2,2480.316218,2480.316386,0.000167
23111,SENSOR_DATA,0,1,0->1,1,2481.188125,2481.188173,0.000048
23112,SENSOR_DATA,32,1,32->22->11->1,3,2481.223711,2481.223980,0.000269
23113,SENSOR_DATA,13,1,13->3->2->1,3,2481.223882,2481.224077,0.000195
23117,SENSOR_DATA,40,1,40->41->31->21->11->1,5,2481.867377,2481.867759,0.000382
23120,SENSOR_DATA,2,1,2->1,1,2482.104102,2482.104172,0.000070
23122,SENSOR_DATA,14,1,14->23->12->2->1,4,2482.690114,2482.690457,0.000344
23132,SENSOR_DATA,3,1,3->2->1,2,2483.494044,2483.494184,0.000140
23136,SENSOR_DATA,11,1,11->1,1,2484.204738,2484.204831,0.000093
23139,SENSOR_DATA,34,1,34->23->12->2->1,4,2484.554077,2484.554418,0.000341
23141,SENSOR_DATA,4,1,4->13->3->2->1,4,2484.696931,2484.697209,0.000279
23144,SENSOR_DATA,23,1,23->12->2->1,3,2484.912783,2484.913021,0.000239
23149,SENSOR_DATA,21,1,21->11->1,2,2485.481629,2485.481799,0.000170
23153,SENSOR_DATA,10,1,10->1,1,2485.580227,2485.580296,0.000069
23157,SENSOR_DATA,41,1,41->31->21->11->1,4,2485.923126,2485.923431,0.000306
23162,SENSOR_DATA,42,1,42->31->21->11->1,4,2486.253404,2486.253738,0.000335
23167,SENSOR_DATA,30,1,30->21->11->1,3,2486.467984,2486.468202,0.000219
23173,SENSOR_DATA,35,1,35->34->23->12->2->1,5,2487.439348,2487.439752,0.000404
23185,SENSOR_DATA,22,1,22->11->1,2,2488.591410,2488.591575,0.000165
23187,SENSOR_DATA,20,1,20->11->1,2,2489.287111,2489.287308,0.000197
23194,SENSOR_DATA,31,1,31->21->11->1,3,2489.889377,2489.889618,0.000241
23198,SENSOR_DATA,12,1,12->2->1,2,2490.316218,2490.316386,0.000167
23210,SENSOR_DATA,0,1,0->1,1,2491.188125,2491.188173,0.000048
23211,SENSOR_DATA,32,1,32->22->11->1,3,2491.223711,2491.223980,0.000269
23212,SENSOR_DATA,13,1,13->3->2->1,3,2491.223882,2491.224077,0.000195
23216,SENSOR_DATA,40,1,40->41->31->21->11->1,5,2491.867377,2491.867759,0.000382
23219,SENSOR_DATA,2,1,2->1,1,2492.104102,2492.104172,0.000070
23221,SENSOR_DATA,14,1,14->23->12->2->1,4,2492.690114,2492.690457,0.000344
23231,SENSOR_DATA,3,1,3->2->1,2,2493.494044,2493.494184,0.000140
23235,SENSOR_DATA,11,1,11->1,1,2494.204738,2494.204831,0.000093
23238,SENSOR_DATA,34,1,34->23->12->2->1,4,2494.554077,2494.554418,0.000341
23240,SENSOR_DATA,4,1,4->13->3->2->1,4,2494.696931,2494.697209,0.000279
23243,SENSOR_DATA,23,1,23->12->2->1,3,2494.912783,2494.913021,0.000239
23248,SENSOR_DATA,21,1,21->11->1,2,2495.481629,2495.481799,0.000170
23252,SENSOR_DATA,10,1,10->1,1,2495.580227,2495.580296,0.000069
23256,SENSOR_DATA,41,1,41->31->21->11->1,4,2495.923126,2495.923431,0.000306
23261,SENSOR_DATA,42,1,42->31->21->11->1,4,2496.253404,2496.253738,0.000335
23266,SENSOR_DATA,30,1,30->21->11->1,3,2496.467984,2496.468202,0.000219
23272,SENSOR_DATA,35,1,35->34->23->12->2->1,5,2497.439348,2497.439752,0.000404
23284,SENSOR_DATA,22,1,22->11->1,2,2498.591410,2498.591575,0.000165
23286,SENSOR_DATA,20,1,20->11->1,2,2499.287111,2499.287308,0.000197
23293,SENSOR_DATA,31,1,31->21->11->1,3,2499.889377,2499.889618,0.000241
23297,SENSOR_DATA,12,1,12->2->1,2,2500.316218,2500.316386,0.000167
23309,SENSOR_DATA,0,1,0->1,1,2501.188125,2501.188173,0.000048
23310,SENSOR_DATA,32,1,32->22->11->1,3,2501.223711,2501.223980,0.000269
23311,SENSOR_DATA,13,1,13->3->2->1,3,2501.223882,2501.224077,0.000195
23315,SENSOR_DATA,40,1,40->41->31->21->11->1,5,2501.867377,2501.867759,0.000382
23318,SENSOR_DATA,2,1,2->1,1,2502.104102,2502.104172,0.000070
23320,SENSOR_DATA,14,1,14->23->12->2->1,4,2502.690114,2502.690457,0.000344
23330,SENSOR_DATA,3,1,3->2->1,2,2503.494044,2503.494184,0.000140
23334,SENSOR_DATA,11,1,11->1,1,2504.204738,2504.204831,0.000093
23337,SENSOR_DATA,34,1,34->23->12->2->1,4,2504.554077,2504.554418,0.000341
23339,SENSOR_DATA,4,1,4->13->3->2->1,4,2504.696931,2504.697209,0.000279
23342,SENSOR_DATA,23,1,23->12->2->1,3,2504.912783,2504.913021,0.000239
23347,SENSOR_DATA,21,1,21->11->1,2,2505.481629,2505.481799,0.000170
23351,SENSOR_DATA,10,1,10->1,1,2505.580227,2505.580296,0.000069
23355,SENSOR_DATA,41,1,41->31->21->11->1,4,2505.923126,2505.923431,0.000306
23360,SENSOR_DATA,42,1,42->31->21->11->1,4,2506.253404,2506.253738,0.000335
23365,SENSOR_DATA,30,1,30->21->11->1,3,2506.467984,2506.468202,0.000219
23371,SENSOR_DATA,35,1,35->34->23->12->2->1,5,2507.439348,2507.439752,0.000404
23383,SENSOR_DATA,22,1,22->11->1,2,2508.591410,2508.591575,0.000165
23385,SENSOR_DATA,20,1,20->11->1,2,2509.287111,2509.287308,0.000197
23392,SENSOR_DATA,31,1,31->21->11->1,3,2509.889377,2509.889618,0.000241
23396,SENSOR_DATA,12,1,12->2->1,2,2510.316218,2510.316386,0.000167
23408,SENSOR_DATA,0,1,0->1,1,2511.188125,2511.188173,0.000048
23409,SENSOR_DATA,32,1,32->22->11->1,3,2511.223711,2511.223980,0.000269
23410,SENSOR_DATA,13,1,13->3->2->1,3,2511.223882,2511.224077,0.000195
23414,SENSOR_DATA,40,1,40->41->31->21->11->1,5,2511.867377,2511.867759,0.000382
23417,SENSOR_DATA,2,1,2->1,1,2512.104102,2512.104172,0.000070
23419,SENSOR_DATA,14,1,14->23->12->2->1,4,2512.690114,2512.690457,0.000344
23429,SENSOR_DATA,3,1,3->2->1,2,2513.494044,2513.494184,0.000140
23433,SENSOR_DATA,11,1,11->1,1,2514.204738,2514.204831,0.000093
23436,SENSOR_DATA,34,1,34->23->12->2->1,4,2514.554077,2514.554418,0.000341
23438,SENSOR_DATA,4,1,4->13->3->2->1,4,2514.696931,2514.697209,0.000279
23441,SENSOR_DATA,23,1,23->12->2->1,3,2514.912783,2514.913021,0.000239
23446,SENSOR_DATA,21,1,21->11->1,2,2515.481629,2515.481799,0.000170
23450,SENSOR_DATA,10,1,10->1,1,2515.580227,2515.580296,0.000069
23454,SENSOR_DATA,41,1,41->31->21->11->1,4,2515.923126,2515.923431,0.000306
23459,SENSOR_DATA,42,1,42->31->21->11->1,4,2516.253404,2516.253738,0.000335
23464,SENSOR_DATA,30,1,30->21->11->1,3,2516.467984,2516.468202,0.000219
23470,SENSOR_DATA,35,1,35->34->23->12->2->1,5,2517.439348,2517.439752,0.000404
23482,SENSOR_DATA,22,1,22->11->1,2,2518.591410,2518.591575,0.000165
23484,SENSOR_DATA,20,1,20->11->1,2,2519.287111,2519.287308,0.000197
23491,SENSOR_DATA,31,1,31->21->11->1,3,2519.889377,2519.889618,0.000241
23495,SENSOR_DATA,12,1,12->2->1,2,2520.316218,2520.316386,0.000167
23507,SENSOR_DATA,0,1,0->1,1,2521.188125,2521.188173,0.000048
23508,SENSOR_DATA,32,1,32->22->11->1,3,2521.223711,2521.223980,0.000269
23509,SENSOR_DATA,13,1,13->3->2->1,3,2521.223882,2521.224077,0.000195
23513,SENSOR_DATA,40,1,40->41->31->21->11->1,5,2521.867377,2521.867759,0.000382
23516,SENSOR_DATA,2,1,2->1,1,2522.104102,2522.104172,0.000070
23518,SENSOR_DATA,14,1,14->23->12->2->1,4,2522.690114,2522.690457,0.000344
23528,SENSOR_DATA,3,1,3->2->1,2,2523.494044,2523.494184,0.000140
23532,SENSOR_DATA,11,1,11->1,1,2524.204738,2524.204831,0.000093
23535,SENSOR_DATA,34,1,34->23->12->2->1,4,2524.554077,2524.554418,0.000341
23537,SENSOR_DATA,4,1,4->13->3->2->1,4,2524.696931,2524.697209,0.000279
23540,SENSOR_DATA,23,1,23->12->2->1,3,2524.912783,2524.913021,0.000239
23545,SENSOR_DATA,21,1,21->11->1,2,2525.481629,2525.481799,0.000170
23549,SENSOR_DATA,10,1,10->1,1,2525.580227,2525.580296,0.000069
23553,SENSOR_DATA,41,1,41->31->21->11->1,4,2525.923126,2525.923431,0.000306
23558,SENSOR_DATA,42,1,42->31->21->11->1,4,2526.253404,2526.253738,0.000335
23563,SENSOR_DATA,30,1,30->21->11->1,3,2526.467984,2526.468202,0.000219
23569,SENSOR_DATA,35,1,35->34->23->12->2->1,5,2527.439348,2527.439752,0.000404
23581,SENSOR_DATA,22,1,22->11->1,2,2528.591410,2528.591575,0.000165
23583,SENSOR_DATA,20,1,20->11->1,2,2529.287111,2529.287308,0.000197
23590,SENSOR_DATA,31,1,31->21->11->1,3,2529.889377,2529.889618,0.000241
23594,SENSOR_DATA,12,1,12->2->1,2,2530.316218,2530.316386,0.000167
23606,SENSOR_DATA,0,1,0->1,1,2531.188125,2531.188173,0.000048
23607,SENSOR_DATA,32,1,32->22->11->1,3,2531.223711,2531.223980,0.000269
23608,SENSOR_DATA,13,1,13->3->2->1,3,2531.223882,2531.224077,0.000195
23612,SENSOR_DATA,40,1,40->41->31->21->11->1,5,2531.867377,2531.867759,0.000382
23615,SENSOR_DATA,2,1,2->1,1,2532.104102,2532.104172,0.000070
23617,SENSOR_DATA,14,1,14->23->12->2->1,4,2532.690114,2532.690457,0.000344
23627,SENSOR_DATA,3,1,3->2->1,2,2533.494044,2533.494184,0.000140
23631,SENSOR_DATA,11,1,11->1,1,2534.204738,2534.204831,0.000093
23634,SENSOR_DATA,34,1,34->23->12->2->1,4,2534.554077,2534.554418,0.000341
23636,SENSOR_DATA,4,1,4->13->3->2->1,4,2534.696931,2534.697209,0.000279
23639,SENSOR_DATA,23,1,23->12->2->1,3,2534.912783,2534.913021,0.000239
23644,SENSOR_DATA,21,1,21->11->1,2,2535.481629,2535.481799,0.000170
23648,SENSOR_DATA,10,1,10->1,1,2535.580227,2535.580296,0.000069
23652,SENSOR_DATA,41,1,41->31->21->11->1,4,2535.923126,2535.923431,0.000306
23657,SENSOR_DATA,42,1,42->31->21->11->1,4,2536.253404,2536.253738,0.000335
23662,SENSOR_DATA,30,1,30->21->11->1,3,2536.467984,2536.468202,0.000219
23668,SENSOR_DATA,35,1,35->34->23->12->2->1,5,2537.439348,2537.439752,0.000404
23680,SENSOR_DATA,22,1,22->11->1,2,2538.591410,2538.591575,0.000165
23682,SENSOR_DATA,20,1,20->11->1,2,2539.287111,2539.287308,0.000197
23689,SENSOR_DATA,31,1,31->21->11->1,3,2539.889377,2539.889618,0.000241
23693,SENSOR_DATA,12,1,12->2->1,2,2540.316218,2540.316386,0.000167
23705,SENSOR_DATA,0,1,0->1,1,2541.188125,2541.188173,0.000048
23706,SENSOR_DATA,32,1,32->22->11->1,3,2541.223711,2541.223980,0.000269
23707,SENSOR_DATA,13,1,13->3->2->1,3,2541.223882,2541.224077,0.000195
23711,SENSOR_DATA,40,1,40->41->31->21->11->1,5,2541.867377,2541.867759,0.000382
23714,SENSOR_DATA,2,1,2->1,1,2542.104102,2542.104172,0.000070
23716,SENSOR_DATA,14,1,14->23->12->2->1,4,2542.690114,2542.690457,0.000344
23726,SENSOR_DATA,3,1,3->2->1,2,2543.494044,2543.494184,0.000140
23730,SENSOR_DATA,11,1,11->1,1,2544.204738,2544.204831,0.000093
23733,SENSOR_DATA,34,1,34->23->12->2->1,4,2544.554077,2544.554418,0.000341
23735,SENSOR_DATA,4,1,4->13->3->2->1,4,2544.696931,2544.697209,0.000279
23738,SENSOR_DATA,23,1,23->12->2->1,3,2544.912783,2544.913021,0.000239
23743,SENSOR_DATA,21,1,21->11->1,2,2545.481629,2545.481799,0.000170
23747,SENSOR_DATA,10,1,10->1,1,2545.580227,2545.580296,0.000069
23751,SENSOR_DATA,41,1,41->31->21->11->1,4,2545.923126,2545.923431,0.000306
23756,SENSOR_DATA,42,1,42->31->21->11->1,4,2546.253404,2546.253738,0.000335
23761,SENSOR_DATA,30,1,30->21->11->1,3,2546.467984,2546.468202,0.000219
23767,SENSOR_DATA,35,1,35->34->23->12->2->1,5,2547.439348,2547.439752,0.000404
23779,SENSOR_DATA,22,1,22->11->1,2,2548.591410,2548.591575,0.000165
23781,SENSOR_DATA,20,1,20->11->1,2,2549.287111,2549.287308,0.000197
23788,SENSOR_DATA,31,1,31->21->11->1,3,2549.889377,2549.889618,0.000241
23792,SENSOR_DATA,12,1,12->2->1,2,2550.316218,2550.316386,0.000167
23804,SENSOR_DATA,0,1,0->1,1,2551.188125,2551.188173,0.000048
23805,SENSOR_DATA,32,1,32->22->11->1,3,2551.223711,2551.223980,0.000269
23806,SENSOR_DATA,13,1,13->3->2->1,3,2551.223882,2551.224077,0.000195
23810,SENSOR_DATA,40,1,40->41->31->21->11->1,5,2551.867377,2551.867759,0.000382
23813,SENSOR_DATA,2,1,2->1,1,2552.104102,2552.104172,0.000070
23815,SENSOR_DATA,14,1,14->23->12->2->1,4,2552.690114,2552.690457,0.000344
23825,SENSOR_DATA,3,1,3->2->1,2,2553.494044,2553.494184,0.000140
23829,SENSOR_DATA,11,1,11->1,1,2554.204738,2554.204831,0.000093
23832,SENSOR_DATA,34,1,34->23->12->2->1,4,2554.554077,2554.554418,0.000341
23834,SENSOR_DATA,4,1,4->13->3->2->1,4,2554.696931,2554.697209,0.000279
23837,SENSOR_DATA,23,1,23->12->2->1,3,2554.912783,2554.913021,0.000239
23842,SENSOR_DATA,21,1,21->11->1,2,2555.481629,2555.481799,0.000170
23846,SENSOR_DATA,10,1,10->1,1,2555.580227,2555.580296,0.000069
23850,SENSOR_DATA,41,1,41->31->21->11->1,4,2555.923126,2555.923431,0.000306
23855,SENSOR_DATA,42,1,42->31->21->11->1,4,2556.253404,2556.253738,0.000335
23860,SENSOR_DATA,30,1,30->21->11->1,3,2556.467984,2556.468202,0.000219
23866,SENSOR_DATA,35,1,35->34->23->12->2->1,5,2557.439348,2557.439752,0.000404
23878,SENSOR_DATA,22,1,22->11->1,2,2558.591410,2558.591575,0.000165
23880,SENSOR_DATA,20,1,20->11->1,2,2559.287111,2559.287308,0.000197
23887,SENSOR_DATA,31,1,31->21->11->1,3,2559.889377,2559.889618,0.000241
23891,SENSOR_DATA,12,1,12->2->1,2,2560.316218,2560.316386,0.000167
23903,SENSOR_DATA,0,1,0->1,1,2561.188125,2561.188173,0.000048
23904,SENSOR_DATA,32,1,32->22->11->1,3,2561.223711,2561.223980,0.000269
23905,SENSOR_DATA,13,1,13->3->2->1,3,2561.223882,2561.224077,0.000195
23909,SENSOR_DATA,40,1,40->41->31->21->11->1,5,2561.867377,2561.867759,0.000382
23912,SENSOR_DATA,2,1,2->1,1,2562.104102,2562.104172,0.000070
23914,SENSOR_DATA,14,1,14->23->12->2->1,4,2562.690114,2562.690457,0.000344
23924,SENSOR_DATA,3,1,3->2->1,2,2563.494044,2563.494184,0.000140
23928,SENSOR_DATA,11,1,11->1,1,2564.204738,2564.204831,0.000093
23931,SENSOR_DATA,34,1,34->23->12->2->1,4,2564.554077,2564.554418,0.000341
23933,SENSOR_DATA,4,1,4->13->3->2->1,4,2564.696931,2564.697209,0.000279
23936,SENSOR_DATA,23,1,23->12->2->1,3,2564.912783,2564.913021,0.000239
23941,SENSOR_DATA,21,1,21->11->1,2,2565.481629,2565.481799,0.000170
23945,SENSOR_DATA,10,1,10->1,1,2565.580227,2565.580296,0.000069
23949,SENSOR_DATA,41,1,41->31->21->11->1,4,2565.923126,2565.923431,0.000306
23954,SENSOR_DATA,42,1,42->31->21->11->1,4,2566.253404,2566.253738,0.000335
23959,SENSOR_DATA,30,1,30->21->11->1,3,2566.467984,2566.468202,0.000219
23965,SENSOR_DATA,35,1,35->34->23->12->2->1,5,2567.439348,2567.439752,0.000404
23977,SENSOR_DATA,22,1,22->11->1,2,2568.591410,2568.591575,0.000165
23979,SENSOR_DATA,20,1,20->11->1,2,2569.287111,2569.287308,0.000197
23986,SENSOR_DATA,31,1,31->21->11->1,3,2569.889377,2569.889618,0.000241
23990,SENSOR_DATA,12,1,12->2->1,2,2570.316218,2570.316386,0.000167
24002,SENSOR_DATA,0,1,0->1,1,2571.188125,2571.188173,0.000048
24003,SENSOR_DATA,32,1,32->22->11->1,3,2571.223711,2571.223980,0.000269
24004,SENSOR_DATA,13,1,13->3->2->1,3,2571.223882,2571.224077,0.000195
24008,SENSOR_DATA,40,1,40->41->31->21->11->1,5,2571.867377,2571.867759,0.000382
24011,SENSOR_DATA,2,1,2->1,1,2572.104102,2572.104172,0.000070
24013,SENSOR_DATA,14,1,14->23->12->2->1,4,2572.690114,2572.690457,0.000344
24023,SENSOR_DATA,3,1,3->2->1,2,2573.494044,2573.494184,0.000140
24027,SENSOR_DATA,11,1,11->1,1,2574.204738,2574.204831,0.000093
24030,SENSOR_DATA,34,1,34->23->12->2->1,4,2574.554077,2574.554418,0.000341
24032,SENSOR_DATA,4,1,4->13->3->2->1,4,2574.696931,2574.697209,0.000279
24035,SENSOR_DATA,23,1,23->12->2->1,3,2574.912783,2574.913021,0.000239
24040,SENSOR_DATA,21,1,21->11->1,2,2575.481629,2575.481799,0.000170
24044,SENSOR_DATA,10,1,10->1,1,2575.580227,2575.580296,0.000069
24048,SENSOR_DATA,41,1,41->31->21->11->1,4,2575.923126,2575.923431,0.000306
24053,SENSOR_DATA,42,1,42->31->21->11->1,4,2576.253404,2576.253738,0.000335
24058,SENSOR_DATA,30,1,30->21->11->1,3,2576.467984,2576.468202,0.000219
24064,SENSOR_DATA,35,1,35->34->23->12->2->1,5,2577.439348,2577.439752,0.000404
24076,SENSOR_DATA,22,1,22->11->1,2,2578.591410,2578.591575,0.000165
24078,SENSOR_DATA,20,1,20->11->1,2,2579.287111,2579.287308,0.000197
24085,SENSOR_DATA,31,1,31->21->11->1,3,2579.889377,2579.889618,0.000241
24089,SENSOR_DATA,12,1,12->2->1,2,2580.316218,2580.316386,0.000167
24101,SENSOR_DATA,0,1,0->1,1,2581.188125,2581.188173,0.000048
24102,SENSOR_DATA,32,1,32->22->11->1,3,2581.223711,2581.223980,0.000269
24103,SENSOR_DATA,13,1,13->3->2->1,3,2581.223882,2581.224077,0.000195
24107,SENSOR_DATA,40,1,40->41->31->21->11->1,5,2581.867377,2581.867759,0.000382
24110,SENSOR_DATA,2,1,2->1,1,2582.104102,2582.104172,0.000070
24112,SENSOR_DATA,14,1,14->23->12->2->1,4,2582.690114,2582.690457,0.000344
24122,SENSOR_DATA,3,1,3->2->1,2,2583.494044,2583.494184,0.000140
24126,SENSOR_DATA,11,1,11->1,1,2584.204738,2584.204831,0.000093
24129,SENSOR_DATA,34,1,34->23->12->2->1,4,2584.554077,2584.554418,0.000341
24131,SENSOR_DATA,4,1,4->13->3->2->1,4,2584.696931,2584.697209,0.000279
24134,SENSOR_DATA,23,1,23->12->2->1,3,2584.912783,2584.913021,0.000239
24139,SENSOR_DATA,21,1,21->11->1,2,2585.481629,2585.481799,0.000170
24143,SENSOR_DATA,10,1,10->1,1,2585.580227,2585.580296,0.000069
24147,SENSOR_DATA,41,1,41->31->21->11->1,4,2585.923126,2585.923431,0.000306
24152,SENSOR_DATA,42,1,42->31->21->11->1,4,2586.253404,2586.253738,0.000335
24157,SENSOR_DATA,30,1,30->21->11->1,3,2586.467984,2586.468202,0.000219
24163,SENSOR_DATA,35,1,35->34->23->12->2->1,5,2587.439348,2587.439752,0.000404
24175,SENSOR_DATA,22,1,22->11->1,2,2588.591410,2588.591575,0.000165
24177,SENSOR_DATA,20,1,20->11->1,2,2589.287111,2589.287308,0.000197
24184,SENSOR_DATA,31,1,31->21->11->1,3,2589.889377,2589.889618,0.000241
24188,SENSOR_DATA,12,1,12->2->1,2,2590.316218,2590.316386,0.000167
24200,SENSOR_DATA,0,1,0->1,1,2591.188125,2591.188173,0.000048
24201,SENSOR_DATA,32,1,32->22->11->1,3,2591.223711,2591.223980,0.000269
24202,SENSOR_DATA,13,1,13->3->2->1,3,2591.223882,2591.224077,0.000195
24206,SENSOR_DATA,40,1,40->41->31->21->11->1,5,2591.867377,2591.867759,0.000382
24209,SENSOR_DATA,2,1,2->1,1,2592.104102,2592.104172,0.000070
24211,SENSOR_DATA,14,1,14->23->12->2->1,4,2592.690114,2592.690457,0.000344
24221,SENSOR_DATA,3,1,3->2->1,2,2593.494044,2593.494184,0.000140
24225,SENSOR_DATA,11,1,11->1,1,2594.204738,2594.204831,0.000093
24228,SENSOR_DATA,34,1,34->23->12->2->1,4,2594.554077,2594.554418,0.000341
24230,SENSOR_DATA,4,1,4->13->3->2->1,4,2594.696931,2594.697209,0.000279
24233,SENSOR_DATA,23,1,23->12->2->1,3,2594.912783,2594.913021,0.000239
24238,SENSOR_DATA,21,1,21->11->1,2,2595.481629,2595.481799,0.000170
24242,SENSOR_DATA,10,1,10->1,1,2595.580227,2595.580296,0.000069
24246,SENSOR_DATA,41,1,41->31->21->11->1,4,2595.923126,2595.923431,0.000306
24251,SENSOR_DATA,42,1,42->31->21->11->1,4,2596.253404,2596.253738,0.000335
24256,SENSOR_DATA,30,1,30->21->11->1,3,2596.467984,2596.468202,0.000219
24262,SENSOR_DATA,35,1,35->34->23->12->2->1,5,2597.439348,2597.439752,0.000404
24274,SENSOR_DATA,22,1,22->11->1,2,2598.591410,2598.591575,0.000165
24276,SENSOR_DATA,20,1,20->11->1,2,2599.287111,2599.287308,0.000197
24283,SENSOR_DATA,31,1,31->21->11->1,3,2599.889377,2599.889618,0.000241
24287,SENSOR_DATA,12,1,12->2->1,2,2600.316218,2600.316386,0.000167
24299,SENSOR_DATA,0,1,0->1,1,2601.188125,2601.188173,0.000048
24300,SENSOR_DATA,32,1,32->22->11->1,3,2601.223711,2601.223980,0.000269
24301,SENSOR_DATA,13,1,13->3->2->1,3,2601.223882,2601.224077,0.000195
24305,SENSOR_DATA,40,1,40->41->31->21->11->1,5,2601.867377,2601.867759,0.000382
24308,SENSOR_DATA,2,1,2->1,1,2602.104102,2602.104172,0.000070
24310,SENSOR_DATA,14,1,14->23->12->2->1,4,2602.690114,2602.690457,0.000344
24320,SENSOR_DATA,3,1,3->2->1,2,2603.494044,2603.494184,0.000140
24324,SENSOR_DATA,11,1,11->1,1,2604.204738,2604.204831,0.000093
24327,SENSOR_DATA,34,1,34->23->12->2->1,4,2604.554077,2604.554418,0.000341
24329,SENSOR_DATA,4,1,4->13->3->2->1,4,2604.696931,2604.697209,0.000279
24332,SENSOR_DATA,23,1,23->12->2->1,3,2604.912783,2604.913021,0.000239
24337,SENSOR_DATA,21,1,21->11->1,2,2605.481629,2605.481799,0.000170
24341,SENSOR_DATA,10,1,10->1,1,2605.580227,2605.580296,0.000069
24345,SENSOR_DATA,41,1,41->31->21->11->1,4,2605.923126,2605.923431,0.000306
24350,SENSOR_DATA,42,1,42->31->21->11->1,4,2606.253404,2606.253738,0.000335
24355,SENSOR_DATA,30,1,30->21->11->1,3,2606.467984,2606.468202,0.000219
24361,SENSOR_DATA,35,1,35->34->23->12->2->1,5,2607.439348,2607.439752,0.000404
24373,SENSOR_DATA,22,1,22->11->1,2,2608.591410,2608.591575,0.000165
24375,SENSOR_DATA,20,1,20->11->1,2,2609.287111,2609.287308,0.000197
24382,SENSOR_DATA,31,1,31->21->11->1,3,2609.889377,2609.889618,0.000241
24386,SENSOR_DATA,12,1,12->2->1,2,2610.316218,2610.316386,0.000167
24398,SENSOR_DATA,0,1,0->1,1,2611.188125,2611.188173,0.000048
24399,SENSOR_DATA,32,1,32->22->11->1,3,2611.223711,2611.223980,0.000269
24400,SENSOR_DATA,13,1,13->3->2->1,3,2611.223882,2611.224077,0.000195
24404,SENSOR_DATA,40,1,40->41->31->21->11->1,5,2611.867377,2611.867759,0.000382
24407,SENSOR_DATA,2,1,2->1,1,2612.104102,2612.104172,0.000070
24409,SENSOR_DATA,14,1,14->23->12->2->1,4,2612.690114,2612.690457,0.000344
24419,SENSOR_DATA,3,1,3->2->1,2,2613.494044,2613.494184,0.000140
24423,SENSOR_DATA,11,1,11->1,1,2614.204738,2614.204831,0.000093
24426,SENSOR_DATA,34,1,34->23->12->2->1,4,2614.554077,2614.554418,0.000341
24428,SENSOR_DATA,4,1,4->13->3->2->1,4,2614.696931,2614.697209,0.000279
24431,SENSOR_DATA,23,1,23->12->2->1,3,2614.912783,2614.913021,0.000239
24436,SENSOR_DATA,21,1,21->11->1,2,2615.481629,2615.481799,0.000170
24440,SENSOR_DATA,10,1,10->1,1,2615.580227,2615.580296,0.000069
24444,SENSOR_DATA,41,1,41->31->21->11->1,4,2615.923126,2615.923431,0.000306
24449,SENSOR_DATA,42,1,42->31->21->11->1,4,2616.253404,2616.253738,0.000335
24454,SENSOR_DATA,30,1,30->21->11->1,3,2616.467984,2616.468202,0.000219
24460,SENSOR_DATA,35,1,35->34->23->12->2->1,5,2617.439348,2617.439752,0.000404
24472,SENSOR_DATA,22,1,22->11->1,2,2618.591410,2618.591575,0.000165
24474,SENSOR_DATA,20,1,20->11->1,2,2619.287111,2619.287308,0.000197
24481,SENSOR_DATA,31,1,31->21->11->1,3,2619.889377,2619.889618,0.000241
24485,SENSOR_DATA,12,1,12->2->1,2,2620.316218,2620.316386,0.000167
24497,SENSOR_DATA,0,1,0->1,1,2621.188125,2621.188173,0.000048
24498,SENSOR_DATA,32,1,32->22->11->1,3,2621.223711,2621.223980,0.000269
24499,SENSOR_DATA,13,1,13->3->2->1,3,2621.223882,2621.224077,0.000195
24503,SENSOR_DATA,40,1,40->41->31->21->11->1,5,2621.867377,2621.867759,0.000382
24506,SENSOR_DATA,2,1,2->1,1,2622.104102,2622.104172,0.000070
24508,SENSOR_DATA,14,1,14->23->12->2->1,4,2622.690114,2622.690457,0.000344
24518,SENSOR_DATA,3,1,3->2->1,2,2623.494044,2623.494184,0.000140
24522,SENSOR_DATA,11,1,11->1,1,2624.204738,2624.204831,0.000093
24525,SENSOR_DATA,34,1,34->23->12->2->1,4,2624.554077,2624.554418,0.000341
24527,SENSOR_DATA,4,1,4->13->3->2->1,4,2624.696931,2624.697209,0.000279
24530,SENSOR_DATA,23,1,23->12->2->1,3,2624.912783,2624.913021,0.000239
24535,SENSOR_DATA,21,1,21->11->1,2,2625.481629,2625.481799,0.000170
24539,SENSOR_DATA,10,1,10->1,1,2625.580227,2625.580296,0.000069
24543,SENSOR_DATA,41,1,41->31->21->11->1,4,2625.923126,2625.923431,0.000306
24548,SENSOR_DATA,42,1,42->31->21->11->1,4,2626.253404,2626.253738,0.000335
24553,SENSOR_DATA,30,1,30->21->11->1,3,2626.467984,2626.468202,0.000219
24559,SENSOR_DATA,35,1,35->34->23->12->2->1,5,2627.439348,2627.439752,0.000404
24571,SENSOR_DATA,22,1,22->11->1,2,2628.591410,2628.591575,0.000165
24573,SENSOR_DATA,20,1,20->11->1,2,2629.287111,2629.287308,0.000197
24580,SENSOR_DATA,31,1,31->21->11->1,3,2629.889377,2629.889618,0.000241
24584,SENSOR_DATA,12,1,12->2->1,2,2630.316218,2630.316386,0.000167
24596,SENSOR_DATA,0,1,0->1,1,2631.188125,2631.188173,0.000048
24597,SENSOR_DATA,32,1,32->22->11->1,3,2631.223711,2631.223980,0.000269
24598,SENSOR_DATA,13,1,13->3->2->1,3,2631.223882,2631.224077,0.000195
24602,SENSOR_DATA,40,1,40->41->31->21->11->1,5,2631.867377,2631.867759,0.000382
24605,SENSOR_DATA,2,1,2->1,1,2632.104102,2632.104172,0.000070
24607,SENSOR_DATA,14,1,14->23->12->2->1,4,2632.690114,2632.690457,0.000344
24617,SENSOR_DATA,3,1,3->2->1,2,2633.494044,2633.494184,0.000140
24621,SENSOR_DATA,11,1,11->1,1,2634.204738,2634.204831,0.000093
24624,SENSOR_DATA,34,1,34->23->12->2->1,4,2634.554077,2634.554418,0.000341
24626,SENSOR_DATA,4,1,4->13->3->2->1,4,2634.696931,2634.697209,0.000279
24629,SENSOR_DATA,23,1,23->12->2->1,3,2634.912783,2634.913021,0.000239
24634,SENSOR_DATA,21,1,21->11->1,2,2635.481629,2635.481799,0.000170
24638,SENSOR_DATA,10,1,10->1,1,2635.580227,2635.580296,0.000069
24642,SENSOR_DATA,41,1,41->31->21->11->1,4,2635.923126,2635.923431,0.000306
24647,SENSOR_DATA,42,1,42->31->21->11->1,4,2636.253404,2636.253738,0.000335
24652,SENSOR_DATA,30,1,30->21->11->1,3,2636.467984,2636.468202,0.000219
24658,SENSOR_DATA,35,1,35->34->23->12->2->1,5,2637.439348,2637.439752,0.000404
24670,SENSOR_DATA,22,1,22->11->1,2,2638.591410,2638.591575,0.000165
24672,SENSOR_DATA,20,1,20->11->1,2,2639.287111,2639.287308,0.000197
24679,SENSOR_DATA,31,1,31->21->11->1,3,2639.889377,2639.889618,0.000241
24683,SENSOR_DATA,12,1,12->2->1,2,2640.316218,2640.316386,0.000167
24695,SENSOR_DATA,0,1,0->1,1,2641.188125,2641.188173,0.000048
24696,SENSOR_DATA,32,1,32->22->11->1,3,2641.223711,2641.223980,0.000269
24697,SENSOR_DATA,13,1,13->3->2->1,3,2641.223882,2641.224077,0.000195
24701,SENSOR_DATA,40,1,40->41->31->21->11->1,5,2641.867377,2641.867759,0.000382
24704,SENSOR_DATA,2,1,2->1,1,2642.104102,2642.104172,0.000070
24706,SENSOR_DATA,14,1,14->23->12->2->1,4,2642.690114,2642.690457,0.000344
24716,SENSOR_DATA,3,1,3->2->1,2,2643.494044,2643.494184,0.000140
24720,SENSOR_DATA,11,1,11->1,1,2644.204738,2644.204831,0.000093
24723,SENSOR_DATA,34,1,34->23->12->2->1,4,2644.554077,2644.554418,0.000341
24725,SENSOR_DATA,4,1,4->13->3->2->1,4,2644.696931,2644.697209,0.000279
24728,SENSOR_DATA,23,1,23->12->2->1,3,2644.912783,2644.913021,0.000239
24733,SENSOR_DATA,21,1,21->11->1,2,2645.481629,2645.481799,0.000170
24737,SENSOR_DATA,10,1,10->1,1,2645.580227,2645.580296,0.000069
24741,SENSOR_DATA,41,1,41->31->21->11->1,4,2645.923126,2645.923431,0.000306
24746,SENSOR_DATA,42,1,42->31->21->11->1,4,2646.253404,2646.253738,0.000335
24751,SENSOR_DATA,30,1,30->21->11->1,3,2646.467984,2646.468202,0.000219
24757,SENSOR_DATA,35,1,35->34->23->12->2->1,5,2647.439348,2647.439752,0.000404
24769,SENSOR_DATA,22,1,22->11->1,2,2648.591410,2648.591575,0.000165
24771,SENSOR_DATA,20,1,20->11->1,2,2649.287111,2649.287308,0.000197
24778,SENSOR_DATA,31,1,31->21->11->1,3,2649.889377,2649.889618,0.000241
24782,SENSOR_DATA,12,1,12->2->1,2,2650.316218,2650.316386,0.000167
24794,SENSOR_DATA,0,1,0->1,1,2651.188125,2651.188173,0.000048
24795,SENSOR_DATA,32,1,32->22->11->1,3,2651.223711,2651.223980,0.000269
24796,SENSOR_DATA,13,1,13->3->2->1,3,2651.223882,2651.224077,0.000195
24800,SENSOR_DATA,40,1,40->41->31->21->11->1,5,2651.867377,2651.867759,0.000382
24803,SENSOR_DATA,2,1,2->1,1,2652.104102,2652.104172,0.000070
24805,SENSOR_DATA,14,1,14->23->12->2->1,4,2652.690114,2652.690457,0.000344
24815,SENSOR_DATA,3,1,3->2->1,2,2653.494044,2653.494184,0.000140
24819,SENSOR_DATA,11,1,11->1,1,2654.204738,2654.204831,0.000093
24822,SENSOR_DATA,34,1,34->23->12->2->1,4,2654.554077,2654.554418,0.000341
24824,SENSOR_DATA,4,1,4->13->3->2->1,4,2654.696931,2654.697209,0.000279
24827,SENSOR_DATA,23,1,23->12->2->1,3,2654.912783,2654.913021,0.000239
24832,SENSOR_DATA,21,1,21->11->1,2,2655.481629,2655.481799,0.000170
24836,SENSOR_DATA,10,1,10->1,1,2655.580227,2655.580296,0.000069
24840,SENSOR_DATA,41,1,41->31->21->11->1,4,2655.923126,2655.923431,0.000306
24845,SENSOR_DATA,42,1,42->31->21->11->1,4,2656.253404,2656.253738,0.000335
24850,SENSOR_DATA,30,1,30->21->11->1,3,2656.467984,2656.468202,0.000219
24856,SENSOR_DATA,35,1,35->34->23->12->2->1,5,2657.439348,2657.439752,0.000404
24868,SENSOR_DATA,22,1,22->11->1,2,2658.591410,2658.591575,0.000165
24870,SENSOR_DATA,20,1,20->11->1,2,2659.287111,2659.287308,0.000197
24877,SENSOR_DATA,31,1,31->21->11->1,3,2659.889377,2659.889618,0.000241
24881,SENSOR_DATA,12,1,12->2->1,2,2660.316218,2660.316386,0.000167
24893,SENSOR_DATA,0,1,0->1,1,2661.188125,2661.188173,0.000048
24894,SENSOR_DATA,32,1,32->22->11->1,3,2661.223711,2661.223980,0.000269
24895,SENSOR_DATA,13,1,13->3->2->1,3,2661.223882,2661.224077,0.000195
24899,SENSOR_DATA,40,1,40->41->31->21->11->1,5,2661.867377,2661.867759,0.000382
24902,SENSOR_DATA,2,1,2->1,1,2662.104102,2662.104172,0.000070
24904,SENSOR_DATA,14,1,14->23->12->2->1,4,2662.690114,2662.690457,0.000344
24914,SENSOR_DATA,3,1,3->2->1,2,2663.494044,2663.494184,0.000140
24918,SENSOR_DATA,11,1,11->1,1,2664.204738,2664.204831,0.000093
24921,SENSOR_DATA,34,1,34->23->12->2->1,4,2664.554077,2664.554418,0.000341
24923,SENSOR_DATA,4,1,4->13->3->2->1,4,2664.696931,2664.697209,0.000279
24926,SENSOR_DATA,23,1,23->12->2->1,3,2664.912783,2664.913021,0.000239
24931,SENSOR_DATA,21,1,21->11->1,2,2665.481629,2665.481799,0.000170
24935,SENSOR_DATA,10,1,10->1,1,2665.580227,2665.580296,0.000069
24939,SENSOR_DATA,41,1,41->31->21->11->1,4,2665.923126,2665.923431,0.000306
24944,SENSOR_DATA,42,1,42->31->21->11->1,4,2666.253404,2666.253738,0.000335
24949,SENSOR_DATA,30,1,30->21->11->1,3,2666.467984,2666.468202,0.000219
24955,SENSOR_DATA,35,1,35->34->23->12->2->1,5,2667.439348,2667.439752,0.000404
24967,SENSOR_DATA,22,1,22->11->1,2,2668.591410,2668.591575,0.000165
24969,SENSOR_DATA,20,1,20->11->1,2,2669.287111,2669.287308,0.000197
24976,SENSOR_DATA,31,1,31->21->11->1,3,2669.889377,2669.889618,0.000241
24980,SENSOR_DATA,12,1,12->2->1,2,2670.316218,2670.316386,0.000167
24992,SENSOR_DATA,0,1,0->1,1,2671.188125,2671.188173,0.000048
24993,SENSOR_DATA,32,1,32->22->11->1,3,2671.223711,2671.223980,0.000269
24994,SENSOR_DATA,13,1,13->3->2->1,3,2671.223882,2671.224077,0.000195
24998,SENSOR_DATA,40,1,40->41->31->21->11->1,5,2671.867377,2671.867759,0.000382
25001,SENSOR_DATA,2,1,2->1,1,2672.104102,2672.104172,0.000070
25003,SENSOR_DATA,14,1,14->23->12->2->1,4,2672.690114,2672.690457,0.000344
25013,SENSOR_DATA,3,1,3->2->1,2,2673.494044,2673.494184,0.000140
25017,SENSOR_DATA,11,1,11->1,1,2674.204738,2674.204831,0.000093
25020,SENSOR_DATA,34,1,34->23->12->2->1,4,2674.554077,2674.554418,0.000341
25022,SENSOR_DATA,4,1,4->13->3->2->1,4,2674.696931,2674.697209,0.000279
25025,SENSOR_DATA,23,1,23->12->2->1,3,2674.912783,2674.913021,0.000239
25030,SENSOR_DATA,21,1,21->11->1,2,2675.481629,2675.481799,0.000170
25034,SENSOR_DATA,10,1,10->1,1,2675.580227,2675.580296,0.000069
25038,SENSOR_DATA,41,1,41->31->21->11->1,4,2675.923126,2675.923431,0.000306
25043,SENSOR_DATA,42,1,42->31->21->11->1,4,2676.253404,2676.253738,0.000335
25048,SENSOR_DATA,30,1,30->21->11->1,3,2676.467984,2676.468202,0.000219
25054,SENSOR_DATA,35,1,35->34->23->12->2->1,5,2677.439348,2677.439752,0.000404
25066,SENSOR_DATA,22,1,22->11->1,2,2678.591410,2678.591575,0.000165
25068,SENSOR_DATA,20,1,20->11->1,2,2679.287111,2679.287308,0.000197
25075,SENSOR_DATA,31,1,31->21->11->1,3,2679.889377,2679.889618,0.000241
25079,SENSOR_DATA,12,1,12->2->1,2,2680.316218,2680.316386,0.000167
25091,SENSOR_DATA,0,1,0->1,1,2681.188125,2681.188173,0.000048
25092,SENSOR_DATA,32,1,32->22->11->1,3,2681.223711,2681.223980,0.000269
25093,SENSOR_DATA,13,1,13->3->2->1,3,2681.223882,2681.224077,0.000195
25097,SENSOR_DATA,40,1,40->41->31->21->11->1,5,2681.867377,2681.867759,0.000382
25100,SENSOR_DATA,2,1,2->1,1,2682.104102,2682.104172,0.000070
25102,SENSOR_DATA,14,1,14->23->12->2->1,4,2682.690114,2682.690457,0.000344
25112,SENSOR_DATA,3,1,3->2->1,2,2683.494044,2683.494184,0.000140
25116,SENSOR_DATA,11,1,11->1,1,2684.204738,2684.204831,0.000093
25119,SENSOR_DATA,34,1,34->23->12->2->1,4,2684.554077,2684.554418,0.000341
25121,SENSOR_DATA,4,1,4->13->3->2->1,4,2684.696931,2684.697209,0.000279
25124,SENSOR_DATA,23,1,23->12->2->1,3,2684.912783,2684.913021,0.000239
25129,SENSOR_DATA,21,1,21->11->1,2,2685.481629,2685.481799,0.000170
25133,SENSOR_DATA,10,1,10->1,1,2685.580227,2685.580296,0.000069
25137,SENSOR_DATA,41,1,41->31->21->11->1,4,2685.923126,2685.923431,0.000306
25142,SENSOR_DATA,42,1,42->31->21->11->1,4,2686.253404,2686.253738,0.000335
25147,SENSOR_DATA,30,1,30->21->11->1,3,2686.467984,2686.468202,0.000219
25153,SENSOR_DATA,35,1,35->34->23->12->2->1,5,2687.439348,2687.439752,0.000404
25165,SENSOR_DATA,22,1,22->11->1,2,2688.591410,2688.591575,0.000165
25167,SENSOR_DATA,20,1,20->11->1,2,2689.287111,2689.287308,0.000197
25174,SENSOR_DATA,31,1,31->21->11->1,3,2689.889377,2689.889618,0.000241
25178,SENSOR_DATA,12,1,12->2->1,2,2690.316218,2690.316386,0.000167
25190,SENSOR_DATA,0,1,0->1,1,2691.188125,2691.188173,0.000048
25191,SENSOR_DATA,32,1,32->22->11->1,3,2691.223711,2691.223980,0.000269
25192,SENSOR_DATA,13,1,13->3->2->1,3,2691.223882,2691.224077,0.000195
25196,SENSOR_DATA,40,1,40->41->31->21->11->1,5,2691.867377,2691.867759,0.000382
25199,SENSOR_DATA,2,1,2->1,1,2692.104102,2692.104172,0.000070
25201,SENSOR_DATA,14,1,14->23->12->2->1,4,2692.690114,2692.690457,0.000344
25211,SENSOR_DATA,3,1,3->2->1,2,2693.494044,2693.494184,0.000140
25215,SENSOR_DATA,11,1,11->1,1,2694.204738,2694.204831,0.000093
25218,SENSOR_DATA,34,1,34->23->12->2->1,4,2694.554077,2694.554418,0.000341
25220,SENSOR_DATA,4,1,4->13->3->2->1,4,2694.696931,2694.697209,0.000279
25223,SENSOR_DATA,23,1,23->12->2->1,3,2694.912783,2694.913021,0.000239
25228,SENSOR_DATA,21,1,21->11->1,2,2695.481629,2695.481799,0.000170
25232,SENSOR_DATA,10,1,10->1,1,2695.580227,2695.580296,0.000069
25236,SENSOR_DATA,41,1,41->31->21->11->1,4,2695.923126,2695.923431,0.000306
25241,SENSOR_DATA,42,1,42->31->21->11->1,4,2696.253404,2696.253738,0.000335
25246,SENSOR_DATA,30,1,30->21->11->1,3,2696.467984,2696.468202,0.000219
25252,SENSOR_DATA,35,1,35->34->23->12->2->1,5,2697.439348,2697.439752,0.000404
25264,SENSOR_DATA,22,1,22->11->1,2,2698.591410,2698.591575,0.000165
25266,SENSOR_DATA,20,1,20->11->1,2,2699.287111,2699.287308,0.000197
25273,SENSOR_DATA,31,1,31->21->11->1,3,2699.889377,2699.889618,0.000241
25277,SENSOR_DATA,12,1,12->2->1,2,2700.316218,2700.316386,0.000167
25289,SENSOR_DATA,0,1,0->1,1,2701.188125,2701.188173,0.000048
25290,SENSOR_DATA,32,1,32->22->11->1,3,2701.223711,2701.223980,0.000269
25291,SENSOR_DATA,13,1,13->3->2->1,3,2701.223882,2701.224077,0.000195
25295,SENSOR_DATA,40,1,40->41->31->21->11->1,5,2701.867377,2701.867759,0.000382
25298,SENSOR_DATA,2,1,2->1,1,2702.104102,2702.104172,0.000070
25300,SENSOR_DATA,14,1,14->23->12->2->1,4,2702.690114,2702.690457,0.000344
25310,SENSOR_DATA,3,1,3->2->1,2,2703.494044,2703.494184,0.000140
25314,SENSOR_DATA,11,1,11->1,1,2704.204738,2704.204831,0.000093
25317,SENSOR_DATA,34,1,34->23->12->2->1,4,2704.554077,2704.554418,0.000341
25319,SENSOR_DATA,4,1,4->13->3->2->1,4,2704.696931,2704.697209,0.000279
25322,SENSOR_DATA,23,1,23->12->2->1,3,2704.912783,2704.913021,0.000239
25327,SENSOR_DATA,21,1,21->11->1,2,2705.481629,2705.481799,0.000170
25331,SENSOR_DATA,10,1,10->1,1,2705.580227,2705.580296,0.000069
25335,SENSOR_DATA,41,1,41->31->21->11->1,4,2705.923126,2705.923431,0.000306
25340,SENSOR_DATA,42,1,42->31->21->11->1,4,2706.253404,2706.253738,0.000335
25345,SENSOR_DATA,30,1,30->21->11->1,3,2706.467984,2706.468202,0.000219
25351,SENSOR_DATA,35,1,35->34->23->12->2->1,5,2707.439348,2707.439752,0.000404
25363,SENSOR_DATA,22,1,22->11->1,2,2708.591410,2708.591575,0.000165
25365,SENSOR_DATA,20,1,20->11->1,2,2709.287111,2709.287308,0.000197
25372,SENSOR_DATA,31,1,31->21->11->1,3,2709.889377,2709.889618,0.000241
25376,SENSOR_DATA,12,1,12->2->1,2,2710.316218,2710.316386,0.000167
25388,SENSOR_DATA,0,1,0->1,1,2711.188125,2711.188173,0.000048
25389,SENSOR_DATA,32,1,32->22->11->1,3,2711.223711,2711.223980,0.000269
25390,SENSOR_DATA,13,1,13->3->2->1,3,2711.223882,2711.224077,0.000195
25394,SENSOR_DATA,40,1,40->41->31->21->11->1,5,2711.867377,2711.867759,0.000382
25397,SENSOR_DATA,2,1,2->1,1,2712.104102,2712.104172,0.000070
25399,SENSOR_DATA,14,1,14->23->12->2->1,4,2712.690114,2712.690457,0.000344
25409,SENSOR_DATA,3,1,3->2->1,2,2713.494044,2713.494184,0.000140
25413,SENSOR_DATA,11,1,11->1,1,2714.204738,2714.204831,0.000093
25416,SENSOR_DATA,34,1,34->23->12->2->1,4,2714.554077,2714.554418,0.000341
25418,SENSOR_DATA,4,1,4->13->3->2->1,4,2714.696931,2714.697209,0.000279
25421,SENSOR_DATA,23,1,23->12->2->1,3,2714.912783,2714.913021,0.000239
25426,SENSOR_DATA,21,1,21->11->1,2,2715.481629,2715.481799,0.000170
25430,SENSOR_DATA,10,1,10->1,1,2715.580227,2715.580296,0.000069
25434,SENSOR_DATA,41,1,41->31->21->11->1,4,2715.923126,2715.923431,0.000306
25439,SENSOR_DATA,42,1,42->31->21->11->1,4,2716.253404,2716.253738,0.000335
25444,SENSOR_DATA,30,1,30->21->11->1,3,2716.467984,2716.468202,0.000219
25450,SENSOR_DATA,35,1,35->34->23->12->2->1,5,2717.439348,2717.439752,0.000404
25462,SENSOR_DATA,22,1,22->11->1,2,2718.591410,2718.591575,0.000165
25464,SENSOR_DATA,20,1,20->11->1,2,2719.287111,2719.287308,0.000197
25471,SENSOR_DATA,31,1,31->21->11->1,3,2719.889377,2719.889618,0.000241
25475,SENSOR_DATA,12,1,12->2->1,2,2720.316218,2720.316386,0.000167
25487,SENSOR_DATA,0,1,0->1,1,2721.188125,2721.188173,0.000048
25488,SENSOR_DATA,32,1,32->22->11->1,3,2721.223711,2721.223980,0.000269
25489,SENSOR_DATA,13,1,13->3->2->1,3,2721.223882,2721.224077,0.000195
25493,SENSOR_DATA,40,1,40->41->31->21->11->1,5,2721.867377,2721.867759,0.000382
25496,SENSOR_DATA,2,1,2->1,1,2722.104102,2722.104172,0.000070
25498,SENSOR_DATA,14,1,14->23->12->2->1,4,2722.690114,2722.690457,0.000344
25508,SENSOR_DATA,3,1,3->2->1,2,2723.494044,2723.494184,0.000140
25512,SENSOR_DATA,11,1,11->1,1,2724.204738,2724.204831,0.000093
25515,SENSOR_DATA,34,1,34->23->12->2->1,4,2724.554077,2724.554418,0.000341
25517,SENSOR_DATA,4,1,4->13->3->2->1,4,2724.696931,2724.697209,0.000279
25520,SENSOR_DATA,23,1,23->12->2->1,3,2724.912783,2724.913021,0.000239
25525,SENSOR_DATA,21,1,21->11->1,2,2725.481629,2725.481799,0.000170
25529,SENSOR_DATA,10,1,10->1,1,2725.580227,2725.580296,0.000069
25533,SENSOR_DATA,41,1,41->31->21->11->1,4,2725.923126,2725.923431,0.000306
25538,SENSOR_DATA,42,1,42->31->21->11->1,4,2726.253404,2726.253738,0.000335
25543,SENSOR_DATA,30,1,30->21->11->1,3,2726.467984,2726.468202,0.000219
25549,SENSOR_DATA,35,1,35->34->23->12->2->1,5,2727.439348,2727.439752,0.000404
25561,SENSOR_DATA,22,1,22->11->1,2,2728.591410,2728.591575,0.000165
25563,SENSOR_DATA,20,1,20->11->1,2,2729.287111,2729.287308,0.000197
25570,SENSOR_DATA,31,1,31->21->11->1,3,2729.889377,2729.889618,0.000241
25574,SENSOR_DATA,12,1,12->2->1,2,2730.316218,2730.316386,0.000167
25586,SENSOR_DATA,0,1,0->1,1,2731.188125,2731.188173,0.000048
25587,SENSOR_DATA,32,1,32->22->11->1,3,2731.223711,2731.223980,0.000269
25588,SENSOR_DATA,13,1,13->3->2->1,3,2731.223882,2731.224077,0.000195
25592,SENSOR_DATA,40,1,40->41->31->21->11->1,5,2731.867377,2731.867759,0.000382
25595,SENSOR_DATA,2,1,2->1,1,2732.104102,2732.104172,0.000070
25597,SENSOR_DATA,14,1,14->23->12->2->1,4,2732.690114,2732.690457,0.000344
25607,SENSOR_DATA,3,1,3->2->1,2,2733.494044,2733.494184,0.000140
25611,SENSOR_DATA,11,1,11->1,1,2734.204738,2734.204831,0.000093
25614,SENSOR_DATA,34,1,34->23->12->2->1,4,2734.554077,2734.554418,0.000341
25616,SENSOR_DATA,4,1,4->13->3->2->1,4,2734.696931,2734.697209,0.000279
25619,SENSOR_DATA,23,1,23->12->2->1,3,2734.912783,2734.913021,0.000239
25624,SENSOR_DATA,21,1,21->11->1,2,2735.481629,2735.481799,0.000170
25628,SENSOR_DATA,10,1,10->1,1,2735.580227,2735.580296,0.000069
25632,SENSOR_DATA,41,1,41->31->21->11->1,4,2735.923126,2735.923431,0.000306
25637,SENSOR_DATA,42,1,42->31->21->11->1,4,2736.253404,2736.253738,0.000335
25642,SENSOR_DATA,30,1,30->21->11->1,3,2736.467984,2736.468202,0.000219
25648,SENSOR_DATA,35,1,35->34->23->12->2->1,5,2737.439348,2737.439752,0.000404
25660,SENSOR_DATA,22,1,22->11->1,2,2738.591410,2738.591575,0.000165
25662,SENSOR_DATA,20,1,20->11->1,2,2739.287111,2739.287308,0.000197
25669,SENSOR_DATA,31,1,31->21->11->1,3,2739.889377,2739.889618,0.000241
25673,SENSOR_DATA,12,1,12->2->1,2,2740.316218,2740.316386,0.000167
25685,SENSOR_DATA,0,1,0->1,1,2741.188125,2741.188173,0.000048
25686,SENSOR_DATA,32,1,32->22->11->1,3,2741.223711,2741.223980,0.000269
25687,SENSOR_DATA,13,1,13->3->2->1,3,2741.223882,2741.224077,0.000195
25691,SENSOR_DATA,40,1,40->41->31->21->11->1,5,2741.867377,2741.867759,0.000382
25694,SENSOR_DATA,2,1,2->1,1,2742.104102,2742.104172,0.000070
25696,SENSOR_DATA,14,1,14->23->12->2->1,4,2742.690114,2742.690457,0.000344
25706,SENSOR_DATA,3,1,3->2->1,2,2743.494044,2743.494184,0.000140
25710,SENSOR_DATA,11,1,11->1,1,2744.204738,2744.204831,0.000093
25713,SENSOR_DATA,34,1,34->23->12->2->1,4,2744.554077,2744.554418,0.000341
25715,SENSOR_DATA,4,1,4->13->3->2->1,4,2744.696931,2744.697209,0.000279
25718,SENSOR_DATA,23,1,23->12->2->1,3,2744.912783,2744.913021,0.000239
25723,SENSOR_DATA,21,1,21->11->1,2,2745.481629,2745.481799,0.000170
25727,SENSOR_DATA,10,1,10->1,1,2745.580227,2745.580296,0.000069
25731,SENSOR_DATA,41,1,41->31->21->11->1,4,2745.923126,2745.923431,0.000306
25736,SENSOR_DATA,42,1,42->31->21->11->1,4,2746.253404,2746.253738,0.000335
25741,SENSOR_DATA,30,1,30->21->11->1,3,2746.467984,2746.468202,0.000219
25747,SENSOR_DATA,35,1,35->34->23->12->2->1,5,2747.439348,2747.439752,0.000404
25759,SENSOR_DATA,22,1,22->11->1,2,2748.591410,2748.591575,0.000165
25761,SENSOR_DATA,20,1,20->11->1,2,2749.287111,2749.287308,0.000197
25768,SENSOR_DATA,31,1,31->21->11->1,3,2749.889377,2749.889618,0.000241
25772,SENSOR_DATA,12,1,12->2->1,2,2750.316218,2750.316386,0.000167
25784,SENSOR_DATA,0,1,0->1,1,2751.188125,2751.188173,0.000048
25785,SENSOR_DATA,32,1,32->22->11->1,3,2751.223711,2751.223980,0.000269
25786,SENSOR_DATA,13,1,13->3->2->1,3,2751.223882,2751.224077,0.000195
25790,SENSOR_DATA,40,1,40->41->31->21->11->1,5,2751.867377,2751.867759,0.000382
25793,SENSOR_DATA,2,1,2->1,1,2752.104102,2752.104172,0.000070
25795,SENSOR_DATA,14,1,14->23->12->2->1,4,2752.690114,2752.690457,0.000344
25805,SENSOR_DATA,3,1,3->2->1,2,2753.494044,2753.494184,0.000140
25809,SENSOR_DATA,11,1,11->1,1,2754.204738,2754.204831,0.000093
25812,SENSOR_DATA,34,1,34->23->12->2->1,4,2754.554077,2754.554418,0.000341
25814,SENSOR_DATA,4,1,4->13->3->2->1,4,2754.696931,2754.697209,0.000279
25817,SENSOR_DATA,23,1,23->12->2->1,3,2754.912783,2754.913021,0.000239
25822,SENSOR_DATA,21,1,21->11->1,2,2755.481629,2755.481799,0.000170
25826,SENSOR_DATA,10,1,10->1,1,2755.580227,2755.580296,0.000069
25830,SENSOR_DATA,41,1,41->31->21->11->1,4,2755.923126,2755.923431,0.000306
25835,SENSOR_DATA,42,1,42->31->21->11->1,4,2756.253404,2756.253738,0.000335
25840,SENSOR_DATA,30,1,30->21->11->1,3,2756.467984,2756.468202,0.000219
25846,SENSOR_DATA,35,1,35->34->23->12->2->1,5,2757.439348,2757.439752,0.000404
25858,SENSOR_DATA,22,1,22->11->1,2,2758.591410,2758.591575,0.000165
25860,SENSOR_DATA,20,1,20->11->1,2,2759.287111,2759.287308,0.000197
25867,SENSOR_DATA,31,1,31->21->11->1,3,2759.889377,2759.889618,0.000241
25871,SENSOR_DATA,12,1,12->2->1,2,2760.316218,2760.316386,0.000167
25883,SENSOR_DATA,0,1,0->1,1,2761.188125,2761.188173,0.000048
25884,SENSOR_DATA,32,1,32->22->11->1,3,2761.223711,2761.223980,0.000269
25885,SENSOR_DATA,13,1,13->3->2->1,3,2761.223882,2761.224077,0.000195
25889,SENSOR_DATA,40,1,40->41->31->21->11->1,5,2761.867377,2761.867759,0.000382
25892,SENSOR_DATA,2,1,2->1,1,2762.104102,2762.104172,0.000070
25894,SENSOR_DATA,14,1,14->23->12->2->1,4,2762.690114,2762.690457,0.000344
25904,SENSOR_DATA,3,1,3->2->1,2,2763.494044,2763.494184,0.000140
25908,SENSOR_DATA,11,1,11->1,1,2764.204738,2764.204831,0.000093
25911,SENSOR_DATA,34,1,34->23->12->2->1,4,2764.554077,2764.554418,0.000341
25913,SENSOR_DATA,4,1,4->13->3->2->1,4,2764.696931,2764.697209,0.000279
25916,SENSOR_DATA,23,1,23->12->2->1,3,2764.912783,2764.913021,0.000239
25921,SENSOR_DATA,21,1,21->11->1,2,2765.481629,2765.481799,0.000170
25925,SENSOR_DATA,10,1,10->1,1,2765.580227,2765.580296,0.000069
25929,SENSOR_DATA,41,1,41->31->21->11->1,4,2765.923126,2765.923431,0.000306
25934,SENSOR_DATA,42,1,42->31->21->11->1,4,2766.253404,2766.253738,0.000335
25939,SENSOR_DATA,30,1,30->21->11->1,3,2766.467984,2766.468202,0.000219
25945,SENSOR_DATA,35,1,35->34->23->12->2->1,5,2767.439348,2767.439752,0.000404
25957,SENSOR_DATA,22,1,22->11->1,2,2768.591410,2768.591575,0.000165
25959,SENSOR_DATA,20,1,20->11->1,2,2769.287111,2769.287308,0.000197
25966,SENSOR_DATA,31,1,31->21->11->1,3,2769.889377,2769.889618,0.000241
25970,SENSOR_DATA,12,1,12->2->1,2,2770.316218,2770.316386,0.000167
25982,SENSOR_DATA,0,1,0->1,1,2771.188125,2771.188173,0.000048
25983,SENSOR_DATA,32,1,32->22->11->1,3,2771.223711,2771.223980,0.000269
25984,SENSOR_DATA,13,1,13->3->2->1,3,2771.223882,2771.224077,0.000195
25988,SENSOR_DATA,40,1,40->41->31->21->11->1,5,2771.867377,2771.867759,0.000382
25991,SENSOR_DATA,2,1,2->1,1,2772.104102,2772.104172,0.000070
25993,SENSOR_DATA,14,1,14->23->12->2->1,4,2772.690114,2772.690457,0.000344
26003,SENSOR_DATA,3,1,3->2->1,2,2773.494044,2773.494184,0.000140
26007,SENSOR_DATA,11,1,11->1,1,2774.204738,2774.204831,0.000093
26010,SENSOR_DATA,34,1,34->23->12->2->1,4,2774.554077,2774.554418,0.000341
26012,SENSOR_DATA,4,1,4->13->3->2->1,4,2774.696931,2774.697209,0.000279
26015,SENSOR_DATA,23,1,23->12->2->1,3,2774.912783,2774.913021,0.000239
26020,SENSOR_DATA,21,1,21->11->1,2,2775.481629,2775.481799,0.000170
26024,SENSOR_DATA,10,1,10->1,1,2775.580227,2775.580296,0.000069
26028,SENSOR_DATA,41,1,41->31->21->11->1,4,2775.923126,2775.923431,0.000306
26033,SENSOR_DATA,42,1,42->31->21->11->1,4,2776.253404,2776.253738,0.000335
26038,SENSOR_DATA,30,1,30->21->11->1,3,2776.467984,2776.468202,0.000219
26044,SENSOR_DATA,35,1,35->34->23->12->2->1,5,2777.439348,2777.439752,0.000404
26056,SENSOR_DATA,22,1,22->11->1,2,2778.591410,2778.591575,0.000165
26058,SENSOR_DATA,20,1,20->11->1,2,2779.287111,2779.287308,0.000197
26065,SENSOR_DATA,31,1,31->21->11->1,3,2779.889377,2779.889618,0.000241
26069,SENSOR_DATA,12,1,12->2->1,2,2780.316218,2780.316386,0.000167
26081,SENSOR_DATA,0,1,0->1,1,2781.188125,2781.188173,0.000048
26082,SENSOR_DATA,32,1,32->22->11->1,3,2781.223711,2781.223980,0.000269
26083,SENSOR_DATA,13,1,13->3->2->1,3,2781.223882,2781.224077,0.000195
26087,SENSOR_DATA,40,1,40->41->31->21->11->1,5,2781.867377,2781.867759,0.000382
26090,SENSOR_DATA,2,1,2->1,1,2782.104102,2782.104172,0.000070
26092,SENSOR_DATA,14,1,14->23->12->2->1,4,2782.690114,2782.690457,0.000344
26102,SENSOR_DATA,3,1,3->2->1,2,2783.494044,2783.494184,0.000140
26106,SENSOR_DATA,11,1,11->1,1,2784.204738,2784.204831,0.000093
26109,SENSOR_DATA,34,1,34->23->12->2->1,4,2784.554077,2784.554418,0.000341
26111,SENSOR_DATA,4,1,4->13->3->2->1,4,2784.696931,2784.697209,0.000279
26114,SENSOR_DATA,23,1,23->12->2->1,3,2784.912783,2784.913021,0.000239
26119,SENSOR_DATA,21,1,21->11->1,2,2785.481629,2785.481799,0.000170
26123,SENSOR_DATA,10,1,10->1,1,2785.580227,2785.580296,0.000069
26127,SENSOR_DATA,41,1,41->31->21->11->1,4,2785.923126,2785.923431,0.000306
26132,SENSOR_DATA,42,1,42->31->21->11->1,4,2786.253404,2786.253738,0.000335
26137,SENSOR_DATA,30,1,30->21->11->1,3,2786.467984,2786.468202,0.000219
26143,SENSOR_DATA,35,1,35->34->23->12->2->1,5,2787.439348,2787.439752,0.000404
26155,SENSOR_DATA,22,1,22->11->1,2,2788.591410,2788.591575,0.000165
26157,SENSOR_DATA,20,1,20->11->1,2,2789.287111,2789.287308,0.000197
26164,SENSOR_DATA,31,1,31->21->11->1,3,2789.889377,2789.889618,0.000241
26168,SENSOR_DATA,12,1,12->2->1,2,2790.316218,2790.316386,0.000167
26180,SENSOR_DATA,0,1,0->1,1,2791.188125,2791.188173,0.000048
26181,SENSOR_DATA,32,1,32->22->11->1,3,2791.223711,2791.223980,0.000269
26182,SENSOR_DATA,13,1,13->3->2->1,3,2791.223882,2791.224077,0.000195
26186,SENSOR_DATA,40,1,40->41->31->21->11->1,5,2791.867377,2791.867759,0.000382
26189,SENSOR_DATA,2,1,2->1,1,2792.104102,2792.104172,0.000070
26191,SENSOR_DATA,14,1,14->23->12->2->1,4,2792.690114,2792.690457,0.000344
26201,SENSOR_DATA,3,1,3->2->1,2,2793.494044,2793.494184,0.000140
26205,SENSOR_DATA,11,1,11->1,1,2794.204738,2794.204831,0.000093
26208,SENSOR_DATA,34,1,34->23->12->2->1,4,2794.554077,2794.554418,0.000341
26210,SENSOR_DATA,4,1,4->13->3->2->1,4,2794.696931,2794.697209,0.000279
26213,SENSOR_DATA,23,1,23->12->2->1,3,2794.912783,2794.913021,0.000239
26218,SENSOR_DATA,21,1,21->11->1,2,2795.481629,2795.481799,0.000170
26222,SENSOR_DATA,10,1,10->1,1,2795.580227,2795.580296,0.000069
26226,SENSOR_DATA,41,1,41->31->21->11->1,4,2795.923126,2795.923431,0.000306
26231,SENSOR_DATA,42,1,42->31->21->11->1,4,2796.253404,2796.253738,0.000335
26236,SENSOR_DATA,30,1,30->21->11->1,3,2796.467984,2796.468202,0.000219
26242,SENSOR_DATA,35,1,35->34->23->12->2->1,5,2797.439348,2797.439752,0.000404
26254,SENSOR_DATA,22,1,22->11->1,2,2798.591410,2798.591575,0.000165
26256,SENSOR_DATA,20,1,20->11->1,2,2799.287111,2799.287308,0.000197
26263,SENSOR_DATA,31,1,31->21->11->1,3,2799.889377,2799.889618,0.000241
26267,SENSOR_DATA,12,1,12->2->1,2,2800.316218,2800.316386,0.000167
26279,SENSOR_DATA,0,1,0->1,1,2801.188125,2801.188173,0.000048
26280,SENSOR_DATA,32,1,32->22->11->1,3,2801.223711,2801.223980,0.000269
26281,SENSOR_DATA,13,1,13->3->2->1,3,2801.223882,2801.224077,0.000195
26285,SENSOR_DATA,40,1,40->41->31->21->11->1,5,2801.867377,2801.867759,0.000382
26288,SENSOR_DATA,2,1,2->1,1,2802.104102,2802.104172,0.000070
26290,SENSOR_DATA,14,1,14->23->12->2->1,4,2802.690114,2802.690457,0.000344
26300,SENSOR_DATA,3,1,3->2->1,2,2803.494044,2803.494184,0.000140
26304,SENSOR_DATA,11,1,11->1,1,2804.204738,2804.204831,0.000093
26307,SENSOR_DATA,34,1,34->23->12->2->1,4,2804.554077,2804.554418,0.000341
26309,SENSOR_DATA,4,1,4->13->3->2->1,4,2804.696931,2804.697209,0.000279
26312,SENSOR_DATA,23,1,23->12->2->1,3,2804.912783,2804.913021,0.000239
26317,SENSOR_DATA,21,1,21->11->1,2,2805.481629,2805.481799,0.000170
26321,SENSOR_DATA,10,1,10->1,1,2805.580227,2805.580296,0.000069
26325,SENSOR_DATA,41,1,41->31->21->11->1,4,2805.923126,2805.923431,0.000306
26330,SENSOR_DATA,42,1,42->31->21->11->1,4,2806.253404,2806.253738,0.000335
26335,SENSOR_DATA,30,1,30->21->11->1,3,2806.467984,2806.468202,0.000219
26341,SENSOR_DATA,35,1,35->34->23->12->2->1,5,2807.439348,2807.439752,0.000404
26353,SENSOR_DATA,22,1,22->11->1,2,2808.591410,2808.591575,0.000165
26355,SENSOR_DATA,20,1,20->11->1,2,2809.287111,2809.287308,0.000197
26362,SENSOR_DATA,31,1,31->21->11->1,3,2809.889377,2809.889618,0.000241
26366,SENSOR_DATA,12,1,12->2->1,2,2810.316218,2810.316386,0.000167
26378,SENSOR_DATA,0,1,0->1,1,2811.188125,2811.188173,0.000048
26379,SENSOR_DATA,32,1,32->22->11->1,3,2811.223711,2811.223980,0.000269
26380,SENSOR_DATA,13,1,13->3->2->1,3,2811.223882,2811.224077,0.000195
26384,SENSOR_DATA,40,1,40->41->31->21->11->1,5,2811.867377,2811.867759,0.000382
26387,SENSOR_DATA,2,1,2->1,1,2812.104102,2812.104172,0.000070
26389,SENSOR_DATA,14,1,14->23->12->2->1,4,2812.690114,2812.690457,0.000344
26399,SENSOR_DATA,3,1,3->2->1,2,2813.494044,2813.494184,0.000140
26403,SENSOR_DATA,11,1,11->1,1,2814.204738,2814.204831,0.000093
26406,SENSOR_DATA,34,1,34->23->12->2->1,4,2814.554077,2814.554418,0.000341
26408,SENSOR_DATA,4,1,4->13->3->2->1,4,2814.696931,2814.697209,0.000279
26411,SENSOR_DATA,23,1,23->12->2->1,3,2814.912783,2814.913021,0.000239
26416,SENSOR_DATA,21,1,21->11->1,2,2815.481629,2815.481799,0.000170
26420,SENSOR_DATA,10,1,10->1,1,2815.580227,2815.580296,0.000069
26424,SENSOR_DATA,41,1,41->31->21->11->1,4,2815.923126,2815.923431,0.000306
26429,SENSOR_DATA,42,1,42->31->21->11->1,4,2816.253404,2816.253738,0.000335
26434,SENSOR_DATA,30,1,30->21->11->1,3,2816.467984,2816.468202,0.000219
26440,SENSOR_DATA,35,1,35->34->23->12->2->1,5,2817.439348,2817.439752,0.000404
26452,SENSOR_DATA,22,1,22->11->1,2,2818.591410,2818.591575,0.000165
26454,SENSOR_DATA,20,1,20->11->1,2,2819.287111,2819.287308,0.000197
26461,SENSOR_DATA,31,1,31->21->11->1,3,2819.889377,2819.889618,0.000241
26465,SENSOR_DATA,12,1,12->2->1,2,2820.316218,2820.316386,0.000167
26477,SENSOR_DATA,0,1,0->1,1,2821.188125,2821.188173,0.000048
26478,SENSOR_DATA,32,1,32->22->11->1,3,2821.223711,2821.223980,0.000269
26479,SENSOR_DATA,13,1,13->3->2->1,3,2821.223882,2821.224077,0.000195
26483,SENSOR_DATA,40,1,40->41->31->21->11->1,5,2821.867377,2821.867759,0.000382
26486,SENSOR_DATA,2,1,2->1,1,2822.104102,2822.104172,0.000070
26488,SENSOR_DATA,14,1,14->23->12->2->1,4,2822.690114,2822.690457,0.000344
26498,SENSOR_DATA,3,1,3->2->1,2,2823.494044,2823.494184,0.000140
26502,SENSOR_DATA,11,1,11->1,1,2824.204738,2824.204831,0.000093
26505,SENSOR_DATA,34,1,34->23->12->2->1,4,2824.554077,2824.554418,0.000341
26507,SENSOR_DATA,4,1,4->13->3->2->1,4,2824.696931,2824.697209,0.000279
26510,SENSOR_DATA,23,1,23->12->2->1,3,2824.912783,2824.913021,0.000239
26515,SENSOR_DATA,21,1,21->11->1,2,2825.481629,2825.481799,0.000170
26519,SENSOR_DATA,10,1,10->1,1,2825.580227,2825.580296,0.000069
26523,SENSOR_DATA,41,1,41->31->21->11->1,4,2825.923126,2825.923431,0.000306
26528,SENSOR_DATA,42,1,42->31->21->11->1,4,2826.253404,2826.253738,0.000335
26533,SENSOR_DATA,30,1,30->21->11->1,3,2826.467984,2826.468202,0.000219
26539,SENSOR_DATA,35,1,35->34->23->12->2->1,5,2827.439348,2827.439752,0.000404
26551,SENSOR_DATA,22,1,22->11->1,2,2828.591410,2828.591575,0.000165
26553,SENSOR_DATA,20,1,20->11->1,2,2829.287111,2829.287308,0.000197
26560,SENSOR_DATA,31,1,31->21->11->1,3,2829.889377,2829.889618,0.000241
26564,SENSOR_DATA,12,1,12->2->1,2,2830.316218,2830.316386,0.000167
26576,SENSOR_DATA,0,1,0->1,1,2831.188125,2831.188173,0.000048
26577,SENSOR_DATA,32,1,32->22->11->1,3,2831.223711,2831.223980,0.000269
26578,SENSOR_DATA,13,1,13->3->2->1,3,2831.223882,2831.224077,0.000195
26582,SENSOR_DATA,40,1,40->41->31->21->11->1,5,2831.867377,2831.867759,0.000382
26585,SENSOR_DATA,2,1,2->1,1,2832.104102,2832.104172,0.000070
26587,SENSOR_DATA,14,1,14->23->12->2->1,4,2832.690114,2832.690457,0.000344
26597,SENSOR_DATA,3,1,3->2->1,2,2833.494044,2833.494184,0.000140
26601,SENSOR_DATA,11,1,11->1,1,2834.204738,2834.204831,0.000093
26604,SENSOR_DATA,34,1,34->23->12->2->1,4,2834.554077,2834.554418,0.000341
26606,SENSOR_DATA,4,1,4->13->3->2->1,4,2834.696931,2834.697209,0.000279
26609,SENSOR_DATA,23,1,23->12->2->1,3,2834.912783,2834.913021,0.000239
26614,SENSOR_DATA,21,1,21->11->1,2,2835.481629,2835.481799,0.000170
26618,SENSOR_DATA,10,1,10->1,1,2835.580227,2835.580296,0.000069
26622,SENSOR_DATA,41,1,41->31->21->11->1,4,2835.923126,2835.923431,0.000306
26627,SENSOR_DATA,42,1,42->31->21->11->1,4,2836.253404,2836.253738,0.000335
26632,SENSOR_DATA,30,1,30->21->11->1,3,2836.467984,2836.468202,0.000219
26638,SENSOR_DATA,35,1,35->34->23->12->2->1,5,2837.439348,2837.439752,0.000404
26650,SENSOR_DATA,22,1,22->11->1,2,2838.591410,2838.591575,0.000165
26652,SENSOR_DATA,20,1,20->11->1,2,2839.287111,2839.287308,0.000197
26659,SENSOR_DATA,31,1,31->21->11->1,3,2839.889377,2839.889618,0.000241
26663,SENSOR_DATA,12,1,12->2->1,2,2840.316218,2840.316386,0.000167
26675,SENSOR_DATA,0,1,0->1,1,2841.188125,2841.188173,0.000048
26676,SENSOR_DATA,32,1,32->22->11->1,3,2841.223711,2841.223980,0.000269
26677,SENSOR_DATA,13,1,13->3->2->1,3,2841.223882,2841.224077,0.000195
26681,SENSOR_DATA,40,1,40->41->31->21->11->1,5,2841.867377,2841.867759,0.000382
26684,SENSOR_DATA,2,1,2->1,1,2842.104102,2842.104172,0.000070
26686,SENSOR_DATA,14,1,14->23->12->2->1,4,2842.690114,2842.690457,0.000344
26696,SENSOR_DATA,3,1,3->2->1,2,2843.494044,2843.494184,0.000140
26700,SENSOR_DATA,11,1,11->1,1,2844.204738,2844.204831,0.000093
26703,SENSOR_DATA,34,1,34->23->12->2->1,4,2844.554077,2844.554418,0.000341
26705,SENSOR_DATA,4,1,4->13->3->2->1,4,2844.696931,2844.697209,0.000279
26708,SENSOR_DATA,23,1,23->12->2->1,3,2844.912783,2844.913021,0.000239
26713,SENSOR_DATA,21,1,21->11->1,2,2845.481629,2845.481799,0.000170
26717,SENSOR_DATA,10,1,10->1,1,2845.580227,2845.580296,0.000069
26721,SENSOR_DATA,41,1,41->31->21->11->1,4,2845.923126,2845.923431,0.000306
26726,SENSOR_DATA,42,1,42->31->21->11->1,4,2846.253404,2846.253738,0.000335
26731,SENSOR_DATA,30,1,30->21->11->1,3,2846.467984,2846.468202,0.000219
26737,SENSOR_DATA,35,1,35->34->23->12->2->1,5,2847.439348,2847.439752,0.000404
26749,SENSOR_DATA,22,1,22->11->1,2,2848.591410,2848.591575,0.000165
26751,SENSOR_DATA,20,1,20->11->1,2,2849.287111,2849.287308,0.000197
26758,SENSOR_DATA,31,1,31->21->11->1,3,2849.889377,2849.889618,0.000241
26762,SENSOR_DATA,12,1,12->2->1,2,2850.316218,2850.316386,0.000167
26774,SENSOR_DATA,0,1,0->1,1,2851.188125,2851.188173,0.000048
26775,SENSOR_DATA,32,1,32->22->11->1,3,2851.223711,2851.223980,0.000269
26776,SENSOR_DATA,13,1,13->3->2->1,3,2851.223882,2851.224077,0.000195
26780,SENSOR_DATA,40,1,40->41->31->21->11->1,5,2851.867377,2851.867759,0.000382
26783,SENSOR_DATA,2,1,2->1,1,2852.104102,2852.104172,0.000070
26785,SENSOR_DATA,14,1,14->23->12->2->1,4,2852.690114,2852.690457,0.000344
26795,SENSOR_DATA,3,1,3->2->1,2,2853.494044,2853.494184,0.000140
26799,SENSOR_DATA,11,1,11->1,1,2854.204738,2854.204831,0.000093
26802,SENSOR_DATA,34,1,34->23->12->2->1,4,2854.554077,2854.554418,0.000341
26804,SENSOR_DATA,4,1,4->13->3->2->1,4,2854.696931,2854.697209,0.000279
26807,SENSOR_DATA,23,1,23->12->2->1,3,2854.912783,2854.913021,0.000239
26812,SENSOR_DATA,21,1,21->11->1,2,2855.481629,2855.481799,0.000170
26816,SENSOR_DATA,10,1,10->1,1,2855.580227,2855.580296,0.000069
26820,SENSOR_DATA,41,1,41->31->21->11->1,4,2855.923126,2855.923431,0.000306
26825,SENSOR_DATA,42,1,42->31->21->11->1,4,2856.253404,2856.253738,0.000335
26830,SENSOR_DATA,30,1,30->21->11->1,3,2856.467984,2856.468202,0.000219
26836,SENSOR_DATA,35,1,35->34->23->12->2->1,5,2857.439348,2857.439752,0.000404
26848,SENSOR_DATA,22,1,22->11->1,2,2858.591410,2858.591575,0.000165
26850,SENSOR_DATA,20,1,20->11->1,2,2859.287111,2859.287308,0.000197
26857,SENSOR_DATA,31,1,31->21->11->1,3,2859.889377,2859.889618,0.000241
26861,SENSOR_DATA,12,1,12->2->1,2,2860.316218,2860.316386,0.000167
26873,SENSOR_DATA,0,1,0->1,1,2861.188125,2861.188173,0.000048
26874,SENSOR_DATA,32,1,32->22->11->1,3,2861.223711,2861.223980,0.000269
26875,SENSOR_DATA,13,1,13->3->2->1,3,2861.223882,2861.224077,0.000195
26879,SENSOR_DATA,40,1,40->41->31->21->11->1,5,2861.867377,2861.867759,0.000382
26882,SENSOR_DATA,2,1,2->1,1,2862.104102,2862.104172,0.000070
26884,SENSOR_DATA,14,1,14->23->12->2->1,4,2862.690114,2862.690457,0.000344
26894,SENSOR_DATA,3,1,3->2->1,2,2863.494044,2863.494184,0.000140
26898,SENSOR_DATA,11,1,11->1,1,2864.204738,2864.204831,0.000093
26901,SENSOR_DATA,34,1,34->23->12->2->1,4,2864.554077,2864.554418,0.000341
26903,SENSOR_DATA,4,1,4->13->3->2->1,4,2864.696931,2864.697209,0.000279
26906,SENSOR_DATA,23,1,23->12->2->1,3,2864.912783,2864.913021,0.000239
26911,SENSOR_DATA,21,1,21->11->1,2,2865.481629,2865.481799,0.000170
26915,SENSOR_DATA,10,1,10->1,1,2865.580227,2865.580296,0.000069
26919,SENSOR_DATA,41,1,41->31->21->11->1,4,2865.923126,2865.923431,0.000306
26924,SENSOR_DATA,42,1,42->31->21->11->1,4,2866.253404,2866.253738,0.000335
26929,SENSOR_DATA,30,1,30->21->11->1,3,2866.467984,2866.468202,0.000219
26935,SENSOR_DATA,35,1,35->34->23->12->2->1,5,2867.439348,2867.439752,0.000404
26947,SENSOR_DATA,22,1,22->11->1,2,2868.591410,2868.591575,0.000165
26949,SENSOR_DATA,20,1,20->11->1,2,2869.287111,2869.287308,0.000197
26956,SENSOR_DATA,31,1,31->21->11->1,3,2869.889377,2869.889618,0.000241
26960,SENSOR_DATA,12,1,12->2->1,2,2870.316218,2870.316386,0.000167
26972,SENSOR_DATA,0,1,0->1,1,2871.188125,2871.188173,0.000048
26973,SENSOR_DATA,32,1,32->22->11->1,3,2871.223711,2871.223980,0.000269
26974,SENSOR_DATA,13,1,13->3->2->1,3,2871.223882,2871.224077,0.000195
26978,SENSOR_DATA,40,1,40->41->31->21->11->1,5,2871.867377,2871.867759,0.000382
26981,SENSOR_DATA,2,1,2->1,1,2872.104102,2872.104172,0.000070
26983,SENSOR_DATA,14,1,14->23->12->2->1,4,2872.690114,2872.690457,0.000344
26993,SENSOR_DATA,3,1,3->2->1,2,2873.494044,2873.494184,0.000140
26997,SENSOR_DATA,11,1,11->1,1,2874.204738,2874.204831,0.000093
27000,SENSOR_DATA,34,1,34->23->12->2->1,4,2874.554077,2874.554418,0.000341
27002,SENSOR_DATA,4,1,4->13->3->2->1,4,2874.696931,2874.697209,0.000279
27005,SENSOR_DATA,23,1,23->12->2->1,3,2874.912783,2874.913021,0.000239
27010,SENSOR_DATA,21,1,21->11->1,2,2875.481629,2875.481799,0.000170
27014,SENSOR_DATA,10,1,10->1,1,2875.580227,2875.580296,0.000069
27018,SENSOR_DATA,41,1,41->31->21->11->1,4,2875.923126,2875.923431,0.000306
27023,SENSOR_DATA,42,1,42->31->21->11->1,4,2876.253404,2876.253738,0.000335
27028,SENSOR_DATA,30,1,30->21->11->1,3,2876.467984,2876.468202,0.000219
27034,SENSOR_DATA,35,1,35->34->23->12->2->1,5,2877.439348,2877.439752,0.000404
27046,SENSOR_DATA,22,1,22->11->1,2,2878.591410,2878.591575,0.000165
27048,SENSOR_DATA,20,1,20->11->1,2,2879.287111,2879.287308,0.000197
27055,SENSOR_DATA,31,1,31->21->11->1,3,2879.889377,2879.889618,0.000241
27059,SENSOR_DATA,12,1,12->2->1,2,2880.316218,2880.316386,0.000167
27071,SENSOR_DATA,0,1,0->1,1,2881.188125,2881.188173,0.000048
27072,SENSOR_DATA,32,1,32->22->11->1,3,2881.223711,2881.223980,0.000269
27073,SENSOR_DATA,13,1,13->3->2->1,3,2881.223882,2881.224077,0.000195
27077,SENSOR_DATA,40,1,40->41->31->21->11->1,5,2881.867377,2881.867759,0.000382
27080,SENSOR_DATA,2,1,2->1,1,2882.104102,2882.104172,0.000070
27082,SENSOR_DATA,14,1,14->23->12->2->1,4,2882.690114,2882.690457,0.000344
27092,SENSOR_DATA,3,1,3->2->1,2,2883.494044,2883.494184,0.000140
27096,SENSOR_DATA,11,1,11->1,1,2884.204738,2884.204831,0.000093
27099,SENSOR_DATA,34,1,34->23->12->2->1,4,2884.554077,2884.554418,0.000341
27101,SENSOR_DATA,4,1,4->13->3->2->1,4,2884.696931,2884.697209,0.000279
27104,SENSOR_DATA,23,1,23->12->2->1,3,2884.912783,2884.913021,0.000239
27109,SENSOR_DATA,21,1,21->11->1,2,2885.481629,2885.481799,0.000170
27113,SENSOR_DATA,10,1,10->1,1,2885.580227,2885.580296,0.000069
27117,SENSOR_DATA,41,1,41->31->21->11->1,4,2885.923126,2885.923431,0.000306
27122,SENSOR_DATA,42,1,42->31->21->11->1,4,2886.253404,2886.253738,0.000335
27127,SENSOR_DATA,30,1,30->21->11->1,3,2886.467984,2886.468202,0.000219
27133,SENSOR_DATA,35,1,35->34->23->12->2->1,5,2887.439348,2887.439752,0.000404
27145,SENSOR_DATA,22,1,22->11->1,2,2888.591410,2888.591575,0.000165
27147,SENSOR_DATA,20,1,20->11->1,2,2889.287111,2889.287308,0.000197
27154,SENSOR_DATA,31,1,31->21->11->1,3,2889.889377,2889.889618,0.000241
27158,SENSOR_DATA,12,1,12->2->1,2,2890.316218,2890.316386,0.000167
27170,SENSOR_DATA,0,1,0->1,1,2891.188125,2891.188173,0.000048
27171,SENSOR_DATA,32,1,32->22->11->1,3,2891.223711,2891.223980,0.000269
27172,SENSOR_DATA,13,1,13->3->2->1,3,2891.223882,2891.224077,0.000195
27176,SENSOR_DATA,40,1,40->41->31->21->11->1,5,2891.867377,2891.867759,0.000382
27179,SENSOR_DATA,2,1,2->1,1,2892.104102,2892.104172,0.000070
27181,SENSOR_DATA,14,1,14->23->12->2->1,4,2892.690114,2892.690457,0.000344
27191,SENSOR_DATA,3,1,3->2->1,2,2893.494044,2893.494184,0.000140
27195,SENSOR_DATA,11,1,11->1,1,2894.204738,2894.204831,0.000093
27198,SENSOR_DATA,34,1,34->23->12->2->1,4,2894.554077,2894.554418,0.000341
27200,SENSOR_DATA,4,1,4->13->3->2->1,4,2894.696931,2894.697209,0.000279
27203,SENSOR_DATA,23,1,23->12->2->1,3,2894.912783,2894.913021,0.000239
27208,SENSOR_DATA,21,1,21->11->1,2,2895.481629,2895.481799,0.000170
27212,SENSOR_DATA,10,1,10->1,1,2895.580227,2895.580296,0.000069
27216,SENSOR_DATA,41,1,41->31->21->11->1,4,2895.923126,2895.923431,0.000306
27221,SENSOR_DATA,42,1,42->31->21->11->1,4,2896.253404,2896.253738,0.000335
27226,SENSOR_DATA,30,1,30->21->11->1,3,2896.467984,2896.468202,0.000219
27232,SENSOR_DATA,35,1,35->34->23->12->2->1,5,2897.439348,2897.439752,0.000404
27244,SENSOR_DATA,22,1,22->11->1,2,2898.591410,2898.591575,0.000165
27246,SENSOR_DATA,20,1,20->11->1,2,2899.287111,2899.287308,0.000197
27253,SENSOR_DATA,31,1,31->21->11->1,3,2899.889377,2899.889618,0.000241
27257,SENSOR_DATA,12,1,12->2->1,2,2900.316218,2900.316386,0.000167
27269,SENSOR_DATA,0,1,0->1,1,2901.188125,2901.188173,0.000048
27270,SENSOR_DATA,32,1,32->22->11->1,3,2901.223711,2901.223980,0.000269
27271,SENSOR_DATA,13,1,13->3->2->1,3,2901.223882,2901.224077,0.000195
27275,SENSOR_DATA,40,1,40->41->31->21->11->1,5,2901.867377,2901.867759,0.000382
27278,SENSOR_DATA,2,1,2->1,1,2902.104102,2902.104172,0.000070
27280,SENSOR_DATA,14,1,14->23->12->2->1,4,2902.690114,2902.690457,0.000344
27290,SENSOR_DATA,3,1,3->2->1,2,2903.494044,2903.494184,0.000140
27294,SENSOR_DATA,11,1,11->1,1,2904.204738,2904.204831,0.000093
27297,SENSOR_DATA,34,1,34->23->12->2->1,4,2904.554077,2904.554418,0.000341
27299,SENSOR_DATA,4,1,4->13->3->2->1,4,2904.696931,2904.697209,0.000279
27302,SENSOR_DATA,23,1,23->12->2->1,3,2904.912783,2904.913021,0.000239
27307,SENSOR_DATA,21,1,21->11->1,2,2905.481629,2905.481799,0.000170
27311,SENSOR_DATA,10,1,10->1,1,2905.580227,2905.580296,0.000069
27315,SENSOR_DATA,41,1,41->31->21->11->1,4,2905.923126,2905.923431,0.000306
27320,SENSOR_DATA,42,1,42->31->21->11->1,4,2906.253404,2906.253738,0.000335
27325,SENSOR_DATA,30,1,30->21->11->1,3,2906.467984,2906.468202,0.000219
27331,SENSOR_DATA,35,1,35->34->23->12->2->1,5,2907.439348,2907.439752,0.000404
27343,SENSOR_DATA,22,1,22->11->1,2,2908.591410,2908.591575,0.000165
27345,SENSOR_DATA,20,1,20->11->1,2,2909.287111,2909.287308,0.000197
27352,SENSOR_DATA,31,1,31->21->11->1,3,2909.889377,2909.889618,0.000241
27356,SENSOR_DATA,12,1,12->2->1,2,2910.316218,2910.316386,0.000167
27368,SENSOR_DATA,0,1,0->1,1,2911.188125,2911.188173,0.000048
27369,SENSOR_DATA,32,1,32->22->11->1,3,2911.223711,2911.223980,0.000269
27370,SENSOR_DATA,13,1,13->3->2->1,3,2911.223882,2911.224077,0.000195
27374,SENSOR_DATA,40,1,40->41->31->21->11->1,5,2911.867377,2911.867759,0.000382
27377,SENSOR_DATA,2,1,2->1,1,2912.104102,2912.104172,0.000070
27379,SENSOR_DATA,14,1,14->23->12->2->1,4,2912.690114,2912.690457,0.000344
27389,SENSOR_DATA,3,1,3->2->1,2,2913.494044,2913.494184,0.000140
27393,SENSOR_DATA,11,1,11->1,1,2914.204738,2914.204831,0.000093
27396,SENSOR_DATA,34,1,34->23->12->2->1,4,2914.554077,2914.554418,0.000341
27398,SENSOR_DATA,4,1,4->13->3->2->1,4,2914.696931,2914.697209,0.000279
27401,SENSOR_DATA,23,1,23->12->2->1,3,2914.912783,2914.913021,0.000239
27406,SENSOR_DATA,21,1,21->11->1,2,2915.481629,2915.481799,0.000170
27410,SENSOR_DATA,10,1,10->1,1,2915.580227,2915.580296,0.000069
27414,SENSOR_DATA,41,1,41->31->21->11->1,4,2915.923126,2915.923431,0.000306
27419,SENSOR_DATA,42,1,42->31->21->11->1,4,2916.253404,2916.253738,0.000335
27424,SENSOR_DATA,30,1,30->21->11->1,3,2916.467984,2916.468202,0.000219
27430,SENSOR_DATA,35,1,35->34->23->12->2->1,5,2917.439348,2917.439752,0.000404
27442,SENSOR_DATA,22,1,22->11->1,2,2918.591410,2918.591575,0.000165
27444,SENSOR_DATA,20,1,20->11->1,2,2919.287111,2919.287308,0.000197
27451,SENSOR_DATA,31,1,31->21->11->1,3,2919.889377,2919.889618,0.000241
27455,SENSOR_DATA,12,1,12->2->1,2,2920.316218,2920.316386,0.000167
27467,SENSOR_DATA,0,1,0->1,1,2921.188125,2921.188173,0.000048
27468,SENSOR_DATA,32,1,32->22->11->1,3,2921.223711,2921.223980,0.000269
27469,SENSOR_DATA,13,1,13->3->2->1,3,2921.223882,2921.224077,0.000195
27473,SENSOR_DATA,40,1,40->41->31->21->11->1,5,2921.867377,2921.867759,0.000382
27476,SENSOR_DATA,2,1,2->1,1,2922.104102,2922.104172,0.000070
27478,SENSOR_DATA,14,1,14->23->12->2->1,4,2922.690114,2922.690457,0.000344
27488,SENSOR_DATA,3,1,3->2->1,2,2923.494044,2923.494184,0.000140
27492,SENSOR_DATA,11,1,11->1,1,2924.204738,2924.204831,0.000093
27495,SENSOR_DATA,34,1,34->23->12->2->1,4,2924.554077,2924.554418,0.000341
27497,SENSOR_DATA,4,1,4->13->3->2->1,4,2924.696931,2924.697209,0.000279
27500,SENSOR_DATA,23,1,23->12->2->1,3,2924.912783,2924.913021,0.000239
27505,SENSOR_DATA,21,1,21->11->1,2,2925.481629,2925.481799,0.000170
27509,SENSOR_DATA,10,1,10->1,1,2925.580227,2925.580296,0.000069
27513,SENSOR_DATA,41,1,41->31->21->11->1,4,2925.923126,2925.923431,0.000306
27518,SENSOR_DATA,42,1,42->31->21->11->1,4,2926.253404,2926.253738,0.000335
27523,SENSOR_DATA,30,1,30->21->11->1,3,2926.467984,2926.468202,0.000219
27529,SENSOR_DATA,35,1,35->34->23->12->2->1,5,2927.439348,2927.439752,0.000404
27541,SENSOR_DATA,22,1,22->11->1,2,2928.591410,2928.591575,0.000165
27543,SENSOR_DATA,20,1,20->11->1,2,2929.287111,2929.287308,0.000197
27550,SENSOR_DATA,31,1,31->21->11->1,3,2929.889377,2929.889618,0.000241
27554,SENSOR_DATA,12,1,12->2->1,2,2930.316218,2930.316386,0.000167
27566,SENSOR_DATA,0,1,0->1,1,2931.188125,2931.188173,0.000048
27567,SENSOR_DATA,32,1,32->22->11->1,3,2931.223711,2931.223980,0.000269
27568,SENSOR_DATA,13,1,13->3->2->1,3,2931.223882,2931.224077,0.000195
27572,SENSOR_DATA,40,1,40->41->31->21->11->1,5,2931.867377,2931.867759,0.000382
27575,SENSOR_DATA,2,1,2->1,1,2932.104102,2932.104172,0.000070
27577,SENSOR_DATA,14,1,14->23->12->2->1,4,2932.690114,2932.690457,0.000344
27587,SENSOR_DATA,3,1,3->2->1,2,2933.494044,2933.494184,0.000140
27591,SENSOR_DATA,11,1,11->1,1,2934.204738,2934.204831,0.000093
27594,SENSOR_DATA,34,1,34->23->12->2->1,4,2934.554077,2934.554418,0.000341
27596,SENSOR_DATA,4,1,4->13->3->2->1,4,2934.696931,2934.697209,0.000279
27599,SENSOR_DATA,23,1,23->12->2->1,3,2934.912783,2934.913021,0.000239
27604,SENSOR_DATA,21,1,21->11->1,2,2935.481629,2935.481799,0.000170
27608,SENSOR_DATA,10,1,10->1,1,2935.580227,2935.580296,0.000069
27612,SENSOR_DATA,41,1,41->31->21->11->1,4,2935.923126,2935.923431,0.000306
27617,SENSOR_DATA,42,1,42->31->21->11->1,4,2936.253404,2936.253738,0.000335
27622,SENSOR_DATA,30,1,30->21->11->1,3,2936.467984,2936.468202,0.000219
27628,SENSOR_DATA,35,1,35->34->23->12->2->1,5,2937.439348,2937.439752,0.000404
27640,SENSOR_DATA,22,1,22->11->1,2,2938.591410,2938.591575,0.000165
27642,SENSOR_DATA,20,1,20->11->1,2,2939.287111,2939.287308,0.000197
27649,SENSOR_DATA,31,1,31->21->11->1,3,2939.889377,2939.889618,0.000241
27653,SENSOR_DATA,12,1,12->2->1,2,2940.316218,2940.316386,0.000167
27665,SENSOR_DATA,0,1,0->1,1,2941.188125,2941.188173,0.000048
27666,SENSOR_DATA,32,1,32->22->11->1,3,2941.223711,2941.223980,0.000269
27667,SENSOR_DATA,13,1,13->3->2->1,3,2941.223882,2941.224077,0.000195
27671,SENSOR_DATA,40,1,40->41->31->21->11->1,5,2941.867377,2941.867759,0.000382
27674,SENSOR_DATA,2,1,2->1,1,2942.104102,2942.104172,0.000070
27676,SENSOR_DATA,14,1,14->23->12->2->1,4,2942.690114,2942.690457,0.000344
27686,SENSOR_DATA,3,1,3->2->1,2,2943.494044,2943.494184,0.000140
27690,SENSOR_DATA,11,1,11->1,1,2944.204738,2944.204831,0.000093
27693,SENSOR_DATA,34,1,34->23->12->2->1,4,2944.554077,2944.554418,0.000341
27695,SENSOR_DATA,4,1,4->13->3->2->1,4,2944.696931,2944.697209,0.000279
27698,SENSOR_DATA,23,1,23->12->2->1,3,2944.912783,2944.913021,0.000239
27703,SENSOR_DATA,21,1,21->11->1,2,2945.481629,2945.481799,0.000170
27707,SENSOR_DATA,10,1,10->1,1,2945.580227,2945.580296,0.000069
27711,SENSOR_DATA,41,1,41->31->21->11->1,4,2945.923126,2945.923431,0.000306
27716,SENSOR_DATA,42,1,42->31->21->11->1,4,2946.253404,2946.253738,0.000335
27721,SENSOR_DATA,30,1,30->21->11->1,3,2946.467984,2946.468202,0.000219
27727,SENSOR_DATA,35,1,35->34->23->12->2->1,5,2947.439348,2947.439752,0.000404
27739,SENSOR_DATA,22,1,22->11->1,2,2948.591410,2948.591575,0.000165
27741,SENSOR_DATA,20,1,20->11->1,2,2949.287111,2949.287308,0.000197
27748,SENSOR_DATA,31,1,31->21->11->1,3,2949.889377,2949.889618,0.000241
27752,SENSOR_DATA,12,1,12->2->1,2,2950.316218,2950.316386,0.000167
27764,SENSOR_DATA,0,1,0->1,1,2951.188125,2951.188173,0.000048
27765,SENSOR_DATA,32,1,32->22->11->1,3,2951.223711,2951.223980,0.000269
27766,SENSOR_DATA,13,1,13->3->2->1,3,2951.223882,2951.224077,0.000195
27770,SENSOR_DATA,40,1,40->41->31->21->11->1,5,2951.867377,2951.867759,0.000382
27773,SENSOR_DATA,2,1,2->1,1,2952.104102,2952.104172,0.000070
27775,SENSOR_DATA,14,1,14->23->12->2->1,4,2952.690114,2952.690457,0.000344
27785,SENSOR_DATA,3,1,3->2->1,2,2953.494044,2953.494184,0.000140
27789,SENSOR_DATA,11,1,11->1,1,2954.204738,2954.204831,0.000093
27792,SENSOR_DATA,34,1,34->23->12->2->1,4,2954.554077,2954.554418,0.000341
27794,SENSOR_DATA,4,1,4->13->3->2->1,4,2954.696931,2954.697209,0.000279
27797,SENSOR_DATA,23,1,23->12->2->1,3,2954.912783,2954.913021,0.000239
27802,SENSOR_DATA,21,1,21->11->1,2,2955.481629,2955.481799,0.000170
27806,SENSOR_DATA,10,1,10->1,1,2955.580227,2955.580296,0.000069
27810,SENSOR_DATA,41,1,41->31->21->11->1,4,2955.923126,2955.923431,0.000306
27815,SENSOR_DATA,42,1,42->31->21->11->1,4,2956.253404,2956.253738,0.000335
27820,SENSOR_DATA,30,1,30->21->11->1,3,2956.467984,2956.468202,0.000219
27826,SENSOR_DATA,35,1,35->34->23->12->2->1,5,2957.439348,2957.439752,0.000404
27838,SENSOR_DATA,22,1,22->11->1,2,2958.591410,2958.591575,0.000165
27840,SENSOR_DATA,20,1,20->11->1,2,2959.287111,2959.287308,0.000197
27847,SENSOR_DATA,31,1,31->21->11->1,3,2959.889377,2959.889618,0.000241
27851,SENSOR_DATA,12,1,12->2->1,2,2960.316218,2960.316386,0.000167
27863,SENSOR_DATA,0,1,0->1,1,2961.188125,2961.188173,0.000048
27864,SENSOR_DATA,32,1,32->22->11->1,3,2961.223711,2961.223980,0.000269
27865,SENSOR_DATA,13,1,13->3->2->1,3,2961.223882,2961.224077,0.000195
27869,SENSOR_DATA,40,1,40->41->31->21->11->1,5,2961.867377,2961.867759,0.000382
27872,SENSOR_DATA,2,1,2->1,1,2962.104102,2962.104172,0.000070
27874,SENSOR_DATA,14,1,14->23->12->2->1,4,2962.690114,2962.690457,0.000344
27884,SENSOR_DATA,3,1,3->2->1,2,2963.494044,2963.494184,0.000140
27888,SENSOR_DATA,11,1,11->1,1,2964.204738,2964.204831,0.000093
27891,SENSOR_DATA,34,1,34->23->12->2->1,4,2964.554077,2964.554418,0.000341
27893,SENSOR_DATA,4,1,4->13->3->2->1,4,2964.696931,2964.697209,0.000279
27896,SENSOR_DATA,23,1,23->12->2->1,3,2964.912783,2964.913021,0.000239
27901,SENSOR_DATA,21,1,21->11->1,2,2965.481629,2965.481799,0.000170
27905,SENSOR_DATA,10,1,10->1,1,2965.580227,2965.580296,0.000069
27909,SENSOR_DATA,41,1,41->31->21->11->1,4,2965.923126,2965.923431,0.000306
27914,SENSOR_DATA,42,1,42->31->21->11->1,4,2966.253404,2966.253738,0.000335
27919,SENSOR_DATA,30,1,30->21->11->1,3,2966.467984,2966.468202,0.000219
27925,SENSOR_DATA,35,1,35->34->23->12->2->1,5,2967.439348,2967.439752,0.000404
27937,SENSOR_DATA,22,1,22->11->1,2,2968.591410,2968.591575,0.000165
27939,SENSOR_DATA,20,1,20->11->1,2,2969.287111,2969.287308,0.000197
27946,SENSOR_DATA,31,1,31->21->11->1,3,2969.889377,2969.889618,0.000241
27950,SENSOR_DATA,12,1,12->2->1,2,2970.316218,2970.316386,0.000167
27962,SENSOR_DATA,0,1,0->1,1,2971.188125,2971.188173,0.000048
27963,SENSOR_DATA,32,1,32->22->11->1,3,2971.223711,2971.223980,0.000269
27964,SENSOR_DATA,13,1,13->3->2->1,3,2971.223882,2971.224077,0.000195
27968,SENSOR_DATA,40,1,40->41->31->21->11->1,5,2971.867377,2971.867759,0.000382
27971,SENSOR_DATA,2,1,2->1,1,2972.104102,2972.104172,0.000070
27973,SENSOR_DATA,14,1,14->23->12->2->1,4,2972.690114,2972.690457,0.000344
27983,SENSOR_DATA,3,1,3->2->1,2,2973.494044,2973.494184,0.000140
27987,SENSOR_DATA,11,1,11->1,1,2974.204738,2974.204831,0.000093
27990,SENSOR_DATA,34,1,34->23->12->2->1,4,2974.554077,2974.554418,0.000341
27992,SENSOR_DATA,4,1,4->13->3->2->1,4,2974.696931,2974.697209,0.000279
27995,SENSOR_DATA,23,1,23->12->2->1,3,2974.912783,2974.913021,0.000239
28000,SENSOR_DATA,21,1,21->11->1,2,2975.481629,2975.481799,0.000170
28004,SENSOR_DATA,10,1,10->1,1,2975.580227,2975.580296,0.000069
28008,SENSOR_DATA,41,1,41->31->21->11->1,4,2975.923126,2975.923431,0.000306
28013,SENSOR_DATA,42,1,42->31->21->11->1,4,2976.253404,2976.253738,0.000335
28018,SENSOR_DATA,30,1,30->21->11->1,3,2976.467984,2976.468202,0.000219
28024,SENSOR_DATA,35,1,35->34->23->12->2->1,5,2977.439348,2977.439752,0.000404
28036,SENSOR_DATA,22,1,22->11->1,2,2978.591410,2978.591575,0.000165
28038,SENSOR_DATA,20,1,20->11->1,2,2979.287111,2979.287308,0.000197
28045,SENSOR_DATA,31,1,31->21->11->1,3,2979.889377,2979.889618,0.000241
28049,SENSOR_DATA,12,1,12->2->1,2,2980.316218,2980.316386,0.000167
28061,SENSOR_DATA,0,1,0->1,1,2981.188125,2981.188173,0.000048
28062,SENSOR_DATA,32,1,32->22->11->1,3,2981.223711,2981.223980,0.000269
28063,SENSOR_DATA,13,1,13->3->2->1,3,2981.223882,2981.224077,0.000195
28067,SENSOR_DATA,40,1,40->41->31->21->11->1,5,2981.867377,2981.867759,0.000382
28070,SENSOR_DATA,2,1,2->1,1,2982.104102,2982.104172,0.000070
28072,SENSOR_DATA,14,1,14->23->12->2->1,4,2982.690114,2982.690457,0.000344
28082,SENSOR_DATA,3,1,3->2->1,2,2983.494044,2983.494184,0.000140
28086,SENSOR_DATA,11,1,11->1,1,2984.204738,2984.204831,0.000093
28089,SENSOR_DATA,34,1,34->23->12->2->1,4,2984.554077,2984.554418,0.000341
28091,SENSOR_DATA,4,1,4->13->3->2->1,4,2984.696931,2984.697209,0.000279
28094,SENSOR_DATA,23,1,23->12->2->1,3,2984.912783,2984.913021,0.000239
28099,SENSOR_DATA,21,1,21->11->1,2,2985.481629,2985.481799,0.000170
28103,SENSOR_DATA,10,1,10->1,1,2985.580227,2985.580296,0.000069
28107,SENSOR_DATA,41,1,41->31->21->11->1,4,2985.923126,2985.923431,0.000306
28112,SENSOR_DATA,42,1,42->31->21->11->1,4,2986.253404,2986.253738,0.000335
28117,SENSOR_DATA,30,1,30->21->11->1,3,2986.467984,2986.468202,0.000219
28123,SENSOR_DATA,35,1,35->34->23->12->2->1,5,2987.439348,2987.439752,0.000404
28135,SENSOR_DATA,22,1,22->11->1,2,2988.591410,2988.591575,0.000165
28137,SENSOR_DATA,20,1,20->11->1,2,2989.287111,2989.287308,0.000197
28144,SENSOR_DATA,31,1,31->21->11->1,3,2989.889377,2989.889618,0.000241
28148,SENSOR_DATA,12,1,12->2->1,2,2990.316218,2990.316386,0.000167
28160,SENSOR_DATA,0,1,0->1,1,2991.188125,2991.188173,0.000048
28161,SENSOR_DATA,32,1,32->22->11->1,3,2991.223711,2991.223980,0.000269
28162,SENSOR_DATA,13,1,13->3->2->1,3,2991.223882,2991.224077,0.000195
28166,SENSOR_DATA,40,1,40->41->31->21->11->1,5,2991.867377,2991.867759,0.000382
28169,SENSOR_DATA,2,1,2->1,1,2992.104102,2992.104172,0.000070
28171,SENSOR_DATA,14,1,14->23->12->2->1,4,2992.690114,2992.690457,0.000344
28181,SENSOR_DATA,3,1,3->2->1,2,2993.494044,2993.494184,0.000140
28185,SENSOR_DATA,11,1,11->1,1,2994.204738,2994.204831,0.000093
28188,SENSOR_DATA,34,1,34->23->12->2->1,4,2994.554077,2994.554418,0.000341
28190,SENSOR_DATA,4,1,4->13->3->2->1,4,2994.696931,2994.697209,0.000279
28193,SENSOR_DATA,23,1,23->12->2->1,3,2994.912783,2994.913021,0.000239
28198,SENSOR_DATA,21,1,21->11->1,2,2995.481629,2995.481799,0.000170
28202,SENSOR_DATA,10,1,10->1,1,2995.580227,2995.580296,0.000069
28206,SENSOR_DATA,41,1,41->31->21->11->1,4,2995.923126,2995.923431,0.000306
28211,SENSOR_DATA,42,1,42->31->21->11->1,4,2996.253404,2996.253738,0.000335
28216,SENSOR_DATA,30,1,30->21->11->1,3,2996.467984,2996.468202,0.000219
28222,SENSOR_DATA,35,1,35->34->23->12->2->1,5,2997.439348,2997.439752,0.000404
28234,SENSOR_DATA,22,1,22->11->1,2,2998.591410,2998.591575,0.000165
28236,SENSOR_DATA,20,1,20->11->1,2,2999.287111,2999.287308,0.000197
28243,SENSOR_DATA,31,1,31->21->11->1,3,2999.889377,2999.889618,0.000241
28247,SENSOR_DATA,12,1,12->2->1,2,3000.316218,3000.316386,0.000167
28259,SENSOR_DATA,0,1,0->1,1,3001.188125,3001.188173,0.000048
28260,SENSOR_DATA,32,1,32->22->11->1,3,3001.223711,3001.223980,0.000269
28261,SENSOR_DATA,13,1,13->3->2->1,3,3001.223882,3001.224077,0.000195
28265,SENSOR_DATA,40,1,40->41->31->21->11->1,5,3001.867377,3001.867759,0.000382
28268,SENSOR_DATA,2,1,2->1,1,3002.104102,3002.104172,0.000070
28270,SENSOR_DATA,14,1,14->23->12->2->1,4,3002.690114,3002.690457,0.000344
28280,SENSOR_DATA,3,1,3->2->1,2,3003.494044,3003.494184,0.000140
28284,SENSOR_DATA,11,1,11->1,1,3004.204738,3004.204831,0.000093
28287,SENSOR_DATA,34,1,34->23->12->2->1,4,3004.554077,3004.554418,0.000341
28289,SENSOR_DATA,4,1,4->13->3->2->1,4,3004.696931,3004.697209,0.000279
28292,SENSOR_DATA,23,1,23->12->2->1,3,3004.912783,3004.913021,0.000239
28297,SENSOR_DATA,21,1,21->11->1,2,3005.481629,3005.481799,0.000170
28301,SENSOR_DATA,10,1,10->1,1,3005.580227,3005.580296,0.000069
28305,SENSOR_DATA,41,1,41->31->21->11->1,4,3005.923126,3005.923431,0.000306
28310,SENSOR_DATA,42,1,42->31->21->11->1,4,3006.253404,3006.253738,0.000335
28315,SENSOR_DATA,30,1,30->21->11->1,3,3006.467984,3006.468202,0.000219
28321,SENSOR_DATA,35,1,35->34->23->12->2->1,5,3007.439348,3007.439752,0.000404
28333,SENSOR_DATA,22,1,22->11->1,2,3008.591410,3008.591575,0.000165
28335,SENSOR_DATA,20,1,20->11->1,2,3009.287111,3009.287308,0.000197
28342,SENSOR_DATA,31,1,31->21->11->1,3,3009.889377,3009.889618,0.000241
28346,SENSOR_DATA,12,1,12->2->1,2,3010.316218,3010.316386,0.000167
28358,SENSOR_DATA,0,1,0->1,1,3011.188125,3011.188173,0.000048
28359,SENSOR_DATA,32,1,32->22->11->1,3,3011.223711,3011.223980,0.000269
28360,SENSOR_DATA,13,1,13->3->2->1,3,3011.223882,3011.224077,0.000195
28364,SENSOR_DATA,40,1,40->41->31->21->11->1,5,3011.867377,3011.867759,0.000382
28367,SENSOR_DATA,2,1,2->1,1,3012.104102,3012.104172,0.000070
28369,SENSOR_DATA,14,1,14->23->12->2->1,4,3012.690114,3012.690457,0.000344
28379,SENSOR_DATA,3,1,3->2->1,2,3013.494044,3013.494184,0.000140
28383,SENSOR_DATA,11,1,11->1,1,3014.204738,3014.204831,0.000093
28386,SENSOR_DATA,34,1,34->23->12->2->1,4,3014.554077,3014.554418,0.000341
28388,SENSOR_DATA,4,1,4->13->3->2->1,4,3014.696931,3014.697209,0.000279
28391,SENSOR_DATA,23,1,23->12->2->1,3,3014.912783,3014.913021,0.000239
28396,SENSOR_DATA,21,1,21->11->1,2,3015.481629,3015.481799,0.000170
28400,SENSOR_DATA,10,1,10->1,1,3015.580227,3015.580296,0.000069
28404,SENSOR_DATA,41,1,41->31->21->11->1,4,3015.923126,3015.923431,0.000306
28409,SENSOR_DATA,42,1,42->31->21->11->1,4,3016.253404,3016.253738,0.000335
28414,SENSOR_DATA,30,1,30->21->11->1,3,3016.467984,3016.468202,0.000219
28420,SENSOR_DATA,35,1,35->34->23->12->2->1,5,3017.439348,3017.439752,0.000404
28432,SENSOR_DATA,22,1,22->11->1,2,3018.591410,3018.591575,0.000165
28434,SENSOR_DATA,20,1,20->11->1,2,3019.287111,3019.287308,0.000197
28441,SENSOR_DATA,31,1,31->21->11->1,3,3019.889377,3019.889618,0.000241
28445,SENSOR_DATA,12,1,12->2->1,2,3020.316218,3020.316386,0.000167
28457,SENSOR_DATA,0,1,0->1,1,3021.188125,3021.188173,0.000048
28458,SENSOR_DATA,32,1,32->22->11->1,3,3021.223711,3021.223980,0.000269
28459,SENSOR_DATA,13,1,13->3->2->1,3,3021.223882,3021.224077,0.000195
28463,SENSOR_DATA,40,1,40->41->31->21->11->1,5,3021.867377,3021.867759,0.000382
28466,SENSOR_DATA,2,1,2->1,1,3022.104102,3022.104172,0.000070
28468,SENSOR_DATA,14,1,14->23->12->2->1,4,3022.690114,3022.690457,0.000344
28478,SENSOR_DATA,3,1,3->2->1,2,3023.494044,3023.494184,0.000140
28482,SENSOR_DATA,11,1,11->1,1,3024.204738,3024.204831,0.000093
28485,SENSOR_DATA,34,1,34->23->12->2->1,4,3024.554077,3024.554418,0.000341
28487,SENSOR_DATA,4,1,4->13->3->2->1,4,3024.696931,3024.697209,0.000279
28490,SENSOR_DATA,23,1,23->12->2->1,3,3024.912783,3024.913021,0.000239
28495,SENSOR_DATA,21,1,21->11->1,2,3025.481629,3025.481799,0.000170
28499,SENSOR_DATA,10,1,10->1,1,3025.580227,3025.580296,0.000069
28503,SENSOR_DATA,41,1,41->31->21->11->1,4,3025.923126,3025.923431,0.000306
28508,SENSOR_DATA,42,1,42->31->21->11->1,4,3026.253404,3026.253738,0.000335
28513,SENSOR_DATA,30,1,30->21->11->1,3,3026.467984,3026.468202,0.000219
28519,SENSOR_DATA,35,1,35->34->23->12->2->1,5,3027.439348,3027.439752,0.000404
28531,SENSOR_DATA,22,1,22->11->1,2,3028.591410,3028.591575,0.000165
28533,SENSOR_DATA,20,1,20->11->1,2,3029.287111,3029.287308,0.000197
28540,SENSOR_DATA,31,1,31->21->11->1,3,3029.889377,3029.889618,0.000241
28544,SENSOR_DATA,12,1,12->2->1,2,3030.316218,3030.316386,0.000167
28556,SENSOR_DATA,0,1,0->1,1,3031.188125,3031.188173,0.000048
28557,SENSOR_DATA,32,1,32->22->11->1,3,3031.223711,3031.223980,0.000269
28558,SENSOR_DATA,13,1,13->3->2->1,3,3031.223882,3031.224077,0.000195
28562,SENSOR_DATA,40,1,40->41->31->21->11->1,5,3031.867377,3031.867759,0.000382
28565,SENSOR_DATA,2,1,2->1,1,3032.104102,3032.104172,0.000070
28567,SENSOR_DATA,14,1,14->23->12->2->1,4,3032.690114,3032.690457,0.000344
28577,SENSOR_DATA,3,1,3->2->1,2,3033.494044,3033.494184,0.000140
28581,SENSOR_DATA,11,1,11->1,1,3034.204738,3034.204831,0.000093
28584,SENSOR_DATA,34,1,34->23->12->2->1,4,3034.554077,3034.554418,0.000341
28586,SENSOR_DATA,4,1,4->13->3->2->1,4,3034.696931,3034.697209,0.000279
28589,SENSOR_DATA,23,1,23->12->2->1,3,3034.912783,3034.913021,0.000239
28594,SENSOR_DATA,21,1,21->11->1,2,3035.481629,3035.481799,0.000170
28598,SENSOR_DATA,10,1,10->1,1,3035.580227,3035.580296,0.000069
28602,SENSOR_DATA,41,1,41->31->21->11->1,4,3035.923126,3035.923431,0.000306
28607,SENSOR_DATA,42,1,42->31->21->11->1,4,3036.253404,3036.253738,0.000335
28612,SENSOR_DATA,30,1,30->21->11->1,3,3036.467984,3036.468202,0.000219
28618,SENSOR_DATA,35,1,35->34->23->12->2->1,5,3037.439348,3037.439752,0.000404
28630,SENSOR_DATA,22,1,22->11->1,2,3038.591410,3038.591575,0.000165
28632,SENSOR_DATA,20,1,20->11->1,2,3039.287111,3039.287308,0.000197
28639,SENSOR_DATA,31,1,31->21->11->1,3,3039.889377,3039.889618,0.000241
28643,SENSOR_DATA,12,1,12->2->1,2,3040.316218,3040.316386,0.000167
28655,SENSOR_DATA,0,1,0->1,1,3041.188125,3041.188173,0.000048
28656,SENSOR_DATA,32,1,32->22->11->1,3,3041.223711,3041.223980,0.000269
28657,SENSOR_DATA,13,1,13->3->2->1,3,3041.223882,3041.224077,0.000195
28661,SENSOR_DATA,40,1,40->41->31->21->11->1,5,3041.867377,3041.867759,0.000382
28664,SENSOR_DATA,2,1,2->1,1,3042.104102,3042.104172,0.000070
28666,SENSOR_DATA,14,1,14->23->12->2->1,4,3042.690114,3042.690457,0.000344
28676,SENSOR_DATA,3,1,3->2->1,2,3043.494044,3043.494184,0.000140
28680,SENSOR_DATA,11,1,11->1,1,3044.204738,3044.204831,0.000093
28683,SENSOR_DATA,34,1,34->23->12->2->1,4,3044.554077,3044.554418,0.000341
28685,SENSOR_DATA,4,1,4->13->3->2->1,4,3044.696931,3044.697209,0.000279
28688,SENSOR_DATA,23,1,23->12->2->1,3,3044.912783,3044.913021,0.000239
28693,SENSOR_DATA,21,1,21->11->1,2,3045.481629,3045.481799,0.000170
28697,SENSOR_DATA,10,1,10->1,1,3045.580227,3045.580296,0.000069
28701,SENSOR_DATA,41,1,41->31->21->11->1,4,3045.923126,3045.923431,0.000306
28706,SENSOR_DATA,42,1,42->31->21->11->1,4,3046.253404,3046.253738,0.000335
28711,SENSOR_DATA,30,1,30->21->11->1,3,3046.467984,3046.468202,0.000219
28717,SENSOR_DATA,35,1,35->34->23->12->2->1,5,3047.439348,3047.439752,0.000404
28729,SENSOR_DATA,22,1,22->11->1,2,3048.591410,3048.591575,0.000165
28731,SENSOR_DATA,20,1,20->11->1,2,3049.287111,3049.287308,0.000197
28738,SENSOR_DATA,31,1,31->21->11->1,3,3049.889377,3049.889618,0.000241
28742,SENSOR_DATA,12,1,12->2->1,2,3050.316218,3050.316386,0.000167
28754,SENSOR_DATA,0,1,0->1,1,3051.188125,3051.188173,0.000048
28755,SENSOR_DATA,32,1,32->22->11->1,3,3051.223711,3051.223980,0.000269
28756,SENSOR_DATA,13,1,13->3->2->1,3,3051.223882,3051.224077,0.000195
28760,SENSOR_DATA,40,1,40->41->31->21->11->1,5,3051.867377,3051.867759,0.000382
28763,SENSOR_DATA,2,1,2->1,1,3052.104102,3052.104172,0.000070
28765,SENSOR_DATA,14,1,14->23->12->2->1,4,3052.690114,3052.690457,0.000344
28775,SENSOR_DATA,3,1,3->2->1,2,3053.494044,3053.494184,0.000140
28779,SENSOR_DATA,11,1,11->1,1,3054.204738,3054.204831,0.000093
28782,SENSOR_DATA,34,1,34->23->12->2->1,4,3054.554077,3054.554418,0.000341
28784,SENSOR_DATA,4,1,4->13->3->2->1,4,3054.696931,3054.697209,0.000279
28787,SENSOR_DATA,23,1,23->12->2->1,3,3054.912783,3054.913021,0.000239
28792,SENSOR_DATA,21,1,21->11->1,2,3055.481629,3055.481799,0.000170
28796,SENSOR_DATA,10,1,10->1,1,3055.580227,3055.580296,0.000069
28800,SENSOR_DATA,41,1,41->31->21->11->1,4,3055.923126,3055.923431,0.000306
28805,SENSOR_DATA,42,1,42->31->21->11->1,4,3056.253404,3056.253738,0.000335
28810,SENSOR_DATA,30,1,30->21->11->1,3,3056.467984,3056.468202,0.000219
28816,SENSOR_DATA,35,1,35->34->23->12->2->1,5,3057.439348,3057.439752,0.000404
28828,SENSOR_DATA,22,1,22->11->1,2,3058.591410,3058.591575,0.000165
28830,SENSOR_DATA,20,1,20->11->1,2,3059.287111,3059.287308,0.000197
28837,SENSOR_DATA,31,1,31->21->11->1,3,3059.889377,3059.889618,0.000241
28841,SENSOR_DATA,12,1,12->2->1,2,3060.316218,3060.316386,0.000167
28853,SENSOR_DATA,0,1,0->1,1,3061.188125,3061.188173,0.000048
28854,SENSOR_DATA,32,1,32->22->11->1,3,3061.223711,3061.223980,0.000269
28855,SENSOR_DATA,13,1,13->3->2->1,3,3061.223882,3061.224077,0.000195
28859,SENSOR_DATA,40,1,40->41->31->21->11->1,5,3061.867377,3061.867759,0.000382
28862,SENSOR_DATA,2,1,2->1,1,3062.104102,3062.104172,0.000070
28864,SENSOR_DATA,14,1,14->23->12->2->1,4,3062.690114,3062.690457,0.000344
28874,SENSOR_DATA,3,1,3->2->1,2,3063.494044,3063.494184,0.000140
28878,SENSOR_DATA,11,1,11->1,1,3064.204738,3064.204831,0.000093
28881,SENSOR_DATA,34,1,34->23->12->2->1,4,3064.554077,3064.554418,0.000341
28883,SENSOR_DATA,4,1,4->13->3->2->1,4,3064.696931,3064.697209,0.000279
28886,SENSOR_DATA,23,1,23->12->2->1,3,3064.912783,3064.913021,0.000239
28891,SENSOR_DATA,21,1,21->11->1,2,3065.481629,3065.481799,0.000170
28895,SENSOR_DATA,10,1,10->1,1,3065.580227,3065.580296,0.000069
28899,SENSOR_DATA,41,1,41->31->21->11->1,4,3065.923126,3065.923431,0.000306
28904,SENSOR_DATA,42,1,42->31->21->11->1,4,3066.253404,3066.253738,0.000335
28909,SENSOR_DATA,30,1,30->21->11->1,3,3066.467984,3066.468202,0.000219
28915,SENSOR_DATA,35,1,35->34->23->12->2->1,5,3067.439348,3067.439752,0.000404
28927,SENSOR_DATA,22,1,22->11->1,2,3068.591410,3068.591575,0.000165
28929,SENSOR_DATA,20,1,20->11->1,2,3069.287111,3069.287308,0.000197
28936,SENSOR_DATA,31,1,31->21->11->1,3,3069.889377,3069.889618,0.000241
28940,SENSOR_DATA,12,1,12->2->1,2,3070.316218,3070.316386,0.000167
28952,SENSOR_DATA,0,1,0->1,1,3071.188125,3071.188173,0.000048
28953,SENSOR_DATA,32,1,32->22->11->1,3,3071.223711,3071.223980,0.000269
28954,SENSOR_DATA,13,1,13->3->2->1,3,3071.223882,3071.224077,0.000195
28958,SENSOR_DATA,40,1,40->41->31->21->11->1,5,3071.867377,3071.867759,0.000382
28961,SENSOR_DATA,2,1,2->1,1,3072.104102,3072.104172,0.000070
28963,SENSOR_DATA,14,1,14->23->12->2->1,4,3072.690114,3072.690457,0.000344
28973,SENSOR_DATA,3,1,3->2->1,2,3073.494044,3073.494184,0.000140
28977,SENSOR_DATA,11,1,11->1,1,3074.204738,3074.204831,0.000093
28980,SENSOR_DATA,34,1,34->23->12->2->1,4,3074.554077,3074.554418,0.000341
28982,SENSOR_DATA,4,1,4->13->3->2->1,4,3074.696931,3074.697209,0.000279
28985,SENSOR_DATA,23,1,23->12->2->1,3,3074.912783,3074.913021,0.000239
28990,SENSOR_DATA,21,1,21->11->1,2,3075.481629,3075.481799,0.000170
28994,SENSOR_DATA,10,1,10->1,1,3075.580227,3075.580296,0.000069
28998,SENSOR_DATA,41,1,41->31->21->11->1,4,3075.923126,3075.923431,0.000306
29003,SENSOR_DATA,42,1,42->31->21->11->1,4,3076.253404,3076.253738,0.000335
29008,SENSOR_DATA,30,1,30->21->11->1,3,3076.467984,3076.468202,0.000219
29014,SENSOR_DATA,35,1,35->34->23->12->2->1,5,3077.439348,3077.439752,0.000404
29026,SENSOR_DATA,22,1,22->11->1,2,3078.591410,3078.591575,0.000165
29028,SENSOR_DATA,20,1,20->11->1,2,3079.287111,3079.287308,0.000197
29035,SENSOR_DATA,31,1,31->21->11->1,3,3079.889377,3079.889618,0.000241
29039,SENSOR_DATA,12,1,12->2->1,2,3080.316218,3080.316386,0.000167
29051,SENSOR_DATA,0,1,0->1,1,3081.188125,3081.188173,0.000048
29052,SENSOR_DATA,32,1,32->22->11->1,3,3081.223711,3081.223980,0.000269
29053,SENSOR_DATA,13,1,13->3->2->1,3,3081.223882,3081.224077,0.000195
29057,SENSOR_DATA,40,1,40->41->31->21->11->1,5,3081.867377,3081.867759,0.000382
29060,SENSOR_DATA,2,1,2->1,1,3082.104102,3082.104172,0.000070
29062,SENSOR_DATA,14,1,14->23->12->2->1,4,3082.690114,3082.690457,0.000344
29072,SENSOR_DATA,3,1,3->2->1,2,3083.494044,3083.494184,0.000140
29076,SENSOR_DATA,11,1,11->1,1,3084.204738,3084.204831,0.000093
29079,SENSOR_DATA,34,1,34->23->12->2->1,4,3084.554077,3084.554418,0.000341
29081,SENSOR_DATA,4,1,4->13->3->2->1,4,3084.696931,3084.697209,0.000279
29084,SENSOR_DATA,23,1,23->12->2->1,3,3084.912783,3084.913021,0.000239
29089,SENSOR_DATA,21,1,21->11->1,2,3085.481629,3085.481799,0.000170
29093,SENSOR_DATA,10,1,10->1,1,3085.580227,3085.580296,0.000069
29097,SENSOR_DATA,41,1,41->31->21->11->1,4,3085.923126,3085.923431,0.000306
29102,SENSOR_DATA,42,1,42->31->21->11->1,4,3086.253404,3086.253738,0.000335
29107,SENSOR_DATA,30,1,30->21->11->1,3,3086.467984,3086.468202,0.000219
29113,SENSOR_DATA,35,1,35->34->23->12->2->1,5,3087.439348,3087.439752,0.000404
29125,SENSOR_DATA,22,1,22->11->1,2,3088.591410,3088.591575,0.000165
29127,SENSOR_DATA,20,1,20->11->1,2,3089.287111,3089.287308,0.000197
29134,SENSOR_DATA,31,1,31->21->11->1,3,3089.889377,3089.889618,0.000241
29138,SENSOR_DATA,12,1,12->2->1,2,3090.316218,3090.316386,0.000167
29150,SENSOR_DATA,0,1,0->1,1,3091.188125,3091.188173,0.000048
29151,SENSOR_DATA,32,1,32->22->11->1,3,3091.223711,3091.223980,0.000269
29152,SENSOR_DATA,13,1,13->3->2->1,3,3091.223882,3091.224077,0.000195
29156,SENSOR_DATA,40,1,40->41->31->21->11->1,5,3091.867377,3091.867759,0.000382
29159,SENSOR_DATA,2,1,2->1,1,3092.104102,3092.104172,0.000070
29161,SENSOR_DATA,14,1,14->23->12->2->1,4,3092.690114,3092.690457,0.000344
29171,SENSOR_DATA,3,1,3->2->1,2,3093.494044,3093.494184,0.000140
29175,SENSOR_DATA,11,1,11->1,1,3094.204738,3094.204831,0.000093
29178,SENSOR_DATA,34,1,34->23->12->2->1,4,3094.554077,3094.554418,0.000341
29180,SENSOR_DATA,4,1,4->13->3->2->1,4,3094.696931,3094.697209,0.000279
29183,SENSOR_DATA,23,1,23->12->2->1,3,3094.912783,3094.913021,0.000239
29188,SENSOR_DATA,21,1,21->11->1,2,3095.481629,3095.481799,0.000170
29192,SENSOR_DATA,10,1,10->1,1,3095.580227,3095.580296,0.000069
29196,SENSOR_DATA,41,1,41->31->21->11->1,4,3095.923126,3095.923431,0.000306
29201,SENSOR_DATA,42,1,42->31->21->11->1,4,3096.253404,3096.253738,0.000335
29206,SENSOR_DATA,30,1,30->21->11->1,3,3096.467984,3096.468202,0.000219
29212,SENSOR_DATA,35,1,35->34->23->12->2->1,5,3097.439348,3097.439752,0.000404
29224,SENSOR_DATA,22,1,22->11->1,2,3098.591410,3098.591575,0.000165
29226,SENSOR_DATA,20,1,20->11->1,2,3099.287111,3099.287308,0.000197
29233,SENSOR_DATA,31,1,31->21->11->1,3,3099.889377,3099.889618,0.000241
29237,SENSOR_DATA,12,1,12->2->1,2,3100.316218,3100.316386,0.000167
29249,SENSOR_DATA,0,1,0->1,1,3101.188125,3101.188173,0.000048
29250,SENSOR_DATA,32,1,32->22->11->1,3,3101.223711,3101.223980,0.000269
29251,SENSOR_DATA,13,1,13->3->2->1,3,3101.223882,3101.224077,0.000195
29255,SENSOR_DATA,40,1,40->41->31->21->11->1,5,3101.867377,3101.867759,0.000382
29258,SENSOR_DATA,2,1,2->1,1,3102.104102,3102.104172,0.000070
29260,SENSOR_DATA,14,1,14->23->12->2->1,4,3102.690114,3102.690457,0.000344
29270,SENSOR_DATA,3,1,3->2->1,2,3103.494044,3103.494184,0.000140
29274,SENSOR_DATA,11,1,11->1,1,3104.204738,3104.204831,0.000093
29277,SENSOR_DATA,34,1,34->23->12->2->1,4,3104.554077,3104.554418,0.000341
29279,SENSOR_DATA,4,1,4->13->3->2->1,4,3104.696931,3104.697209,0.000279
29282,SENSOR_DATA,23,1,23->12->2->1,3,3104.912783,3104.913021,0.000239
29287,SENSOR_DATA,21,1,21->11->1,2,3105.481629,3105.481799,0.000170
29291,SENSOR_DATA,10,1,10->1,1,3105.580227,3105.580296,0.000069
29295,SENSOR_DATA,41,1,41->31->21->11->1,4,3105.923126,3105.923431,0.000306
29300,SENSOR_DATA,42,1,42->31->21->11->1,4,3106.253404,3106.253738,0.000335
29305,SENSOR_DATA,30,1,30->21->11->1,3,3106.467984,3106.468202,0.000219
29311,SENSOR_DATA,35,1,35->34->23->12->2->1,5,3107.439348,3107.439752,0.000404
29323,SENSOR_DATA,22,1,22->11->1,2,3108.591410,3108.591575,0.000165
29325,SENSOR_DATA,20,1,20->11->1,2,3109.287111,3109.287308,0.000197
29332,SENSOR_DATA,31,1,31->21->11->1,3,3109.889377,3109.889618,0.000241
29336,SENSOR_DATA,12,1,12->2->1,2,3110.316218,3110.316386,0.000167
29348,SENSOR_DATA,0,1,0->1,1,3111.188125,3111.188173,0.000048
29349,SENSOR_DATA,32,1,32->22->11->1,3,3111.223711,3111.223980,0.000269
29350,SENSOR_DATA,13,1,13->3->2->1,3,3111.223882,3111.224077,0.000195
29354,SENSOR_DATA,40,1,40->41->31->21->11->1,5,3111.867377,3111.867759,0.000382
29357,SENSOR_DATA,2,1,2->1,1,3112.104102,3112.104172,0.000070
29359,SENSOR_DATA,14,1,14->23->12->2->1,4,3112.690114,3112.690457,0.000344
29369,SENSOR_DATA,3,1,3->2->1,2,3113.494044,3113.494184,0.000140
29373,SENSOR_DATA,11,1,11->1,1,3114.204738,3114.204831,0.000093
29376,SENSOR_DATA,34,1,34->23->12->2->1,4,3114.554077,3114.554418,0.000341
29378,SENSOR_DATA,4,1,4->13->3->2->1,4,3114.696931,3114.697209,0.000279
29381,SENSOR_DATA,23,1,23->12->2->1,3,3114.912783,3114.913021,0.000239
29386,SENSOR_DATA,21,1,21->11->1,2,3115.481629,3115.481799,0.000170
29390,SENSOR_DATA,10,1,10->1,1,3115.580227,3115.580296,0.000069
29394,SENSOR_DATA,41,1,41->31->21->11->1,4,3115.923126,3115.923431,0.000306
29399,SENSOR_DATA,42,1,42->31->21->11->1,4,3116.253404,3116.253738,0.000335
29404,SENSOR_DATA,30,1,30->21->11->1,3,3116.467984,3116.468202,0.000219
29410,SENSOR_DATA,35,1,35->34->23->12->2->1,5,3117.439348,3117.439752,0.000404
29422,SENSOR_DATA,22,1,22->11->1,2,3118.591410,3118.591575,0.000165
29424,SENSOR_DATA,20,1,20->11->1,2,3119.287111,3119.287308,0.000197
29431,SENSOR_DATA,31,1,31->21->11->1,3,3119.889377,3119.889618,0.000241
29435,SENSOR_DATA,12,1,12->2->1,2,3120.316218,3120.316386,0.000167
29447,SENSOR_DATA,0,1,0->1,1,3121.188125,3121.188173,0.000048
29448,SENSOR_DATA,32,1,32->22->11->1,3,3121.223711,3121.223980,0.000269
29449,SENSOR_DATA,13,1,13->3->2->1,3,3121.223882,3121.224077,0.000195
29453,SENSOR_DATA,40,1,40->41->31->21->11->1,5,3121.867377,3121.867759,0.000382
29456,SENSOR_DATA,2,1,2->1,1,3122.104102,3122.104172,0.000070
29458,SENSOR_DATA,14,1,14->23->12->2->1,4,3122.690114,3122.690457,0.000344
29468,SENSOR_DATA,3,1,3->2->1,2,3123.494044,3123.494184,0.000140
29472,SENSOR_DATA,11,1,11->1,1,3124.204738,3124.204831,0.000093
29475,SENSOR_DATA,34,1,34->23->12->2->1,4,3124.554077,3124.554418,0.000341
29477,SENSOR_DATA,4,1,4->13->3->2->1,4,3124.696931,3124.697209,0.000279
29480,SENSOR_DATA,23,1,23->12->2->1,3,3124.912783,3124.913021,0.000239
29485,SENSOR_DATA,21,1,21->11->1,2,3125.481629,3125.481799,0.000170
29489,SENSOR_DATA,10,1,10->1,1,3125.580227,3125.580296,0.000069
29493,SENSOR_DATA,41,1,41->31->21->11->1,4,3125.923126,3125.923431,0.000306
29498,SENSOR_DATA,42,1,42->31->21->11->1,4,3126.253404,3126.253738,0.000335
29503,SENSOR_DATA,30,1,30->21->11->1,3,3126.467984,3126.468202,0.000219
29509,SENSOR_DATA,35,1,35->34->23->12->2->1,5,3127.439348,3127.439752,0.000404
29521,SENSOR_DATA,22,1,22->11->1,2,3128.591410,3128.591575,0.000165
29523,SENSOR_DATA,20,1,20->11->1,2,3129.287111,3129.287308,0.000197
29530,SENSOR_DATA,31,1,31->21->11->1,3,3129.889377,3129.889618,0.000241
29534,SENSOR_DATA,12,1,12->2->1,2,3130.316218,3130.316386,0.000167
29546,SENSOR_DATA,0,1,0->1,1,3131.188125,3131.188173,0.000048
29547,SENSOR_DATA,32,1,32->22->11->1,3,3131.223711,3131.223980,0.000269
29548,SENSOR_DATA,13,1,13->3->2->1,3,3131.223882,3131.224077,0.000195
29552,SENSOR_DATA,40,1,40->41->31->21->11->1,5,3131.867377,3131.867759,0.000382
29555,SENSOR_DATA,2,1,2->1,1,3132.104102,3132.104172,0.000070
29557,SENSOR_DATA,14,1,14->23->12->2->1,4,3132.690114,3132.690457,0.000344
29567,SENSOR_DATA,3,1,3->2->1,2,3133.494044,3133.494184,0.000140
29571,SENSOR_DATA,11,1,11->1,1,3134.204738,3134.204831,0.000093
29574,SENSOR_DATA,34,1,34->23->12->2->1,4,3134.554077,3134.554418,0.000341
29576,SENSOR_DATA,4,1,4->13->3->2->1,4,3134.696931,3134.697209,0.000279
29579,SENSOR_DATA,23,1,23->12->2->1,3,3134.912783,3134.913021,0.000239
29584,SENSOR_DATA,21,1,21->11->1,2,3135.481629,3135.481799,0.000170
29588,SENSOR_DATA,10,1,10->1,1,3135.580227,3135.580296,0.000069
29592,SENSOR_DATA,41,1,41->31->21->11->1,4,3135.923126,3135.923431,0.000306
29597,SENSOR_DATA,42,1,42->31->21->11->1,4,3136.253404,3136.253738,0.000335
29602,SENSOR_DATA,30,1,30->21->11->1,3,3136.467984,3136.468202,0.000219
29608,SENSOR_DATA,35,1,35->34->23->12->2->1,5,3137.439348,3137.439752,0.000404
29620,SENSOR_DATA,22,1,22->11->1,2,3138.591410,3138.591575,0.000165
29622,SENSOR_DATA,20,1,20->11->1,2,3139.287111,3139.287308,0.000197
29629,SENSOR_DATA,31,1,31->21->11->1,3,3139.889377,3139.889618,0.000241
29633,SENSOR_DATA,12,1,12->2->1,2,3140.316218,3140.316386,0.000167
29645,SENSOR_DATA,0,1,0->1,1,3141.188125,3141.188173,0.000048
29646,SENSOR_DATA,32,1,32->22->11->1,3,3141.223711,3141.223980,0.000269
29647,SENSOR_DATA,13,1,13->3->2->1,3,3141.223882,3141.224077,0.000195
29651,SENSOR_DATA,40,1,40->41->31->21->11->1,5,3141.867377,3141.867759,0.000382
29654,SENSOR_DATA,2,1,2->1,1,3142.104102,3142.104172,0.000070
29656,SENSOR_DATA,14,1,14->23->12->2->1,4,3142.690114,3142.690457,0.000344
29666,SENSOR_DATA,3,1,3->2->1,2,3143.494044,3143.494184,0.000140
29670,SENSOR_DATA,11,1,11->1,1,3144.204738,3144.204831,0.000093
29673,SENSOR_DATA,34,1,34->23->12->2->1,4,3144.554077,3144.554418,0.000341
29675,SENSOR_DATA,4,1,4->13->3->2->1,4,3144.696931,3144.697209,0.000279
29678,SENSOR_DATA,23,1,23->12->2->1,3,3144.912783,3144.913021,0.000239
29683,SENSOR_DATA,21,1,21->11->1,2,3145.481629,3145.481799,0.000170
29687,SENSOR_DATA,10,1,10->1,1,3145.580227,3145.580296,0.000069
29691,SENSOR_DATA,41,1,41->31->21->11->1,4,3145.923126,3145.923431,0.000306
29696,SENSOR_DATA,42,1,42->31->21->11->1,4,3146.253404,3146.253738,0.000335
29701,SENSOR_DATA,30,1,30->21->11->1,3,3146.467984,3146.468202,0.000219
29707,SENSOR_DATA,35,1,35->34->23->12->2->1,5,3147.439348,3147.439752,0.000404
29719,SENSOR_DATA,22,1,22->11->1,2,3148.591410,3148.591575,0.000165
29721,SENSOR_DATA,20,1,20->11->1,2,3149.287111,3149.287308,0.000197
29728,SENSOR_DATA,31,1,31->21->11->1,3,3149.889377,3149.889618,0.000241
29732,SENSOR_DATA,12,1,12->2->1,2,3150.316218,3150.316386,0.000167
29744,SENSOR_DATA,0,1,0->1,1,3151.188125,3151.188173,0.000048
29745,SENSOR_DATA,32,1,32->22->11->1,3,3151.223711,3151.223980,0.000269
29746,SENSOR_DATA,13,1,13->3->2->1,3,3151.223882,3151.224077,0.000195
29750,SENSOR_DATA,40,1,40->41->31->21->11->1,5,3151.867377,3151.867759,0.000382
29753,SENSOR_DATA,2,1,2->1,1,3152.104102,3152.104172,0.000070
29755,SENSOR_DATA,14,1,14->23->12->2->1,4,3152.690114,3152.690457,0.000344
29765,SENSOR_DATA,3,1,3->2->1,2,3153.494044,3153.494184,0.000140
29769,SENSOR_DATA,11,1,11->1,1,3154.204738,3154.204831,0.000093
29772,SENSOR_DATA,34,1,34->23->12->2->1,4,3154.554077,3154.554418,0.000341
29774,SENSOR_DATA,4,1,4->13->3->2->1,4,3154.696931,3154.697209,0.000279
29777,SENSOR_DATA,23,1,23->12->2->1,3,3154.912783,3154.913021,0.000239
29782,SENSOR_DATA,21,1,21->11->1,2,3155.481629,3155.481799,0.000170
29786,SENSOR_DATA,10,1,10->1,1,3155.580227,3155.580296,0.000069
29790,SENSOR_DATA,41,1,41->31->21->11->1,4,3155.923126,3155.923431,0.000306
29795,SENSOR_DATA,42,1,42->31->21->11->1,4,3156.253404,3156.253738,0.000335
29800,SENSOR_DATA,30,1,30->21->11->1,3,3156.467984,3156.468202,0.000219
29806,SENSOR_DATA,35,1,35->34->23->12->2->1,5,3157.439348,3157.439752,0.000404
29818,SENSOR_DATA,22,1,22->11->1,2,3158.591410,3158.591575,0.000165
29820,SENSOR_DATA,20,1,20->11->1,2,3159.287111,3159.287308,0.000197
29827,SENSOR_DATA,31,1,31->21->11->1,3,3159.889377,3159.889618,0.000241
29831,SENSOR_DATA,12,1,12->2->1,2,3160.316218,3160.316386,0.000167
29843,SENSOR_DATA,0,1,0->1,1,3161.188125,3161.188173,0.000048
29844,SENSOR_DATA,32,1,32->22->11->1,3,3161.223711,3161.223980,0.000269
29845,SENSOR_DATA,13,1,13->3->2->1,3,3161.223882,3161.224077,0.000195
29849,SENSOR_DATA,40,1,40->41->31->21->11->1,5,3161.867377,3161.867759,0.000382
29852,SENSOR_DATA,2,1,2->1,1,3162.104102,3162.104172,0.000070
29854,SENSOR_DATA,14,1,14->23->12->2->1,4,3162.690114,3162.690457,0.000344
29864,SENSOR_DATA,3,1,3->2->1,2,3163.494044,3163.494184,0.000140
29868,SENSOR_DATA,11,1,11->1,1,3164.204738,3164.204831,0.000093
29871,SENSOR_DATA,34,1,34->23->12->2->1,4,3164.554077,3164.554418,0.000341
29873,SENSOR_DATA,4,1,4->13->3->2->1,4,3164.696931,3164.697209,0.000279
29876,SENSOR_DATA,23,1,23->12->2->1,3,3164.912783,3164.913021,0.000239
29881,SENSOR_DATA,21,1,21->11->1,2,3165.481629,3165.481799,0.000170
29885,SENSOR_DATA,10,1,10->1,1,3165.580227,3165.580296,0.000069
29889,SENSOR_DATA,41,1,41->31->21->11->1,4,3165.923126,3165.923431,0.000306
29894,SENSOR_DATA,42,1,42->31->21->11->1,4,3166.253404,3166.253738,0.000335
29899,SENSOR_DATA,30,1,30->21->11->1,3,3166.467984,3166.468202,0.000219
29905,SENSOR_DATA,35,1,35->34->23->12->2->1,5,3167.439348,3167.439752,0.000404
29917,SENSOR_DATA,22,1,22->11->1,2,3168.591410,3168.591575,0.000165
29919,SENSOR_DATA,20,1,20->11->1,2,3169.287111,3169.287308,0.000197
29926,SENSOR_DATA,31,1,31->21->11->1,3,3169.889377,3169.889618,0.000241
29930,SENSOR_DATA,12,1,12->2->1,2,3170.316218,3170.316386,0.000167
29942,SENSOR_DATA,0,1,0->1,1,3171.188125,3171.188173,0.000048
29943,SENSOR_DATA,32,1,32->22->11->1,3,3171.223711,3171.223980,0.000269
29944,SENSOR_DATA,13,1,13->3->2->1,3,3171.223882,3171.224077,0.000195
29948,SENSOR_DATA,40,1,40->41->31->21->11->1,5,3171.867377,3171.867759,0.000382
29951,SENSOR_DATA,2,1,2->1,1,3172.104102,3172.104172,0.000070
29953,SENSOR_DATA,14,1,14->23->12->2->1,4,3172.690114,3172.690457,0.000344
29963,SENSOR_DATA,3,1,3->2->1,2,3173.494044,3173.494184,0.000140
29967,SENSOR_DATA,11,1,11->1,1,3174.204738,3174.204831,0.000093
29970,SENSOR_DATA,34,1,34->23->12->2->1,4,3174.554077,3174.554418,0.000341
29972,SENSOR_DATA,4,1,4->13->3->2->1,4,3174.696931,3174.697209,0.000279
29975,SENSOR_DATA,23,1,23->12->2->1,3,3174.912783,3174.913021,0.000239
29980,SENSOR_DATA,21,1,21->11->1,2,3175.481629,3175.481799,0.000170
29984,SENSOR_DATA,10,1,10->1,1,3175.580227,3175.580296,0.000069
29988,SENSOR_DATA,41,1,41->31->21->11->1,4,3175.923126,3175.923431,0.000306
29993,SENSOR_DATA,42,1,42->31->21->11->1,4,3176.253404,3176.253738,0.000335
29998,SENSOR_DATA,30,1,30->21->11->1,3,3176.467984,3176.468202,0.000219
30004,SENSOR_DATA,35,1,35->34->23->12->2->1,5,3177.439348,3177.439752,0.000404
30016,SENSOR_DATA,22,1,22->11->1,2,3178.591410,3178.591575,0.000165
30018,SENSOR_DATA,20,1,20->11->1,2,3179.287111,3179.287308,0.000197
30025,SENSOR_DATA,31,1,31->21->11->1,3,3179.889377,3179.889618,0.000241
30029,SENSOR_DATA,12,1,12->2->1,2,3180.316218,3180.316386,0.000167
30041,SENSOR_DATA,0,1,0->1,1,3181.188125,3181.188173,0.000048
30042,SENSOR_DATA,32,1,32->22->11->1,3,3181.223711,3181.223980,0.000269
30043,SENSOR_DATA,13,1,13->3->2->1,3,3181.223882,3181.224077,0.000195
30047,SENSOR_DATA,40,1,40->41->31->21->11->1,5,3181.867377,3181.867759,0.000382
30050,SENSOR_DATA,2,1,2->1,1,3182.104102,3182.104172,0.000070
30052,SENSOR_DATA,14,1,14->23->12->2->1,4,3182.690114,3182.690457,0.000344
30062,SENSOR_DATA,3,1,3->2->1,2,3183.494044,3183.494184,0.000140
30066,SENSOR_DATA,11,1,11->1,1,3184.204738,3184.204831,0.000093
30069,SENSOR_DATA,34,1,34->23->12->2->1,4,3184.554077,3184.554418,0.000341
30071,SENSOR_DATA,4,1,4->13->3->2->1,4,3184.696931,3184.697209,0.000279
30074,SENSOR_DATA,23,1,23->12->2->1,3,3184.912783,3184.913021,0.000239
30079,SENSOR_DATA,21,1,21->11->1,2,3185.481629,3185.481799,0.000170
30083,SENSOR_DATA,10,1,10->1,1,3185.580227,3185.580296,0.000069
30087,SENSOR_DATA,41,1,41->31->21->11->1,4,3185.923126,3185.923431,0.000306
30092,SENSOR_DATA,42,1,42->31->21->11->1,4,3186.253404,3186.253738,0.000335
30097,SENSOR_DATA,30,1,30->21->11->1,3,3186.467984,3186.468202,0.000219
30103,SENSOR_DATA,35,1,35->34->23->12->2->1,5,3187.439348,3187.439752,0.000404
30115,SENSOR_DATA,22,1,22->11->1,2,3188.591410,3188.591575,0.000165
30117,SENSOR_DATA,20,1,20->11->1,2,3189.287111,3189.287308,0.000197
30124,SENSOR_DATA,31,1,31->21->11->1,3,3189.889377,3189.889618,0.000241
30128,SENSOR_DATA,12,1,12->2->1,2,3190.316218,3190.316386,0.000167
30140,SENSOR_DATA,0,1,0->1,1,3191.188125,3191.188173,0.000048
30141,SENSOR_DATA,32,1,32->22->11->1,3,3191.223711,3191.223980,0.000269
30142,SENSOR_DATA,13,1,13->3->2->1,3,3191.223882,3191.224077,0.000195
30146,SENSOR_DATA,40,1,40->41->31->21->11->1,5,3191.867377,3191.867759,0.000382
30149,SENSOR_DATA,2,1,2->1,1,3192.104102,3192.104172,0.000070
30151,SENSOR_DATA,14,1,14->23->12->2->1,4,3192.690114,3192.690457,0.000344
30161,SENSOR_DATA,3,1,3->2->1,2,3193.494044,3193.494184,0.000140
30165,SENSOR_DATA,11,1,11->1,1,3194.204738,3194.204831,0.000093
30168,SENSOR_DATA,34,1,34->23->12->2->1,4,3194.554077,3194.554418,0.000341
30170,SENSOR_DATA,4,1,4->13->3->2->1,4,3194.696931,3194.697209,0.000279
30173,SENSOR_DATA,23,1,23->12->2->1,3,3194.912783,3194.913021,0.000239
30178,SENSOR_DATA,21,1,21->11->1,2,3195.481629,3195.481799,0.000170
30182,SENSOR_DATA,10,1,10->1,1,3195.580227,3195.580296,0.000069
30186,SENSOR_DATA,41,1,41->31->21->11->1,4,3195.923126,3195.923431,0.000306
30191,SENSOR_DATA,42,1,42->31->21->11->1,4,3196.253404,3196.253738,0.000335
30196,SENSOR_DATA,30,1,30->21->11->1,3,3196.467984,3196.468202,0.000219
30202,SENSOR_DATA,35,1,35->34->23->12->2->1,5,3197.439348,3197.439752,0.000404
30214,SENSOR_DATA,22,1,22->11->1,2,3198.591410,3198.591575,0.000165
30216,SENSOR_DATA,20,1,20->11->1,2,3199.287111,3199.287308,0.000197
30223,SENSOR_DATA,31,1,31->21->11->1,3,3199.889377,3199.889618,0.000241
30227,SENSOR_DATA,12,1,12->2->1,2,3200.316218,3200.316386,0.000167
30239,SENSOR_DATA,0,1,0->1,1,3201.188125,3201.188173,0.000048
30240,SENSOR_DATA,32,1,32->22->11->1,3,3201.223711,3201.223980,0.000269
30241,SENSOR_DATA,13,1,13->3->2->1,3,3201.223882,3201.224077,0.000195
30245,SENSOR_DATA,40,1,40->41->31->21->11->1,5,3201.867377,3201.867759,0.000382
30248,SENSOR_DATA,2,1,2->1,1,3202.104102,3202.104172,0.000070
30250,SENSOR_DATA,14,1,14->23->12->2->1,4,3202.690114,3202.690457,0.000344
30260,SENSOR_DATA,3,1,3->2->1,2,3203.494044,3203.494184,0.000140
30264,SENSOR_DATA,11,1,11->1,1,3204.204738,3204.204831,0.000093
30267,SENSOR_DATA,34,1,34->23->12->2->1,4,3204.554077,3204.554418,0.000341
30269,SENSOR_DATA,4,1,4->13->3->2->1,4,3204.696931,3204.697209,0.000279
30272,SENSOR_DATA,23,1,23->12->2->1,3,3204.912783,3204.913021,0.000239
30277,SENSOR_DATA,21,1,21->11->1,2,3205.481629,3205.481799,0.000170
30281,SENSOR_DATA,10,1,10->1,1,3205.580227,3205.580296,0.000069
30285,SENSOR_DATA,41,1,41->31->21->11->1,4,3205.923126,3205.923431,0.000306
30290,SENSOR_DATA,42,1,42->31->21->11->1,4,3206.253404,3206.253738,0.000335
30295,SENSOR_DATA,30,1,30->21->11->1,3,3206.467984,3206.468202,0.000219
30301,SENSOR_DATA,35,1,35->34->23->12->2->1,5,3207.439348,3207.439752,0.000404
30313,SENSOR_DATA,22,1,22->11->1,2,3208.591410,3208.591575,0.000165
30315,SENSOR_DATA,20,1,20->11->1,2,3209.287111,3209.287308,0.000197
30322,SENSOR_DATA,31,1,31->21->11->1,3,3209.889377,3209.889618,0.000241
30326,SENSOR_DATA,12,1,12->2->1,2,3210.316218,3210.316386,0.000167
30338,SENSOR_DATA,0,1,0->1,1,3211.188125,3211.188173,0.000048
30339,SENSOR_DATA,32,1,32->22->11->1,3,3211.223711,3211.223980,0.000269
30340,SENSOR_DATA,13,1,13->3->2->1,3,3211.223882,3211.224077,0.000195
30344,SENSOR_DATA,40,1,40->41->31->21->11->1,5,3211.867377,3211.867759,0.000382
30347,SENSOR_DATA,2,1,2->1,1,3212.104102,3212.104172,0.000070
30349,SENSOR_DATA,14,1,14->23->12->2->1,4,3212.690114,3212.690457,0.000344
30359,SENSOR_DATA,3,1,3->2->1,2,3213.494044,3213.494184,0.000140
30363,SENSOR_DATA,11,1,11->1,1,3214.204738,3214.204831,0.000093
30366,SENSOR_DATA,34,1,34->23->12->2->1,4,3214.554077,3214.554418,0.000341
30368,SENSOR_DATA,4,1,4->13->3->2->1,4,3214.696931,3214.697209,0.000279
30371,SENSOR_DATA,23,1,23->12->2->1,3,3214.912783,3214.913021,0.000239
30376,SENSOR_DATA,21,1,21->11->1,2,3215.481629,3215.481799,0.000170
30380,SENSOR_DATA,10,1,10->1,1,3215.580227,3215.580296,0.000069
30384,SENSOR_DATA,41,1,41->31->21->11->1,4,3215.923126,3215.923431,0.000306
30389,SENSOR_DATA,42,1,42->31->21->11->1,4,3216.253404,3216.253738,0.000335
30394,SENSOR_DATA,30,1,30->21->11->1,3,3216.467984,3216.468202,0.000219
30400,SENSOR_DATA,35,1,35->34->23->12->2->1,5,3217.439348,3217.439752,0.000404
30412,SENSOR_DATA,22,1,22->11->1,2,3218.591410,3218.591575,0.000165
30414,SENSOR_DATA,20,1,20->11->1,2,3219.287111,3219.287308,0.000197
30421,SENSOR_DATA,31,1,31->21->11->1,3,3219.889377,3219.889618,0.000241
30425,SENSOR_DATA,12,1,12->2->1,2,3220.316218,3220.316386,0.000167
30437,SENSOR_DATA,0,1,0->1,1,3221.188125,3221.188173,0.000048
30438,SENSOR_DATA,32,1,32->22->11->1,3,3221.223711,3221.223980,0.000269
30439,SENSOR_DATA,13,1,13->3->2->1,3,3221.223882,3221.224077,0.000195
30443,SENSOR_DATA,40,1,40->41->31->21->11->1,5,3221.867377,3221.867759,0.000382
30446,SENSOR_DATA,2,1,2->1,1,3222.104102,3222.104172,0.000070
30448,SENSOR_DATA,14,1,14->23->12->2->1,4,3222.690114,3222.690457,0.000344
30458,SENSOR_DATA,3,1,3->2->1,2,3223.494044,3223.494184,0.000140
30462,SENSOR_DATA,11,1,11->1,1,3224.204738,3224.204831,0.000093
30465,SENSOR_DATA,34,1,34->23->12->2->1,4,3224.554077,3224.554418,0.000341
30467,SENSOR_DATA,4,1,4->13->3->2->1,4,3224.696931,3224.697209,0.000279
30470,SENSOR_DATA,23,1,23->12->2->1,3,3224.912783,3224.913021,0.000239
30475,SENSOR_DATA,21,1,21->11->1,2,3225.481629,3225.481799,0.000170
30479,SENSOR_DATA,10,1,10->1,1,3225.580227,3225.580296,0.000069
30483,SENSOR_DATA,41,1,41->31->21->11->1,4,3225.923126,3225.923431,0.000306
30488,SENSOR_DATA,42,1,42->31->21->11->1,4,3226.253404,3226.253738,0.000335
30493,SENSOR_DATA,30,1,30->21->11->1,3,3226.467984,3226.468202,0.000219
30499,SENSOR_DATA,35,1,35->34->23->12->2->1,5,3227.439348,3227.439752,0.000404
30511,SENSOR_DATA,22,1,22->11->1,2,3228.591410,3228.591575,0.000165
30513,SENSOR_DATA,20,1,20->11->1,2,3229.287111,3229.287308,0.000197
30520,SENSOR_DATA,31,1,31->21->11->1,3,3229.889377,3229.889618,0.000241
30524,SENSOR_DATA,12,1,12->2->1,2,3230.316218,3230.316386,0.000167
30536,SENSOR_DATA,0,1,0->1,1,3231.188125,3231.188173,0.000048
30537,SENSOR_DATA,32,1,32->22->11->1,3,3231.223711,3231.223980,0.000269
30538,SENSOR_DATA,13,1,13->3->2->1,3,3231.223882,3231.224077,0.000195
30542,SENSOR_DATA,40,1,40->41->31->21->11->1,5,3231.867377,3231.867759,0.000382
30545,SENSOR_DATA,2,1,2->1,1,3232.104102,3232.104172,0.000070
30547,SENSOR_DATA,14,1,14->23->12->2->1,4,3232.690114,3232.690457,0.000344
30557,SENSOR_DATA,3,1,3->2->1,2,3233.494044,3233.494184,0.000140
30561,SENSOR_DATA,11,1,11->1,1,3234.204738,3234.204831,0.000093
30564,SENSOR_DATA,34,1,34->23->12->2->1,4,3234.554077,3234.554418,0.000341
30566,SENSOR_DATA,4,1,4->13->3->2->1,4,3234.696931,3234.697209,0.000279
30569,SENSOR_DATA,23,1,23->12->2->1,3,3234.912783,3234.913021,0.000239
30574,SENSOR_DATA,21,1,21->11->1,2,3235.481629,3235.481799,0.000170
30578,SENSOR_DATA,10,1,10->1,1,3235.580227,3235.580296,0.000069
30582,SENSOR_DATA,41,1,41->31->21->11->1,4,3235.923126,3235.923431,0.000306
30587,SENSOR_DATA,42,1,42->31->21->11->1,4,3236.253404,3236.253738,0.000335
30592,SENSOR_DATA,30,1,30->21->11->1,3,3236.467984,3236.468202,0.000219
30598,SENSOR_DATA,35,1,35->34->23->12->2->1,5,3237.439348,3237.439752,0.000404
30610,SENSOR_DATA,22,1,22->11->1,2,3238.591410,3238.591575,0.000165
30612,SENSOR_DATA,20,1,20->11->1,2,3239.287111,3239.287308,0.000197
30619,SENSOR_DATA,31,1,31->21->11->1,3,3239.889377,3239.889618,0.000241
30623,SENSOR_DATA,12,1,12->2->1,2,3240.316218,3240.316386,0.000167
30635,SENSOR_DATA,0,1,0->1,1,3241.188125,3241.188173,0.000048
30636,SENSOR_DATA,32,1,32->22->11->1,3,3241.223711,3241.223980,0.000269
30637,SENSOR_DATA,13,1,13->3->2->1,3,3241.223882,3241.224077,0.000195
30641,SENSOR_DATA,40,1,40->41->31->21->11->1,5,3241.867377,3241.867759,0.000382
30644,SENSOR_DATA,2,1,2->1,1,3242.104102,3242.104172,0.000070
30646,SENSOR_DATA,14,1,14->23->12->2->1,4,3242.690114,3242.690457,0.000344
30656,SENSOR_DATA,3,1,3->2->1,2,3243.494044,3243.494184,0.000140
30660,SENSOR_DATA,11,1,11->1,1,3244.204738,3244.204831,0.000093
30663,SENSOR_DATA,34,1,34->23->12->2->1,4,3244.554077,3244.554418,0.000341
30665,SENSOR_DATA,4,1,4->13->3->2->1,4,3244.696931,3244.697209,0.000279
30668,SENSOR_DATA,23,1,23->12->2->1,3,3244.912783,3244.913021,0.000239
30673,SENSOR_DATA,21,1,21->11->1,2,3245.481629,3245.481799,0.000170
30677,SENSOR_DATA,10,1,10->1,1,3245.580227,3245.580296,0.000069
30681,SENSOR_DATA,41,1,41->31->21->11->1,4,3245.923126,3245.923431,0.000306
30686,SENSOR_DATA,42,1,42->31->21->11->1,4,3246.253404,3246.253738,0.000335
30691,SENSOR_DATA,30,1,30->21->11->1,3,3246.467984,3246.468202,0.000219
30697,SENSOR_DATA,35,1,35->34->23->12->2->1,5,3247.439348,3247.439752,0.000404
30709,SENSOR_DATA,22,1,22->11->1,2,3248.591410,3248.591575,0.000165
30711,SENSOR_DATA,20,1,20->11->1,2,3249.287111,3249.287308,0.000197
30718,SENSOR_DATA,31,1,31->21->11->1,3,3249.889377,3249.889618,0.000241
30722,SENSOR_DATA,12,1,12->2->1,2,3250.316218,3250.316386,0.000167
30734,SENSOR_DATA,0,1,0->1,1,3251.188125,3251.188173,0.000048
30735,SENSOR_DATA,32,1,32->22->11->1,3,3251.223711,3251.223980,0.000269
30736,SENSOR_DATA,13,1,13->3->2->1,3,3251.223882,3251.224077,0.000195
30740,SENSOR_DATA,40,1,40->41->31->21->11->1,5,3251.867377,3251.867759,0.000382
30743,SENSOR_DATA,2,1,2->1,1,3252.104102,3252.104172,0.000070
30745,SENSOR_DATA,14,1,14->23->12->2->1,4,3252.690114,3252.690457,0.000344
30755,SENSOR_DATA,3,1,3->2->1,2,3253.494044,3253.494184,0.000140
30759,SENSOR_DATA,11,1,11->1,1,3254.204738,3254.204831,0.000093
30762,SENSOR_DATA,34,1,34->23->12->2->1,4,3254.554077,3254.554418,0.000341
30764,SENSOR_DATA,4,1,4->13->3->2->1,4,3254.696931,3254.697209,0.000279
30767,SENSOR_DATA,23,1,23->12->2->1,3,3254.912783,3254.913021,0.000239
30772,SENSOR_DATA,21,1,21->11->1,2,3255.481629,3255.481799,0.000170
30776,SENSOR_DATA,10,1,10->1,1,3255.580227,3255.580296,0.000069
30780,SENSOR_DATA,41,1,41->31->21->11->1,4,3255.923126,3255.923431,0.000306
30785,SENSOR_DATA,42,1,42->31->21->11->1,4,3256.253404,3256.253738,0.000335
30790,SENSOR_DATA,30,1,30->21->11->1,3,3256.467984,3256.468202,0.000219
30796,SENSOR_DATA,35,1,35->34->23->12->2->1,5,3257.439348,3257.439752,0.000404
30808,SENSOR_DATA,22,1,22->11->1,2,3258.591410,3258.591575,0.000165
30810,SENSOR_DATA,20,1,20->11->1,2,3259.287111,3259.287308,0.000197
30817,SENSOR_DATA,31,1,31->21->11->1,3,3259.889377,3259.889618,0.000241
30821,SENSOR_DATA,12,1,12->2->1,2,3260.316218,3260.316386,0.000167
30833,SENSOR_DATA,0,1,0->1,1,3261.188125,3261.188173,0.000048
30834,SENSOR_DATA,32,1,32->22->11->1,3,3261.223711,3261.223980,0.000269
30835,SENSOR_DATA,13,1,13->3->2->1,3,3261.223882,3261.224077,0.000195
30839,SENSOR_DATA,40,1,40->41->31->21->11->1,5,3261.867377,3261.867759,0.000382
30842,SENSOR_DATA,2,1,2->1,1,3262.104102,3262.104172,0.000070
30844,SENSOR_DATA,14,1,14->23->12->2->1,4,3262.690114,3262.690457,0.000344
30854,SENSOR_DATA,3,1,3->2->1,2,3263.494044,3263.494184,0.000140
30858,SENSOR_DATA,11,1,11->1,1,3264.204738,3264.204831,0.000093
30861,SENSOR_DATA,34,1,34->23->12->2->1,4,3264.554077,3264.554418,0.000341
30863,SENSOR_DATA,4,1,4->13->3->2->1,4,3264.696931,3264.697209,0.000279
30866,SENSOR_DATA,23,1,23->12->2->1,3,3264.912783,3264.913021,0.000239
30871,SENSOR_DATA,21,1,21->11->1,2,3265.481629,3265.481799,0.000170
30875,SENSOR_DATA,10,1,10->1,1,3265.580227,3265.580296,0.000069
30879,SENSOR_DATA,41,1,41->31->21->11->1,4,3265.923126,3265.923431,0.000306
30884,SENSOR_DATA,42,1,42->31->21->11->1,4,3266.253404,3266.253738,0.000335
30889,SENSOR_DATA,30,1,30->21->11->1,3,3266.467984,3266.468202,0.000219
30895,SENSOR_DATA,35,1,35->34->23->12->2->1,5,3267.439348,3267.439752,0.000404
30907,SENSOR_DATA,22,1,22->11->1,2,3268.591410,3268.591575,0.000165
30909,SENSOR_DATA,20,1,20->11->1,2,3269.287111,3269.287308,0.000197
30916,SENSOR_DATA,31,1,31->21->11->1,3,3269.889377,3269.889618,0.000241
30920,SENSOR_DATA,12,1,12->2->1,2,3270.316218,3270.316386,0.000167
30932,SENSOR_DATA,0,1,0->1,1,3271.188125,3271.188173,0.000048
30933,SENSOR_DATA,32,1,32->22->11->1,3,3271.223711,3271.223980,0.000269
30934,SENSOR_DATA,13,1,13->3->2->1,3,3271.223882,3271.224077,0.000195
30938,SENSOR_DATA,40,1,40->41->31->21->11->1,5,3271.867377,3271.867759,0.000382
30941,SENSOR_DATA,2,1,2->1,1,3272.104102,3272.104172,0.000070
30943,SENSOR_DATA,14,1,14->23->12->2->1,4,3272.690114,3272.690457,0.000344
30953,SENSOR_DATA,3,1,3->2->1,2,3273.494044,3273.494184,0.000140
30957,SENSOR_DATA,11,1,11->1,1,3274.204738,3274.204831,0.000093
30960,SENSOR_DATA,34,1,34->23->12->2->1,4,3274.554077,3274.554418,0.000341
30962,SENSOR_DATA,4,1,4->13->3->2->1,4,3274.696931,3274.697209,0.000279
30965,SENSOR_DATA,23,1,23->12->2->1,3,3274.912783,3274.913021,0.000239
30970,SENSOR_DATA,21,1,21->11->1,2,3275.481629,3275.481799,0.000170
30974,SENSOR_DATA,10,1,10->1,1,3275.580227,3275.580296,0.000069
30978,SENSOR_DATA,41,1,41->31->21->11->1,4,3275.923126,3275.923431,0.000306
30983,SENSOR_DATA,42,1,42->31->21->11->1,4,3276.253404,3276.253738,0.000335
30988,SENSOR_DATA,30,1,30->21->11->1,3,3276.467984,3276.468202,0.000219
30994,SENSOR_DATA,35,1,35->34->23->12->2->1,5,3277.439348,3277.439752,0.000404
31006,SENSOR_DATA,22,1,22->11->1,2,3278.591410,3278.591575,0.000165
31008,SENSOR_DATA,20,1,20->11->1,2,3279.287111,3279.287308,0.000197
31015,SENSOR_DATA,31,1,31->21->11->1,3,3279.889377,3279.889618,0.000241
31019,SENSOR_DATA,12,1,12->2->1,2,3280.316218,3280.316386,0.000167
31031,SENSOR_DATA,0,1,0->1,1,3281.188125,3281.188173,0.000048
31032,SENSOR_DATA,32,1,32->22->11->1,3,3281.223711,3281.223980,0.000269
31033,SENSOR_DATA,13,1,13->3->2->1,3,3281.223882,3281.224077,0.000195
31037,SENSOR_DATA,40,1,40->41->31->21->11->1,5,3281.867377,3281.867759,0.000382
31040,SENSOR_DATA,2,1,2->1,1,3282.104102,3282.104172,0.000070
31042,SENSOR_DATA,14,1,14->23->12->2->1,4,3282.690114,3282.690457,0.000344
31052,SENSOR_DATA,3,1,3->2->1,2,3283.494044,3283.494184,0.000140
31056,SENSOR_DATA,11,1,11->1,1,3284.204738,3284.204831,0.000093
31059,SENSOR_DATA,34,1,34->23->12->2->1,4,3284.554077,3284.554418,0.000341
31061,SENSOR_DATA,4,1,4->13->3->2->1,4,3284.696931,3284.697209,0.000279
31064,SENSOR_DATA,23,1,23->12->2->1,3,3284.912783,3284.913021,0.000239
31069,SENSOR_DATA,21,1,21->11->1,2,3285.481629,3285.481799,0.000170
31073,SENSOR_DATA,10,1,10->1,1,3285.580227,3285.580296,0.000069
31077,SENSOR_DATA,41,1,41->31->21->11->1,4,3285.923126,3285.923431,0.000306
31082,SENSOR_DATA,42,1,42->31->21->11->1,4,3286.253404,3286.253738,0.000335
31087,SENSOR_DATA,30,1,30->21->11->1,3,3286.467984,3286.468202,0.000219
31093,SENSOR_DATA,35,1,35->34->23->12->2->1,5,3287.439348,3287.439752,0.000404
31105,SENSOR_DATA,22,1,22->11->1,2,3288.591410,3288.591575,0.000165
31107,SENSOR_DATA,20,1,20->11->1,2,3289.287111,3289.287308,0.000197
31114,SENSOR_DATA,31,1,31->21->11->1,3,3289.889377,3289.889618,0.000241
31118,SENSOR_DATA,12,1,12->2->1,2,3290.316218,3290.316386,0.000167
31130,SENSOR_DATA,0,1,0->1,1,3291.188125,3291.188173,0.000048
31131,SENSOR_DATA,32,1,32->22->11->1,3,3291.223711,3291.223980,0.000269
31132,SENSOR_DATA,13,1,13->3->2->1,3,3291.223882,3291.224077,0.000195
31136,SENSOR_DATA,40,1,40->41->31->21->11->1,5,3291.867377,3291.867759,0.000382
31139,SENSOR_DATA,2,1,2->1,1,3292.104102,3292.104172,0.000070
31141,SENSOR_DATA,14,1,14->23->12->2->1,4,3292.690114,3292.690457,0.000344
31151,SENSOR_DATA,3,1,3->2->1,2,3293.494044,3293.494184,0.000140
31155,SENSOR_DATA,11,1,11->1,1,3294.204738,3294.204831,0.000093
31158,SENSOR_DATA,34,1,34->23->12->2->1,4,3294.554077,3294.554418,0.000341
31160,SENSOR_DATA,4,1,4->13->3->2->1,4,3294.696931,3294.697209,0.000279
31163,SENSOR_DATA,23,1,23->12->2->1,3,3294.912783,3294.913021,0.000239
31168,SENSOR_DATA,21,1,21->11->1,2,3295.481629,3295.481799,0.000170
31172,SENSOR_DATA,10,1,10->1,1,3295.580227,3295.580296,0.000069
31176,SENSOR_DATA,41,1,41->31->21->11->1,4,3295.923126,3295.923431,0.000306
31181,SENSOR_DATA,42,1,42->31->21->11->1,4,3296.253404,3296.253738,0.000335
31186,SENSOR_DATA,30,1,30->21->11->1,3,3296.467984,3296.468202,0.000219
31192,SENSOR_DATA,35,1,35->34->23->12->2->1,5,3297.439348,3297.439752,0.000404
31204,SENSOR_DATA,22,1,22->11->1,2,3298.591410,3298.591575,0.000165
31206,SENSOR_DATA,20,1,20->11->1,2,3299.287111,3299.287308,0.000197
31213,SENSOR_DATA,31,1,31->21->11->1,3,3299.889377,3299.889618,0.000241
31217,SENSOR_DATA,12,1,12->2->1,2,3300.316218,3300.316386,0.000167
31229,SENSOR_DATA,0,1,0->1,1,3301.188125,3301.188173,0.000048
31230,SENSOR_DATA,32,1,32->22->11->1,3,3301.223711,3301.223980,0.000269
31231,SENSOR_DATA,13,1,13->3->2->1,3,3301.223882,3301.224077,0.000195
31235,SENSOR_DATA,40,1,40->41->31->21->11->1,5,3301.867377,3301.867759,0.000382
31238,SENSOR_DATA,2,1,2->1,1,3302.104102,3302.104172,0.000070
31240,SENSOR_DATA,14,1,14->23->12->2->1,4,3302.690114,3302.690457,0.000344
31250,SENSOR_DATA,3,1,3->2->1,2,3303.494044,3303.494184,0.000140
31254,SENSOR_DATA,11,1,11->1,1,3304.204738,3304.204831,0.000093
31257,SENSOR_DATA,34,1,34->23->12->2->1,4,3304.554077,3304.554418,0.000341
31259,SENSOR_DATA,4,1,4->13->3->2->1,4,3304.696931,3304.697209,0.000279
31262,SENSOR_DATA,23,1,23->12->2->1,3,3304.912783,3304.913021,0.000239
31267,SENSOR_DATA,21,1,21->11->1,2,3305.481629,3305.481799,0.000170
31271,SENSOR_DATA,10,1,10->1,1,3305.580227,3305.580296,0.000069
31275,SENSOR_DATA,41,1,41->31->21->11->1,4,3305.923126,3305.923431,0.000306
31280,SENSOR_DATA,42,1,42->31->21->11->1,4,3306.253404,3306.253738,0.000335
31285,SENSOR_DATA,30,1,30->21->11->1,3,3306.467984,3306.468202,0.000219
31291,SENSOR_DATA,35,1,35->34->23->12->2->1,5,3307.439348,3307.439752,0.000404
31303,SENSOR_DATA,22,1,22->11->1,2,3308.591410,3308.591575,0.000165
31305,SENSOR_DATA,20,1,20->11->1,2,3309.287111,3309.287308,0.000197
31312,SENSOR_DATA,31,1,31->21->11->1,3,3309.889377,3309.889618,0.000241
31316,SENSOR_DATA,12,1,12->2->1,2,3310.316218,3310.316386,0.000167
31328,SENSOR_DATA,0,1,0->1,1,3311.188125,3311.188173,0.000048
31329,SENSOR_DATA,32,1,32->22->11->1,3,3311.223711,3311.223980,0.000269
31330,SENSOR_DATA,13,1,13->3->2->1,3,3311.223882,3311.224077,0.000195
31334,SENSOR_DATA,40,1,40->41->31->21->11->1,5,3311.867377,3311.867759,0.000382
31337,SENSOR_DATA,2,1,2->1,1,3312.104102,3312.104172,0.000070
31339,SENSOR_DATA,14,1,14->23->12->2->1,4,3312.690114,3312.690457,0.000344
31349,SENSOR_DATA,3,1,3->2->1,2,3313.494044,3313.494184,0.000140
31353,SENSOR_DATA,11,1,11->1,1,3314.204738,3314.204831,0.000093
31356,SENSOR_DATA,34,1,34->23->12->2->1,4,3314.554077,3314.554418,0.000341
31358,SENSOR_DATA,4,1,4->13->3->2->1,4,3314.696931,3314.697209,0.000279
31361,SENSOR_DATA,23,1,23->12->2->1,3,3314.912783,3314.913021,0.000239
31366,SENSOR_DATA,21,1,21->11->1,2,3315.481629,3315.481799,0.000170
31370,SENSOR_DATA,10,1,10->1,1,3315.580227,3315.580296,0.000069
31374,SENSOR_DATA,41,1,41->31->21->11->1,4,3315.923126,3315.923431,0.000306
31379,SENSOR_DATA,42,1,42->31->21->11->1,4,3316.253404,3316.253738,0.000335
31384,SENSOR_DATA,30,1,30->21->11->1,3,3316.467984,3316.468202,0.000219
31390,SENSOR_DATA,35,1,35->34->23->12->2->1,5,3317.439348,3317.439752,0.000404
31402,SENSOR_DATA,22,1,22->11->1,2,3318.591410,3318.591575,0.000165
31404,SENSOR_DATA,20,1,20->11->1,2,3319.287111,3319.287308,0.000197
31411,SENSOR_DATA,31,1,31->21->11->1,3,3319.889377,3319.889618,0.000241
31415,SENSOR_DATA,12,1,12->2->1,2,3320.316218,3320.316386,0.000167
31427,SENSOR_DATA,0,1,0->1,1,3321.188125,3321.188173,0.000048
31428,SENSOR_DATA,32,1,32->22->11->1,3,3321.223711,3321.223980,0.000269
31429,SENSOR_DATA,13,1,13->3->2->1,3,3321.223882,3321.224077,0.000195
31433,SENSOR_DATA,40,1,40->41->31->21->11->1,5,3321.867377,3321.867759,0.000382
31436,SENSOR_DATA,2,1,2->1,1,3322.104102,3322.104172,0.000070
31438,SENSOR_DATA,14,1,14->23->12->2->1,4,3322.690114,3322.690457,0.000344
31448,SENSOR_DATA,3,1,3->2->1,2,3323.494044,3323.494184,0.000140
31452,SENSOR_DATA,11,1,11->1,1,3324.204738,3324.204831,0.000093
31455,SENSOR_DATA,34,1,34->23->12->2->1,4,3324.554077,3324.554418,0.000341
31457,SENSOR_DATA,4,1,4->13->3->2->1,4,3324.696931,3324.697209,0.000279
31460,SENSOR_DATA,23,1,23->12->2->1,3,3324.912783,3324.913021,0.000239
31465,SENSOR_DATA,21,1,21->11->1,2,3325.481629,3325.481799,0.000170
31469,SENSOR_DATA,10,1,10->1,1,3325.580227,3325.580296,0.000069
31473,SENSOR_DATA,41,1,41->31->21->11->1,4,3325.923126,3325.923431,0.000306
31478,SENSOR_DATA,42,1,42->31->21->11->1,4,3326.253404,3326.253738,0.000335
31483,SENSOR_DATA,30,1,30->21->11->1,3,3326.467984,3326.468202,0.000219
31489,SENSOR_DATA,35,1,35->34->23->12->2->1,5,3327.439348,3327.439752,0.000404
31501,SENSOR_DATA,22,1,22->11->1,2,3328.591410,3328.591575,0.000165
31503,SENSOR_DATA,20,1,20->11->1,2,3329.287111,3329.287308,0.000197
31510,SENSOR_DATA,31,1,31->21->11->1,3,3329.889377,3329.889618,0.000241
31514,SENSOR_DATA,12,1,12->2->1,2,3330.316218,3330.316386,0.000167
31526,SENSOR_DATA,0,1,0->1,1,3331.188125,3331.188173,0.000048
31527,SENSOR_DATA,32,1,32->22->11->1,3,3331.223711,3331.223980,0.000269
31528,SENSOR_DATA,13,1,13->3->2->1,3,3331.223882,3331.224077,0.000195
31532,SENSOR_DATA,40,1,40->41->31->21->11->1,5,3331.867377,3331.867759,0.000382
31535,SENSOR_DATA,2,1,2->1,1,3332.104102,3332.104172,0.000070
31537,SENSOR_DATA,14,1,14->23->12->2->1,4,3332.690114,3332.690457,0.000344
31547,SENSOR_DATA,3,1,3->2->1,2,3333.494044,3333.494184,0.000140
31551,SENSOR_DATA,11,1,11->1,1,3334.204738,3334.204831,0.000093
31554,SENSOR_DATA,34,1,34->23->12->2->1,4,3334.554077,3334.554418,0.000341
31556,SENSOR_DATA,4,1,4->13->3->2->1,4,3334.696931,3334.697209,0.000279
31559,SENSOR_DATA,23,1,23->12->2->1,3,3334.912783,3334.913021,0.000239
31564,SENSOR_DATA,21,1,21->11->1,2,3335.481629,3335.481799,0.000170
31568,SENSOR_DATA,10,1,10->1,1,3335.580227,3335.580296,0.000069
31572,SENSOR_DATA,41,1,41->31->21->11->1,4,3335.923126,3335.923431,0.000306
31577,SENSOR_DATA,42,1,42->31->21->11->1,4,3336.253404,3336.253738,0.000335
31582,SENSOR_DATA,30,1,30->21->11->1,3,3336.467984,3336.468202,0.000219
31588,SENSOR_DATA,35,1,35->34->23->12->2->1,5,3337.439348,3337.439752,0.000404
31600,SENSOR_DATA,22,1,22->11->1,2,3338.591410,3338.591575,0.000165
31602,SENSOR_DATA,20,1,20->11->1,2,3339.287111,3339.287308,0.000197
31609,SENSOR_DATA,31,1,31->21->11->1,3,3339.889377,3339.889618,0.000241
31613,SENSOR_DATA,12,1,12->2->1,2,3340.316218,3340.316386,0.000167
31625,SENSOR_DATA,0,1,0->1,1,3341.188125,3341.188173,0.000048
31626,SENSOR_DATA,32,1,32->22->11->1,3,3341.223711,3341.223980,0.000269
31627,SENSOR_DATA,13,1,13->3->2->1,3,3341.223882,3341.224077,0.000195
31631,SENSOR_DATA,40,1,40->41->31->21->11->1,5,3341.867377,3341.867759,0.000382
31634,SENSOR_DATA,2,1,2->1,1,3342.104102,3342.104172,0.000070
31636,SENSOR_DATA,14,1,14->23->12->2->1,4,3342.690114,3342.690457,0.000344
31646,SENSOR_DATA,3,1,3->2->1,2,3343.494044,3343.494184,0.000140
31650,SENSOR_DATA,11,1,11->1,1,3344.204738,3344.204831,0.000093
31653,SENSOR_DATA,34,1,34->23->12->2->1,4,3344.554077,3344.554418,0.000341
31655,SENSOR_DATA,4,1,4->13->3->2->1,4,3344.696931,3344.697209,0.000279
31658,SENSOR_DATA,23,1,23->12->2->1,3,3344.912783,3344.913021,0.000239
31663,SENSOR_DATA,21,1,21->11->1,2,3345.481629,3345.481799,0.000170
31667,SENSOR_DATA,10,1,10->1,1,3345.580227,3345.580296,0.000069
31671,SENSOR_DATA,41,1,41->31->21->11->1,4,3345.923126,3345.923431,0.000306
31676,SENSOR_DATA,42,1,42->31->21->11->1,4,3346.253404,3346.253738,0.000335
31681,SENSOR_DATA,30,1,30->21->11->1,3,3346.467984,3346.468202,0.000219
31687,SENSOR_DATA,35,1,35->34->23->12->2->1,5,3347.439348,3347.439752,0.000404
31699,SENSOR_DATA,22,1,22->11->1,2,3348.591410,3348.591575,0.000165
31701,SENSOR_DATA,20,1,20->11->1,2,3349.287111,3349.287308,0.000197
31708,SENSOR_DATA,31,1,31->21->11->1,3,3349.889377,3349.889618,0.000241
31712,SENSOR_DATA,12,1,12->2->1,2,3350.316218,3350.316386,0.000167
31724,SENSOR_DATA,0,1,0->1,1,3351.188125,3351.188173,0.000048
31725,SENSOR_DATA,32,1,32->22->11->1,3,3351.223711,3351.223980,0.000269
31726,SENSOR_DATA,13,1,13->3->2->1,3,3351.223882,3351.224077,0.000195
31730,SENSOR_DATA,40,1,40->41->31->21->11->1,5,3351.867377,3351.867759,0.000382
31733,SENSOR_DATA,2,1,2->1,1,3352.104102,3352.104172,0.000070
31735,SENSOR_DATA,14,1,14->23->12->2->1,4,3352.690114,3352.690457,0.000344
31745,SENSOR_DATA,3,1,3->2->1,2,3353.494044,3353.494184,0.000140
31749,SENSOR_DATA,11,1,11->1,1,3354.204738,3354.204831,0.000093
31752,SENSOR_DATA,34,1,34->23->12->2->1,4,3354.554077,3354.554418,0.000341
31754,SENSOR_DATA,4,1,4->13->3->2->1,4,3354.696931,3354.697209,0.000279
31757,SENSOR_DATA,23,1,23->12->2->1,3,3354.912783,3354.913021,0.000239
31762,SENSOR_DATA,21,1,21->11->1,2,3355.481629,3355.481799,0.000170
31766,SENSOR_DATA,10,1,10->1,1,3355.580227,3355.580296,0.000069
31770,SENSOR_DATA,41,1,41->31->21->11->1,4,3355.923126,3355.923431,0.000306
31775,SENSOR_DATA,42,1,42->31->21->11->1,4,3356.253404,3356.253738,0.000335
31780,SENSOR_DATA,30,1,30->21->11->1,3,3356.467984,3356.468202,0.000219
31786,SENSOR_DATA,35,1,35->34->23->12->2->1,5,3357.439348,3357.439752,0.000404
31798,SENSOR_DATA,22,1,22->11->1,2,3358.591410,3358.591575,0.000165
31800,SENSOR_DATA,20,1,20->11->1,2,3359.287111,3359.287308,0.000197
31807,SENSOR_DATA,31,1,31->21->11->1,3,3359.889377,3359.889618,0.000241
31811,SENSOR_DATA,12,1,12->2->1,2,3360.316218,3360.316386,0.000167
31823,SENSOR_DATA,0,1,0->1,1,3361.188125,3361.188173,0.000048
31824,SENSOR_DATA,32,1,32->22->11->1,3,3361.223711,3361.223980,0.000269
31825,SENSOR_DATA,13,1,13->3->2->1,3,3361.223882,3361.224077,0.000195
31829,SENSOR_DATA,40,1,40->41->31->21->11->1,5,3361.867377,3361.867759,0.000382
31832,SENSOR_DATA,2,1,2->1,1,3362.104102,3362.104172,0.000070
31834,SENSOR_DATA,14,1,14->23->12->2->1,4,3362.690114,3362.690457,0.000344
31844,SENSOR_DATA,3,1,3->2->1,2,3363.494044,3363.494184,0.000140
31848,SENSOR_DATA,11,1,11->1,1,3364.204738,3364.204831,0.000093
31851,SENSOR_DATA,34,1,34->23->12->2->1,4,3364.554077,3364.554418,0.000341
31853,SENSOR_DATA,4,1,4->13->3->2->1,4,3364.696931,3364.697209,0.000279
31856,SENSOR_DATA,23,1,23->12->2->1,3,3364.912783,3364.913021,0.000239
31861,SENSOR_DATA,21,1,21->11->1,2,3365.481629,3365.481799,0.000170
31865,SENSOR_DATA,10,1,10->1,1,3365.580227,3365.580296,0.000069
31869,SENSOR_DATA,41,1,41->31->21->11->1,4,3365.923126,3365.923431,0.000306
31874,SENSOR_DATA,42,1,42->31->21->11->1,4,3366.253404,3366.253738,0.000335
31879,SENSOR_DATA,30,1,30->21->11->1,3,3366.467984,3366.468202,0.000219
31885,SENSOR_DATA,35,1,35->34->23->12->2->1,5,3367.439348,3367.439752,0.000404
31897,SENSOR_DATA,22,1,22->11->1,2,3368.591410,3368.591575,0.000165
31899,SENSOR_DATA,20,1,20->11->1,2,3369.287111,3369.287308,0.000197
31906,SENSOR_DATA,31,1,31->21->11->1,3,3369.889377,3369.889618,0.000241
31910,SENSOR_DATA,12,1,12->2->1,2,3370.316218,3370.316386,0.000167
31922,SENSOR_DATA,0,1,0->1,1,3371.188125,3371.188173,0.000048
31923,SENSOR_DATA,32,1,32->22->11->1,3,3371.223711,3371.223980,0.000269
31924,SENSOR_DATA,13,1,13->3->2->1,3,3371.223882,3371.224077,0.000195
31928,SENSOR_DATA,40,1,40->41->31->21->11->1,5,3371.867377,3371.867759,0.000382
31931,SENSOR_DATA,2,1,2->1,1,3372.104102,3372.104172,0.000070
31933,SENSOR_DATA,14,1,14->23->12->2->1,4,3372.690114,3372.690457,0.000344
31943,SENSOR_DATA,3,1,3->2->1,2,3373.494044,3373.494184,0.000140
31947,SENSOR_DATA,11,1,11->1,1,3374.204738,3374.204831,0.000093
31950,SENSOR_DATA,34,1,34->23->12->2->1,4,3374.554077,3374.554418,0.000341
31952,SENSOR_DATA,4,1,4->13->3->2->1,4,3374.696931,3374.697209,0.000279
31955,SENSOR_DATA,23,1,23->12->2->1,3,3374.912783,3374.913021,0.000239
31960,SENSOR_DATA,21,1,21->11->1,2,3375.481629,3375.481799,0.000170
31964,SENSOR_DATA,10,1,10->1,1,3375.580227,3375.580296,0.000069
31968,SENSOR_DATA,41,1,41->31->21->11->1,4,3375.923126,3375.923431,0.000306
31973,SENSOR_DATA,42,1,42->31->21->11->1,4,3376.253404,3376.253738,0.000335
31978,SENSOR_DATA,30,1,30->21->11->1,3,3376.467984,3376.468202,0.000219
31984,SENSOR_DATA,35,1,35->34->23->12->2->1,5,3377.439348,3377.439752,0.000404
31996,SENSOR_DATA,22,1,22->11->1,2,3378.591410,3378.591575,0.000165
31998,SENSOR_DATA,20,1,20->11->1,2,3379.287111,3379.287308,0.000197
32005,SENSOR_DATA,31,1,31->21->11->1,3,3379.889377,3379.889618,0.000241
32009,SENSOR_DATA,12,1,12->2->1,2,3380.316218,3380.316386,0.000167
32021,SENSOR_DATA,0,1,0->1,1,3381.188125,3381.188173,0.000048
32022,SENSOR_DATA,32,1,32->22->11->1,3,3381.223711,3381.223980,0.000269
32023,SENSOR_DATA,13,1,13->3->2->1,3,3381.223882,3381.224077,0.000195
32027,SENSOR_DATA,40,1,40->41->31->21->11->1,5,3381.867377,3381.867759,0.000382
32030,SENSOR_DATA,2,1,2->1,1,3382.104102,3382.104172,0.000070
32032,SENSOR_DATA,14,1,14->23->12->2->1,4,3382.690114,3382.690457,0.000344
32042,SENSOR_DATA,3,1,3->2->1,2,3383.494044,3383.494184,0.000140
32046,SENSOR_DATA,11,1,11->1,1,3384.204738,3384.204831,0.000093
32049,SENSOR_DATA,34,1,34->23->12->2->1,4,3384.554077,3384.554418,0.000341
32051,SENSOR_DATA,4,1,4->13->3->2->1,4,3384.696931,3384.697209,0.000279
32054,SENSOR_DATA,23,1,23->12->2->1,3,3384.912783,3384.913021,0.000239
32059,SENSOR_DATA,21,1,21->11->1,2,3385.481629,3385.481799,0.000170
32063,SENSOR_DATA,10,1,10->1,1,3385.580227,3385.580296,0.000069
32067,SENSOR_DATA,41,1,41->31->21->11->1,4,3385.923126,3385.923431,0.000306
32072,SENSOR_DATA,42,1,42->31->21->11->1,4,3386.253404,3386.253738,0.000335
32077,SENSOR_DATA,30,1,30->21->11->1,3,3386.467984,3386.468202,0.000219
32083,SENSOR_DATA,35,1,35->34->23->12->2->1,5,3387.439348,3387.439752,0.000404
32095,SENSOR_DATA,22,1,22->11->1,2,3388.591410,3388.591575,0.000165
32097,SENSOR_DATA,20,1,20->11->1,2,3389.287111,3389.287308,0.000197
32104,SENSOR_DATA,31,1,31->21->11->1,3,3389.889377,3389.889618,0.000241
32108,SENSOR_DATA,12,1,12->2->1,2,3390.316218,3390.316386,0.000167
32120,SENSOR_DATA,0,1,0->1,1,3391.188125,3391.188173,0.000048
32121,SENSOR_DATA,32,1,32->22->11->1,3,3391.223711,3391.223980,0.000269
32122,SENSOR_DATA,13,1,13->3->2->1,3,3391.223882,3391.224077,0.000195
32126,SENSOR_DATA,40,1,40->41->31->21->11->1,5,3391.867377,3391.867759,0.000382
32129,SENSOR_DATA,2,1,2->1,1,3392.104102,3392.104172,0.000070
32131,SENSOR_DATA,14,1,14->23->12->2->1,4,3392.690114,3392.690457,0.000344
32141,SENSOR_DATA,3,1,3->2->1,2,3393.494044,3393.494184,0.000140
32145,SENSOR_DATA,11,1,11->1,1,3394.204738,3394.204831,0.000093
32148,SENSOR_DATA,34,1,34->23->12->2->1,4,3394.554077,3394.554418,0.000341
32150,SENSOR_DATA,4,1,4->13->3->2->1,4,3394.696931,3394.697209,0.000279
32153,SENSOR_DATA,23,1,23->12->2->1,3,3394.912783,3394.913021,0.000239
32158,SENSOR_DATA,21,1,21->11->1,2,3395.481629,3395.481799,0.000170
32162,SENSOR_DATA,10,1,10->1,1,3395.580227,3395.580296,0.000069
32166,SENSOR_DATA,41,1,41->31->21->11->1,4,3395.923126,3395.923431,0.000306
32171,SENSOR_DATA,42,1,42->31->21->11->1,4,3396.253404,3396.253738,0.000335
32176,SENSOR_DATA,30,1,30->21->11->1,3,3396.467984,3396.468202,0.000219
32182,SENSOR_DATA,35,1,35->34->23->12->2->1,5,3397.439348,3397.439752,0.000404
32194,SENSOR_DATA,22,1,22->11->1,2,3398.591410,3398.591575,0.000165
32196,SENSOR_DATA,20,1,20->11->1,2,3399.287111,3399.287308,0.000197
32203,SENSOR_DATA,31,1,31->21->11->1,3,3399.889377,3399.889618,0.000241
32207,SENSOR_DATA,12,1,12->2->1,2,3400.316218,3400.316386,0.000167
32219,SENSOR_DATA,0,1,0->1,1,3401.188125,3401.188173,0.000048
32220,SENSOR_DATA,32,1,32->22->11->1,3,3401.223711,3401.223980,0.000269
32221,SENSOR_DATA,13,1,13->3->2->1,3,3401.223882,3401.224077,0.000195
32225,SENSOR_DATA,40,1,40->41->31->21->11->1,5,3401.867377,3401.867759,0.000382
32228,SENSOR_DATA,2,1,2->1,1,3402.104102,3402.104172,0.000070
32230,SENSOR_DATA,14,1,14->23->12->2->1,4,3402.690114,3402.690457,0.000344
32240,SENSOR_DATA,3,1,3->2->1,2,3403.494044,3403.494184,0.000140
32244,SENSOR_DATA,11,1,11->1,1,3404.204738,3404.204831,0.000093
32247,SENSOR_DATA,34,1,34->23->12->2->1,4,3404.554077,3404.554418,0.000341
32249,SENSOR_DATA,4,1,4->13->3->2->1,4,3404.696931,3404.697209,0.000279
32252,SENSOR_DATA,23,1,23->12->2->1,3,3404.912783,3404.913021,0.000239
32257,SENSOR_DATA,21,1,21->11->1,2,3405.481629,3405.481799,0.000170
32261,SENSOR_DATA,10,1,10->1,1,3405.580227,3405.580296,0.000069
32265,SENSOR_DATA,41,1,41->31->21->11->1,4,3405.923126,3405.923431,0.000306
32270,SENSOR_DATA,42,1,42->31->21->11->1,4,3406.253404,3406.253738,0.000335
32275,SENSOR_DATA,30,1,30->21->11->1,3,3406.467984,3406.468202,0.000219
32281,SENSOR_DATA,35,1,35->34->23->12->2->1,5,3407.439348,3407.439752,0.000404
32293,SENSOR_DATA,22,1,22->11->1,2,3408.591410,3408.591575,0.000165
32295,SENSOR_DATA,20,1,20->11->1,2,3409.287111,3409.287308,0.000197
32302,SENSOR_DATA,31,1,31->21->11->1,3,3409.889377,3409.889618,0.000241
32306,SENSOR_DATA,12,1,12->2->1,2,3410.316218,3410.316386,0.000167
32318,SENSOR_DATA,0,1,0->1,1,3411.188125,3411.188173,0.000048
32319,SENSOR_DATA,32,1,32->22->11->1,3,3411.223711,3411.223980,0.000269
32320,SENSOR_DATA,13,1,13->3->2->1,3,3411.223882,3411.224077,0.000195
32324,SENSOR_DATA,40,1,40->41->31->21->11->1,5,3411.867377,3411.867759,0.000382
32327,SENSOR_DATA,2,1,2->1,1,3412.104102,3412.104172,0.000070
32329,SENSOR_DATA,14,1,14->23->12->2->1,4,3412.690114,3412.690457,0.000344
32339,SENSOR_DATA,3,1,3->2->1,2,3413.494044,3413.494184,0.000140
32343,SENSOR_DATA,11,1,11->1,1,3414.204738,3414.204831,0.000093
32346,SENSOR_DATA,34,1,34->23->12->2->1,4,3414.554077,3414.554418,0.000341
32348,SENSOR_DATA,4,1,4->13->3->2->1,4,3414.696931,3414.697209,0.000279
32351,SENSOR_DATA,23,1,23->12->2->1,3,3414.912783,3414.913021,0.000239
32356,SENSOR_DATA,21,1,21->11->1,2,3415.481629,3415.481799,0.000170
32360,SENSOR_DATA,10,1,10->1,1,3415.580227,3415.580296,0.000069
32364,SENSOR_DATA,41,1,41->31->21->11->1,4,3415.923126,3415.923431,0.000306
32369,SENSOR_DATA,42,1,42->31->21->11->1,4,3416.253404,3416.253738,0.000335
32374,SENSOR_DATA,30,1,30->21->11->1,3,3416.467984,3416.468202,0.000219
32380,SENSOR_DATA,35,1,35->34->23->12->2->1,5,3417.439348,3417.439752,0.000404
32392,SENSOR_DATA,22,1,22->11->1,2,3418.591410,3418.591575,0.000165
32394,SENSOR_DATA,20,1,20->11->1,2,3419.287111,3419.287308,0.000197
32401,SENSOR_DATA,31,1,31->21->11->1,3,3419.889377,3419.889618,0.000241
32405,SENSOR_DATA,12,1,12->2->1,2,3420.316218,3420.316386,0.000167
32417,SENSOR_DATA,0,1,0->1,1,3421.188125,3421.188173,0.000048
32418,SENSOR_DATA,32,1,32->22->11->1,3,3421.223711,3421.223980,0.000269
32419,SENSOR_DATA,13,1,13->3->2->1,3,3421.223882,3421.224077,0.000195
32423,SENSOR_DATA,40,1,40->41->31->21->11->1,5,3421.867377,3421.867759,0.000382
32426,SENSOR_DATA,2,1,2->1,1,3422.104102,3422.104172,0.000070
32428,SENSOR_DATA,14,1,14->23->12->2->1,4,3422.690114,3422.690457,0.000344
32438,SENSOR_DATA,3,1,3->2->1,2,3423.494044,3423.494184,0.000140
32442,SENSOR_DATA,11,1,11->1,1,3424.204738,3424.204831,0.000093
32445,SENSOR_DATA,34,1,34->23->12->2->1,4,3424.554077,3424.554418,0.000341
32447,SENSOR_DATA,4,1,4->13->3->2->1,4,3424.696931,3424.697209,0.000279
32450,SENSOR_DATA,23,1,23->12->2->1,3,3424.912783,3424.913021,0.000239
32455,SENSOR_DATA,21,1,21->11->1,2,3425.481629,3425.481799,0.000170
32459,SENSOR_DATA,10,1,10->1,1,3425.580227,3425.580296,0.000069
32463,SENSOR_DATA,41,1,41->31->21->11->1,4,3425.923126,3425.923431,0.000306
32468,SENSOR_DATA,42,1,42->31->21->11->1,4,3426.253404,3426.253738,0.000335
32473,SENSOR_DATA,30,1,30->21->11->1,3,3426.467984,3426.468202,0.000219
32479,SENSOR_DATA,35,1,35->34->23->12->2->1,5,3427.439348,3427.439752,0.000404
32491,SENSOR_DATA,22,1,22->11->1,2,3428.591410,3428.591575,0.000165
32493,SENSOR_DATA,20,1,20->11->1,2,3429.287111,3429.287308,0.000197
32500,SENSOR_DATA,31,1,31->21->11->1,3,3429.889377,3429.889618,0.000241
32504,SENSOR_DATA,12,1,12->2->1,2,3430.316218,3430.316386,0.000167
32516,SENSOR_DATA,0,1,0->1,1,3431.188125,3431.188173,0.000048
32517,SENSOR_DATA,32,1,32->22->11->1,3,3431.223711,3431.223980,0.000269
32518,SENSOR_DATA,13,1,13->3->2->1,3,3431.223882,3431.224077,0.000195
32522,SENSOR_DATA,40,1,40->41->31->21->11->1,5,3431.867377,3431.867759,0.000382
32525,SENSOR_DATA,2,1,2->1,1,3432.104102,3432.104172,0.000070
32527,SENSOR_DATA,14,1,14->23->12->2->1,4,3432.690114,3432.690457,0.000344
32537,SENSOR_DATA,3,1,3->2->1,2,3433.494044,3433.494184,0.000140
32541,SENSOR_DATA,11,1,11->1,1,3434.204738,3434.204831,0.000093
32544,SENSOR_DATA,34,1,34->23->12->2->1,4,3434.554077,3434.554418,0.000341
32546,SENSOR_DATA,4,1,4->13->3->2->1,4,3434.696931,3434.697209,0.000279
32549,SENSOR_DATA,23,1,23->12->2->1,3,3434.912783,3434.913021,0.000239
32554,SENSOR_DATA,21,1,21->11->1,2,3435.481629,3435.481799,0.000170
32558,SENSOR_DATA,10,1,10->1,1,3435.580227,3435.580296,0.000069
32562,SENSOR_DATA,41,1,41->31->21->11->1,4,3435.923126,3435.923431,0.000306
32567,SENSOR_DATA,42,1,42->31->21->11->1,4,3436.253404,3436.253738,0.000335
32572,SENSOR_DATA,30,1,30->21->11->1,3,3436.467984,3436.468202,0.000219
32578,SENSOR_DATA,35,1,35->34->23->12->2->1,5,3437.439348,3437.439752,0.000404
32590,SENSOR_DATA,22,1,22->11->1,2,3438.591410,3438.591575,0.000165
32592,SENSOR_DATA,20,1,20->11->1,2,3439.287111,3439.287308,0.000197
32599,SENSOR_DATA,31,1,31->21->11->1,3,3439.889377,3439.889618,0.000241
32603,SENSOR_DATA,12,1,12->2->1,2,3440.316218,3440.316386,0.000167
32615,SENSOR_DATA,0,1,0->1,1,3441.188125,3441.188173,0.000048
32616,SENSOR_DATA,32,1,32->22->11->1,3,3441.223711,3441.223980,0.000269
32617,SENSOR_DATA,13,1,13->3->2->1,3,3441.223882,3441.224077,0.000195
32621,SENSOR_DATA,40,1,40->41->31->21->11->1,5,3441.867377,3441.867759,0.000382
32624,SENSOR_DATA,2,1,2->1,1,3442.104102,3442.104172,0.000070
32626,SENSOR_DATA,14,1,14->23->12->2->1,4,3442.690114,3442.690457,0.000344
32636,SENSOR_DATA,3,1,3->2->1,2,3443.494044,3443.494184,0.000140
32640,SENSOR_DATA,11,1,11->1,1,3444.204738,3444.204831,0.000093
32643,SENSOR_DATA,34,1,34->23->12->2->1,4,3444.554077,3444.554418,0.000341
32645,SENSOR_DATA,4,1,4->13->3->2->1,4,3444.696931,3444.697209,0.000279
32648,SENSOR_DATA,23,1,23->12->2->1,3,3444.912783,3444.913021,0.000239
32653,SENSOR_DATA,21,1,21->11->1,2,3445.481629,3445.481799,0.000170
32657,SENSOR_DATA,10,1,10->1,1,3445.580227,3445.580296,0.000069
32661,SENSOR_DATA,41,1,41->31->21->11->1,4,3445.923126,3445.923431,0.000306
32666,SENSOR_DATA,42,1,42->31->21->11->1,4,3446.253404,3446.253738,0.000335
32671,SENSOR_DATA,30,1,30->21->11->1,3,3446.467984,3446.468202,0.000219
32677,SENSOR_DATA,35,1,35->34->23->12->2->1,5,3447.439348,3447.439752,0.000404
32689,SENSOR_DATA,22,1,22->11->1,2,3448.591410,3448.591575,0.000165
32691,SENSOR_DATA,20,1,20->11->1,2,3449.287111,3449.287308,0.000197
32698,SENSOR_DATA,31,1,31->21->11->1,3,3449.889377,3449.889618,0.000241
32702,SENSOR_DATA,12,1,12->2->1,2,3450.316218,3450.316386,0.000167
32714,SENSOR_DATA,0,1,0->1,1,3451.188125,3451.188173,0.000048
32715,SENSOR_DATA,32,1,32->22->11->1,3,3451.223711,3451.223980,0.000269
32716,SENSOR_DATA,13,1,13->3->2->1,3,3451.223882,3451.224077,0.000195
32720,SENSOR_DATA,40,1,40->41->31->21->11->1,5,3451.867377,3451.867759,0.000382
32723,SENSOR_DATA,2,1,2->1,1,3452.104102,3452.104172,0.000070
32725,SENSOR_DATA,14,1,14->23->12->2->1,4,3452.690114,3452.690457,0.000344
32735,SENSOR_DATA,3,1,3->2->1,2,3453.494044,3453.494184,0.000140
32739,SENSOR_DATA,11,1,11->1,1,3454.204738,3454.204831,0.000093
32742,SENSOR_DATA,34,1,34->23->12->2->1,4,3454.554077,3454.554418,0.000341
32744,SENSOR_DATA,4,1,4->13->3->2->1,4,3454.696931,3454.697209,0.000279
32747,SENSOR_DATA,23,1,23->12->2->1,3,3454.912783,3454.913021,0.000239
32752,SENSOR_DATA,21,1,21->11->1,2,3455.481629,3455.481799,0.000170
32756,SENSOR_DATA,10,1,10->1,1,3455.580227,3455.580296,0.000069
32760,SENSOR_DATA,41,1,41->31->21->11->1,4,3455.923126,3455.923431,0.000306
32765,SENSOR_DATA,42,1,42->31->21->11->1,4,3456.253404,3456.253738,0.000335
32770,SENSOR_DATA,30,1,30->21->11->1,3,3456.467984,3456.468202,0.000219
32776,SENSOR_DATA,35,1,35->34->23->12->2->1,5,3457.439348,3457.439752,0.000404
32788,SENSOR_DATA,22,1,22->11->1,2,3458.591410,3458.591575,0.000165
32790,SENSOR_DATA,20,1,20->11->1,2,3459.287111,3459.287308,0.000197
32797,SENSOR_DATA,31,1,31->21->11->1,3,3459.889377,3459.889618,0.000241
32801,SENSOR_DATA,12,1,12->2->1,2,3460.316218,3460.316386,0.000167
32813,SENSOR_DATA,0,1,0->1,1,3461.188125,3461.188173,0.000048
32814,SENSOR_DATA,32,1,32->22->11->1,3,3461.223711,3461.223980,0.000269
32815,SENSOR_DATA,13,1,13->3->2->1,3,3461.223882,3461.224077,0.000195
32819,SENSOR_DATA,40,1,40->41->31->21->11->1,5,3461.867377,3461.867759,0.000382
32822,SENSOR_DATA,2,1,2->1,1,3462.104102,3462.104172,0.000070
32824,SENSOR_DATA,14,1,14->23->12->2->1,4,3462.690114,3462.690457,0.000344
32834,SENSOR_DATA,3,1,3->2->1,2,3463.494044,3463.494184,0.000140
32838,SENSOR_DATA,11,1,11->1,1,3464.204738,3464.204831,0.000093
32841,SENSOR_DATA,34,1,34->23->12->2->1,4,3464.554077,3464.554418,0.000341
32843,SENSOR_DATA,4,1,4->13->3->2->1,4,3464.696931,3464.697209,0.000279
32846,SENSOR_DATA,23,1,23->12->2->1,3,3464.912783,3464.913021,0.000239
32851,SENSOR_DATA,21,1,21->11->1,2,3465.481629,3465.481799,0.000170
32855,SENSOR_DATA,10,1,10->1,1,3465.580227,3465.580296,0.000069
32859,SENSOR_DATA,41,1,41->31->21->11->1,4,3465.923126,3465.923431,0.000306
32864,SENSOR_DATA,42,1,42->31->21->11->1,4,3466.253404,3466.253738,0.000335
32869,SENSOR_DATA,30,1,30->21->11->1,3,3466.467984,3466.468202,0.000219
32875,SENSOR_DATA,35,1,35->34->23->12->2->1,5,3467.439348,3467.439752,0.000404
32887,SENSOR_DATA,22,1,22->11->1,2,3468.591410,3468.591575,0.000165
32889,SENSOR_DATA,20,1,20->11->1,2,3469.287111,3469.287308,0.000197
32896,SENSOR_DATA,31,1,31->21->11->1,3,3469.889377,3469.889618,0.000241
32900,SENSOR_DATA,12,1,12->2->1,2,3470.316218,3470.316386,0.000167
32912,SENSOR_DATA,0,1,0->1,1,3471.188125,3471.188173,0.000048
32913,SENSOR_DATA,32,1,32->22->11->1,3,3471.223711,3471.223980,0.000269
32914,SENSOR_DATA,13,1,13->3->2->1,3,3471.223882,3471.224077,0.000195
32918,SENSOR_DATA,40,1,40->41->31->21->11->1,5,3471.867377,3471.867759,0.000382
32921,SENSOR_DATA,2,1,2->1,1,3472.104102,3472.104172,0.000070
32923,SENSOR_DATA,14,1,14->23->12->2->1,4,3472.690114,3472.690457,0.000344
32933,SENSOR_DATA,3,1,3->2->1,2,3473.494044,3473.494184,0.000140
32937,SENSOR_DATA,11,1,11->1,1,3474.204738,3474.204831,0.000093
32940,SENSOR_DATA,34,1,34->23->12->2->1,4,3474.554077,3474.554418,0.000341
32942,SENSOR_DATA,4,1,4->13->3->2->1,4,3474.696931,3474.697209,0.000279
32945,SENSOR_DATA,23,1,23->12->2->1,3,3474.912783,3474.913021,0.000239
32950,SENSOR_DATA,21,1,21->11->1,2,3475.481629,3475.481799,0.000170
32954,SENSOR_DATA,10,1,10->1,1,3475.580227,3475.580296,0.000069
32958,SENSOR_DATA,41,1,41->31->21->11->1,4,3475.923126,3475.923431,0.000306
32963,SENSOR_DATA,42,1,42->31->21->11->1,4,3476.253404,3476.253738,0.000335
32968,SENSOR_DATA,30,1,30->21->11->1,3,3476.467984,3476.468202,0.000219
32974,SENSOR_DATA,35,1,35->34->23->12->2->1,5,3477.439348,3477.439752,0.000404
32986,SENSOR_DATA,22,1,22->11->1,2,3478.591410,3478.591575,0.000165
32988,SENSOR_DATA,20,1,20->11->1,2,3479.287111,3479.287308,0.000197
32995,SENSOR_DATA,31,1,31->21->11->1,3,3479.889377,3479.889618,0.000241
32999,SENSOR_DATA,12,1,12->2->1,2,3480.316218,3480.316386,0.000167
33011,SENSOR_DATA,0,1,0->1,1,3481.188125,3481.188173,0.000048
33012,SENSOR_DATA,32,1,32->22->11->1,3,3481.223711,3481.223980,0.000269
33013,SENSOR_DATA,13,1,13->3->2->1,3,3481.223882,3481.224077,0.000195
33017,SENSOR_DATA,40,1,40->41->31->21->11->1,5,3481.867377,3481.867759,0.000382
33020,SENSOR_DATA,2,1,2->1,1,3482.104102,3482.104172,0.000070
33022,SENSOR_DATA,14,1,14->23->12->2->1,4,3482.690114,3482.690457,0.000344
33032,SENSOR_DATA,3,1,3->2->1,2,3483.494044,3483.494184,0.000140
33036,SENSOR_DATA,11,1,11->1,1,3484.204738,3484.204831,0.000093
33039,SENSOR_DATA,34,1,34->23->12->2->1,4,3484.554077,3484.554418,0.000341
33041,SENSOR_DATA,4,1,4->13->3->2->1,4,3484.696931,3484.697209,0.000279
33044,SENSOR_DATA,23,1,23->12->2->1,3,3484.912783,3484.913021,0.000239
33049,SENSOR_DATA,21,1,21->11->1,2,3485.481629,3485.481799,0.000170
33053,SENSOR_DATA,10,1,10->1,1,3485.580227,3485.580296,0.000069
33057,SENSOR_DATA,41,1,41->31->21->11->1,4,3485.923126,3485.923431,0.000306
33062,SENSOR_DATA,42,1,42->31->21->11->1,4,3486.253404,3486.253738,0.000335
33067,SENSOR_DATA,30,1,30->21->11->1,3,3486.467984,3486.468202,0.000219
33073,SENSOR_DATA,35,1,35->34->23->12->2->1,5,3487.439348,3487.439752,0.000404
33085,SENSOR_DATA,22,1,22->11->1,2,3488.591410,3488.591575,0.000165
33087,SENSOR_DATA,20,1,20->11->1,2,3489.287111,3489.287308,0.000197
33094,SENSOR_DATA,31,1,31->21->11->1,3,3489.889377,3489.889618,0.000241
33098,SENSOR_DATA,12,1,12->2->1,2,3490.316218,3490.316386,0.000167
33110,SENSOR_DATA,0,1,0->1,1,3491.188125,3491.188173,0.000048
33111,SENSOR_DATA,32,1,32->22->11->1,3,3491.223711,3491.223980,0.000269
33112,SENSOR_DATA,13,1,13->3->2->1,3,3491.223882,3491.224077,0.000195
33116,SENSOR_DATA,40,1,40->41->31->21->11->1,5,3491.867377,3491.867759,0.000382
33119,SENSOR_DATA,2,1,2->1,1,3492.104102,3492.104172,0.000070
33121,SENSOR_DATA,14,1,14->23->12->2->1,4,3492.690114,3492.690457,0.000344
33131,SENSOR_DATA,3,1,3->2->1,2,3493.494044,3493.494184,0.000140
33135,SENSOR_DATA,11,1,11->1,1,3494.204738,3494.204831,0.000093
33138,SENSOR_DATA,34,1,34->23->12->2->1,4,3494.554077,3494.554418,0.000341
33140,SENSOR_DATA,4,1,4->13->3->2->1,4,3494.696931,3494.697209,0.000279
33143,SENSOR_DATA,23,1,23->12->2->1,3,3494.912783,3494.913021,0.000239
33148,SENSOR_DATA,21,1,21->11->1,2,3495.481629,3495.481799,0.000170
33152,SENSOR_DATA,10,1,10->1,1,3495.580227,3495.580296,0.000069
33156,SENSOR_DATA,41,1,41->31->21->11->1,4,3495.923126,3495.923431,0.000306
33161,SENSOR_DATA,42,1,42->31->21->11->1,4,3496.253404,3496.253738,0.000335
33166,SENSOR_DATA,30,1,30->21->11->1,3,3496.467984,3496.468202,0.000219
33172,SENSOR_DATA,35,1,35->34->23->12->2->1,5,3497.439348,3497.439752,0.000404
33184,SENSOR_DATA,22,1,22->11->1,2,3498.591410,3498.591575,0.000165
33186,SENSOR_DATA,20,1,20->11->1,2,3499.287111,3499.287308,0.000197
33193,SENSOR_DATA,31,1,31->21->11->1,3,3499.889377,3499.889618,0.000241
33197,SENSOR_DATA,12,1,12->2->1,2,3500.316218,3500.316386,0.000167
33209,SENSOR_DATA,0,1,0->1,1,3501.188125,3501.188173,0.000048
33210,SENSOR_DATA,32,1,32->22->11->1,3,3501.223711,3501.223980,0.000269
33211,SENSOR_DATA,13,1,13->3->2->1,3,3501.223882,3501.224077,0.000195
33215,SENSOR_DATA,40,1,40->41->31->21->11->1,5,3501.867377,3501.867759,0.000382
33218,SENSOR_DATA,2,1,2->1,1,3502.104102,3502.104172,0.000070
33220,SENSOR_DATA,14,1,14->23->12->2->1,4,3502.690114,3502.690457,0.000344
33230,SENSOR_DATA,3,1,3->2->1,2,3503.494044,3503.494184,0.000140
33234,SENSOR_DATA,11,1,11->1,1,3504.204738,3504.204831,0.000093
33237,SENSOR_DATA,34,1,34->23->12->2->1,4,3504.554077,3504.554418,0.000341
33239,SENSOR_DATA,4,1,4->13->3->2->1,4,3504.696931,3504.697209,0.000279
33242,SENSOR_DATA,23,1,23->12->2->1,3,3504.912783,3504.913021,0.000239
33247,SENSOR_DATA,21,1,21->11->1,2,3505.481629,3505.481799,0.000170
33251,SENSOR_DATA,10,1,10->1,1,3505.580227,3505.580296,0.000069
33255,SENSOR_DATA,41,1,41->31->21->11->1,4,3505.923126,3505.923431,0.000306
33260,SENSOR_DATA,42,1,42->31->21->11->1,4,3506.253404,3506.253738,0.000335
33265,SENSOR_DATA,30,1,30->21->11->1,3,3506.467984,3506.468202,0.000219
33271,SENSOR_DATA,35,1,35->34->23->12->2->1,5,3507.439348,3507.439752,0.000404
33283,SENSOR_DATA,22,1,22->11->1,2,3508.591410,3508.591575,0.000165
33285,SENSOR_DATA,20,1,20->11->1,2,3509.287111,3509.287308,0.000197
33292,SENSOR_DATA,31,1,31->21->11->1,3,3509.889377,3509.889618,0.000241
33296,SENSOR_DATA,12,1,12->2->1,2,3510.316218,3510.316386,0.000167
33308,SENSOR_DATA,0,1,0->1,1,3511.188125,3511.188173,0.000048
33309,SENSOR_DATA,32,1,32->22->11->1,3,3511.223711,3511.223980,0.000269
33310,SENSOR_DATA,13,1,13->3->2->1,3,3511.223882,3511.224077,0.000195
33314,SENSOR_DATA,40,1,40->41->31->21->11->1,5,3511.867377,3511.867759,0.000382
33317,SENSOR_DATA,2,1,2->1,1,3512.104102,3512.104172,0.000070
33319,SENSOR_DATA,14,1,14->23->12->2->1,4,3512.690114,3512.690457,0.000344
33329,SENSOR_DATA,3,1,3->2->1,2,3513.494044,3513.494184,0.000140
33333,SENSOR_DATA,11,1,11->1,1,3514.204738,3514.204831,0.000093
33336,SENSOR_DATA,34,1,34->23->12->2->1,4,3514.554077,3514.554418,0.000341
33338,SENSOR_DATA,4,1,4->13->3->2->1,4,3514.696931,3514.697209,0.000279
33341,SENSOR_DATA,23,1,23->12->2->1,3,3514.912783,3514.913021,0.000239
33346,SENSOR_DATA,21,1,21->11->1,2,3515.481629,3515.481799,0.000170
33350,SENSOR_DATA,10,1,10->1,1,3515.580227,3515.580296,0.000069
33354,SENSOR_DATA,41,1,41->31->21->11->1,4,3515.923126,3515.923431,0.000306
33359,SENSOR_DATA,42,1,42->31->21->11->1,4,3516.253404,3516.253738,0.000335
33364,SENSOR_DATA,30,1,30->21->11->1,3,3516.467984,3516.468202,0.000219
33370,SENSOR_DATA,35,1,35->34->23->12->2->1,5,3517.439348,3517.439752,0.000404
33382,SENSOR_DATA,22,1,22->11->1,2,3518.591410,3518.591575,0.000165
33384,SENSOR_DATA,20,1,20->11->1,2,3519.287111,3519.287308,0.000197
33391,SENSOR_DATA,31,1,31->21->11->1,3,3519.889377,3519.889618,0.000241
33395,SENSOR_DATA,12,1,12->2->1,2,3520.316218,3520.316386,0.000167
33407,SENSOR_DATA,0,1,0->1,1,3521.188125,3521.188173,0.000048
33408,SENSOR_DATA,32,1,32->22->11->1,3,3521.223711,3521.223980,0.000269
33409,SENSOR_DATA,13,1,13->3->2->1,3,3521.223882,3521.224077,0.000195
33413,SENSOR_DATA,40,1,40->41->31->21->11->1,5,3521.867377,3521.867759,0.000382
33416,SENSOR_DATA,2,1,2->1,1,3522.104102,3522.104172,0.000070
33418,SENSOR_DATA,14,1,14->23->12->2->1,4,3522.690114,3522.690457,0.000344
33428,SENSOR_DATA,3,1,3->2->1,2,3523.494044,3523.494184,0.000140
33432,SENSOR_DATA,11,1,11->1,1,3524.204738,3524.204831,0.000093
33435,SENSOR_DATA,34,1,34->23->12->2->1,4,3524.554077,3524.554418,0.000341
33437,SENSOR_DATA,4,1,4->13->3->2->1,4,3524.696931,3524.697209,0.000279
33440,SENSOR_DATA,23,1,23->12->2->1,3,3524.912783,3524.913021,0.000239
33445,SENSOR_DATA,21,1,21->11->1,2,3525.481629,3525.481799,0.000170
33449,SENSOR_DATA,10,1,10->1,1,3525.580227,3525.580296,0.000069
33453,SENSOR_DATA,41,1,41->31->21->11->1,4,3525.923126,3525.923431,0.000306
33458,SENSOR_DATA,42,1,42->31->21->11->1,4,3526.253404,3526.253738,0.000335
33463,SENSOR_DATA,30,1,30->21->11->1,3,3526.467984,3526.468202,0.000219
33469,SENSOR_DATA,35,1,35->34->23->12->2->1,5,3527.439348,3527.439752,0.000404
33481,SENSOR_DATA,22,1,22->11->1,2,3528.591410,3528.591575,0.000165
33483,SENSOR_DATA,20,1,20->11->1,2,3529.287111,3529.287308,0.000197
33490,SENSOR_DATA,31,1,31->21->11->1,3,3529.889377,3529.889618,0.000241
33494,SENSOR_DATA,12,1,12->2->1,2,3530.316218,3530.316386,0.000167
33506,SENSOR_DATA,0,1,0->1,1,3531.188125,3531.188173,0.000048
33507,SENSOR_DATA,32,1,32->22->11->1,3,3531.223711,3531.223980,0.000269
33508,SENSOR_DATA,13,1,13->3->2->1,3,3531.223882,3531.224077,0.000195
33512,SENSOR_DATA,40,1,40->41->31->21->11->1,5,3531.867377,3531.867759,0.000382
33515,SENSOR_DATA,2,1,2->1,1,3532.104102,3532.104172,0.000070
33517,SENSOR_DATA,14,1,14->23->12->2->1,4,3532.690114,3532.690457,0.000344
33527,SENSOR_DATA,3,1,3->2->1,2,3533.494044,3533.494184,0.000140
33531,SENSOR_DATA,11,1,11->1,1,3534.204738,3534.204831,0.000093
33534,SENSOR_DATA,34,1,34->23->12->2->1,4,3534.554077,3534.554418,0.000341
33536,SENSOR_DATA,4,1,4->13->3->2->1,4,3534.696931,3534.697209,0.000279
33539,SENSOR_DATA,23,1,23->12->2->1,3,3534.912783,3534.913021,0.000239
33544,SENSOR_DATA,21,1,21->11->1,2,3535.481629,3535.481799,0.000170
33548,SENSOR_DATA,10,1,10->1,1,3535.580227,3535.580296,0.000069
33552,SENSOR_DATA,41,1,41->31->21->11->1,4,3535.923126,3535.923431,0.000306
33557,SENSOR_DATA,42,1,42->31->21->11->1,4,3536.253404,3536.253738,0.000335
33562,SENSOR_DATA,30,1,30->21->11->1,3,3536.467984,3536.468202,0.000219
33568,SENSOR_DATA,35,1,35->34->23->12->2->1,5,3537.439348,3537.439752,0.000404
33580,SENSOR_DATA,22,1,22->11->1,2,3538.591410,3538.591575,0.000165
33582,SENSOR_DATA,20,1,20->11->1,2,3539.287111,3539.287308,0.000197
33589,SENSOR_DATA,31,1,31->21->11->1,3,3539.889377,3539.889618,0.000241
33593,SENSOR_DATA,12,1,12->2->1,2,3540.316218,3540.316386,0.000167
33605,SENSOR_DATA,0,1,0->1,1,3541.188125,3541.188173,0.000048
33606,SENSOR_DATA,32,1,32->22->11->1,3,3541.223711,3541.223980,0.000269
33607,SENSOR_DATA,13,1,13->3->2->1,3,3541.223882,3541.224077,0.000195
33611,SENSOR_DATA,40,1,40->41->31->21->11->1,5,3541.867377,3541.867759,0.000382
33614,SENSOR_DATA,2,1,2->1,1,3542.104102,3542.104172,0.000070
33616,SENSOR_DATA,14,1,14->23->12->2->1,4,3542.690114,3542.690457,0.000344
33626,SENSOR_DATA,3,1,3->2->1,2,3543.494044,3543.494184,0.000140
33630,SENSOR_DATA,11,1,11->1,1,3544.204738,3544.204831,0.000093
33633,SENSOR_DATA,34,1,34->23->12->2->1,4,3544.554077,3544.554418,0.000341
33635,SENSOR_DATA,4,1,4->13->3->2->1,4,3544.696931,3544.697209,0.000279
33638,SENSOR_DATA,23,1,23->12->2->1,3,3544.912783,3544.913021,0.000239
33643,SENSOR_DATA,21,1,21->11->1,2,3545.481629,3545.481799,0.000170
33647,SENSOR_DATA,10,1,10->1,1,3545.580227,3545.580296,0.000069
33651,SENSOR_DATA,41,1,41->31->21->11->1,4,3545.923126,3545.923431,0.000306
33656,SENSOR_DATA,42,1,42->31->21->11->1,4,3546.253404,3546.253738,0.000335
33661,SENSOR_DATA,30,1,30->21->11->1,3,3546.467984,3546.468202,0.000219
33667,SENSOR_DATA,35,1,35->34->23->12->2->1,5,3547.439348,3547.439752,0.000404
33679,SENSOR_DATA,22,1,22->11->1,2,3548.591410,3548.591575,0.000165
33681,SENSOR_DATA,20,1,20->11->1,2,3549.287111,3549.287308,0.000197
33688,SENSOR_DATA,31,1,31->21->11->1,3,3549.889377,3549.889618,0.000241
33692,SENSOR_DATA,12,1,12->2->1,2,3550.316218,3550.316386,0.000167
33704,SENSOR_DATA,0,1,0->1,1,3551.188125,3551.188173,0.000048
33705,SENSOR_DATA,32,1,32->22->11->1,3,3551.223711,3551.223980,0.000269
33706,SENSOR_DATA,13,1,13->3->2->1,3,3551.223882,3551.224077,0.000195
33710,SENSOR_DATA,40,1,40->41->31->21->11->1,5,3551.867377,3551.867759,0.000382
33713,SENSOR_DATA,2,1,2->1,1,3552.104102,3552.104172,0.000070
33715,SENSOR_DATA,14,1,14->23->12->2->1,4,3552.690114,3552.690457,0.000344
33725,SENSOR_DATA,3,1,3->2->1,2,3553.494044,3553.494184,0.000140
33729,SENSOR_DATA,11,1,11->1,1,3554.204738,3554.204831,0.000093
33732,SENSOR_DATA,34,1,34->23->12->2->1,4,3554.554077,3554.554418,0.000341
33734,SENSOR_DATA,4,1,4->13->3->2->1,4,3554.696931,3554.697209,0.000279
33737,SENSOR_DATA,23,1,23->12->2->1,3,3554.912783,3554.913021,0.000239
33742,SENSOR_DATA,21,1,21->11->1,2,3555.481629,3555.481799,0.000170
33746,SENSOR_DATA,10,1,10->1,1,3555.580227,3555.580296,0.000069
33750,SENSOR_DATA,41,1,41->31->21->11->1,4,3555.923126,3555.923431,0.000306
33755,SENSOR_DATA,42,1,42->31->21->11->1,4,3556.253404,3556.253738,0.000335
33760,SENSOR_DATA,30,1,30->21->11->1,3,3556.467984,3556.468202,0.000219
33766,SENSOR_DATA,35,1,35->34->23->12->2->1,5,3557.439348,3557.439752,0.000404
33778,SENSOR_DATA,22,1,22->11->1,2,3558.591410,3558.591575,0.000165
33780,SENSOR_DATA,20,1,20->11->1,2,3559.287111,3559.287308,0.000197
33787,SENSOR_DATA,31,1,31->21->11->1,3,3559.889377,3559.889618,0.000241
33791,SENSOR_DATA,12,1,12->2->1,2,3560.316218,3560.316386,0.000167
33803,SENSOR_DATA,0,1,0->1,1,3561.188125,3561.188173,0.000048
33804,SENSOR_DATA,32,1,32->22->11->1,3,3561.223711,3561.223980,0.000269
33805,SENSOR_DATA,13,1,13->3->2->1,3,3561.223882,3561.224077,0.000195
33809,SENSOR_DATA,40,1,40->41->31->21->11->1,5,3561.867377,3561.867759,0.000382
33812,SENSOR_DATA,2,1,2->1,1,3562.104102,3562.104172,0.000070
33814,SENSOR_DATA,14,1,14->23->12->2->1,4,3562.690114,3562.690457,0.000344
33824,SENSOR_DATA,3,1,3->2->1,2,3563.494044,3563.494184,0.000140
33828,SENSOR_DATA,11,1,11->1,1,3564.204738,3564.204831,0.000093
33831,SENSOR_DATA,34,1,34->23->12->2->1,4,3564.554077,3564.554418,0.000341
33833,SENSOR_DATA,4,1,4->13->3->2->1,4,3564.696931,3564.697209,0.000279
33836,SENSOR_DATA,23,1,23->12->2->1,3,3564.912783,3564.913021,0.000239
33841,SENSOR_DATA,21,1,21->11->1,2,3565.481629,3565.481799,0.000170
33845,SENSOR_DATA,10,1,10->1,1,3565.580227,3565.580296,0.000069
33849,SENSOR_DATA,41,1,41->31->21->11->1,4,3565.923126,3565.923431,0.000306
33854,SENSOR_DATA,42,1,42->31->21->11->1,4,3566.253404,3566.253738,0.000335
33859,SENSOR_DATA,30,1,30->21->11->1,3,3566.467984,3566.468202,0.000219
33865,SENSOR_DATA,35,1,35->34->23->12->2->1,5,3567.439348,3567.439752,0.000404
33877,SENSOR_DATA,22,1,22->11->1,2,3568.591410,3568.591575,0.000165
33879,SENSOR_DATA,20,1,20->11->1,2,3569.287111,3569.287308,0.000197
33886,SENSOR_DATA,31,1,31->21->11->1,3,3569.889377,3569.889618,0.000241
33890,SENSOR_DATA,12,1,12->2->1,2,3570.316218,3570.316386,0.000167
33902,SENSOR_DATA,0,1,0->1,1,3571.188125,3571.188173,0.000048
33903,SENSOR_DATA,32,1,32->22->11->1,3,3571.223711,3571.223980,0.000269
33904,SENSOR_DATA,13,1,13->3->2->1,3,3571.223882,3571.224077,0.000195
33908,SENSOR_DATA,40,1,40->41->31->21->11->1,5,3571.867377,3571.867759,0.000382
33911,SENSOR_DATA,2,1,2->1,1,3572.104102,3572.104172,0.000070
33913,SENSOR_DATA,14,1,14->23->12->2->1,4,3572.690114,3572.690457,0.000344
33923,SENSOR_DATA,3,1,3->2->1,2,3573.494044,3573.494184,0.000140
33927,SENSOR_DATA,11,1,11->1,1,3574.204738,3574.204831,0.000093
33930,SENSOR_DATA,34,1,34->23->12->2->1,4,3574.554077,3574.554418,0.000341
33932,SENSOR_DATA,4,1,4->13->3->2->1,4,3574.696931,3574.697209,0.000279
33935,SENSOR_DATA,23,1,23->12->2->1,3,3574.912783,3574.913021,0.000239
33940,SENSOR_DATA,21,1,21->11->1,2,3575.481629,3575.481799,0.000170
33944,SENSOR_DATA,10,1,10->1,1,3575.580227,3575.580296,0.000069
33948,SENSOR_DATA,41,1,41->31->21->11->1,4,3575.923126,3575.923431,0.000306
33953,SENSOR_DATA,42,1,42->31->21->11->1,4,3576.253404,3576.253738,0.000335
33958,SENSOR_DATA,30,1,30->21->11->1,3,3576.467984,3576.468202,0.000219
33964,SENSOR_DATA,35,1,35->34->23->12->2->1,5,3577.439348,3577.439752,0.000404
33976,SENSOR_DATA,22,1,22->11->1,2,3578.591410,3578.591575,0.000165
33978,SENSOR_DATA,20,1,20->11->1,2,3579.287111,3579.287308,0.000197
33985,SENSOR_DATA,31,1,31->21->11->1,3,3579.889377,3579.889618,0.000241
33989,SENSOR_DATA,12,1,12->2->1,2,3580.316218,3580.316386,0.000167
34001,SENSOR_DATA,0,1,0->1,1,3581.188125,3581.188173,0.000048
34002,SENSOR_DATA,32,1,32->22->11->1,3,3581.223711,3581.223980,0.000269
34003,SENSOR_DATA,13,1,13->3->2->1,3,3581.223882,3581.224077,0.000195
34007,SENSOR_DATA,40,1,40->41->31->21->11->1,5,3581.867377,3581.867759,0.000382
34010,SENSOR_DATA,2,1,2->1,1,3582.104102,3582.104172,0.000070
34012,SENSOR_DATA,14,1,14->23->12->2->1,4,3582.690114,3582.690457,0.000344
34022,SENSOR_DATA,3,1,3->2->1,2,3583.494044,3583.494184,0.000140
34026,SENSOR_DATA,11,1,11->1,1,3584.204738,3584.204831,0.000093
34029,SENSOR_DATA,34,1,34->23->12->2->1,4,3584.554077,3584.554418,0.000341
34031,SENSOR_DATA,4,1,4->13->3->2->1,4,3584.696931,3584.697209,0.000279
34034,SENSOR_DATA,23,1,23->12->2->1,3,3584.912783,3584.913021,0.000239
34039,SENSOR_DATA,21,1,21->11->1,2,3585.481629,3585.481799,0.000170
34043,SENSOR_DATA,10,1,10->1,1,3585.580227,3585.580296,0.000069
34047,SENSOR_DATA,41,1,41->31->21->11->1,4,3585.923126,3585.923431,0.000306
34052,SENSOR_DATA,42,1,42->31->21->11->1,4,3586.253404,3586.253738,0.000335
34057,SENSOR_DATA,30,1,30->21->11->1,3,3586.467984,3586.468202,0.000219
34063,SENSOR_DATA,35,1,35->34->23->12->2->1,5,3587.439348,3587.439752,0.000404
34075,SENSOR_DATA,22,1,22->11->1,2,3588.591410,3588.591575,0.000165
34077,SENSOR_DATA,20,1,20->11->1,2,3589.287111,3589.287308,0.000197
34084,SENSOR_DATA,31,1,31->21->11->1,3,3589.889377,3589.889618,0.000241
34088,SENSOR_DATA,12,1,12->2->1,2,3590.316218,3590.316386,0.000167
34100,SENSOR_DATA,0,1,0->1,1,3591.188125,3591.188173,0.000048
34101,SENSOR_DATA,32,1,32->22->11->1,3,3591.223711,3591.223980,0.000269
34102,SENSOR_DATA,13,1,13->3->2->1,3,3591.223882,3591.224077,0.000195
34106,SENSOR_DATA,40,1,40->41->31->21->11->1,5,3591.867377,3591.867759,0.000382
34109,SENSOR_DATA,2,1,2->1,1,3592.104102,3592.104172,0.000070
34111,SENSOR_DATA,14,1,14->23->12->2->1,4,3592.690114,3592.690457,0.000344
34121,SENSOR_DATA,3,1,3->2->1,2,3593.494044,3593.494184,0.000140
34125,SENSOR_DATA,11,1,11->1,1,3594.204738,3594.204831,0.000093
34128,SENSOR_DATA,34,1,34->23->12->2->1,4,3594.554077,3594.554418,0.000341
34130,SENSOR_DATA,4,1,4->13->3->2->1,4,3594.696931,3594.697209,0.000279
34133,SENSOR_DATA,23,1,23->12->2->1,3,3594.912783,3594.913021,0.000239
34138,SENSOR_DATA,21,1,21->11->1,2,3595.481629,3595.481799,0.000170
34142,SENSOR_DATA,10,1,10->1,1,3595.580227,3595.580296,0.000069
34146,SENSOR_DATA,41,1,41->31->21->11->1,4,3595.923126,3595.923431,0.000306
34151,SENSOR_DATA,42,1,42->31->21->11->1,4,3596.253404,3596.253738,0.000335
34156,SENSOR_DATA,30,1,30->21->11->1,3,3596.467984,3596.468202,0.000219
34162,SENSOR_DATA,35,1,35->34->23->12->2->1,5,3597.439348,3597.439752,0.000404
34174,SENSOR_DATA,22,1,22->11->1,2,3598.591410,3598.591575,0.000165
34176,SENSOR_DATA,20,1,20->11->1,2,3599.287111,3599.287308,0.000197
34183,SENSOR_DATA,31,1,31->21->11->1,3,3599.889377,3599.889618,0.000241
34187,SENSOR_DATA,12,1,12->2->1,2,3600.316218,3600.316386,0.000167
34199,SENSOR_DATA,0,1,0->1,1,3601.188125,3601.188173,0.000048
34200,SENSOR_DATA,32,1,32->22->11->1,3,3601.223711,3601.223980,0.000269
34201,SENSOR_DATA,13,1,13->3->2->1,3,3601.223882,3601.224077,0.000195
34205,SENSOR_DATA,40,1,40->41->31->21->11->1,5,3601.867377,3601.867759,0.000382
34208,SENSOR_DATA,2,1,2->1,1,3602.104102,3602.104172,0.000070
34210,SENSOR_DATA,14,1,14->23->12->2->1,4,3602.690114,3602.690457,0.000344
34220,SENSOR_DATA,3,1,3->2->1,2,3603.494044,3603.494184,0.000140
34224,SENSOR_DATA,11,1,11->1,1,3604.204738,3604.204831,0.000093
34227,SENSOR_DATA,34,1,34->23->12->2->1,4,3604.554077,3604.554418,0.000341
34229,SENSOR_DATA,4,1,4->13->3->2->1,4,3604.696931,3604.697209,0.000279
34232,SENSOR_DATA,23,1,23->12->2->1,3,3604.912783,3604.913021,0.000239
34237,SENSOR_DATA,21,1,21->11->1,2,3605.481629,3605.481799,0.000170
34241,SENSOR_DATA,10,1,10->1,1,3605.580227,3605.580296,0.000069
34245,SENSOR_DATA,41,1,41->31->21->11->1,4,3605.923126,3605.923431,0.000306
34250,SENSOR_DATA,42,1,42->31->21->11->1,4,3606.253404,3606.253738,0.000335
34255,SENSOR_DATA,30,1,30->21->11->1,3,3606.467984,3606.468202,0.000219
34261,SENSOR_DATA,35,1,35->34->23->12->2->1,5,3607.439348,3607.439752,0.000404
34273,SENSOR_DATA,22,1,22->11->1,2,3608.591410,3608.591575,0.000165
34275,SENSOR_DATA,20,1,20->11->1,2,3609.287111,3609.287308,0.000197
34282,SENSOR_DATA,31,1,31->21->11->1,3,3609.889377,3609.889618,0.000241
34286,SENSOR_DATA,12,1,12->2->1,2,3610.316218,3610.316386,0.000167
34298,SENSOR_DATA,0,1,0->1,1,3611.188125,3611.188173,0.000048
34299,SENSOR_DATA,32,1,32->22->11->1,3,3611.223711,3611.223980,0.000269
34300,SENSOR_DATA,13,1,13->3->2->1,3,3611.223882,3611.224077,0.000195
34304,SENSOR_DATA,40,1,40->41->31->21->11->1,5,3611.867377,3611.867759,0.000382
34307,SENSOR_DATA,2,1,2->1,1,3612.104102,3612.104172,0.000070
34309,SENSOR_DATA,14,1,14->23->12->2->1,4,3612.690114,3612.690457,0.000344
34319,SENSOR_DATA,3,1,3->2->1,2,3613.494044,3613.494184,0.000140
34323,SENSOR_DATA,11,1,11->1,1,3614.204738,3614.204831,0.000093
34326,SENSOR_DATA,34,1,34->23->12->2->1,4,3614.554077,3614.554418,0.000341
34328,SENSOR_DATA,4,1,4->13->3->2->1,4,3614.696931,3614.697209,0.000279
34331,SENSOR_DATA,23,1,23->12->2->1,3,3614.912783,3614.913021,0.000239
34336,SENSOR_DATA,21,1,21->11->1,2,3615.481629,3615.481799,0.000170
34340,SENSOR_DATA,10,1,10->1,1,3615.580227,3615.580296,0.000069
34344,SENSOR_DATA,41,1,41->31->21->11->1,4,3615.923126,3615.923431,0.000306
34349,SENSOR_DATA,42,1,42->31->21->11->1,4,3616.253404,3616.253738,0.000335
34354,SENSOR_DATA,30,1,30->21->11->1,3,3616.467984,3616.468202,0.000219
34360,SENSOR_DATA,35,1,35->34->23->12->2->1,5,3617.439348,3617.439752,0.000404
34372,SENSOR_DATA,22,1,22->11->1,2,3618.591410,3618.591575,0.000165
34374,SENSOR_DATA,20,1,20->11->1,2,3619.287111,3619.287308,0.000197
34381,SENSOR_DATA,31,1,31->21->11->1,3,3619.889377,3619.889618,0.000241
34385,SENSOR_DATA,12,1,12->2->1,2,3620.316218,3620.316386,0.000167
34397,SENSOR_DATA,0,1,0->1,1,3621.188125,3621.188173,0.000048
34398,SENSOR_DATA,32,1,32->22->11->1,3,3621.223711,3621.223980,0.000269
34399,SENSOR_DATA,13,1,13->3->2->1,3,3621.223882,3621.224077,0.000195
34403,SENSOR_DATA,40,1,40->41->31->21->11->1,5,3621.867377,3621.867759,0.000382
34406,SENSOR_DATA,2,1,2->1,1,3622.104102,3622.104172,0.000070
34408,SENSOR_DATA,14,1,14->23->12->2->1,4,3622.690114,3622.690457,0.000344
34418,SENSOR_DATA,3,1,3->2->1,2,3623.494044,3623.494184,0.000140
34422,SENSOR_DATA,11,1,11->1,1,3624.204738,3624.204831,0.000093
34425,SENSOR_DATA,34,1,34->23->12->2->1,4,3624.554077,3624.554418,0.000341
34427,SENSOR_DATA,4,1,4->13->3->2->1,4,3624.696931,3624.697209,0.000279
34430,SENSOR_DATA,23,1,23->12->2->1,3,3624.912783,3624.913021,0.000239
34435,SENSOR_DATA,21,1,21->11->1,2,3625.481629,3625.481799,0.000170
34439,SENSOR_DATA,10,1,10->1,1,3625.580227,3625.580296,0.000069
34443,SENSOR_DATA,41,1,41->31->21->11->1,4,3625.923126,3625.923431,0.000306
34448,SENSOR_DATA,42,1,42->31->21->11->1,4,3626.253404,3626.253738,0.000335
34453,SENSOR_DATA,30,1,30->21->11->1,3,3626.467984,3626.468202,0.000219
34459,SENSOR_DATA,35,1,35->34->23->12->2->1,5,3627.439348,3627.439752,0.000404
34471,SENSOR_DATA,22,1,22->11->1,2,3628.591410,3628.591575,0.000165
34473,SENSOR_DATA,20,1,20->11->1,2,3629.287111,3629.287308,0.000197
34480,SENSOR_DATA,31,1,31->21->11->1,3,3629.889377,3629.889618,0.000241
34484,SENSOR_DATA,12,1,12->2->1,2,3630.316218,3630.316386,0.000167
34496,SENSOR_DATA,0,1,0->1,1,3631.188125,3631.188173,0.000048
34497,SENSOR_DATA,32,1,32->22->11->1,3,3631.223711,3631.223980,0.000269
34498,SENSOR_DATA,13,1,13->3->2->1,3,3631.223882,3631.224077,0.000195
34502,SENSOR_DATA,40,1,40->41->31->21->11->1,5,3631.867377,3631.867759,0.000382
34505,SENSOR_DATA,2,1,2->1,1,3632.104102,3632.104172,0.000070
34507,SENSOR_DATA,14,1,14->23->12->2->1,4,3632.690114,3632.690457,0.000344
34517,SENSOR_DATA,3,1,3->2->1,2,3633.494044,3633.494184,0.000140
34521,SENSOR_DATA,11,1,11->1,1,3634.204738,3634.204831,0.000093
34524,SENSOR_DATA,34,1,34->23->12->2->1,4,3634.554077,3634.554418,0.000341
34526,SENSOR_DATA,4,1,4->13->3->2->1,4,3634.696931,3634.697209,0.000279
34529,SENSOR_DATA,23,1,23->12->2->1,3,3634.912783,3634.913021,0.000239
34534,SENSOR_DATA,21,1,21->11->1,2,3635.481629,3635.481799,0.000170
34538,SENSOR_DATA,10,1,10->1,1,3635.580227,3635.580296,0.000069
34542,SENSOR_DATA,41,1,41->31->21->11->1,4,3635.923126,3635.923431,0.000306
34547,SENSOR_DATA,42,1,42->31->21->11->1,4,3636.253404,3636.253738,0.000335
34552,SENSOR_DATA,30,1,30->21->11->1,3,3636.467984,3636.468202,0.000219
34558,SENSOR_DATA,35,1,35->34->23->12->2->1,5,3637.439348,3637.439752,0.000404
34570,SENSOR_DATA,22,1,22->11->1,2,3638.591410,3638.591575,0.000165
34572,SENSOR_DATA,20,1,20->11->1,2,3639.287111,3639.287308,0.000197
34579,SENSOR_DATA,31,1,31->21->11->1,3,3639.889377,3639.889618,0.000241
34583,SENSOR_DATA,12,1,12->2->1,2,3640.316218,3640.316386,0.000167
34595,SENSOR_DATA,0,1,0->1,1,3641.188125,3641.188173,0.000048
34596,SENSOR_DATA,32,1,32->22->11->1,3,3641.223711,3641.223980,0.000269
34597,SENSOR_DATA,13,1,13->3->2->1,3,3641.223882,3641.224077,0.000195
34601,SENSOR_DATA,40,1,40->41->31->21->11->1,5,3641.867377,3641.867759,0.000382
34604,SENSOR_DATA,2,1,2->1,1,3642.104102,3642.104172,0.000070
34606,SENSOR_DATA,14,1,14->23->12->2->1,4,3642.690114,3642.690457,0.000344
34616,SENSOR_DATA,3,1,3->2->1,2,3643.494044,3643.494184,0.000140
34620,SENSOR_DATA,11,1,11->1,1,3644.204738,3644.204831,0.000093
34623,SENSOR_DATA,34,1,34->23->12->2->1,4,3644.554077,3644.554418,0.000341
34625,SENSOR_DATA,4,1,4->13->3->2->1,4,3644.696931,3644.697209,0.000279
34628,SENSOR_DATA,23,1,23->12->2->1,3,3644.912783,3644.913021,0.000239
34633,SENSOR_DATA,21,1,21->11->1,2,3645.481629,3645.481799,0.000170
34637,SENSOR_DATA,10,1,10->1,1,3645.580227,3645.580296,0.000069
34641,SENSOR_DATA,41,1,41->31->21->11->1,4,3645.923126,3645.923431,0.000306
34646,SENSOR_DATA,42,1,42->31->21->11->1,4,3646.253404,3646.253738,0.000335
34651,SENSOR_DATA,30,1,30->21->11->1,3,3646.467984,3646.468202,0.000219
34657,SENSOR_DATA,35,1,35->34->23->12->2->1,5,3647.439348,3647.439752,0.000404
34669,SENSOR_DATA,22,1,22->11->1,2,3648.591410,3648.591575,0.000165
34671,SENSOR_DATA,20,1,20->11->1,2,3649.287111,3649.287308,0.000197
34678,SENSOR_DATA,31,1,31->21->11->1,3,3649.889377,3649.889618,0.000241
34682,SENSOR_DATA,12,1,12->2->1,2,3650.316218,3650.316386,0.000167
34694,SENSOR_DATA,0,1,0->1,1,3651.188125,3651.188173,0.000048
34695,SENSOR_DATA,32,1,32->22->11->1,3,3651.223711,3651.223980,0.000269
34696,SENSOR_DATA,13,1,13->3->2->1,3,3651.223882,3651.224077,0.000195
34700,SENSOR_DATA,40,1,40->41->31->21->11->1,5,3651.867377,3651.867759,0.000382
34703,SENSOR_DATA,2,1,2->1,1,3652.104102,3652.104172,0.000070
34705,SENSOR_DATA,14,1,14->23->12->2->1,4,3652.690114,3652.690457,0.000344
34715,SENSOR_DATA,3,1,3->2->1,2,3653.494044,3653.494184,0.000140
34719,SENSOR_DATA,11,1,11->1,1,3654.204738,3654.204831,0.000093
34722,SENSOR_DATA,34,1,34->23->12->2->1,4,3654.554077,3654.554418,0.000341
34724,SENSOR_DATA,4,1,4->13->3->2->1,4,3654.696931,3654.697209,0.000279
34727,SENSOR_DATA,23,1,23->12->2->1,3,3654.912783,3654.913021,0.000239
34732,SENSOR_DATA,21,1,21->11->1,2,3655.481629,3655.481799,0.000170
34736,SENSOR_DATA,10,1,10->1,1,3655.580227,3655.580296,0.000069
34740,SENSOR_DATA,41,1,41->31->21->11->1,4,3655.923126,3655.923431,0.000306
34745,SENSOR_DATA,42,1,42->31->21->11->1,4,3656.253404,3656.253738,0.000335
34750,SENSOR_DATA,30,1,30->21->11->1,3,3656.467984,3656.468202,0.000219
34756,SENSOR_DATA,35,1,35->34->23->12->2->1,5,3657.439348,3657.439752,0.000404
34768,SENSOR_DATA,22,1,22->11->1,2,3658.591410,3658.591575,0.000165
34770,SENSOR_DATA,20,1,20->11->1,2,3659.287111,3659.287308,0.000197
34777,SENSOR_DATA,31,1,31->21->11->1,3,3659.889377,3659.889618,0.000241
34781,SENSOR_DATA,12,1,12->2->1,2,3660.316218,3660.316386,0.000167
34793,SENSOR_DATA,0,1,0->1,1,3661.188125,3661.188173,0.000048
34794,SENSOR_DATA,32,1,32->22->11->1,3,3661.223711,3661.223980,0.000269
34795,SENSOR_DATA,13,1,13->3->2->1,3,3661.223882,3661.224077,0.000195
34799,SENSOR_DATA,40,1,40->41->31->21->11->1,5,3661.867377,3661.867759,0.000382
34802,SENSOR_DATA,2,1,2->1,1,3662.104102,3662.104172,0.000070
34804,SENSOR_DATA,14,1,14->23->12->2->1,4,3662.690114,3662.690457,0.000344
34814,SENSOR_DATA,3,1,3->2->1,2,3663.494044,3663.494184,0.000140
34818,SENSOR_DATA,11,1,11->1,1,3664.204738,3664.204831,0.000093
34821,SENSOR_DATA,34,1,34->23->12->2->1,4,3664.554077,3664.554418,0.000341
34823,SENSOR_DATA,4,1,4->13->3->2->1,4,3664.696931,3664.697209,0.000279
34826,SENSOR_DATA,23,1,23->12->2->1,3,3664.912783,3664.913021,0.000239
34831,SENSOR_DATA,21,1,21->11->1,2,3665.481629,3665.481799,0.000170
34835,SENSOR_DATA,10,1,10->1,1,3665.580227,3665.580296,0.000069
34839,SENSOR_DATA,41,1,41->31->21->11->1,4,3665.923126,3665.923431,0.000306
34844,SENSOR_DATA,42,1,42->31->21->11->1,4,3666.253404,3666.253738,0.000335
34849,SENSOR_DATA,30,1,30->21->11->1,3,3666.467984,3666.468202,0.000219
34855,SENSOR_DATA,35,1,35->34->23->12->2->1,5,3667.439348,3667.439752,0.000404
34867,SENSOR_DATA,22,1,22->11->1,2,3668.591410,3668.591575,0.000165
34869,SENSOR_DATA,20,1,20->11->1,2,3669.287111,3669.287308,0.000197
34876,SENSOR_DATA,31,1,31->21->11->1,3,3669.889377,3669.889618,0.000241
34880,SENSOR_DATA,12,1,12->2->1,2,3670.316218,3670.316386,0.000167
34892,SENSOR_DATA,0,1,0->1,1,3671.188125,3671.188173,0.000048
34893,SENSOR_DATA,32,1,32->22->11->1,3,3671.223711,3671.223980,0.000269
34894,SENSOR_DATA,13,1,13->3->2->1,3,3671.223882,3671.224077,0.000195
34898,SENSOR_DATA,40,1,40->41->31->21->11->1,5,3671.867377,3671.867759,0.000382
34901,SENSOR_DATA,2,1,2->1,1,3672.104102,3672.104172,0.000070
34903,SENSOR_DATA,14,1,14->23->12->2->1,4,3672.690114,3672.690457,0.000344
34913,SENSOR_DATA,3,1,3->2->1,2,3673.494044,3673.494184,0.000140
34917,SENSOR_DATA,11,1,11->1,1,3674.204738,3674.204831,0.000093
34920,SENSOR_DATA,34,1,34->23->12->2->1,4,3674.554077,3674.554418,0.000341
34922,SENSOR_DATA,4,1,4->13->3->2->1,4,3674.696931,3674.697209,0.000279
34925,SENSOR_DATA,23,1,23->12->2->1,3,3674.912783,3674.913021,0.000239
34930,SENSOR_DATA,21,1,21->11->1,2,3675.481629,3675.481799,0.000170
34934,SENSOR_DATA,10,1,10->1,1,3675.580227,3675.580296,0.000069
34938,SENSOR_DATA,41,1,41->31->21->11->1,4,3675.923126,3675.923431,0.000306
34943,SENSOR_DATA,42,1,42->31->21->11->1,4,3676.253404,3676.253738,0.000335
34948,SENSOR_DATA,30,1,30->21->11->1,3,3676.467984,3676.468202,0.000219
34954,SENSOR_DATA,35,1,35->34->23->12->2->1,5,3677.439348,3677.439752,0.000404
34966,SENSOR_DATA,22,1,22->11->1,2,3678.591410,3678.591575,0.000165
34968,SENSOR_DATA,20,1,20->11->1,2,3679.287111,3679.287308,0.000197
34975,SENSOR_DATA,31,1,31->21->11->1,3,3679.889377,3679.889618,0.000241
34979,SENSOR_DATA,12,1,12->2->1,2,3680.316218,3680.316386,0.000167
34991,SENSOR_DATA,0,1,0->1,1,3681.188125,3681.188173,0.000048
34992,SENSOR_DATA,32,1,32->22->11->1,3,3681.223711,3681.223980,0.000269
34993,SENSOR_DATA,13,1,13->3->2->1,3,3681.223882,3681.224077,0.000195
34997,SENSOR_DATA,40,1,40->41->31->21->11->1,5,3681.867377,3681.867759,0.000382
35000,SENSOR_DATA,2,1,2->1,1,3682.104102,3682.104172,0.000070
35002,SENSOR_DATA,14,1,14->23->12->2->1,4,3682.690114,3682.690457,0.000344
35012,SENSOR_DATA,3,1,3->2->1,2,3683.494044,3683.494184,0.000140
35016,SENSOR_DATA,11,1,11->1,1,3684.204738,3684.204831,0.000093
35019,SENSOR_DATA,34,1,34->23->12->2->1,4,3684.554077,3684.554418,0.000341
35021,SENSOR_DATA,4,1,4->13->3->2->1,4,3684.696931,3684.697209,0.000279
35024,SENSOR_DATA,23,1,23->12->2->1,3,3684.912783,3684.913021,0.000239
35029,SENSOR_DATA,21,1,21->11->1,2,3685.481629,3685.481799,0.000170
35033,SENSOR_DATA,10,1,10->1,1,3685.580227,3685.580296,0.000069
35037,SENSOR_DATA,41,1,41->31->21->11->1,4,3685.923126,3685.923431,0.000306
35042,SENSOR_DATA,42,1,42->31->21->11->1,4,3686.253404,3686.253738,0.000335
35047,SENSOR_DATA,30,1,30->21->11->1,3,3686.467984,3686.468202,0.000219
35053,SENSOR_DATA,35,1,35->34->23->12->2->1,5,3687.439348,3687.439752,0.000404
35065,SENSOR_DATA,22,1,22->11->1,2,3688.591410,3688.591575,0.000165
35067,SENSOR_DATA,20,1,20->11->1,2,3689.287111,3689.287308,0.000197
35074,SENSOR_DATA,31,1,31->21->11->1,3,3689.889377,3689.889618,0.000241
35078,SENSOR_DATA,12,1,12->2->1,2,3690.316218,3690.316386,0.000167
35090,SENSOR_DATA,0,1,0->1,1,3691.188125,3691.188173,0.000048
35091,SENSOR_DATA,32,1,32->22->11->1,3,3691.223711,3691.223980,0.000269
35092,SENSOR_DATA,13,1,13->3->2->1,3,3691.223882,3691.224077,0.000195
35096,SENSOR_DATA,40,1,40->41->31->21->11->1,5,3691.867377,3691.867759,0.000382
35099,SENSOR_DATA,2,1,2->1,1,3692.104102,3692.104172,0.000070
35101,SENSOR_DATA,14,1,14->23->12->2->1,4,3692.690114,3692.690457,0.000344
35111,SENSOR_DATA,3,1,3->2->1,2,3693.494044,3693.494184,0.000140
35115,SENSOR_DATA,11,1,11->1,1,3694.204738,3694.204831,0.000093
35118,SENSOR_DATA,34,1,34->23->12->2->1,4,3694.554077,3694.554418,0.000341
35120,SENSOR_DATA,4,1,4->13->3->2->1,4,3694.696931,3694.697209,0.000279
35123,SENSOR_DATA,23,1,23->12->2->1,3,3694.912783,3694.913021,0.000239
35128,SENSOR_DATA,21,1,21->11->1,2,3695.481629,3695.481799,0.000170
35132,SENSOR_DATA,10,1,10->1,1,3695.580227,3695.580296,0.000069
35136,SENSOR_DATA,41,1,41->31->21->11->1,4,3695.923126,3695.923431,0.000306
35141,SENSOR_DATA,42,1,42->31->21->11->1,4,3696.253404,3696.253738,0.000335
35146,SENSOR_DATA,30,1,30->21->11->1,3,3696.467984,3696.468202,0.000219
35152,SENSOR_DATA,35,1,35->34->23->12->2->1,5,3697.439348,3697.439752,0.000404
35164,SENSOR_DATA,22,1,22->11->1,2,3698.591410,3698.591575,0.000165
35166,SENSOR_DATA,20,1,20->11->1,2,3699.287111,3699.287308,0.000197
35173,SENSOR_DATA,31,1,31->21->11->1,3,3699.889377,3699.889618,0.000241
35177,SENSOR_DATA,12,1,12->2->1,2,3700.316218,3700.316386,0.000167
35189,SENSOR_DATA,0,1,0->1,1,3701.188125,3701.188173,0.000048
35190,SENSOR_DATA,32,1,32->22->11->1,3,3701.223711,3701.223980,0.000269
35191,SENSOR_DATA,13,1,13->3->2->1,3,3701.223882,3701.224077,0.000195
35195,SENSOR_DATA,40,1,40->41->31->21->11->1,5,3701.867377,3701.867759,0.000382
35198,SENSOR_DATA,2,1,2->1,1,3702.104102,3702.104172,0.000070
35200,SENSOR_DATA,14,1,14->23->12->2->1,4,3702.690114,3702.690457,0.000344
35210,SENSOR_DATA,3,1,3->2->1,2,3703.494044,3703.494184,0.000140
35214,SENSOR_DATA,11,1,11->1,1,3704.204738,3704.204831,0.000093
35217,SENSOR_DATA,34,1,34->23->12->2->1,4,3704.554077,3704.554418,0.000341
35219,SENSOR_DATA,4,1,4->13->3->2->1,4,3704.696931,3704.697209,0.000279
35222,SENSOR_DATA,23,1,23->12->2->1,3,3704.912783,3704.913021,0.000239
35227,SENSOR_DATA,21,1,21->11->1,2,3705.481629,3705.481799,0.000170
35231,SENSOR_DATA,10,1,10->1,1,3705.580227,3705.580296,0.000069
35235,SENSOR_DATA,41,1,41->31->21->11->1,4,3705.923126,3705.923431,0.000306
35240,SENSOR_DATA,42,1,42->31->21->11->1,4,3706.253404,3706.253738,0.000335
35245,SENSOR_DATA,30,1,30->21->11->1,3,3706.467984,3706.468202,0.000219
35251,SENSOR_DATA,35,1,35->34->23->12->2->1,5,3707.439348,3707.439752,0.000404
35263,SENSOR_DATA,22,1,22->11->1,2,3708.591410,3708.591575,0.000165
35265,SENSOR_DATA,20,1,20->11->1,2,3709.287111,3709.287308,0.000197
35272,SENSOR_DATA,31,1,31->21->11->1,3,3709.889377,3709.889618,0.000241
35276,SENSOR_DATA,12,1,12->2->1,2,3710.316218,3710.316386,0.000167
35288,SENSOR_DATA,0,1,0->1,1,3711.188125,3711.188173,0.000048
35289,SENSOR_DATA,32,1,32->22->11->1,3,3711.223711,3711.223980,0.000269
35290,SENSOR_DATA,13,1,13->3->2->1,3,3711.223882,3711.224077,0.000195
35294,SENSOR_DATA,40,1,40->41->31->21->11->1,5,3711.867377,3711.867759,0.000382
35297,SENSOR_DATA,2,1,2->1,1,3712.104102,3712.104172,0.000070
35299,SENSOR_DATA,14,1,14->23->12->2->1,4,3712.690114,3712.690457,0.000344
35309,SENSOR_DATA,3,1,3->2->1,2,3713.494044,3713.494184,0.000140
35313,SENSOR_DATA,11,1,11->1,1,3714.204738,3714.204831,0.000093
35316,SENSOR_DATA,34,1,34->23->12->2->1,4,3714.554077,3714.554418,0.000341
35318,SENSOR_DATA,4,1,4->13->3->2->1,4,3714.696931,3714.697209,0.000279
35321,SENSOR_DATA,23,1,23->12->2->1,3,3714.912783,3714.913021,0.000239
35326,SENSOR_DATA,21,1,21->11->1,2,3715.481629,3715.481799,0.000170
35330,SENSOR_DATA,10,1,10->1,1,3715.580227,3715.580296,0.000069
35334,SENSOR_DATA,41,1,41->31->21->11->1,4,3715.923126,3715.923431,0.000306
35339,SENSOR_DATA,42,1,42->31->21->11->1,4,3716.253404,3716.253738,0.000335
35344,SENSOR_DATA,30,1,30->21->11->1,3,3716.467984,3716.468202,0.000219
35350,SENSOR_DATA,35,1,35->34->23->12->2->1,5,3717.439348,3717.439752,0.000404
35362,SENSOR_DATA,22,1,22->11->1,2,3718.591410,3718.591575,0.000165
35364,SENSOR_DATA,20,1,20->11->1,2,3719.287111,3719.287308,0.000197
35371,SENSOR_DATA,31,1,31->21->11->1,3,3719.889377,3719.889618,0.000241
35375,SENSOR_DATA,12,1,12->2->1,2,3720.316218,3720.316386,0.000167
35387,SENSOR_DATA,0,1,0->1,1,3721.188125,3721.188173,0.000048
35388,SENSOR_DATA,32,1,32->22->11->1,3,3721.223711,3721.223980,0.000269
35389,SENSOR_DATA,13,1,13->3->2->1,3,3721.223882,3721.224077,0.000195
35393,SENSOR_DATA,40,1,40->41->31->21->11->1,5,3721.867377,3721.867759,0.000382
35396,SENSOR_DATA,2,1,2->1,1,3722.104102,3722.104172,0.000070
35398,SENSOR_DATA,14,1,14->23->12->2->1,4,3722.690114,3722.690457,0.000344
35408,SENSOR_DATA,3,1,3->2->1,2,3723.494044,3723.494184,0.000140
35412,SENSOR_DATA,11,1,11->1,1,3724.204738,3724.204831,0.000093
35415,SENSOR_DATA,34,1,34->23->12->2->1,4,3724.554077,3724.554418,0.000341
35417,SENSOR_DATA,4,1,4->13->3->2->1,4,3724.696931,3724.697209,0.000279
35420,SENSOR_DATA,23,1,23->12->2->1,3,3724.912783,3724.913021,0.000239
35425,SENSOR_DATA,21,1,21->11->1,2,3725.481629,3725.481799,0.000170
35429,SENSOR_DATA,10,1,10->1,1,3725.580227,3725.580296,0.000069
35433,SENSOR_DATA,41,1,41->31->21->11->1,4,3725.923126,3725.923431,0.000306
35438,SENSOR_DATA,42,1,42->31->21->11->1,4,3726.253404,3726.253738,0.000335
35443,SENSOR_DATA,30,1,30->21->11->1,3,3726.467984,3726.468202,0.000219
35449,SENSOR_DATA,35,1,35->34->23->12->2->1,5,3727.439348,3727.439752,0.000404
35461,SENSOR_DATA,22,1,22->11->1,2,3728.591410,3728.591575,0.000165
35463,SENSOR_DATA,20,1,20->11->1,2,3729.287111,3729.287308,0.000197
35470,SENSOR_DATA,31,1,31->21->11->1,3,3729.889377,3729.889618,0.000241
35474,SENSOR_DATA,12,1,12->2->1,2,3730.316218,3730.316386,0.000167
35486,SENSOR_DATA,0,1,0->1,1,3731.188125,3731.188173,0.000048
35487,SENSOR_DATA,32,1,32->22->11->1,3,3731.223711,3731.223980,0.000269
35488,SENSOR_DATA,13,1,13->3->2->1,3,3731.223882,3731.224077,0.000195
35492,SENSOR_DATA,40,1,40->41->31->21->11->1,5,3731.867377,3731.867759,0.000382
35495,SENSOR_DATA,2,1,2->1,1,3732.104102,3732.104172,0.000070
35497,SENSOR_DATA,14,1,14->23->12->2->1,4,3732.690114,3732.690457,0.000344
35507,SENSOR_DATA,3,1,3->2->1,2,3733.494044,3733.494184,0.000140
35511,SENSOR_DATA,11,1,11->1,1,3734.204738,3734.204831,0.000093
35514,SENSOR_DATA,34,1,34->23->12->2->1,4,3734.554077,3734.554418,0.000341
35516,SENSOR_DATA,4,1,4->13->3->2->1,4,3734.696931,3734.697209,0.000279
35519,SENSOR_DATA,23,1,23->12->2->1,3,3734.912783,3734.913021,0.000239
35524,SENSOR_DATA,21,1,21->11->1,2,3735.481629,3735.481799,0.000170
35528,SENSOR_DATA,10,1,10->1,1,3735.580227,3735.580296,0.000069
35532,SENSOR_DATA,41,1,41->31->21->11->1,4,3735.923126,3735.923431,0.000306
35537,SENSOR_DATA,42,1,42->31->21->11->1,4,3736.253404,3736.253738,0.000335
35542,SENSOR_DATA,30,1,30->21->11->1,3,3736.467984,3736.468202,0.000219
35548,SENSOR_DATA,35,1,35->34->23->12->2->1,5,3737.439348,3737.439752,0.000404
35560,SENSOR_DATA,22,1,22->11->1,2,3738.591410,3738.591575,0.000165
35562,SENSOR_DATA,20,1,20->11->1,2,3739.287111,3739.287308,0.000197
35569,SENSOR_DATA,31,1,31->21->11->1,3,3739.889377,3739.889618,0.000241
35573,SENSOR_DATA,12,1,12->2->1,2,3740.316218,3740.316386,0.000167
35585,SENSOR_DATA,0,1,0->1,1,3741.188125,3741.188173,0.000048
35586,SENSOR_DATA,32,1,32->22->11->1,3,3741.223711,3741.223980,0.000269
35587,SENSOR_DATA,13,1,13->3->2->1,3,3741.223882,3741.224077,0.000195
35591,SENSOR_DATA,40,1,40->41->31->21->11->1,5,3741.867377,3741.867759,0.000382
35594,SENSOR_DATA,2,1,2->1,1,3742.104102,3742.104172,0.000070
35596,SENSOR_DATA,14,1,14->23->12->2->1,4,3742.690114,3742.690457,0.000344
35606,SENSOR_DATA,3,1,3->2->1,2,3743.494044,3743.494184,0.000140
35610,SENSOR_DATA,11,1,11->1,1,3744.204738,3744.204831,0.000093
35613,SENSOR_DATA,34,1,34->23->12->2->1,4,3744.554077,3744.554418,0.000341
35615,SENSOR_DATA,4,1,4->13->3->2->1,4,3744.696931,3744.697209,0.000279
35618,SENSOR_DATA,23,1,23->12->2->1,3,3744.912783,3744.913021,0.000239
35623,SENSOR_DATA,21,1,21->11->1,2,3745.481629,3745.481799,0.000170
35627,SENSOR_DATA,10,1,10->1,1,3745.580227,3745.580296,0.000069
35631,SENSOR_DATA,41,1,41->31->21->11->1,4,3745.923126,3745.923431,0.000306
35636,SENSOR_DATA,42,1,42->31->21->11->1,4,3746.253404,3746.253738,0.000335
35641,SENSOR_DATA,30,1,30->21->11->1,3,3746.467984,3746.468202,0.000219
35647,SENSOR_DATA,35,1,35->34->23->12->2->1,5,3747.439348,3747.439752,0.000404
35659,SENSOR_DATA,22,1,22->11->1,2,3748.591410,3748.591575,0.000165
35661,SENSOR_DATA,20,1,20->11->1,2,3749.287111,3749.287308,0.000197
35668,SENSOR_DATA,31,1,31->21->11->1,3,3749.889377,3749.889618,0.000241
35672,SENSOR_DATA,12,1,12->2->1,2,3750.316218,3750.316386,0.000167
35684,SENSOR_DATA,0,1,0->1,1,3751.188125,3751.188173,0.000048
35685,SENSOR_DATA,32,1,32->22->11->1,3,3751.223711,3751.223980,0.000269
35686,SENSOR_DATA,13,1,13->3->2->1,3,3751.223882,3751.224077,0.000195
35690,SENSOR_DATA,40,1,40->41->31->21->11->1,5,3751.867377,3751.867759,0.000382
35693,SENSOR_DATA,2,1,2->1,1,3752.104102,3752.104172,0.000070
35695,SENSOR_DATA,14,1,14->23->12->2->1,4,3752.690114,3752.690457,0.000344
35705,SENSOR_DATA,3,1,3->2->1,2,3753.494044,3753.494184,0.000140
35709,SENSOR_DATA,11,1,11->1,1,3754.204738,3754.204831,0.000093
35712,SENSOR_DATA,34,1,34->23->12->2->1,4,3754.554077,3754.554418,0.000341
35714,SENSOR_DATA,4,1,4->13->3->2->1,4,3754.696931,3754.697209,0.000279
35717,SENSOR_DATA,23,1,23->12->2->1,3,3754.912783,3754.913021,0.000239
35722,SENSOR_DATA,21,1,21->11->1,2,3755.481629,3755.481799,0.000170
35726,SENSOR_DATA,10,1,10->1,1,3755.580227,3755.580296,0.000069
35730,SENSOR_DATA,41,1,41->31->21->11->1,4,3755.923126,3755.923431,0.000306
35735,SENSOR_DATA,42,1,42->31->21->11->1,4,3756.253404,3756.253738,0.000335
35740,SENSOR_DATA,30,1,30->21->11->1,3,3756.467984,3756.468202,0.000219
35746,SENSOR_DATA,35,1,35->34->23->12->2->1,5,3757.439348,3757.439752,0.000404
35758,SENSOR_DATA,22,1,22->11->1,2,3758.591410,3758.591575,0.000165
35760,SENSOR_DATA,20,1,20->11->1,2,3759.287111,3759.287308,0.000197
35767,SENSOR_DATA,31,1,31->21->11->1,3,3759.889377,3759.889618,0.000241
35771,SENSOR_DATA,12,1,12->2->1,2,3760.316218,3760.316386,0.000167
35783,SENSOR_DATA,0,1,0->1,1,3761.188125,3761.188173,0.000048
35784,SENSOR_DATA,32,1,32->22->11->1,3,3761.223711,3761.223980,0.000269
35785,SENSOR_DATA,13,1,13->3->2->1,3,3761.223882,3761.224077,0.000195
35789,SENSOR_DATA,40,1,40->41->31->21->11->1,5,3761.867377,3761.867759,0.000382
35792,SENSOR_DATA,2,1,2->1,1,3762.104102,3762.104172,0.000070
35794,SENSOR_DATA,14,1,14->23->12->2->1,4,3762.690114,3762.690457,0.000344
35804,SENSOR_DATA,3,1,3->2->1,2,3763.494044,3763.494184,0.000140
35808,SENSOR_DATA,11,1,11->1,1,3764.204738,3764.204831,0.000093
35811,SENSOR_DATA,34,1,34->23->12->2->1,4,3764.554077,3764.554418,0.000341
35813,SENSOR_DATA,4,1,4->13->3->2->1,4,3764.696931,3764.697209,0.000279
35816,SENSOR_DATA,23,1,23->12->2->1,3,3764.912783,3764.913021,0.000239
35821,SENSOR_DATA,21,1,21->11->1,2,3765.481629,3765.481799,0.000170
35825,SENSOR_DATA,10,1,10->1,1,3765.580227,3765.580296,0.000069
35829,SENSOR_DATA,41,1,41->31->21->11->1,4,3765.923126,3765.923431,0.000306
35834,SENSOR_DATA,42,1,42->31->21->11->1,4,3766.253404,3766.253738,0.000335
35839,SENSOR_DATA,30,1,30->21->11->1,3,3766.467984,3766.468202,0.000219
35845,SENSOR_DATA,35,1,35->34->23->12->2->1,5,3767.439348,3767.439752,0.000404
35857,SENSOR_DATA,22,1,22->11->1,2,3768.591410,3768.591575,0.000165
35859,SENSOR_DATA,20,1,20->11->1,2,3769.287111,3769.287308,0.000197
35866,SENSOR_DATA,31,1,31->21->11->1,3,3769.889377,3769.889618,0.000241
35870,SENSOR_DATA,12,1,12->2->1,2,3770.316218,3770.316386,0.000167
35882,SENSOR_DATA,0,1,0->1,1,3771.188125,3771.188173,0.000048
35883,SENSOR_DATA,32,1,32->22->11->1,3,3771.223711,3771.223980,0.000269
35884,SENSOR_DATA,13,1,13->3->2->1,3,3771.223882,3771.224077,0.000195
35888,SENSOR_DATA,40,1,40->41->31->21->11->1,5,3771.867377,3771.867759,0.000382
35891,SENSOR_DATA,2,1,2->1,1,3772.104102,3772.104172,0.000070
35893,SENSOR_DATA,14,1,14->23->12->2->1,4,3772.690114,3772.690457,0.000344
35903,SENSOR_DATA,3,1,3->2->1,2,3773.494044,3773.494184,0.000140
35907,SENSOR_DATA,11,1,11->1,1,3774.204738,3774.204831,0.000093
35910,SENSOR_DATA,34,1,34->23->12->2->1,4,3774.554077,3774.554418,0.000341
35912,SENSOR_DATA,4,1,4->13->3->2->1,4,3774.696931,3774.697209,0.000279
35915,SENSOR_DATA,23,1,23->12->2->1,3,3774.912783,3774.913021,0.000239
35920,SENSOR_DATA,21,1,21->11->1,2,3775.481629,3775.481799,0.000170
35924,SENSOR_DATA,10,1,10->1,1,3775.580227,3775.580296,0.000069
35928,SENSOR_DATA,41,1,41->31->21->11->1,4,3775.923126,3775.923431,0.000306
35933,SENSOR_DATA,42,1,42->31->21->11->1,4,3776.253404,3776.253738,0.000335
35938,SENSOR_DATA,30,1,30->21->11->1,3,3776.467984,3776.468202,0.000219
35944,SENSOR_DATA,35,1,35->34->23->12->2->1,5,3777.439348,3777.439752,0.000404
35956,SENSOR_DATA,22,1,22->11->1,2,3778.591410,3778.591575,0.000165
35958,SENSOR_DATA,20,1,20->11->1,2,3779.287111,3779.287308,0.000197
35965,SENSOR_DATA,31,1,31->21->11->1,3,3779.889377,3779.889618,0.000241
35969,SENSOR_DATA,12,1,12->2->1,2,3780.316218,3780.316386,0.000167
35981,SENSOR_DATA,0,1,0->1,1,3781.188125,3781.188173,0.000048
35982,SENSOR_DATA,32,1,32->22->11->1,3,3781.223711,3781.223980,0.000269
35983,SENSOR_DATA,13,1,13->3->2->1,3,3781.223882,3781.224077,0.000195
35987,SENSOR_DATA,40,1,40->41->31->21->11->1,5,3781.867377,3781.867759,0.000382
35990,SENSOR_DATA,2,1,2->1,1,3782.104102,3782.104172,0.000070
35992,SENSOR_DATA,14,1,14->23->12->2->1,4,3782.690114,3782.690457,0.000344
36002,SENSOR_DATA,3,1,3->2->1,2,3783.494044,3783.494184,0.000140
36006,SENSOR_DATA,11,1,11->1,1,3784.204738,3784.204831,0.000093
36009,SENSOR_DATA,34,1,34->23->12->2->1,4,3784.554077,3784.554418,0.000341
36011,SENSOR_DATA,4,1,4->13->3->2->1,4,3784.696931,3784.697209,0.000279
36014,SENSOR_DATA,23,1,23->12->2->1,3,3784.912783,3784.913021,0.000239
36019,SENSOR_DATA,21,1,21->11->1,2,3785.481629,3785.481799,0.000170
36023,SENSOR_DATA,10,1,10->1,1,3785.580227,3785.580296,0.000069
36027,SENSOR_DATA,41,1,41->31->21->11->1,4,3785.923126,3785.923431,0.000306
36032,SENSOR_DATA,42,1,42->31->21->11->1,4,3786.253404,3786.253738,0.000335
36037,SENSOR_DATA,30,1,30->21->11->1,3,3786.467984,3786.468202,0.000219
36043,SENSOR_DATA,35,1,35->34->23->12->2->1,5,3787.439348,3787.439752,0.000404
36055,SENSOR_DATA,22,1,22->11->1,2,3788.591410,3788.591575,0.000165
36057,SENSOR_DATA,20,1,20->11->1,2,3789.287111,3789.287308,0.000197
36064,SENSOR_DATA,31,1,31->21->11->1,3,3789.889377,3789.889618,0.000241
36068,SENSOR_DATA,12,1,12->2->1,2,3790.316218,3790.316386,0.000167
36080,SENSOR_DATA,0,1,0->1,1,3791.188125,3791.188173,0.000048
36081,SENSOR_DATA,32,1,32->22->11->1,3,3791.223711,3791.223980,0.000269
36082,SENSOR_DATA,13,1,13->3->2->1,3,3791.223882,3791.224077,0.000195
36086,SENSOR_DATA,40,1,40->41->31->21->11->1,5,3791.867377,3791.867759,0.000382
36089,SENSOR_DATA,2,1,2->1,1,3792.104102,3792.104172,0.000070
36091,SENSOR_DATA,14,1,14->23->12->2->1,4,3792.690114,3792.690457,0.000344
36101,SENSOR_DATA,3,1,3->2->1,2,3793.494044,3793.494184,0.000140
36105,SENSOR_DATA,11,1,11->1,1,3794.204738,3794.204831,0.000093
36108,SENSOR_DATA,34,1,34->23->12->2->1,4,3794.554077,3794.554418,0.000341
36110,SENSOR_DATA,4,1,4->13->3->2->1,4,3794.696931,3794.697209,0.000279
36113,SENSOR_DATA,23,1,23->12->2->1,3,3794.912783,3794.913021,0.000239
36118,SENSOR_DATA,21,1,21->11->1,2,3795.481629,3795.481799,0.000170
36122,SENSOR_DATA,10,1,10->1,1,3795.580227,3795.580296,0.000069
36126,SENSOR_DATA,41,1,41->31->21->11->1,4,3795.923126,3795.923431,0.000306
36131,SENSOR_DATA,42,1,42->31->21->11->1,4,3796.253404,3796.253738,0.000335
36136,SENSOR_DATA,30,1,30->21->11->1,3,3796.467984,3796.468202,0.000219
36142,SENSOR_DATA,35,1,35->34->23->12->2->1,5,3797.439348,3797.439752,0.000404
36154,SENSOR_DATA,22,1,22->11->1,2,3798.591410,3798.591575,0.000165
36156,SENSOR_DATA,20,1,20->11->1,2,3799.287111,3799.287308,0.000197
36163,SENSOR_DATA,31,1,31->21->11->1,3,3799.889377,3799.889618,0.000241
36167,SENSOR_DATA,12,1,12->2->1,2,3800.316218,3800.316386,0.000167
36179,SENSOR_DATA,0,1,0->1,1,3801.188125,3801.188173,0.000048
36180,SENSOR_DATA,32,1,32->22->11->1,3,3801.223711,3801.223980,0.000269
36181,SENSOR_DATA,13,1,13->3->2->1,3,3801.223882,3801.224077,0.000195
36185,SENSOR_DATA,40,1,40->41->31->21->11->1,5,3801.867377,3801.867759,0.000382
36188,SENSOR_DATA,2,1,2->1,1,3802.104102,3802.104172,0.000070
36190,SENSOR_DATA,14,1,14->23->12->2->1,4,3802.690114,3802.690457,0.000344
36200,SENSOR_DATA,3,1,3->2->1,2,3803.494044,3803.494184,0.000140
36204,SENSOR_DATA,11,1,11->1,1,3804.204738,3804.204831,0.000093
36207,SENSOR_DATA,34,1,34->23->12->2->1,4,3804.554077,3804.554418,0.000341
36209,SENSOR_DATA,4,1,4->13->3->2->1,4,3804.696931,3804.697209,0.000279
36212,SENSOR_DATA,23,1,23->12->2->1,3,3804.912783,3804.913021,0.000239
36217,SENSOR_DATA,21,1,21->11->1,2,3805.481629,3805.481799,0.000170
36221,SENSOR_DATA,10,1,10->1,1,3805.580227,3805.580296,0.000069
36225,SENSOR_DATA,41,1,41->31->21->11->1,4,3805.923126,3805.923431,0.000306
36230,SENSOR_DATA,42,1,42->31->21->11->1,4,3806.253404,3806.253738,0.000335
36235,SENSOR_DATA,30,1,30->21->11->1,3,3806.467984,3806.468202,0.000219
36241,SENSOR_DATA,35,1,35->34->23->12->2->1,5,3807.439348,3807.439752,0.000404
36253,SENSOR_DATA,22,1,22->11->1,2,3808.591410,3808.591575,0.000165
36255,SENSOR_DATA,20,1,20->11->1,2,3809.287111,3809.287308,0.000197
36262,SENSOR_DATA,31,1,31->21->11->1,3,3809.889377,3809.889618,0.000241
36266,SENSOR_DATA,12,1,12->2->1,2,3810.316218,3810.316386,0.000167
36278,SENSOR_DATA,0,1,0->1,1,3811.188125,3811.188173,0.000048
36279,SENSOR_DATA,32,1,32->22->11->1,3,3811.223711,3811.223980,0.000269
36280,SENSOR_DATA,13,1,13->3->2->1,3,3811.223882,3811.224077,0.000195
36284,SENSOR_DATA,40,1,40->41->31->21->11->1,5,3811.867377,3811.867759,0.000382
36287,SENSOR_DATA,2,1,2->1,1,3812.104102,3812.104172,0.000070
36289,SENSOR_DATA,14,1,14->23->12->2->1,4,3812.690114,3812.690457,0.000344
36299,SENSOR_DATA,3,1,3->2->1,2,3813.494044,3813.494184,0.000140
36303,SENSOR_DATA,11,1,11->1,1,3814.204738,3814.204831,0.000093
36306,SENSOR_DATA,34,1,34->23->12->2->1,4,3814.554077,3814.554418,0.000341
36308,SENSOR_DATA,4,1,4->13->3->2->1,4,3814.696931,3814.697209,0.000279
36311,SENSOR_DATA,23,1,23->12->2->1,3,3814.912783,3814.913021,0.000239
36316,SENSOR_DATA,21,1,21->11->1,2,3815.481629,3815.481799,0.000170
36320,SENSOR_DATA,10,1,10->1,1,3815.580227,3815.580296,0.000069
36324,SENSOR_DATA,41,1,41->31->21->11->1,4,3815.923126,3815.923431,0.000306
36329,SENSOR_DATA,42,1,42->31->21->11->1,4,3816.253404,3816.253738,0.000335
36334,SENSOR_DATA,30,1,30->21->11->1,3,3816.467984,3816.468202,0.000219
36340,SENSOR_DATA,35,1,35->34->23->12->2->1,5,3817.439348,3817.439752,0.000404
36352,SENSOR_DATA,22,1,22->11->1,2,3818.591410,3818.591575,0.000165
36354,SENSOR_DATA,20,1,20->11->1,2,3819.287111,3819.287308,0.000197
36361,SENSOR_DATA,31,1,31->21->11->1,3,3819.889377,3819.889618,0.000241
36365,SENSOR_DATA,12,1,12->2->1,2,3820.316218,3820.316386,0.000167
36377,SENSOR_DATA,0,1,0->1,1,3821.188125,3821.188173,0.000048
36378,SENSOR_DATA,32,1,32->22->11->1,3,3821.223711,3821.223980,0.000269
36379,SENSOR_DATA,13,1,13->3->2->1,3,3821.223882,3821.224077,0.000195
36383,SENSOR_DATA,40,1,40->41->31->21->11->1,5,3821.867377,3821.867759,0.000382
36386,SENSOR_DATA,2,1,2->1,1,3822.104102,3822.104172,0.000070
36388,SENSOR_DATA,14,1,14->23->12->2->1,4,3822.690114,3822.690457,0.000344
36398,SENSOR_DATA,3,1,3->2->1,2,3823.494044,3823.494184,0.000140
36402,SENSOR_DATA,11,1,11->1,1,3824.204738,3824.204831,0.000093
36405,SENSOR_DATA,34,1,34->23->12->2->1,4,3824.554077,3824.554418,0.000341
36407,SENSOR_DATA,4,1,4->13->3->2->1,4,3824.696931,3824.697209,0.000279
36410,SENSOR_DATA,23,1,23->12->2->1,3,3824.912783,3824.913021,0.000239
36415,SENSOR_DATA,21,1,21->11->1,2,3825.481629,3825.481799,0.000170
36419,SENSOR_DATA,10,1,10->1,1,3825.580227,3825.580296,0.000069
36423,SENSOR_DATA,41,1,41->31->21->11->1,4,3825.923126,3825.923431,0.000306
36428,SENSOR_DATA,42,1,42->31->21->11->1,4,3826.253404,3826.253738,0.000335
36433,SENSOR_DATA,30,1,30->21->11->1,3,3826.467984,3826.468202,0.000219
36439,SENSOR_DATA,35,1,35->34->23->12->2->1,5,3827.439348,3827.439752,0.000404
36451,SENSOR_DATA,22,1,22->11->1,2,3828.591410,3828.591575,0.000165
36453,SENSOR_DATA,20,1,20->11->1,2,3829.287111,3829.287308,0.000197
36460,SENSOR_DATA,31,1,31->21->11->1,3,3829.889377,3829.889618,0.000241
36464,SENSOR_DATA,12,1,12->2->1,2,3830.316218,3830.316386,0.000167
36476,SENSOR_DATA,0,1,0->1,1,3831.188125,3831.188173,0.000048
36477,SENSOR_DATA,32,1,32->22->11->1,3,3831.223711,3831.223980,0.000269
36478,SENSOR_DATA,13,1,13->3->2->1,3,3831.223882,3831.224077,0.000195
36482,SENSOR_DATA,40,1,40->41->31->21->11->1,5,3831.867377,3831.867759,0.000382
36485,SENSOR_DATA,2,1,2->1,1,3832.104102,3832.104172,0.000070
36487,SENSOR_DATA,14,1,14->23->12->2->1,4,3832.690114,3832.690457,0.000344
36497,SENSOR_DATA,3,1,3->2->1,2,3833.494044,3833.494184,0.000140
36501,SENSOR_DATA,11,1,11->1,1,3834.204738,3834.204831,0.000093
36504,SENSOR_DATA,34,1,34->23->12->2->1,4,3834.554077,3834.554418,0.000341
36506,SENSOR_DATA,4,1,4->13->3->2->1,4,3834.696931,3834.697209,0.000279
36509,SENSOR_DATA,23,1,23->12->2->1,3,3834.912783,3834.913021,0.000239
36514,SENSOR_DATA,21,1,21->11->1,2,3835.481629,3835.481799,0.000170
36518,SENSOR_DATA,10,1,10->1,1,3835.580227,3835.580296,0.000069
36522,SENSOR_DATA,41,1,41->31->21->11->1,4,3835.923126,3835.923431,0.000306
36527,SENSOR_DATA,42,1,42->31->21->11->1,4,3836.253404,3836.253738,0.000335
36532,SENSOR_DATA,30,1,30->21->11->1,3,3836.467984,3836.468202,0.000219
36538,SENSOR_DATA,35,1,35->34->23->12->2->1,5,3837.439348,3837.439752,0.000404
36550,SENSOR_DATA,22,1,22->11->1,2,3838.591410,3838.591575,0.000165
36552,SENSOR_DATA,20,1,20->11->1,2,3839.287111,3839.287308,0.000197
36559,SENSOR_DATA,31,1,31->21->11->1,3,3839.889377,3839.889618,0.000241
36563,SENSOR_DATA,12,1,12->2->1,2,3840.316218,3840.316386,0.000167
36575,SENSOR_DATA,0,1,0->1,1,3841.188125,3841.188173,0.000048
36576,SENSOR_DATA,32,1,32->22->11->1,3,3841.223711,3841.223980,0.000269
36577,SENSOR_DATA,13,1,13->3->2->1,3,3841.223882,3841.224077,0.000195
36581,SENSOR_DATA,40,1,40->41->31->21->11->1,5,3841.867377,3841.867759,0.000382
36584,SENSOR_DATA,2,1,2->1,1,3842.104102,3842.104172,0.000070
36586,SENSOR_DATA,14,1,14->23->12->2->1,4,3842.690114,3842.690457,0.000344
36596,SENSOR_DATA,3,1,3->2->1,2,3843.494044,3843.494184,0.000140
36600,SENSOR_DATA,11,1,11->1,1,3844.204738,3844.204831,0.000093
36603,SENSOR_DATA,34,1,34->23->12->2->1,4,3844.554077,3844.554418,0.000341
36605,SENSOR_DATA,4,1,4->13->3->2->1,4,3844.696931,3844.697209,0.000279
36608,SENSOR_DATA,23,1,23->12->2->1,3,3844.912783,3844.913021,0.000239
36613,SENSOR_DATA,21,1,21->11->1,2,3845.481629,3845.481799,0.000170
36617,SENSOR_DATA,10,1,10->1,1,3845.580227,3845.580296,0.000069
36621,SENSOR_DATA,41,1,41->31->21->11->1,4,3845.923126,3845.923431,0.000306
36626,SENSOR_DATA,42,1,42->31->21->11->1,4,3846.253404,3846.253738,0.000335
36631,SENSOR_DATA,30,1,30->21->11->1,3,3846.467984,3846.468202,0.000219
36637,SENSOR_DATA,35,1,35->34->23->12->2->1,5,3847.439348,3847.439752,0.000404
36649,SENSOR_DATA,22,1,22->11->1,2,3848.591410,3848.591575,0.000165
36651,SENSOR_DATA,20,1,20->11->1,2,3849.287111,3849.287308,0.000197
36658,SENSOR_DATA,31,1,31->21->11->1,3,3849.889377,3849.889618,0.000241
36662,SENSOR_DATA,12,1,12->2->1,2,3850.316218,3850.316386,0.000167
36674,SENSOR_DATA,0,1,0->1,1,3851.188125,3851.188173,0.000048
36675,SENSOR_DATA,32,1,32->22->11->1,3,3851.223711,3851.223980,0.000269
36676,SENSOR_DATA,13,1,13->3->2->1,3,3851.223882,3851.224077,0.000195
36680,SENSOR_DATA,40,1,40->41->31->21->11->1,5,3851.867377,3851.867759,0.000382
36683,SENSOR_DATA,2,1,2->1,1,3852.104102,3852.104172,0.000070
36685,SENSOR_DATA,14,1,14->23->12->2->1,4,3852.690114,3852.690457,0.000344
36695,SENSOR_DATA,3,1,3->2->1,2,3853.494044,3853.494184,0.000140
36699,SENSOR_DATA,11,1,11->1,1,3854.204738,3854.204831,0.000093
36702,SENSOR_DATA,34,1,34->23->12->2->1,4,3854.554077,3854.554418,0.000341
36704,SENSOR_DATA,4,1,4->13->3->2->1,4,3854.696931,3854.697209,0.000279
36707,SENSOR_DATA,23,1,23->12->2->1,3,3854.912783,3854.913021,0.000239
36712,SENSOR_DATA,21,1,21->11->1,2,3855.481629,3855.481799,0.000170
36716,SENSOR_DATA,10,1,10->1,1,3855.580227,3855.580296,0.000069
36720,SENSOR_DATA,41,1,41->31->21->11->1,4,3855.923126,3855.923431,0.000306
36725,SENSOR_DATA,42,1,42->31->21->11->1,4,3856.253404,3856.253738,0.000335
36730,SENSOR_DATA,30,1,30->21->11->1,3,3856.467984,3856.468202,0.000219
36736,SENSOR_DATA,35,1,35->34->23->12->2->1,5,3857.439348,3857.439752,0.000404
36748,SENSOR_DATA,22,1,22->11->1,2,3858.591410,3858.591575,0.000165
36750,SENSOR_DATA,20,1,20->11->1,2,3859.287111,3859.287308,0.000197
36757,SENSOR_DATA,31,1,31->21->11->1,3,3859.889377,3859.889618,0.000241
36761,SENSOR_DATA,12,1,12->2->1,2,3860.316218,3860.316386,0.000167
36773,SENSOR_DATA,0,1,0->1,1,3861.188125,3861.188173,0.000048
36774,SENSOR_DATA,32,1,32->22->11->1,3,3861.223711,3861.223980,0.000269
36775,SENSOR_DATA,13,1,13->3->2->1,3,3861.223882,3861.224077,0.000195
36779,SENSOR_DATA,40,1,40->41->31->21->11->1,5,3861.867377,3861.867759,0.000382
36782,SENSOR_DATA,2,1,2->1,1,3862.104102,3862.104172,0.000070
36784,SENSOR_DATA,14,1,14->23->12->2->1,4,3862.690114,3862.690457,0.000344
36794,SENSOR_DATA,3,1,3->2->1,2,3863.494044,3863.494184,0.000140
36798,SENSOR_DATA,11,1,11->1,1,3864.204738,3864.204831,0.000093
36801,SENSOR_DATA,34,1,34->23->12->2->1,4,3864.554077,3864.554418,0.000341
36803,SENSOR_DATA,4,1,4->13->3->2->1,4,3864.696931,3864.697209,0.000279
36806,SENSOR_DATA,23,1,23->12->2->1,3,3864.912783,3864.913021,0.000239
36811,SENSOR_DATA,21,1,21->11->1,2,3865.481629,3865.481799,0.000170
36815,SENSOR_DATA,10,1,10->1,1,3865.580227,3865.580296,0.000069
36819,SENSOR_DATA,41,1,41->31->21->11->1,4,3865.923126,3865.923431,0.000306
36824,SENSOR_DATA,42,1,42->31->21->11->1,4,3866.253404,3866.253738,0.000335
36829,SENSOR_DATA,30,1,30->21->11->1,3,3866.467984,3866.468202,0.000219
36835,SENSOR_DATA,35,1,35->34->23->12->2->1,5,3867.439348,3867.439752,0.000404
36847,SENSOR_DATA,22,1,22->11->1,2,3868.591410,3868.591575,0.000165
36849,SENSOR_DATA,20,1,20->11->1,2,3869.287111,3869.287308,0.000197
36856,SENSOR_DATA,31,1,31->21->11->1,3,3869.889377,3869.889618,0.000241
36860,SENSOR_DATA,12,1,12->2->1,2,3870.316218,3870.316386,0.000167
36872,SENSOR_DATA,0,1,0->1,1,3871.188125,3871.188173,0.000048
36873,SENSOR_DATA,32,1,32->22->11->1,3,3871.223711,3871.223980,0.000269
36874,SENSOR_DATA,13,1,13->3->2->1,3,3871.223882,3871.224077,0.000195
36878,SENSOR_DATA,40,1,40->41->31->21->11->1,5,3871.867377,3871.867759,0.000382
36881,SENSOR_DATA,2,1,2->1,1,3872.104102,3872.104172,0.000070
36883,SENSOR_DATA,14,1,14->23->12->2->1,4,3872.690114,3872.690457,0.000344
36893,SENSOR_DATA,3,1,3->2->1,2,3873.494044,3873.494184,0.000140
36897,SENSOR_DATA,11,1,11->1,1,3874.204738,3874.204831,0.000093
36900,SENSOR_DATA,34,1,34->23->12->2->1,4,3874.554077,3874.554418,0.000341
36902,SENSOR_DATA,4,1,4->13->3->2->1,4,3874.696931,3874.697209,0.000279
36905,SENSOR_DATA,23,1,23->12->2->1,3,3874.912783,3874.913021,0.000239
36910,SENSOR_DATA,21,1,21->11->1,2,3875.481629,3875.481799,0.000170
36914,SENSOR_DATA,10,1,10->1,1,3875.580227,3875.580296,0.000069
36918,SENSOR_DATA,41,1,41->31->21->11->1,4,3875.923126,3875.923431,0.000306
36923,SENSOR_DATA,42,1,42->31->21->11->1,4,3876.253404,3876.253738,0.000335
36928,SENSOR_DATA,30,1,30->21->11->1,3,3876.467984,3876.468202,0.000219
36934,SENSOR_DATA,35,1,35->34->23->12->2->1,5,3877.439348,3877.439752,0.000404
36946,SENSOR_DATA,22,1,22->11->1,2,3878.591410,3878.591575,0.000165
36948,SENSOR_DATA,20,1,20->11->1,2,3879.287111,3879.287308,0.000197
36955,SENSOR_DATA,31,1,31->21->11->1,3,3879.889377,3879.889618,0.000241
36959,SENSOR_DATA,12,1,12->2->1,2,3880.316218,3880.316386,0.000167
36971,SENSOR_DATA,0,1,0->1,1,3881.188125,3881.188173,0.000048
36972,SENSOR_DATA,32,1,32->22->11->1,3,3881.223711,3881.223980,0.000269
36973,SENSOR_DATA,13,1,13->3->2->1,3,3881.223882,3881.224077,0.000195
36977,SENSOR_DATA,40,1,40->41->31->21->11->1,5,3881.867377,3881.867759,0.000382
36980,SENSOR_DATA,2,1,2->1,1,3882.104102,3882.104172,0.000070
36982,SENSOR_DATA,14,1,14->23->12->2->1,4,3882.690114,3882.690457,0.000344
36992,SENSOR_DATA,3,1,3->2->1,2,3883.494044,3883.494184,0.000140
36996,SENSOR_DATA,11,1,11->1,1,3884.204738,3884.204831,0.000093
36999,SENSOR_DATA,34,1,34->23->12->2->1,4,3884.554077,3884.554418,0.000341
37001,SENSOR_DATA,4,1,4->13->3->2->1,4,3884.696931,3884.697209,0.000279
37004,SENSOR_DATA,23,1,23->12->2->1,3,3884.912783,3884.913021,0.000239
37009,SENSOR_DATA,21,1,21->11->1,2,3885.481629,3885.481799,0.000170
37013,SENSOR_DATA,10,1,10->1,1,3885.580227,3885.580296,0.000069
37017,SENSOR_DATA,41,1,41->31->21->11->1,4,3885.923126,3885.923431,0.000306
37022,SENSOR_DATA,42,1,42->31->21->11->1,4,3886.253404,3886.253738,0.000335
37027,SENSOR_DATA,30,1,30->21->11->1,3,3886.467984,3886.468202,0.000219
37033,SENSOR_DATA,35,1,35->34->23->12->2->1,5,3887.439348,3887.439752,0.000404
37045,SENSOR_DATA,22,1,22->11->1,2,3888.591410,3888.591575,0.000165
37047,SENSOR_DATA,20,1,20->11->1,2,3889.287111,3889.287308,0.000197
37054,SENSOR_DATA,31,1,31->21->11->1,3,3889.889377,3889.889618,0.000241
37058,SENSOR_DATA,12,1,12->2->1,2,3890.316218,3890.316386,0.000167
37070,SENSOR_DATA,0,1,0->1,1,3891.188125,3891.188173,0.000048
37071,SENSOR_DATA,32,1,32->22->11->1,3,3891.223711,3891.223980,0.000269
37072,SENSOR_DATA,13,1,13->3->2->1,3,3891.223882,3891.224077,0.000195
37076,SENSOR_DATA,40,1,40->41->31->21->11->1,5,3891.867377,3891.867759,0.000382
37079,SENSOR_DATA,2,1,2->1,1,3892.104102,3892.104172,0.000070
37081,SENSOR_DATA,14,1,14->23->12->2->1,4,3892.690114,3892.690457,0.000344
37091,SENSOR_DATA,3,1,3->2->1,2,3893.494044,3893.494184,0.000140
37095,SENSOR_DATA,11,1,11->1,1,3894.204738,3894.204831,0.000093
37098,SENSOR_DATA,34,1,34->23->12->2->1,4,3894.554077,3894.554418,0.000341
37100,SENSOR_DATA,4,1,4->13->3->2->1,4,3894.696931,3894.697209,0.000279
37103,SENSOR_DATA,23,1,23->12->2->1,3,3894.912783,3894.913021,0.000239
37108,SENSOR_DATA,21,1,21->11->1,2,3895.481629,3895.481799,0.000170
37112,SENSOR_DATA,10,1,10->1,1,3895.580227,3895.580296,0.000069
37116,SENSOR_DATA,41,1,41->31->21->11->1,4,3895.923126,3895.923431,0.000306
37121,SENSOR_DATA,42,1,42->31->21->11->1,4,3896.253404,3896.253738,0.000335
37126,SENSOR_DATA,30,1,30->21->11->1,3,3896.467984,3896.468202,0.000219
37132,SENSOR_DATA,35,1,35->34->23->12->2->1,5,3897.439348,3897.439752,0.000404
37144,SENSOR_DATA,22,1,22->11->1,2,3898.591410,3898.591575,0.000165
37146,SENSOR_DATA,20,1,20->11->1,2,3899.287111,3899.287308,0.000197
37153,SENSOR_DATA,31,1,31->21->11->1,3,3899.889377,3899.889618,0.000241
37157,SENSOR_DATA,12,1,12->2->1,2,3900.316218,3900.316386,0.000167
37169,SENSOR_DATA,0,1,0->1,1,3901.188125,3901.188173,0.000048
37170,SENSOR_DATA,32,1,32->22->11->1,3,3901.223711,3901.223980,0.000269
37171,SENSOR_DATA,13,1,13->3->2->1,3,3901.223882,3901.224077,0.000195
37175,SENSOR_DATA,40,1,40->41->31->21->11->1,5,3901.867377,3901.867759,0.000382
37178,SENSOR_DATA,2,1,2->1,1,3902.104102,3902.104172,0.000070
37180,SENSOR_DATA,14,1,14->23->12->2->1,4,3902.690114,3902.690457,0.000344
37190,SENSOR_DATA,3,1,3->2->1,2,3903.494044,3903.494184,0.000140
37194,SENSOR_DATA,11,1,11->1,1,3904.204738,3904.204831,0.000093
37197,SENSOR_DATA,34,1,34->23->12->2->1,4,3904.554077,3904.554418,0.000341
37199,SENSOR_DATA,4,1,4->13->3->2->1,4,3904.696931,3904.697209,0.000279
37202,SENSOR_DATA,23,1,23->12->2->1,3,3904.912783,3904.913021,0.000239
37207,SENSOR_DATA,21,1,21->11->1,2,3905.481629,3905.481799,0.000170
37211,SENSOR_DATA,10,1,10->1,1,3905.580227,3905.580296,0.000069
37215,SENSOR_DATA,41,1,41->31->21->11->1,4,3905.923126,3905.923431,0.000306
37220,SENSOR_DATA,42,1,42->31->21->11->1,4,3906.253404,3906.253738,0.000335
37225,SENSOR_DATA,30,1,30->21->11->1,3,3906.467984,3906.468202,0.000219
37231,SENSOR_DATA,35,1,35->34->23->12->2->1,5,3907.439348,3907.439752,0.000404
37243,SENSOR_DATA,22,1,22->11->1,2,3908.591410,3908.591575,0.000165
37245,SENSOR_DATA,20,1,20->11->1,2,3909.287111,3909.287308,0.000197
37252,SENSOR_DATA,31,1,31->21->11->1,3,3909.889377,3909.889618,0.000241
37256,SENSOR_DATA,12,1,12->2->1,2,3910.316218,3910.316386,0.000167
37268,SENSOR_DATA,0,1,0->1,1,3911.188125,3911.188173,0.000048
37269,SENSOR_DATA,32,1,32->22->11->1,3,3911.223711,3911.223980,0.000269
37270,SENSOR_DATA,13,1,13->3->2->1,3,3911.223882,3911.224077,0.000195
37274,SENSOR_DATA,40,1,40->41->31->21->11->1,5,3911.867377,3911.867759,0.000382
37277,SENSOR_DATA,2,1,2->1,1,3912.104102,3912.104172,0.000070
37279,SENSOR_DATA,14,1,14->23->12->2->1,4,3912.690114,3912.690457,0.000344
37289,SENSOR_DATA,3,1,3->2->1,2,3913.494044,3913.494184,0.000140
37293,SENSOR_DATA,11,1,11->1,1,3914.204738,3914.204831,0.000093
37296,SENSOR_DATA,34,1,34->23->12->2->1,4,3914.554077,3914.554418,0.000341
37298,SENSOR_DATA,4,1,4->13->3->2->1,4,3914.696931,3914.697209,0.000279
37301,SENSOR_DATA,23,1,23->12->2->1,3,3914.912783,3914.913021,0.000239
37306,SENSOR_DATA,21,1,21->11->1,2,3915.481629,3915.481799,0.000170
37310,SENSOR_DATA,10,1,10->1,1,3915.580227,3915.580296,0.000069
37314,SENSOR_DATA,41,1,41->31->21->11->1,4,3915.923126,3915.923431,0.000306
37319,SENSOR_DATA,42,1,42->31->21->11->1,4,3916.253404,3916.253738,0.000335
37324,SENSOR_DATA,30,1,30->21->11->1,3,3916.467984,3916.468202,0.000219
37330,SENSOR_DATA,35,1,35->34->23->12->2->1,5,3917.439348,3917.439752,0.000404
37342,SENSOR_DATA,22,1,22->11->1,2,3918.591410,3918.591575,0.000165
37344,SENSOR_DATA,20,1,20->11->1,2,3919.287111,3919.287308,0.000197
37351,SENSOR_DATA,31,1,31->21->11->1,3,3919.889377,3919.889618,0.000241
37355,SENSOR_DATA,12,1,12->2->1,2,3920.316218,3920.316386,0.000167
37367,SENSOR_DATA,0,1,0->1,1,3921.188125,3921.188173,0.000048
37368,SENSOR_DATA,32,1,32->22->11->1,3,3921.223711,3921.223980,0.000269
37369,SENSOR_DATA,13,1,13->3->2->1,3,3921.223882,3921.224077,0.000195
37373,SENSOR_DATA,40,1,40->41->31->21->11->1,5,3921.867377,3921.867759,0.000382
37376,SENSOR_DATA,2,1,2->1,1,3922.104102,3922.104172,0.000070
37378,SENSOR_DATA,14,1,14->23->12->2->1,4,3922.690114,3922.690457,0.000344
37388,SENSOR_DATA,3,1,3->2->1,2,3923.494044,3923.494184,0.000140
37392,SENSOR_DATA,11,1,11->1,1,3924.204738,3924.204831,0.000093
37395,SENSOR_DATA,34,1,34->23->12->2->1,4,3924.554077,3924.554418,0.000341
37397,SENSOR_DATA,4,1,4->13->3->2->1,4,3924.696931,3924.697209,0.000279
37400,SENSOR_DATA,23,1,23->12->2->1,3,3924.912783,3924.913021,0.000239
37405,SENSOR_DATA,21,1,21->11->1,2,3925.481629,3925.481799,0.000170
37409,SENSOR_DATA,10,1,10->1,1,3925.580227,3925.580296,0.000069
37413,SENSOR_DATA,41,1,41->31->21->11->1,4,3925.923126,3925.923431,0.000306
37418,SENSOR_DATA,42,1,42->31->21->11->1,4,3926.253404,3926.253738,0.000335
37423,SENSOR_DATA,30,1,30->21->11->1,3,3926.467984,3926.468202,0.000219
37429,SENSOR_DATA,35,1,35->34->23->12->2->1,5,3927.439348,3927.439752,0.000404
37441,SENSOR_DATA,22,1,22->11->1,2,3928.591410,3928.591575,0.000165
37443,SENSOR_DATA,20,1,20->11->1,2,3929.287111,3929.287308,0.000197
37450,SENSOR_DATA,31,1,31->21->11->1,3,3929.889377,3929.889618,0.000241
37454,SENSOR_DATA,12,1,12->2->1,2,3930.316218,3930.316386,0.000167
37466,SENSOR_DATA,0,1,0->1,1,3931.188125,3931.188173,0.000048
37467,SENSOR_DATA,32,1,32->22->11->1,3,3931.223711,3931.223980,0.000269
37468,SENSOR_DATA,13,1,13->3->2->1,3,3931.223882,3931.224077,0.000195
37472,SENSOR_DATA,40,1,40->41->31->21->11->1,5,3931.867377,3931.867759,0.000382
37475,SENSOR_DATA,2,1,2->1,1,3932.104102,3932.104172,0.000070
37477,SENSOR_DATA,14,1,14->23->12->2->1,4,3932.690114,3932.690457,0.000344
37487,SENSOR_DATA,3,1,3->2->1,2,3933.494044,3933.494184,0.000140
37491,SENSOR_DATA,11,1,11->1,1,3934.204738,3934.204831,0.000093
37494,SENSOR_DATA,34,1,34->23->12->2->1,4,3934.554077,3934.554418,0.000341
37496,SENSOR_DATA,4,1,4->13->3->2->1,4,3934.696931,3934.697209,0.000279
37499,SENSOR_DATA,23,1,23->12->2->1,3,3934.912783,3934.913021,0.000239
37504,SENSOR_DATA,21,1,21->11->1,2,3935.481629,3935.481799,0.000170
37508,SENSOR_DATA,10,1,10->1,1,3935.580227,3935.580296,0.000069
37512,SENSOR_DATA,41,1,41->31->21->11->1,4,3935.923126,3935.923431,0.000306
37517,SENSOR_DATA,42,1,42->31->21->11->1,4,3936.253404,3936.253738,0.000335
37522,SENSOR_DATA,30,1,30->21->11->1,3,3936.467984,3936.468202,0.000219
37528,SENSOR_DATA,35,1,35->34->23->12->2->1,5,3937.439348,3937.439752,0.000404
37540,SENSOR_DATA,22,1,22->11->1,2,3938.591410,3938.591575,0.000165
37542,SENSOR_DATA,20,1,20->11->1,2,3939.287111,3939.287308,0.000197
37549,SENSOR_DATA,31,1,31->21->11->1,3,3939.889377,3939.889618,0.000241
37553,SENSOR_DATA,12,1,12->2->1,2,3940.316218,3940.316386,0.000167
37565,SENSOR_DATA,0,1,0->1,1,3941.188125,3941.188173,0.000048
37566,SENSOR_DATA,32,1,32->22->11->1,3,3941.223711,3941.223980,0.000269
37567,SENSOR_DATA,13,1,13->3->2->1,3,3941.223882,3941.224077,0.000195
37571,SENSOR_DATA,40,1,40->41->31->21->11->1,5,3941.867377,3941.867759,0.000382
37574,SENSOR_DATA,2,1,2->1,1,3942.104102,3942.104172,0.000070
37576,SENSOR_DATA,14,1,14->23->12->2->1,4,3942.690114,3942.690457,0.000344
37586,SENSOR_DATA,3,1,3->2->1,2,3943.494044,3943.494184,0.000140
37590,SENSOR_DATA,11,1,11->1,1,3944.204738,3944.204831,0.000093
37593,SENSOR_DATA,34,1,34->23->12->2->1,4,3944.554077,3944.554418,0.000341
37595,SENSOR_DATA,4,1,4->13->3->2->1,4,3944.696931,3944.697209,0.000279
37598,SENSOR_DATA,23,1,23->12->2->1,3,3944.912783,3944.913021,0.000239
37603,SENSOR_DATA,21,1,21->11->1,2,3945.481629,3945.481799,0.000170
37607,SENSOR_DATA,10,1,10->1,1,3945.580227,3945.580296,0.000069
37611,SENSOR_DATA,41,1,41->31->21->11->1,4,3945.923126,3945.923431,0.000306
37616,SENSOR_DATA,42,1,42->31->21->11->1,4,3946.253404,3946.253738,0.000335
37621,SENSOR_DATA,30,1,30->21->11->1,3,3946.467984,3946.468202,0.000219
37627,SENSOR_DATA,35,1,35->34->23->12->2->1,5,3947.439348,3947.439752,0.000404
37639,SENSOR_DATA,22,1,22->11->1,2,3948.591410,3948.591575,0.000165
37641,SENSOR_DATA,20,1,20->11->1,2,3949.287111,3949.287308,0.000197
37648,SENSOR_DATA,31,1,31->21->11->1,3,3949.889377,3949.889618,0.000241
37652,SENSOR_DATA,12,1,12->2->1,2,3950.316218,3950.316386,0.000167
37664,SENSOR_DATA,0,1,0->1,1,3951.188125,3951.188173,0.000048
37665,SENSOR_DATA,32,1,32->22->11->1,3,3951.223711,3951.223980,0.000269
37666,SENSOR_DATA,13,1,13->3->2->1,3,3951.223882,3951.224077,0.000195
37670,SENSOR_DATA,40,1,40->41->31->21->11->1,5,3951.867377,3951.867759,0.000382
37673,SENSOR_DATA,2,1,2->1,1,3952.104102,3952.104172,0.000070
37675,SENSOR_DATA,14,1,14->23->12->2->1,4,3952.690114,3952.690457,0.000344
37685,SENSOR_DATA,3,1,3->2->1,2,3953.494044,3953.494184,0.000140
37689,SENSOR_DATA,11,1,11->1,1,3954.204738,3954.204831,0.000093
37692,SENSOR_DATA,34,1,34->23->12->2->1,4,3954.554077,3954.554418,0.000341
37694,SENSOR_DATA,4,1,4->13->3->2->1,4,3954.696931,3954.697209,0.000279
37697,SENSOR_DATA,23,1,23->12->2->1,3,3954.912783,3954.913021,0.000239
37702,SENSOR_DATA,21,1,21->11->1,2,3955.481629,3955.481799,0.000170
37706,SENSOR_DATA,10,1,10->1,1,3955.580227,3955.580296,0.000069
37710,SENSOR_DATA,41,1,41->31->21->11->1,4,3955.923126,3955.923431,0.000306
37715,SENSOR_DATA,42,1,42->31->21->11->1,4,3956.253404,3956.253738,0.000335
37720,SENSOR_DATA,30,1,30->21->11->1,3,3956.467984,3956.468202,0.000219
37726,SENSOR_DATA,35,1,35->34->23->12->2->1,5,3957.439348,3957.439752,0.000404
37738,SENSOR_DATA,22,1,22->11->1,2,3958.591410,3958.591575,0.000165
37740,SENSOR_DATA,20,1,20->11->1,2,3959.287111,3959.287308,0.000197
37747,SENSOR_DATA,31,1,31->21->11->1,3,3959.889377,3959.889618,0.000241
37751,SENSOR_DATA,12,1,12->2->1,2,3960.316218,3960.316386,0.000167
37763,SENSOR_DATA,0,1,0->1,1,3961.188125,3961.188173,0.000048
37764,SENSOR_DATA,32,1,32->22->11->1,3,3961.223711,3961.223980,0.000269
37765,SENSOR_DATA,13,1,13->3->2->1,3,3961.223882,3961.224077,0.000195
37769,SENSOR_DATA,40,1,40->41->31->21->11->1,5,3961.867377,3961.867759,0.000382
37772,SENSOR_DATA,2,1,2->1,1,3962.104102,3962.104172,0.000070
37774,SENSOR_DATA,14,1,14->23->12->2->1,4,3962.690114,3962.690457,0.000344
37784,SENSOR_DATA,3,1,3->2->1,2,3963.494044,3963.494184,0.000140
37788,SENSOR_DATA,11,1,11->1,1,3964.204738,3964.204831,0.000093
37791,SENSOR_DATA,34,1,34->23->12->2->1,4,3964.554077,3964.554418,0.000341
37793,SENSOR_DATA,4,1,4->13->3->2->1,4,3964.696931,3964.697209,0.000279
37796,SENSOR_DATA,23,1,23->12->2->1,3,3964.912783,3964.913021,0.000239
37801,SENSOR_DATA,21,1,21->11->1,2,3965.481629,3965.481799,0.000170
37805,SENSOR_DATA,10,1,10->1,1,3965.580227,3965.580296,0.000069
37809,SENSOR_DATA,41,1,41->31->21->11->1,4,3965.923126,3965.923431,0.000306
37814,SENSOR_DATA,42,1,42->31->21->11->1,4,3966.253404,3966.253738,0.000335
37819,SENSOR_DATA,30,1,30->21->11->1,3,3966.467984,3966.468202,0.000219
37825,SENSOR_DATA,35,1,35->34->23->12->2->1,5,3967.439348,3967.439752,0.000404
37837,SENSOR_DATA,22,1,22->11->1,2,3968.591410,3968.591575,0.000165
37839,SENSOR_DATA,20,1,20->11->1,2,3969.287111,3969.287308,0.000197
37846,SENSOR_DATA,31,1,31->21->11->1,3,3969.889377,3969.889618,0.000241
37850,SENSOR_DATA,12,1,12->2->1,2,3970.316218,3970.316386,0.000167
37862,SENSOR_DATA,0,1,0->1,1,3971.188125,3971.188173,0.000048
37863,SENSOR_DATA,32,1,32->22->11->1,3,3971.223711,3971.223980,0.000269
37864,SENSOR_DATA,13,1,13->3->2->1,3,3971.223882,3971.224077,0.000195
37868,SENSOR_DATA,40,1,40->41->31->21->11->1,5,3971.867377,3971.867759,0.000382
37871,SENSOR_DATA,2,1,2->1,1,3972.104102,3972.104172,0.000070
37873,SENSOR_DATA,14,1,14->23->12->2->1,4,3972.690114,3972.690457,0.000344
37883,SENSOR_DATA,3,1,3->2->1,2,3973.494044,3973.494184,0.000140
37887,SENSOR_DATA,11,1,11->1,1,3974.204738,3974.204831,0.000093
37890,SENSOR_DATA,34,1,34->23->12->2->1,4,3974.554077,3974.554418,0.000341
37892,SENSOR_DATA,4,1,4->13->3->2->1,4,3974.696931,3974.697209,0.000279
37895,SENSOR_DATA,23,1,23->12->2->1,3,3974.912783,3974.913021,0.000239
37900,SENSOR_DATA,21,1,21->11->1,2,3975.481629,3975.481799,0.000170
37904,SENSOR_DATA,10,1,10->1,1,3975.580227,3975.580296,0.000069
37908,SENSOR_DATA,41,1,41->31->21->11->1,4,3975.923126,3975.923431,0.000306
37913,SENSOR_DATA,42,1,42->31->21->11->1,4,3976.253404,3976.253738,0.000335
37918,SENSOR_DATA,30,1,30->21->11->1,3,3976.467984,3976.468202,0.000219
37924,SENSOR_DATA,35,1,35->34->23->12->2->1,5,3977.439348,3977.439752,0.000404
37936,SENSOR_DATA,22,1,22->11->1,2,3978.591410,3978.591575,0.000165
37938,SENSOR_DATA,20,1,20->11->1,2,3979.287111,3979.287308,0.000197
37945,SENSOR_DATA,31,1,31->21->11->1,3,3979.889377,3979.889618,0.000241
37949,SENSOR_DATA,12,1,12->2->1,2,3980.316218,3980.316386,0.000167
37961,SENSOR_DATA,0,1,0->1,1,3981.188125,3981.188173,0.000048
37962,SENSOR_DATA,32,1,32->22->11->1,3,3981.223711,3981.223980,0.000269
37963,SENSOR_DATA,13,1,13->3->2->1,3,3981.223882,3981.224077,0.000195
37967,SENSOR_DATA,40,1,40->41->31->21->11->1,5,3981.867377,3981.867759,0.000382
37970,SENSOR_DATA,2,1,2->1,1,3982.104102,3982.104172,0.000070
37972,SENSOR_DATA,14,1,14->23->12->2->1,4,3982.690114,3982.690457,0.000344
37982,SENSOR_DATA,3,1,3->2->1,2,3983.494044,3983.494184,0.000140
37986,SENSOR_DATA,11,1,11->1,1,3984.204738,3984.204831,0.000093
37989,SENSOR_DATA,34,1,34->23->12->2->1,4,3984.554077,3984.554418,0.000341
37991,SENSOR_DATA,4,1,4->13->3->2->1,4,3984.696931,3984.697209,0.000279
37994,SENSOR_DATA,23,1,23->12->2->1,3,3984.912783,3984.913021,0.000239
37999,SENSOR_DATA,21,1,21->11->1,2,3985.481629,3985.481799,0.000170
38003,SENSOR_DATA,10,1,10->1,1,3985.580227,3985.580296,0.000069
38007,SENSOR_DATA,41,1,41->31->21->11->1,4,3985.923126,3985.923431,0.000306
38012,SENSOR_DATA,42,1,42->31->21->11->1,4,3986.253404,3986.253738,0.000335
38017,SENSOR_DATA,30,1,30->21->11->1,3,3986.467984,3986.468202,0.000219
38023,SENSOR_DATA,35,1,35->34->23->12->2->1,5,3987.439348,3987.439752,0.000404
38035,SENSOR_DATA,22,1,22->11->1,2,3988.591410,3988.591575,0.000165
38037,SENSOR_DATA,20,1,20->11->1,2,3989.287111,3989.287308,0.000197
38044,SENSOR_DATA,31,1,31->21->11->1,3,3989.889377,3989.889618,0.000241
38048,SENSOR_DATA,12,1,12->2->1,2,3990.316218,3990.316386,0.000167
38060,SENSOR_DATA,0,1,0->1,1,3991.188125,3991.188173,0.000048
38061,SENSOR_DATA,32,1,32->22->11->1,3,3991.223711,3991.223980,0.000269
38062,SENSOR_DATA,13,1,13->3->2->1,3,3991.223882,3991.224077,0.000195
38066,SENSOR_DATA,40,1,40->41->31->21->11->1,5,3991.867377,3991.867759,0.000382
38069,SENSOR_DATA,2,1,2->1,1,3992.104102,3992.104172,0.000070
38071,SENSOR_DATA,14,1,14->23->12->2->1,4,3992.690114,3992.690457,0.000344
38081,SENSOR_DATA,3,1,3->2->1,2,3993.494044,3993.494184,0.000140
38085,SENSOR_DATA,11,1,11->1,1,3994.204738,3994.204831,0.000093
38088,SENSOR_DATA,34,1,34->23->12->2->1,4,3994.554077,3994.554418,0.000341
38090,SENSOR_DATA,4,1,4->13->3->2->1,4,3994.696931,3994.697209,0.000279
38093,SENSOR_DATA,23,1,23->12->2->1,3,3994.912783,3994.913021,0.000239
38098,SENSOR_DATA,21,1,21->11->1,2,3995.481629,3995.481799,0.000170
38102,SENSOR_DATA,10,1,10->1,1,3995.580227,3995.580296,0.000069
38106,SENSOR_DATA,41,1,41->31->21->11->1,4,3995.923126,3995.923431,0.000306
38111,SENSOR_DATA,42,1,42->31->21->11->1,4,3996.253404,3996.253738,0.000335
38116,SENSOR_DATA,30,1,30->21->11->1,3,3996.467984,3996.468202,0.000219
38122,SENSOR_DATA,35,1,35->34->23->12->2->1,5,3997.439348,3997.439752,0.000404
38134,SENSOR_DATA,22,1,22->11->1,2,3998.591410,3998.591575,0.000165
38136,SENSOR_DATA,20,1,20->11->1,2,3999.287111,3999.287308,0.000197
38143,SENSOR_DATA,31,1,31->21->11->1,3,3999.889377,3999.889618,0.000241
38147,SENSOR_DATA,12,1,12->2->1,2,4000.316218,4000.316386,0.000167
38159,SENSOR_DATA,0,1,0->1,1,4001.188125,4001.188173,0.000048
38160,SENSOR_DATA,32,1,32->22->11->1,3,4001.223711,4001.223980,0.000269
38161,SENSOR_DATA,13,1,13->3->2->1,3,4001.223882,4001.224077,0.000195
38165,SENSOR_DATA,40,1,40->41->31->21->11->1,5,4001.867377,4001.867759,0.000382
38168,SENSOR_DATA,2,1,2->1,1,4002.104102,4002.104172,0.000070
38170,SENSOR_DATA,14,1,14->23->12->2->1,4,4002.690114,4002.690457,0.000344
38180,SENSOR_DATA,3,1,3->2->1,2,4003.494044,4003.494184,0.000140
38184,SENSOR_DATA,11,1,11->1,1,4004.204738,4004.204831,0.000093
38187,SENSOR_DATA,34,1,34->23->12->2->1,4,4004.554077,4004.554418,0.000341
38189,SENSOR_DATA,4,1,4->13->3->2->1,4,4004.696931,4004.697209,0.000279
38192,SENSOR_DATA,23,1,23->12->2->1,3,4004.912783,4004.913021,0.000239
38197,SENSOR_DATA,21,1,21->11->1,2,4005.481629,4005.481799,0.000170
38201,SENSOR_DATA,10,1,10->1,1,4005.580227,4005.580296,0.000069
38205,SENSOR_DATA,41,1,41->31->21->11->1,4,4005.923126,4005.923431,0.000306
38210,SENSOR_DATA,42,1,42->31->21->11->1,4,4006.253404,4006.253738,0.000335
38215,SENSOR_DATA,30,1,30->21->11->1,3,4006.467984,4006.468202,0.000219
38221,SENSOR_DATA,35,1,35->34->23->12->2->1,5,4007.439348,4007.439752,0.000404
38233,SENSOR_DATA,22,1,22->11->1,2,4008.591410,4008.591575,0.000165
38235,SENSOR_DATA,20,1,20->11->1,2,4009.287111,4009.287308,0.000197
38242,SENSOR_DATA,31,1,31->21->11->1,3,4009.889377,4009.889618,0.000241
38246,SENSOR_DATA,12,1,12->2->1,2,4010.316218,4010.316386,0.000167
38258,SENSOR_DATA,0,1,0->1,1,4011.188125,4011.188173,0.000048
38259,SENSOR_DATA,32,1,32->22->11->1,3,4011.223711,4011.223980,0.000269
38260,SENSOR_DATA,13,1,13->3->2->1,3,4011.223882,4011.224077,0.000195
38264,SENSOR_DATA,40,1,40->41->31->21->11->1,5,4011.867377,4011.867759,0.000382
38267,SENSOR_DATA,2,1,2->1,1,4012.104102,4012.104172,0.000070
38269,SENSOR_DATA,14,1,14->23->12->2->1,4,4012.690114,4012.690457,0.000344
38279,SENSOR_DATA,3,1,3->2->1,2,4013.494044,4013.494184,0.000140
38283,SENSOR_DATA,11,1,11->1,1,4014.204738,4014.204831,0.000093
38286,SENSOR_DATA,34,1,34->23->12->2->1,4,4014.554077,4014.554418,0.000341
38288,SENSOR_DATA,4,1,4->13->3->2->1,4,4014.696931,4014.697209,0.000279
38291,SENSOR_DATA,23,1,23->12->2->1,3,4014.912783,4014.913021,0.000239
38296,SENSOR_DATA,21,1,21->11->1,2,4015.481629,4015.481799,0.000170
38300,SENSOR_DATA,10,1,10->1,1,4015.580227,4015.580296,0.000069
38304,SENSOR_DATA,41,1,41->31->21->11->1,4,4015.923126,4015.923431,0.000306
38309,SENSOR_DATA,42,1,42->31->21->11->1,4,4016.253404,4016.253738,0.000335
38314,SENSOR_DATA,30,1,30->21->11->1,3,4016.467984,4016.468202,0.000219
38320,SENSOR_DATA,35,1,35->34->23->12->2->1,5,4017.439348,4017.439752,0.000404
38332,SENSOR_DATA,22,1,22->11->1,2,4018.591410,4018.591575,0.000165
38334,SENSOR_DATA,20,1,20->11->1,2,4019.287111,4019.287308,0.000197
38341,SENSOR_DATA,31,1,31->21->11->1,3,4019.889377,4019.889618,0.000241
38345,SENSOR_DATA,12,1,12->2->1,2,4020.316218,4020.316386,0.000167
38357,SENSOR_DATA,0,1,0->1,1,4021.188125,4021.188173,0.000048
38358,SENSOR_DATA,32,1,32->22->11->1,3,4021.223711,4021.223980,0.000269
38359,SENSOR_DATA,13,1,13->3->2->1,3,4021.223882,4021.224077,0.000195
38363,SENSOR_DATA,40,1,40->41->31->21->11->1,5,4021.867377,4021.867759,0.000382
38366,SENSOR_DATA,2,1,2->1,1,4022.104102,4022.104172,0.000070
38368,SENSOR_DATA,14,1,14->23->12->2->1,4,4022.690114,4022.690457,0.000344
38378,SENSOR_DATA,3,1,3->2->1,2,4023.494044,4023.494184,0.000140
38382,SENSOR_DATA,11,1,11->1,1,4024.204738,4024.204831,0.000093
38385,SENSOR_DATA,34,1,34->23->12->2->1,4,4024.554077,4024.554418,0.000341
38387,SENSOR_DATA,4,1,4->13->3->2->1,4,4024.696931,4024.697209,0.000279
38390,SENSOR_DATA,23,1,23->12->2->1,3,4024.912783,4024.913021,0.000239
38395,SENSOR_DATA,21,1,21->11->1,2,4025.481629,4025.481799,0.000170
38399,SENSOR_DATA,10,1,10->1,1,4025.580227,4025.580296,0.000069
38403,SENSOR_DATA,41,1,41->31->21->11->1,4,4025.923126,4025.923431,0.000306
38408,SENSOR_DATA,42,1,42->31->21->11->1,4,4026.253404,4026.253738,0.000335
38413,SENSOR_DATA,30,1,30->21->11->1,3,4026.467984,4026.468202,0.000219
38419,SENSOR_DATA,35,1,35->34->23->12->2->1,5,4027.439348,4027.439752,0.000404
38431,SENSOR_DATA,22,1,22->11->1,2,4028.591410,4028.591575,0.000165
38433,SENSOR_DATA,20,1,20->11->1,2,4029.287111,4029.287308,0.000197
