packet_type,source,dest,source_gui,dest_gui,created_at,delivered_at,base_delay,total_delay,tx_time,rx_time,processing_time,num_hops
JOIN_REQUEST,None,"[0,254]",11,1,66.999380,66.999459,0.000079,0.001943,0.000832,0.000832,0.000200,1
JOIN_REPLY,"[0,254]","[255,255]",1,11,66.999459,66.999538,0.000079,0.002263,0.000992,0.000992,0.000200,1
JOIN_ACK,"[0,1]","[0,254]",11,1,66.999538,66.999617,0.000079,0.001843,0.000832,0.000832,0.000100,1
SENSOR_DATA,"[0,1]","[0,254]",,1,76.999538,76.999617,0.000079,0.004703,0.002112,0.002112,0.000400,2
JOIN_REQUEST,None,"[0,254]",0,1,84.741295,84.741385,0.000090,0.001954,0.000832,0.000832,0.000200,1
JOIN_REPLY,"[0,254]","[255,255]",1,0,84.741385,84.741474,0.000090,0.002274,0.000992,0.000992,0.000200,1
JOIN_ACK,"[0,2]","[0,254]",0,1,84.741474,84.741564,0.000090,0.001854,0.000832,0.000832,0.000100,1
SENSOR_DATA,"[0,1]","[0,254]",,1,86.999538,86.999617,0.000079,0.004703,0.002112,0.002112,0.000400,2
JOIN_REQUEST,None,"[0,254]",2,1,87.907693,87.907759,0.000066,0.001930,0.000832,0.000832,0.000200,1
JOIN_REPLY,"[0,254]","[255,255]",1,2,87.907759,87.907825,0.000066,0.002250,0.000992,0.000992,0.000200,1
JOIN_ACK,"[0,3]","[0,254]",2,1,87.907825,87.907891,0.000066,0.001830,0.000832,0.000832,0.000100,1
NETWORK_REQUEST,"[0,1]","[0,254]",11,1,88.607617,88.607696,0.000079,0.002143,0.000832,0.000832,0.000400,2
NETWORK_REPLY,"[0,254]","[0,1]",,11,88.607696,88.607775,0.000079,0.002663,0.000992,0.000992,0.000600,2
SENSOR_DATA,"[0,2]","[0,254]",,1,94.741474,94.741564,0.000090,0.004714,0.002112,0.002112,0.000400,2
SENSOR_DATA,"[0,1]","[0,254]",,1,96.999538,96.999617,0.000079,0.004703,0.002112,0.002112,0.000400,2
SENSOR_DATA,"[0,3]","[0,254]",,1,97.907825,97.907891,0.000066,0.004690,0.002112,0.002112,0.000400,2
SENSOR_DATA,"[0,2]","[0,254]",,1,104.741474,104.741564,0.000090,0.004714,0.002112,0.002112,0.000400,2
SENSOR_DATA,"[0,1]","[0,254]",,1,106.999538,106.999617,0.000079,0.004703,0.002112,0.002112,0.000400,2
JOIN_REQUEST,None,"[12,254]",12,11,107.907643,107.907689,0.000046,0.001910,0.000832,0.000832,0.000200,1
JOIN_REPLY,"[12,254]","[255,255]",11,12,107.907689,107.907735,0.000046,0.002230,0.000992,0.000992,0.000200,1
JOIN_ACK,"[12,1]","[12,254]",12,11,107.907735,107.907781,0.000046,0.001810,0.000832,0.000832,0.000100,1
SENSOR_DATA,"[0,3]","[0,254]",,1,107.907825,107.907891,0.000066,0.004690,0.002112,0.002112,0.000400,2
JOIN_REQUEST,None,"[12,254]",22,11,108.607534,108.607617,0.000083,0.001947,0.000832,0.000832,0.000200,1
JOIN_REPLY,"[12,254]","[255,255]",11,22,108.607617,108.607701,0.000083,0.002267,0.000992,0.000992,0.000200,1
JOIN_ACK,"[12,2]","[12,254]",22,11,108.607701,108.607784,0.000083,0.001847,0.000832,0.000832,0.000100,1
CH_TRANSFER,"[0,1]","[12,2]",11,22,109.907781,109.907864,0.000083,0.003427,0.001472,0.001472,0.000400,2
NETWORK_UPDATE,"[12,2]","[0,1]",22,11,109.907864,109.907948,0.000083,0.003627,0.001472,0.001472,0.000600,2
CH_TRANSFER_ACK,"[12,2]","[0,1]",22,11,109.907864,109.907948,0.000083,0.003427,0.001472,0.001472,0.000400,2
NETWORK_UPDATE,"[0,1]","[0,254]",11,1,109.907948,109.908027,0.000079,0.003623,0.001472,0.001472,0.000600,2
SENSOR_DATA,"[0,2]","[0,254]",,1,114.741474,114.741564,0.000090,0.004714,0.002112,0.002112,0.000400,2
SENSOR_DATA,"[0,1]","[0,254]",,1,116.999538,116.999617,0.000079,0.004703,0.002112,0.002112,0.000400,2
SENSOR_DATA,"[0,3]","[0,254]",,1,117.907825,117.907891,0.000066,0.004690,0.002112,0.002112,0.000400,2
SENSOR_DATA,"[12,2]","[0,254]",,1,118.607701,118.607863,0.000162,0.004986,0.002112,0.002112,0.000600,3
JOIN_REQUEST,None,"[12,254]",23,22,122.787165,122.787236,0.000071,0.001935,0.000832,0.000832,0.000200,1
JOIN_REPLY,"[12,254]","[255,255]",22,23,122.787236,122.787308,0.000071,0.002255,0.000992,0.000992,0.000200,1
JOIN_ACK,"[12,1]","[12,254]",23,22,122.787308,122.787379,0.000071,0.001835,0.000832,0.000832,0.000100,1
JOIN_REQUEST,None,"[12,254]",21,22,123.582537,123.582616,0.000080,0.001944,0.000832,0.000832,0.000200,1
JOIN_REPLY,"[12,254]","[255,255]",22,21,123.582616,123.582696,0.000080,0.002264,0.000992,0.000992,0.000200,1
JOIN_ACK,"[12,2]","[12,254]",21,22,123.582696,123.582775,0.000080,0.001844,0.000832,0.000832,0.000100,1
SENSOR_DATA,"[0,2]","[0,254]",,1,124.741474,124.741564,0.000090,0.004714,0.002112,0.002112,0.000400,2
JOIN_REQUEST,None,"[12,254]",32,22,126.964917,126.964994,0.000077,0.001941,0.000832,0.000832,0.000200,1
JOIN_REPLY,"[12,254]","[255,255]",22,32,126.964994,126.965071,0.000077,0.002261,0.000992,0.000992,0.000200,1
JOIN_ACK,"[12,3]","[12,254]",32,22,126.965071,126.965148,0.000077,0.001841,0.000832,0.000832,0.000100,1
SENSOR_DATA,"[0,1]","[0,254]",,1,126.999538,126.999617,0.000079,0.004703,0.002112,0.002112,0.000400,2
JOIN_REQUEST,None,"[12,254]",12,22,127.907643,127.907708,0.000065,0.001929,0.000832,0.000832,0.000200,1
JOIN_REPLY,"[12,254]","[255,255]",22,12,127.907708,127.907773,0.000065,0.002249,0.000992,0.000992,0.000200,1
JOIN_ACK,"[12,4]","[12,254]",12,22,127.907773,127.907839,0.000065,0.001829,0.000832,0.000832,0.000100,1
SENSOR_DATA,"[0,3]","[0,254]",,1,127.907825,127.907891,0.000066,0.004690,0.002112,0.002112,0.000400,2
SENSOR_DATA,"[12,2]","[0,254]",,1,128.607701,128.607863,0.000162,0.004986,0.002112,0.002112,0.000600,3
SENSOR_DATA,"[0,2]","[0,254]",,1,134.741474,134.741564,0.000090,0.004714,0.002112,0.002112,0.000400,2
SENSOR_DATA,"[0,1]","[0,254]",,1,136.999538,136.999617,0.000079,0.004703,0.002112,0.002112,0.000400,2
SENSOR_DATA,"[0,3]","[0,254]",,1,137.907825,137.907891,0.000066,0.004690,0.002112,0.002112,0.000400,2
SENSOR_DATA,"[12,4]","[0,254]",,1,137.907773,137.907899,0.000125,0.004949,0.002112,0.002112,0.000600,3
SENSOR_DATA,"[12,2]","[0,254]",,1,138.607701,138.607863,0.000162,0.004986,0.002112,0.002112,0.000600,3
JOIN_REQUEST,None,"[24,254]",13,23,140.598211,140.598287,0.000075,0.001939,0.000832,0.000832,0.000200,1
JOIN_REPLY,"[24,254]","[255,255]",23,13,140.598287,140.598362,0.000075,0.002259,0.000992,0.000992,0.000200,1
JOIN_ACK,"[24,1]","[24,254]",13,23,140.598362,140.598438,0.000075,0.001839,0.000832,0.000832,0.000100,1
JOIN_REQUEST,None,"[22,254]",30,21,140.781524,140.781606,0.000082,0.001946,0.000832,0.000832,0.000200,1
JOIN_REPLY,"[22,254]","[255,255]",21,30,140.781606,140.781688,0.000082,0.002266,0.000992,0.000992,0.000200,1
JOIN_ACK,"[22,1]","[22,254]",30,21,140.781688,140.781770,0.000082,0.001846,0.000832,0.000832,0.000100,1
JOIN_REQUEST,None,"[24,254]",33,23,142.098102,142.098166,0.000064,0.001928,0.000832,0.000832,0.000200,1
JOIN_REPLY,"[24,254]","[255,255]",23,33,142.098166,142.098230,0.000064,0.002248,0.000992,0.000992,0.000200,1
JOIN_ACK,"[24,2]","[24,254]",33,23,142.098230,142.098294,0.000064,0.001828,0.000832,0.000832,0.000100,1
CH_TRANSFER,"[12,1]","[24,1]",23,13,142.598438,142.598513,0.000075,0.003419,0.001472,0.001472,0.000400,2
NETWORK_UPDATE,"[24,1]","[12,1]",13,23,142.598513,142.598588,0.000075,0.003619,0.001472,0.001472,0.000600,2
CH_TRANSFER_ACK,"[24,1]","[12,1]",13,23,142.598513,142.598588,0.000075,0.003419,0.001472,0.001472,0.000400,2
NETWORK_UPDATE,"[12,1]","[12,2]",23,22,142.598588,142.598660,0.000071,0.003615,0.001472,0.001472,0.000600,2
NETWORK_UPDATE,"[12,2]","[0,1]",22,11,142.598660,142.598743,0.000083,0.003627,0.001472,0.001472,0.000600,2
CH_TRANSFER,"[12,2]","[22,1]",21,30,142.781770,142.781852,0.000082,0.003426,0.001472,0.001472,0.000400,2
SENSOR_DATA,"[12,1]","[0,254]",,1,142.787308,142.787542,0.000234,0.005258,0.002112,0.002112,0.000800,4
JOIN_REQUEST,None,"[22,254]",31,21,143.648669,143.648715,0.000046,0.001910,0.000832,0.000832,0.000200,1
JOIN_REPLY,"[22,254]","[255,255]",21,31,143.648715,143.648761,0.000046,0.002230,0.000992,0.000992,0.000200,1
JOIN_ACK,"[22,2]","[22,254]",31,21,143.648761,143.648807,0.000046,0.001810,0.000832,0.000832,0.000100,1
SENSOR_DATA,"[0,2]","[0,254]",,1,144.741474,144.741564,0.000090,0.004714,0.002112,0.002112,0.000400,2
SENSOR_DATA,"[12,3]","[0,254]",,1,146.965071,146.965310,0.000239,0.005263,0.002112,0.002112,0.000800,4
SENSOR_DATA,"[0,1]","[0,254]",,1,146.999538,146.999617,0.000079,0.004703,0.002112,0.002112,0.000400,2
SENSOR_DATA,"[0,3]","[0,254]",,1,147.907825,147.907891,0.000066,0.004690,0.002112,0.002112,0.000400,2
SENSOR_DATA,"[12,4]","[0,254]",,1,147.907773,147.907899,0.000125,0.004949,0.002112,0.002112,0.000600,3
NETWORK_REQUEST,"[0,3]","[0,254]",2,1,148.527583,148.527649,0.000066,0.002130,0.000832,0.000832,0.000400,2
NETWORK_REPLY,"[0,254]","[0,3]",,2,148.527649,148.527715,0.000066,0.002650,0.000992,0.000992,0.000600,2
SENSOR_DATA,"[12,2]","[0,254]",,1,148.607701,148.607863,0.000162,0.004986,0.002112,0.002112,0.000600,3
JOIN_REQUEST,None,"[24,254]",4,13,149.896899,149.896964,0.000065,0.001929,0.000832,0.000832,0.000200,1
JOIN_REPLY,"[24,254]","[255,255]",13,4,149.896964,149.897029,0.000065,0.002249,0.000992,0.000992,0.000200,1
JOIN_ACK,"[24,1]","[24,254]",4,13,149.897029,149.897095,0.000065,0.001829,0.000832,0.000832,0.000100,1
SENSOR_DATA,"[24,1]","[0,254]",,1,150.598362,150.598671,0.000309,0.005533,0.002112,0.002112,0.001000,5
NETWORK_REQUEST,"[0,2]","[0,254]",0,1,152.081497,152.081586,0.000090,0.002154,0.000832,0.000832,0.000400,2
NETWORK_REPLY,"[0,254]","[0,2]",,0,152.081586,152.081676,0.000090,0.002674,0.000992,0.000992,0.000600,2
JOIN_REQUEST,None,"[31,254]",40,30,152.595767,152.595805,0.000038,0.001902,0.000832,0.000832,0.000200,1
JOIN_REPLY,"[31,254]","[255,255]",30,40,152.595805,152.595843,0.000038,0.002222,0.000992,0.000992,0.000200,1
JOIN_ACK,"[31,1]","[31,254]",40,30,152.595843,152.595881,0.000038,0.001802,0.000832,0.000832,0.000100,1
SENSOR_DATA,"[12,1]","[0,254]",,1,152.787308,152.787542,0.000234,0.005258,0.002112,0.002112,0.000800,4
JOIN_REQUEST,None,"[22,254]",20,21,153.880233,153.880269,0.000037,0.001901,0.000832,0.000832,0.000200,1
JOIN_REPLY,"[22,254]","[255,255]",21,20,153.880269,153.880306,0.000037,0.002221,0.000992,0.000992,0.000200,1
JOIN_ACK,"[22,3]","[22,254]",20,21,153.880306,153.880342,0.000037,0.001801,0.000832,0.000832,0.000100,1
CH_TRANSFER,"[22,1]","[31,1]",30,40,154.595881,154.595919,0.000038,0.003382,0.001472,0.001472,0.000400,2
NETWORK_UPDATE,"[31,1]","[22,1]",40,30,154.595919,154.595957,0.000038,0.003582,0.001472,0.001472,0.000600,2
CH_TRANSFER_ACK,"[31,1]","[22,1]",40,30,154.595919,154.595957,0.000038,0.003382,0.001472,0.001472,0.000400,2
NETWORK_UPDATE,"[22,1]","[12,2]",30,21,154.595957,154.596039,0.000082,0.003626,0.001472,0.001472,0.000600,2
SENSOR_DATA,"[0,2]","[0,254]",,1,154.741474,154.741564,0.000090,0.004714,0.002112,0.002112,0.000400,2
SENSOR_DATA,"[12,3]","[0,254]",,1,156.965071,156.965310,0.000239,0.005263,0.002112,0.002112,0.000800,4
SENSOR_DATA,"[0,1]","[0,254]",,1,156.999538,156.999617,0.000079,0.004703,0.002112,0.002112,0.000400,2
SENSOR_DATA,"[0,3]","[0,254]",,1,157.907825,157.907891,0.000066,0.004690,0.002112,0.002112,0.000400,2
SENSOR_DATA,"[12,4]","[0,254]",,1,157.907773,157.907899,0.000125,0.004949,0.002112,0.002112,0.000600,3
SENSOR_DATA,"[12,2]","[0,254]",,1,158.607701,158.607863,0.000162,0.004986,0.002112,0.002112,0.000600,3
SENSOR_DATA,"[24,1]","[0,254]",,1,160.598362,160.598671,0.000309,0.005533,0.002112,0.002112,0.001000,5
JOIN_REQUEST,None,"[31,254]",41,40,162.393622,162.393683,0.000061,0.001925,0.000832,0.000832,0.000200,1
JOIN_REPLY,"[31,254]","[255,255]",40,41,162.393683,162.393744,0.000061,0.002245,0.000992,0.000992,0.000200,1
JOIN_ACK,"[31,1]","[31,254]",41,40,162.393744,162.393806,0.000061,0.001825,0.000832,0.000832,0.000100,1
SENSOR_DATA,"[12,1]","[0,254]",,1,162.787308,162.787542,0.000234,0.005258,0.002112,0.002112,0.000800,4
SENSOR_DATA,"[0,2]","[0,254]",,1,164.741474,164.741564,0.000090,0.004714,0.002112,0.002112,0.000400,2
SENSOR_DATA,"[12,3]","[0,254]",,1,166.965071,166.965310,0.000239,0.005263,0.002112,0.002112,0.000800,4
SENSOR_DATA,"[0,1]","[0,254]",,1,166.999538,166.999617,0.000079,0.004703,0.002112,0.002112,0.000400,2
SENSOR_DATA,"[0,3]","[0,254]",,1,167.907825,167.907891,0.000066,0.004690,0.002112,0.002112,0.000400,2
SENSOR_DATA,"[12,4]","[0,254]",,1,167.907773,167.907899,0.000125,0.004949,0.002112,0.002112,0.000600,3
JOIN_REQUEST,None,"[3,254]",3,2,168.527517,168.527583,0.000066,0.001930,0.000832,0.000832,0.000200,1
JOIN_REPLY,"[3,254]","[255,255]",2,3,168.527583,168.527649,0.000066,0.002250,0.000992,0.000992,0.000200,1
JOIN_ACK,"[3,1]","[3,254]",3,2,168.527649,168.527715,0.000066,0.001830,0.000832,0.000832,0.000100,1
SENSOR_DATA,"[12,2]","[0,254]",,1,168.607701,168.607863,0.000162,0.004986,0.002112,0.002112,0.000600,3
CH_TRANSFER,"[0,3]","[3,1]",2,3,170.527715,170.527781,0.000066,0.003410,0.001472,0.001472,0.000400,2
NETWORK_UPDATE,"[3,1]","[0,3]",3,2,170.527781,170.527847,0.000066,0.003610,0.001472,0.001472,0.000600,2
CH_TRANSFER_ACK,"[3,1]","[0,3]",3,2,170.527781,170.527847,0.000066,0.003410,0.001472,0.001472,0.000400,2
NETWORK_UPDATE,"[0,3]","[0,254]",2,1,170.527847,170.527913,0.000066,0.003610,0.001472,0.001472,0.000600,2
SENSOR_DATA,"[24,1]","[0,254]",,1,170.598362,170.598671,0.000309,0.005533,0.002112,0.002112,0.001000,5
JOIN_REQUEST,None,"[1,254]",10,0,172.081407,172.081497,0.000089,0.001953,0.000832,0.000832,0.000200,1
JOIN_REPLY,"[1,254]","[255,255]",0,10,172.081497,172.081586,0.000089,0.002273,0.000992,0.000992,0.000200,1
JOIN_ACK,"[1,1]","[1,254]",10,0,172.081586,172.081675,0.000089,0.001853,0.000832,0.000832,0.000100,1
SENSOR_DATA,"[12,1]","[0,254]",,1,172.787308,172.787542,0.000234,0.005258,0.002112,0.002112,0.000800,4
JOIN_REQUEST,None,"[5,254]",14,4,173.546385,173.546459,0.000074,0.001938,0.000832,0.000832,0.000200,1
JOIN_REPLY,"[5,254]","[255,255]",4,14,173.546459,173.546533,0.000074,0.002258,0.000992,0.000992,0.000200,1
JOIN_ACK,"[5,1]","[5,254]",14,4,173.546533,173.546607,0.000074,0.001838,0.000832,0.000832,0.000100,1
CH_TRANSFER,"[0,2]","[1,1]",0,10,174.081675,174.081765,0.000089,0.003433,0.001472,0.001472,0.000400,2
NETWORK_UPDATE,"[1,1]","[0,2]",10,0,174.081765,174.081854,0.000089,0.003633,0.001472,0.001472,0.000600,2
CH_TRANSFER_ACK,"[1,1]","[0,2]",10,0,174.081765,174.081854,0.000089,0.003433,0.001472,0.001472,0.000400,2
NETWORK_UPDATE,"[0,2]","[0,254]",0,1,174.081854,174.081944,0.000090,0.003634,0.001472,0.001472,0.000600,2
SENSOR_DATA,"[0,2]","[0,254]",,1,174.741474,174.741564,0.000090,0.004714,0.002112,0.002112,0.000400,2
CH_TRANSFER,"[24,1]","[5,1]",4,14,175.546607,175.546681,0.000074,0.003418,0.001472,0.001472,0.000400,2
NETWORK_UPDATE,"[5,1]","[24,1]",14,4,175.546681,175.546755,0.000074,0.003618,0.001472,0.001472,0.000600,2
CH_TRANSFER_ACK,"[5,1]","[24,1]",14,4,175.546681,175.546755,0.000074,0.003418,0.001472,0.001472,0.000400,2
SENSOR_DATA,"[12,3]","[0,254]",,1,176.965071,176.965310,0.000239,0.005263,0.002112,0.002112,0.000800,4
SENSOR_DATA,"[0,1]","[0,254]",,1,176.999538,176.999617,0.000079,0.004703,0.002112,0.002112,0.000400,2
SENSOR_DATA,"[0,3]","[0,254]",,1,177.907825,177.907891,0.000066,0.004690,0.002112,0.002112,0.000400,2
SENSOR_DATA,"[12,4]","[0,254]",,1,177.907773,177.907899,0.000125,0.004949,0.002112,0.002112,0.000600,3
SENSOR_DATA,"[3,1]","[0,254]",,1,178.527649,178.527781,0.000132,0.004956,0.002112,0.002112,0.000600,3
SENSOR_DATA,"[12,2]","[0,254]",,1,178.607701,178.607863,0.000162,0.004986,0.002112,0.002112,0.000600,3
JOIN_REQUEST,None,"[5,254]",15,14,179.755021,179.755077,0.000056,0.001920,0.000832,0.000832,0.000200,1
JOIN_REPLY,"[5,254]","[255,255]",14,15,179.755077,179.755133,0.000056,0.002240,0.000992,0.000992,0.000200,1
JOIN_ACK,"[5,1]","[5,254]",15,14,179.755133,179.755189,0.000056,0.001820,0.000832,0.000832,0.000100,1
SENSOR_DATA,"[24,1]","[0,254]",,1,180.598362,180.598671,0.000309,0.005533,0.002112,0.002112,0.001000,5
SENSOR_DATA,"[1,1]","[0,254]",,1,182.081586,182.081765,0.000179,0.005003,0.002112,0.002112,0.000600,3
NETWORK_REQUEST,"[12,3]","[0,254]",32,1,182.098181,182.098421,0.000239,0.002703,0.000832,0.000832,0.000800,4
NETWORK_REPLY,"[0,254]","[12,3]",,32,182.098421,182.098660,0.000239,0.003423,0.000992,0.000992,0.001200,4
JOIN_REQUEST,None,"[33,254]",33,32,182.598588,182.598668,0.000080,0.001944,0.000832,0.000832,0.000200,1
JOIN_REPLY,"[33,254]","[255,255]",32,33,182.598668,182.598748,0.000080,0.002264,0.000992,0.000992,0.000200,1
JOIN_ACK,"[33,1]","[33,254]",33,32,182.598748,182.598827,0.000080,0.001844,0.000832,0.000832,0.000100,1
SENSOR_DATA,"[12,1]","[0,254]",,1,182.787308,182.787542,0.000234,0.005258,0.002112,0.002112,0.000800,4
CH_TRANSFER,"[12,3]","[33,1]",32,33,184.598827,184.598907,0.000080,0.003424,0.001472,0.001472,0.000400,2
NETWORK_UPDATE,"[33,1]","[12,3]",33,32,184.598907,184.598986,0.000080,0.003624,0.001472,0.001472,0.000600,2
CH_TRANSFER_ACK,"[33,1]","[12,3]",33,32,184.598907,184.598986,0.000080,0.003424,0.001472,0.001472,0.000400,2
NETWORK_UPDATE,"[12,3]","[12,2]",32,22,184.598986,184.599063,0.000077,0.003621,0.001472,0.001472,0.000600,2
NETWORK_UPDATE,"[12,2]","[0,1]",22,11,184.599063,184.599147,0.000083,0.003627,0.001472,0.001472,0.000600,2
SENSOR_DATA,"[0,2]","[0,254]",,1,184.741474,184.741564,0.000090,0.004714,0.002112,0.002112,0.000400,2
SENSOR_DATA,"[12,3]","[0,254]",,1,186.965071,186.965310,0.000239,0.005263,0.002112,0.002112,0.000800,4
SENSOR_DATA,"[0,1]","[0,254]",,1,186.999538,186.999617,0.000079,0.004703,0.002112,0.002112,0.000400,2
SENSOR_DATA,"[0,3]","[0,254]",,1,187.907825,187.907891,0.000066,0.004690,0.002112,0.002112,0.000400,2
SENSOR_DATA,"[12,4]","[0,254]",,1,187.907773,187.907899,0.000125,0.004949,0.002112,0.002112,0.000600,3
SENSOR_DATA,"[3,1]","[0,254]",,1,188.527649,188.527781,0.000132,0.004956,0.002112,0.002112,0.000600,3
SENSOR_DATA,"[12,2]","[0,254]",,1,188.607701,188.607863,0.000162,0.004986,0.002112,0.002112,0.000600,3
SENSOR_DATA,"[24,1]","[0,254]",,1,190.598362,190.598671,0.000309,0.005533,0.002112,0.002112,0.001000,5
JOIN_REQUEST,None,"[5,254]",5,14,191.378452,191.378525,0.000073,0.001937,0.000832,0.000832,0.000200,1
JOIN_REPLY,"[5,254]","[255,255]",14,5,191.378525,191.378598,0.000073,0.002257,0.000992,0.000992,0.000200,1
JOIN_ACK,"[5,2]","[5,254]",5,14,191.378598,191.378670,0.000073,0.001837,0.000832,0.000832,0.000100,1
SENSOR_DATA,"[1,1]","[0,254]",,1,192.081586,192.081765,0.000179,0.005003,0.002112,0.002112,0.000600,3
SENSOR_DATA,"[33,1]","[0,254]",,1,192.598748,192.599067,0.000319,0.005543,0.002112,0.002112,0.001000,5
SENSOR_DATA,"[12,1]","[0,254]",,1,192.787308,192.787542,0.000234,0.005258,0.002112,0.002112,0.000800,4
JOIN_REQUEST,None,"[33,254]",24,33,194.711987,194.712060,0.000073,0.001937,0.000832,0.000832,0.000200,1
JOIN_REPLY,"[33,254]","[255,255]",33,24,194.712060,194.712133,0.000073,0.002257,0.000992,0.000992,0.000200,1
JOIN_ACK,"[33,1]","[33,254]",24,33,194.712133,194.712205,0.000073,0.001837,0.000832,0.000832,0.000100,1
SENSOR_DATA,"[0,2]","[0,254]",,1,194.741474,194.741564,0.000090,0.004714,0.002112,0.002112,0.000400,2
SENSOR_DATA,"[12,3]","[0,254]",,1,196.965071,196.965310,0.000239,0.005263,0.002112,0.002112,0.000800,4
SENSOR_DATA,"[0,1]","[0,254]",,1,196.999538,196.999617,0.000079,0.004703,0.002112,0.002112,0.000400,2
SENSOR_DATA,"[0,3]","[0,254]",,1,197.907825,197.907891,0.000066,0.004690,0.002112,0.002112,0.000400,2
SENSOR_DATA,"[12,4]","[0,254]",,1,197.907773,197.907899,0.000125,0.004949,0.002112,0.002112,0.000600,3
SENSOR_DATA,"[3,1]","[0,254]",,1,198.527649,198.527781,0.000132,0.004956,0.002112,0.002112,0.000600,3
SENSOR_DATA,"[12,2]","[0,254]",,1,198.607701,198.607863,0.000162,0.004986,0.002112,0.002112,0.000600,3
SENSOR_DATA,"[24,1]","[0,254]",,1,200.598362,200.598671,0.000309,0.005533,0.002112,0.002112,0.001000,5
SENSOR_DATA,"[1,1]","[0,254]",,1,202.081586,202.081765,0.000179,0.005003,0.002112,0.002112,0.000600,3
SENSOR_DATA,"[33,1]","[0,254]",,1,202.598748,202.599067,0.000319,0.005543,0.002112,0.002112,0.001000,5
SENSOR_DATA,"[12,1]","[0,254]",,1,202.787308,202.787542,0.000234,0.005258,0.002112,0.002112,0.000800,4
SENSOR_DATA,"[0,2]","[0,254]",,1,204.741474,204.741564,0.000090,0.004714,0.002112,0.002112,0.000400,2
SENSOR_DATA,"[12,3]","[0,254]",,1,206.965071,206.965310,0.000239,0.005263,0.002112,0.002112,0.000800,4
SENSOR_DATA,"[0,1]","[0,254]",,1,206.999538,206.999617,0.000079,0.004703,0.002112,0.002112,0.000400,2
SENSOR_DATA,"[0,3]","[0,254]",,1,207.907825,207.907891,0.000066,0.004690,0.002112,0.002112,0.000400,2
SENSOR_DATA,"[12,4]","[0,254]",,1,207.907773,207.907899,0.000125,0.004949,0.002112,0.002112,0.000600,3
SENSOR_DATA,"[3,1]","[0,254]",,1,208.527649,208.527781,0.000132,0.004956,0.002112,0.002112,0.000600,3
SENSOR_DATA,"[12,2]","[0,254]",,1,208.607701,208.607863,0.000162,0.004986,0.002112,0.002112,0.000600,3
SENSOR_DATA,"[24,1]","[0,254]",,1,210.598362,210.598671,0.000309,0.005533,0.002112,0.002112,0.001000,5
SENSOR_DATA,"[1,1]","[0,254]",,1,212.081586,212.081765,0.000179,0.005003,0.002112,0.002112,0.000600,3
SENSOR_DATA,"[33,1]","[0,254]",,1,212.598748,212.599067,0.000319,0.005543,0.002112,0.002112,0.001000,5
SENSOR_DATA,"[12,1]","[0,254]",,1,212.787308,212.787542,0.000234,0.005258,0.002112,0.002112,0.000800,4
SENSOR_DATA,"[0,2]","[0,254]",,1,214.741474,214.741564,0.000090,0.004714,0.002112,0.002112,0.000400,2
SENSOR_DATA,"[12,3]","[0,254]",,1,216.965071,216.965310,0.000239,0.005263,0.002112,0.002112,0.000800,4
SENSOR_DATA,"[0,1]","[0,254]",,1,216.999538,216.999617,0.000079,0.004703,0.002112,0.002112,0.000400,2
SENSOR_DATA,"[0,3]","[0,254]",,1,217.907825,217.907891,0.000066,0.004690,0.002112,0.002112,0.000400,2
SENSOR_DATA,"[12,4]","[0,254]",,1,217.907773,217.907899,0.000125,0.004949,0.002112,0.002112,0.000600,3
SENSOR_DATA,"[3,1]","[0,254]",,1,218.527649,218.527781,0.000132,0.004956,0.002112,0.002112,0.000600,3
SENSOR_DATA,"[12,2]","[0,254]",,1,218.607701,218.607863,0.000162,0.004986,0.002112,0.002112,0.000600,3
SENSOR_DATA,"[24,1]","[0,254]",,1,220.598362,220.598671,0.000309,0.005533,0.002112,0.002112,0.001000,5
SENSOR_DATA,"[1,1]","[0,254]",,1,222.081586,222.081765,0.000179,0.005003,0.002112,0.002112,0.000600,3
SENSOR_DATA,"[33,1]","[0,254]",,1,222.598748,222.599067,0.000319,0.005543,0.002112,0.002112,0.001000,5
SENSOR_DATA,"[12,1]","[0,254]",,1,222.787308,222.787542,0.000234,0.005258,0.002112,0.002112,0.000800,4
SENSOR_DATA,"[0,2]","[0,254]",,1,224.741474,224.741564,0.000090,0.004714,0.002112,0.002112,0.000400,2
SENSOR_DATA,"[12,3]","[0,254]",,1,226.965071,226.965310,0.000239,0.005263,0.002112,0.002112,0.000800,4
SENSOR_DATA,"[0,1]","[0,254]",,1,226.999538,226.999617,0.000079,0.004703,0.002112,0.002112,0.000400,2
SENSOR_DATA,"[0,3]","[0,254]",,1,227.907825,227.907891,0.000066,0.004690,0.002112,0.002112,0.000400,2
SENSOR_DATA,"[12,4]","[0,254]",,1,227.907773,227.907899,0.000125,0.004949,0.002112,0.002112,0.000600,3
SENSOR_DATA,"[3,1]","[0,254]",,1,228.527649,228.527781,0.000132,0.004956,0.002112,0.002112,0.000600,3
SENSOR_DATA,"[12,2]","[0,254]",,1,228.607701,228.607863,0.000162,0.004986,0.002112,0.002112,0.000600,3
SENSOR_DATA,"[24,1]","[0,254]",,1,230.598362,230.598671,0.000309,0.005533,0.002112,0.002112,0.001000,5
SENSOR_DATA,"[1,1]","[0,254]",,1,232.081586,232.081765,0.000179,0.005003,0.002112,0.002112,0.000600,3
JOIN_REQUEST,None,"[25,254]",34,24,232.582597,232.582680,0.000083,0.001947,0.000832,0.000832,0.000200,1
JOIN_REPLY,"[25,254]","[255,255]",24,34,232.582680,232.582763,0.000083,0.002267,0.000992,0.000992,0.000200,1
JOIN_ACK,"[25,1]","[25,254]",34,24,232.582763,232.582846,0.000083,0.001847,0.000832,0.000832,0.000100,1
SENSOR_DATA,"[33,1]","[0,254]",,1,232.598748,232.599067,0.000319,0.005543,0.002112,0.002112,0.001000,5
SENSOR_DATA,"[12,1]","[0,254]",,1,232.787308,232.787542,0.000234,0.005258,0.002112,0.002112,0.000800,4
CH_TRANSFER,"[33,1]","[25,1]",24,34,234.582846,234.582929,0.000083,0.003427,0.001472,0.001472,0.000400,2
NETWORK_UPDATE,"[25,1]","[33,1]",34,24,234.582929,234.583012,0.000083,0.003627,0.001472,0.001472,0.000600,2
CH_TRANSFER_ACK,"[25,1]","[33,1]",34,24,234.582929,234.583012,0.000083,0.003427,0.001472,0.001472,0.000400,2
SENSOR_DATA,"[0,2]","[0,254]",,1,234.741474,234.741564,0.000090,0.004714,0.002112,0.002112,0.000400,2
SENSOR_DATA,"[12,3]","[0,254]",,1,236.965071,236.965310,0.000239,0.005263,0.002112,0.002112,0.000800,4
SENSOR_DATA,"[0,1]","[0,254]",,1,236.999538,236.999617,0.000079,0.004703,0.002112,0.002112,0.000400,2
JOIN_REQUEST,None,"[25,254]",45,34,237.412645,237.412720,0.000075,0.001939,0.000832,0.000832,0.000200,1
JOIN_REPLY,"[25,254]","[255,255]",34,45,237.412720,237.412794,0.000075,0.002259,0.000992,0.000992,0.000200,1
JOIN_ACK,"[25,1]","[25,254]",45,34,237.412794,237.412869,0.000075,0.001839,0.000832,0.000832,0.000100,1
JOIN_REQUEST,None,"[25,254]",25,34,237.506733,237.506808,0.000075,0.001939,0.000832,0.000832,0.000200,1
JOIN_REPLY,"[25,254]","[255,255]",34,25,237.506808,237.506882,0.000075,0.002259,0.000992,0.000992,0.000200,1
JOIN_ACK,"[25,2]","[25,254]",25,34,237.506882,237.506957,0.000075,0.001839,0.000832,0.000832,0.000100,1
SENSOR_DATA,"[0,3]","[0,254]",,1,237.907825,237.907891,0.000066,0.004690,0.002112,0.002112,0.000400,2
SENSOR_DATA,"[12,4]","[0,254]",,1,237.907773,237.907899,0.000125,0.004949,0.002112,0.002112,0.000600,3
SENSOR_DATA,"[3,1]","[0,254]",,1,238.527649,238.527781,0.000132,0.004956,0.002112,0.002112,0.000600,3
SENSOR_DATA,"[12,2]","[0,254]",,1,238.607701,238.607863,0.000162,0.004986,0.002112,0.002112,0.000600,3
JOIN_REQUEST,None,"[25,254]",44,34,239.473161,239.473213,0.000052,0.001916,0.000832,0.000832,0.000200,1
JOIN_REPLY,"[25,254]","[255,255]",34,44,239.473213,239.473265,0.000052,0.002236,0.000992,0.000992,0.000200,1
JOIN_ACK,"[25,3]","[25,254]",44,34,239.473265,239.473317,0.000052,0.001816,0.000832,0.000832,0.000100,1
SENSOR_DATA,"[24,1]","[0,254]",,1,240.598362,240.598671,0.000309,0.005533,0.002112,0.002112,0.001000,5
JOIN_REQUEST,None,"[25,254]",35,34,240.929301,240.929333,0.000031,0.001895,0.000832,0.000832,0.000200,1
JOIN_REPLY,"[25,254]","[255,255]",34,35,240.929333,240.929364,0.000031,0.002215,0.000992,0.000992,0.000200,1
JOIN_ACK,"[25,4]","[25,254]",35,34,240.929364,240.929395,0.000031,0.001795,0.000832,0.000832,0.000100,1
SENSOR_DATA,"[1,1]","[0,254]",,1,242.081586,242.081765,0.000179,0.005003,0.002112,0.002112,0.000600,3
SENSOR_DATA,"[33,1]","[0,254]",,1,242.598748,242.599067,0.000319,0.005543,0.002112,0.002112,0.001000,5
SENSOR_DATA,"[12,1]","[0,254]",,1,242.787308,242.787542,0.000234,0.005258,0.002112,0.002112,0.000800,4
SENSOR_DATA,"[0,2]","[0,254]",,1,244.741474,244.741564,0.000090,0.004714,0.002112,0.002112,0.000400,2
SENSOR_DATA,"[12,3]","[0,254]",,1,246.965071,246.965310,0.000239,0.005263,0.002112,0.002112,0.000800,4
SENSOR_DATA,"[0,1]","[0,254]",,1,246.999538,246.999617,0.000079,0.004703,0.002112,0.002112,0.000400,2
SENSOR_DATA,"[0,3]","[0,254]",,1,247.907825,247.907891,0.000066,0.004690,0.002112,0.002112,0.000400,2
SENSOR_DATA,"[12,4]","[0,254]",,1,247.907773,247.907899,0.000125,0.004949,0.002112,0.002112,0.000600,3
SENSOR_DATA,"[3,1]","[0,254]",,1,248.527649,248.527781,0.000132,0.004956,0.002112,0.002112,0.000600,3
SENSOR_DATA,"[12,2]","[0,254]",,1,248.607701,248.607863,0.000162,0.004986,0.002112,0.002112,0.000600,3
SENSOR_DATA,"[24,1]","[0,254]",,1,250.598362,250.598671,0.000309,0.005533,0.002112,0.002112,0.001000,5
SENSOR_DATA,"[1,1]","[0,254]",,1,252.081586,252.081765,0.000179,0.005003,0.002112,0.002112,0.000600,3
SENSOR_DATA,"[33,1]","[0,254]",,1,252.598748,252.599067,0.000319,0.005543,0.002112,0.002112,0.001000,5
SENSOR_DATA,"[12,1]","[0,254]",,1,252.787308,252.787542,0.000234,0.005258,0.002112,0.002112,0.000800,4
SENSOR_DATA,"[0,2]","[0,254]",,1,254.741474,254.741564,0.000090,0.004714,0.002112,0.002112,0.000400,2
SENSOR_DATA,"[12,3]","[0,254]",,1,256.965071,256.965310,0.000239,0.005263,0.002112,0.002112,0.000800,4
SENSOR_DATA,"[0,1]","[0,254]",,1,256.999538,256.999617,0.000079,0.004703,0.002112,0.002112,0.000400,2
SENSOR_DATA,"[0,3]","[0,254]",,1,257.907825,257.907891,0.000066,0.004690,0.002112,0.002112,0.000400,2
SENSOR_DATA,"[12,4]","[0,254]",,1,257.907773,257.907899,0.000125,0.004949,0.002112,0.002112,0.000600,3
SENSOR_DATA,"[3,1]","[0,254]",,1,258.527649,258.527781,0.000132,0.004956,0.002112,0.002112,0.000600,3
SENSOR_DATA,"[12,2]","[0,254]",,1,258.607701,258.607863,0.000162,0.004986,0.002112,0.002112,0.000600,3
SENSOR_DATA,"[24,1]","[0,254]",,1,260.598362,260.598671,0.000309,0.005533,0.002112,0.002112,0.001000,5
SENSOR_DATA,"[1,1]","[0,254]",,1,262.081586,262.081765,0.000179,0.005003,0.002112,0.002112,0.000600,3
SENSOR_DATA,"[33,1]","[0,254]",,1,262.598748,262.599067,0.000319,0.005543,0.002112,0.002112,0.001000,5
SENSOR_DATA,"[12,1]","[0,254]",,1,262.787308,262.787542,0.000234,0.005258,0.002112,0.002112,0.000800,4
JOIN_REQUEST,None,"[46,254]",54,45,264.470474,264.470534,0.000060,0.001924,0.000832,0.000832,0.000200,1
JOIN_REPLY,"[46,254]","[255,255]",45,54,264.470534,264.470594,0.000060,0.002244,0.000992,0.000992,0.000200,1
JOIN_ACK,"[46,1]","[46,254]",54,45,264.470594,264.470655,0.000060,0.001824,0.000832,0.000832,0.000100,1
SENSOR_DATA,"[0,2]","[0,254]",,1,264.741474,264.741564,0.000090,0.004714,0.002112,0.002112,0.000400,2
CH_TRANSFER,"[25,1]","[46,1]",45,54,266.470655,266.470715,0.000060,0.003404,0.001472,0.001472,0.000400,2
NETWORK_UPDATE,"[46,1]","[25,1]",54,45,266.470715,266.470775,0.000060,0.003604,0.001472,0.001472,0.000600,2
CH_TRANSFER_ACK,"[46,1]","[25,1]",54,45,266.470715,266.470775,0.000060,0.003404,0.001472,0.001472,0.000400,2
SENSOR_DATA,"[12,3]","[0,254]",,1,266.965071,266.965310,0.000239,0.005263,0.002112,0.002112,0.000800,4
SENSOR_DATA,"[0,1]","[0,254]",,1,266.999538,266.999617,0.000079,0.004703,0.002112,0.002112,0.000400,2
SENSOR_DATA,"[0,3]","[0,254]",,1,267.907825,267.907891,0.000066,0.004690,0.002112,0.002112,0.000400,2
SENSOR_DATA,"[12,4]","[0,254]",,1,267.907773,267.907899,0.000125,0.004949,0.002112,0.002112,0.000600,3
SENSOR_DATA,"[3,1]","[0,254]",,1,268.527649,268.527781,0.000132,0.004956,0.002112,0.002112,0.000600,3
SENSOR_DATA,"[12,2]","[0,254]",,1,268.607701,268.607863,0.000162,0.004986,0.002112,0.002112,0.000600,3
JOIN_REQUEST,None,"[46,254]",55,54,269.302849,269.302882,0.000033,0.001897,0.000832,0.000832,0.000200,1
JOIN_REPLY,"[46,254]","[255,255]",54,55,269.302882,269.302914,0.000033,0.002217,0.000992,0.000992,0.000200,1
JOIN_ACK,"[46,1]","[46,254]",55,54,269.302914,269.302947,0.000033,0.001797,0.000832,0.000832,0.000100,1
JOIN_REQUEST,None,"[46,254]",64,54,270.561797,270.561874,0.000076,0.001940,0.000832,0.000832,0.000200,1
JOIN_REPLY,"[46,254]","[255,255]",54,64,270.561874,270.561950,0.000076,0.002260,0.000992,0.000992,0.000200,1
JOIN_ACK,"[46,2]","[46,254]",64,54,270.561950,270.562026,0.000076,0.001840,0.000832,0.000832,0.000100,1
SENSOR_DATA,"[24,1]","[0,254]",,1,270.598362,270.598671,0.000309,0.005533,0.002112,0.002112,0.001000,5
SENSOR_DATA,"[1,1]","[0,254]",,1,272.081586,272.081765,0.000179,0.005003,0.002112,0.002112,0.000600,3
SENSOR_DATA,"[33,1]","[0,254]",,1,272.598748,272.599067,0.000319,0.005543,0.002112,0.002112,0.001000,5
SENSOR_DATA,"[12,1]","[0,254]",,1,272.787308,272.787542,0.000234,0.005258,0.002112,0.002112,0.000800,4
SENSOR_DATA,"[0,2]","[0,254]",,1,274.741474,274.741564,0.000090,0.004714,0.002112,0.002112,0.000400,2
SENSOR_DATA,"[12,3]","[0,254]",,1,276.965071,276.965310,0.000239,0.005263,0.002112,0.002112,0.000800,4
SENSOR_DATA,"[0,1]","[0,254]",,1,276.999538,276.999617,0.000079,0.004703,0.002112,0.002112,0.000400,2
SENSOR_DATA,"[0,3]","[0,254]",,1,277.907825,277.907891,0.000066,0.004690,0.002112,0.002112,0.000400,2
SENSOR_DATA,"[12,4]","[0,254]",,1,277.907773,277.907899,0.000125,0.004949,0.002112,0.002112,0.000600,3
SENSOR_DATA,"[3,1]","[0,254]",,1,278.527649,278.527781,0.000132,0.004956,0.002112,0.002112,0.000600,3
SENSOR_DATA,"[12,2]","[0,254]",,1,278.607701,278.607863,0.000162,0.004986,0.002112,0.002112,0.000600,3
JOIN_REQUEST,None,"[65,254]",65,64,279.075416,279.075484,0.000068,0.001932,0.000832,0.000832,0.000200,1
JOIN_REPLY,"[65,254]","[255,255]",64,65,279.075484,279.075552,0.000068,0.002252,0.000992,0.000992,0.000200,1
JOIN_ACK,"[65,1]","[65,254]",65,64,279.075552,279.075620,0.000068,0.001832,0.000832,0.000832,0.000100,1
JOIN_REQUEST,None,"[65,254]",53,64,280.461544,280.461617,0.000073,0.001937,0.000832,0.000832,0.000200,1
JOIN_REPLY,"[65,254]","[255,255]",64,53,280.461617,280.461689,0.000073,0.002257,0.000992,0.000992,0.000200,1
JOIN_ACK,"[65,2]","[65,254]",53,64,280.461689,280.461762,0.000073,0.001837,0.000832,0.000832,0.000100,1
SENSOR_DATA,"[24,1]","[0,254]",,1,280.598362,280.598671,0.000309,0.005533,0.002112,0.002112,0.001000,5
CH_TRANSFER,"[46,2]","[65,2]",64,53,281.075620,281.075692,0.000073,0.003417,0.001472,0.001472,0.000400,2
NETWORK_UPDATE,"[65,2]","[46,2]",53,64,281.075692,281.075765,0.000073,0.003617,0.001472,0.001472,0.000600,2
CH_TRANSFER_ACK,"[65,2]","[46,2]",53,64,281.075692,281.075765,0.000073,0.003417,0.001472,0.001472,0.000400,2
NETWORK_UPDATE,"[46,2]","[46,1]",64,54,281.075765,281.075841,0.000076,0.003620,0.001472,0.001472,0.000600,2
NETWORK_UPDATE,"[46,1]","[25,1]",54,45,281.075841,281.075901,0.000060,0.003604,0.001472,0.001472,0.000600,2
SENSOR_DATA,"[1,1]","[0,254]",,1,282.081586,282.081765,0.000179,0.005003,0.002112,0.002112,0.000600,3
SENSOR_DATA,"[33,1]","[0,254]",,1,282.598748,282.599067,0.000319,0.005543,0.002112,0.002112,0.001000,5
SENSOR_DATA,"[12,1]","[0,254]",,1,282.787308,282.787542,0.000234,0.005258,0.002112,0.002112,0.000800,4
SENSOR_DATA,"[0,2]","[0,254]",,1,284.741474,284.741564,0.000090,0.004714,0.002112,0.002112,0.000400,2
JOIN_REQUEST,None,"[65,254]",52,53,286.763045,286.763123,0.000079,0.001943,0.000832,0.000832,0.000200,1
JOIN_REPLY,"[65,254]","[255,255]",53,52,286.763123,286.763202,0.000079,0.002263,0.000992,0.000992,0.000200,1
JOIN_ACK,"[65,1]","[65,254]",52,53,286.763202,286.763281,0.000079,0.001843,0.000832,0.000832,0.000100,1
SENSOR_DATA,"[12,3]","[0,254]",,1,286.965071,286.965310,0.000239,0.005263,0.002112,0.002112,0.000800,4
SENSOR_DATA,"[0,1]","[0,254]",,1,286.999538,286.999617,0.000079,0.004703,0.002112,0.002112,0.000400,2
SENSOR_DATA,"[0,3]","[0,254]",,1,287.907825,287.907891,0.000066,0.004690,0.002112,0.002112,0.000400,2
SENSOR_DATA,"[12,4]","[0,254]",,1,287.907773,287.907899,0.000125,0.004949,0.002112,0.002112,0.000600,3
SENSOR_DATA,"[3,1]","[0,254]",,1,288.527649,288.527781,0.000132,0.004956,0.002112,0.002112,0.000600,3
SENSOR_DATA,"[12,2]","[0,254]",,1,288.607701,288.607863,0.000162,0.004986,0.002112,0.002112,0.000600,3
CH_TRANSFER,"[65,2]","[65,1]",53,52,288.763281,288.763359,0.000079,0.003423,0.001472,0.001472,0.000400,2
NETWORK_UPDATE,"[65,1]","[65,2]",52,53,288.763359,288.763438,0.000079,0.003623,0.001472,0.001472,0.000600,2
CH_TRANSFER_ACK,"[65,1]","[65,2]",52,53,288.763359,288.763438,0.000079,0.003423,0.001472,0.001472,0.000400,2
SENSOR_DATA,"[24,1]","[0,254]",,1,290.598362,290.598671,0.000309,0.005533,0.002112,0.002112,0.001000,5
SENSOR_DATA,"[1,1]","[0,254]",,1,292.081586,292.081765,0.000179,0.005003,0.002112,0.002112,0.000600,3
SENSOR_DATA,"[33,1]","[0,254]",,1,292.598748,292.599067,0.000319,0.005543,0.002112,0.002112,0.001000,5
SENSOR_DATA,"[12,1]","[0,254]",,1,292.787308,292.787542,0.000234,0.005258,0.002112,0.002112,0.000800,4
SENSOR_DATA,"[0,2]","[0,254]",,1,294.741474,294.741564,0.000090,0.004714,0.002112,0.002112,0.000400,2
JOIN_REQUEST,None,"[65,254]",42,52,296.541048,296.541132,0.000084,0.001948,0.000832,0.000832,0.000200,1
JOIN_REPLY,"[65,254]","[255,255]",52,42,296.541132,296.541217,0.000084,0.002268,0.000992,0.000992,0.000200,1
JOIN_ACK,"[65,1]","[65,254]",42,52,296.541217,296.541301,0.000084,0.001848,0.000832,0.000832,0.000100,1
SENSOR_DATA,"[12,3]","[0,254]",,1,296.965071,296.965310,0.000239,0.005263,0.002112,0.002112,0.000800,4
SENSOR_DATA,"[0,1]","[0,254]",,1,296.999538,296.999617,0.000079,0.004703,0.002112,0.002112,0.000400,2
JOIN_REQUEST,None,"[65,254]",51,52,297.653284,297.653341,0.000057,0.001921,0.000832,0.000832,0.000200,1
JOIN_REPLY,"[65,254]","[255,255]",52,51,297.653341,297.653398,0.000057,0.002241,0.000992,0.000992,0.000200,1
JOIN_ACK,"[65,2]","[65,254]",51,52,297.653398,297.653454,0.000057,0.001821,0.000832,0.000832,0.000100,1
SENSOR_DATA,"[0,3]","[0,254]",,1,297.907825,297.907891,0.000066,0.004690,0.002112,0.002112,0.000400,2
SENSOR_DATA,"[12,4]","[0,254]",,1,297.907773,297.907899,0.000125,0.004949,0.002112,0.002112,0.000600,3
JOIN_REQUEST,None,"[66,254]",74,65,298.420511,298.420599,0.000089,0.001953,0.000832,0.000832,0.000200,1
JOIN_REPLY,"[66,254]","[255,255]",65,74,298.420599,298.420688,0.000089,0.002273,0.000992,0.000992,0.000200,1
JOIN_ACK,"[66,1]","[66,254]",74,65,298.420688,298.420776,0.000089,0.001853,0.000832,0.000832,0.000100,1
SENSOR_DATA,"[3,1]","[0,254]",,1,298.527649,298.527781,0.000132,0.004956,0.002112,0.002112,0.000600,3
SENSOR_DATA,"[12,2]","[0,254]",,1,298.607701,298.607863,0.000162,0.004986,0.002112,0.002112,0.000600,3
CH_TRANSFER,"[65,1]","[66,1]",65,74,300.420776,300.420865,0.000089,0.003433,0.001472,0.001472,0.000400,2
NETWORK_UPDATE,"[66,1]","[65,1]",74,65,300.420865,300.420953,0.000089,0.003633,0.001472,0.001472,0.000600,2
CH_TRANSFER_ACK,"[66,1]","[65,1]",74,65,300.420865,300.420953,0.000089,0.003433,0.001472,0.001472,0.000400,2
NETWORK_UPDATE,"[65,1]","[46,2]",65,64,300.420953,300.421021,0.000068,0.003612,0.001472,0.001472,0.000600,2
SENSOR_DATA,"[24,1]","[0,254]",,1,300.598362,300.598671,0.000309,0.005533,0.002112,0.002112,0.001000,5
JOIN_REQUEST,None,"[66,254]",75,74,300.840044,300.840107,0.000063,0.001927,0.000832,0.000832,0.000200,1
JOIN_REPLY,"[66,254]","[255,255]",74,75,300.840107,300.840171,0.000063,0.002247,0.000992,0.000992,0.000200,1
JOIN_ACK,"[66,1]","[66,254]",75,74,300.840171,300.840234,0.000063,0.001827,0.000832,0.000832,0.000100,1
SENSOR_DATA,"[1,1]","[0,254]",,1,302.081586,302.081765,0.000179,0.005003,0.002112,0.002112,0.000600,3
SENSOR_DATA,"[33,1]","[0,254]",,1,302.598748,302.599067,0.000319,0.005543,0.002112,0.002112,0.001000,5
SENSOR_DATA,"[12,1]","[0,254]",,1,302.787308,302.787542,0.000234,0.005258,0.002112,0.002112,0.000800,4
SENSOR_DATA,"[0,2]","[0,254]",,1,304.741474,304.741564,0.000090,0.004714,0.002112,0.002112,0.000400,2
JOIN_REQUEST,None,"[65,254]",62,52,305.241460,305.241508,0.000048,0.001912,0.000832,0.000832,0.000200,1
JOIN_REPLY,"[65,254]","[255,255]",52,62,305.241508,305.241556,0.000048,0.002232,0.000992,0.000992,0.000200,1
JOIN_ACK,"[65,3]","[65,254]",62,52,305.241556,305.241603,0.000048,0.001812,0.000832,0.000832,0.000100,1
SENSOR_DATA,"[12,3]","[0,254]",,1,306.965071,306.965310,0.000239,0.005263,0.002112,0.002112,0.000800,4
SENSOR_DATA,"[0,1]","[0,254]",,1,306.999538,306.999617,0.000079,0.004703,0.002112,0.002112,0.000400,2
SENSOR_DATA,"[0,3]","[0,254]",,1,307.907825,307.907891,0.000066,0.004690,0.002112,0.002112,0.000400,2
SENSOR_DATA,"[12,4]","[0,254]",,1,307.907773,307.907899,0.000125,0.004949,0.002112,0.002112,0.000600,3
JOIN_REQUEST,None,"[66,254]",73,74,308.299337,308.299411,0.000074,0.001938,0.000832,0.000832,0.000200,1
JOIN_REPLY,"[66,254]","[255,255]",74,73,308.299411,308.299485,0.000074,0.002258,0.000992,0.000992,0.000200,1
JOIN_ACK,"[66,2]","[66,254]",73,74,308.299485,308.299559,0.000074,0.001838,0.000832,0.000832,0.000100,1
SENSOR_DATA,"[3,1]","[0,254]",,1,308.527649,308.527781,0.000132,0.004956,0.002112,0.002112,0.000600,3
SENSOR_DATA,"[12,2]","[0,254]",,1,308.607701,308.607863,0.000162,0.004986,0.002112,0.002112,0.000600,3
SENSOR_DATA,"[24,1]","[0,254]",,1,310.598362,310.598671,0.000309,0.005533,0.002112,0.002112,0.001000,5
JOIN_REQUEST,None,"[66,254]",84,74,311.067724,311.067810,0.000086,0.001950,0.000832,0.000832,0.000200,1
JOIN_REPLY,"[66,254]","[255,255]",74,84,311.067810,311.067896,0.000086,0.002270,0.000992,0.000992,0.000200,1
JOIN_ACK,"[66,3]","[66,254]",84,74,311.067896,311.067982,0.000086,0.001850,0.000832,0.000832,0.000100,1
SENSOR_DATA,"[1,1]","[0,254]",,1,312.081586,312.081765,0.000179,0.005003,0.002112,0.002112,0.000600,3
SENSOR_DATA,"[33,1]","[0,254]",,1,312.598748,312.599067,0.000319,0.005543,0.002112,0.002112,0.001000,5
SENSOR_DATA,"[12,1]","[0,254]",,1,312.787308,312.787542,0.000234,0.005258,0.002112,0.002112,0.000800,4
JOIN_REQUEST,None,"[66,254]",63,74,313.406642,313.406728,0.000086,0.001950,0.000832,0.000832,0.000200,1
JOIN_REPLY,"[66,254]","[255,255]",74,63,313.406728,313.406815,0.000086,0.002270,0.000992,0.000992,0.000200,1
JOIN_ACK,"[66,4]","[66,254]",63,74,313.406815,313.406901,0.000086,0.001850,0.000832,0.000832,0.000100,1
SENSOR_DATA,"[0,2]","[0,254]",,1,314.741474,314.741564,0.000090,0.004714,0.002112,0.002112,0.000400,2
SENSOR_DATA,"[12,3]","[0,254]",,1,316.965071,316.965310,0.000239,0.005263,0.002112,0.002112,0.000800,4
SENSOR_DATA,"[0,1]","[0,254]",,1,316.999538,316.999617,0.000079,0.004703,0.002112,0.002112,0.000400,2
SENSOR_DATA,"[0,3]","[0,254]",,1,317.907825,317.907891,0.000066,0.004690,0.002112,0.002112,0.000400,2
SENSOR_DATA,"[12,4]","[0,254]",,1,317.907773,317.907899,0.000125,0.004949,0.002112,0.002112,0.000600,3
SENSOR_DATA,"[3,1]","[0,254]",,1,318.527649,318.527781,0.000132,0.004956,0.002112,0.002112,0.000600,3
SENSOR_DATA,"[12,2]","[0,254]",,1,318.607701,318.607863,0.000162,0.004986,0.002112,0.002112,0.000600,3
SENSOR_DATA,"[24,1]","[0,254]",,1,320.598362,320.598671,0.000309,0.005533,0.002112,0.002112,0.001000,5
SENSOR_DATA,"[1,1]","[0,254]",,1,322.081586,322.081765,0.000179,0.005003,0.002112,0.002112,0.000600,3
SENSOR_DATA,"[33,1]","[0,254]",,1,322.598748,322.599067,0.000319,0.005543,0.002112,0.002112,0.001000,5
SENSOR_DATA,"[12,1]","[0,254]",,1,322.787308,322.787542,0.000234,0.005258,0.002112,0.002112,0.000800,4
SENSOR_DATA,"[0,2]","[0,254]",,1,324.741474,324.741564,0.000090,0.004714,0.002112,0.002112,0.000400,2
SENSOR_DATA,"[12,3]","[0,254]",,1,326.965071,326.965310,0.000239,0.005263,0.002112,0.002112,0.000800,4
JOIN_REQUEST,None,"[45,254]",43,44,326.968399,326.968489,0.000090,0.001954,0.000832,0.000832,0.000200,1
JOIN_REPLY,"[45,254]","[255,255]",44,43,326.968489,326.968579,0.000090,0.002274,0.000992,0.000992,0.000200,1
JOIN_ACK,"[45,1]","[45,254]",43,44,326.968579,326.968670,0.000090,0.001854,0.000832,0.000832,0.000100,1
SENSOR_DATA,"[0,1]","[0,254]",,1,326.999538,326.999617,0.000079,0.004703,0.002112,0.002112,0.000400,2
SENSOR_DATA,"[0,3]","[0,254]",,1,327.907825,327.907891,0.000066,0.004690,0.002112,0.002112,0.000400,2
SENSOR_DATA,"[12,4]","[0,254]",,1,327.907773,327.907899,0.000125,0.004949,0.002112,0.002112,0.000600,3
SENSOR_DATA,"[3,1]","[0,254]",,1,328.527649,328.527781,0.000132,0.004956,0.002112,0.002112,0.000600,3
SENSOR_DATA,"[12,2]","[0,254]",,1,328.607701,328.607863,0.000162,0.004986,0.002112,0.002112,0.000600,3
CH_TRANSFER,"[25,3]","[45,1]",44,43,328.968670,328.968760,0.000090,0.003434,0.001472,0.001472,0.000400,2
NETWORK_UPDATE,"[45,1]","[25,3]",43,44,328.968760,328.968850,0.000090,0.003634,0.001472,0.001472,0.000600,2
CH_TRANSFER_ACK,"[45,1]","[25,3]",43,44,328.968760,328.968850,0.000090,0.003434,0.001472,0.001472,0.000400,2
NETWORK_UPDATE,"[25,3]","[25,1]",44,34,328.968850,328.968902,0.000052,0.003596,0.001472,0.001472,0.000600,2
NETWORK_UPDATE,"[25,1]","[33,1]",34,24,328.968902,328.968985,0.000083,0.003627,0.001472,0.001472,0.000600,2
SENSOR_DATA,"[24,1]","[0,254]",,1,330.598362,330.598671,0.000309,0.005533,0.002112,0.002112,0.001000,5
SENSOR_DATA,"[1,1]","[0,254]",,1,332.081586,332.081765,0.000179,0.005003,0.002112,0.002112,0.000600,3
SENSOR_DATA,"[33,1]","[0,254]",,1,332.598748,332.599067,0.000319,0.005543,0.002112,0.002112,0.001000,5
SENSOR_DATA,"[12,1]","[0,254]",,1,332.787308,332.787542,0.000234,0.005258,0.002112,0.002112,0.000800,4
SENSOR_DATA,"[0,2]","[0,254]",,1,334.741474,334.741564,0.000090,0.004714,0.002112,0.002112,0.000400,2
SENSOR_DATA,"[12,3]","[0,254]",,1,336.965071,336.965310,0.000239,0.005263,0.002112,0.002112,0.000800,4
SENSOR_DATA,"[0,1]","[0,254]",,1,336.999538,336.999617,0.000079,0.004703,0.002112,0.002112,0.000400,2
SENSOR_DATA,"[0,3]","[0,254]",,1,337.907825,337.907891,0.000066,0.004690,0.002112,0.002112,0.000400,2
SENSOR_DATA,"[12,4]","[0,254]",,1,337.907773,337.907899,0.000125,0.004949,0.002112,0.002112,0.000600,3
SENSOR_DATA,"[3,1]","[0,254]",,1,338.527649,338.527781,0.000132,0.004956,0.002112,0.002112,0.000600,3
SENSOR_DATA,"[12,2]","[0,254]",,1,338.607701,338.607863,0.000162,0.004986,0.002112,0.002112,0.000600,3
SENSOR_DATA,"[24,1]","[0,254]",,1,340.598362,340.598671,0.000309,0.005533,0.002112,0.002112,0.001000,5
JOIN_REQUEST,None,"[85,254]",95,84,340.824984,340.825070,0.000085,0.001949,0.000832,0.000832,0.000200,1
JOIN_REPLY,"[85,254]","[255,255]",84,95,340.825070,340.825155,0.000085,0.002269,0.000992,0.000992,0.000200,1
JOIN_ACK,"[85,1]","[85,254]",95,84,340.825155,340.825240,0.000085,0.001849,0.000832,0.000832,0.000100,1
SENSOR_DATA,"[1,1]","[0,254]",,1,342.081586,342.081765,0.000179,0.005003,0.002112,0.002112,0.000600,3
SENSOR_DATA,"[33,1]","[0,254]",,1,342.598748,342.599067,0.000319,0.005543,0.002112,0.002112,0.001000,5
SENSOR_DATA,"[12,1]","[0,254]",,1,342.787308,342.787542,0.000234,0.005258,0.002112,0.002112,0.000800,4
CH_TRANSFER,"[66,3]","[85,1]",84,95,342.825240,342.825325,0.000085,0.003429,0.001472,0.001472,0.000400,2
NETWORK_UPDATE,"[85,1]","[66,3]",95,84,342.825325,342.825411,0.000085,0.003629,0.001472,0.001472,0.000600,2
CH_TRANSFER_ACK,"[85,1]","[66,3]",95,84,342.825325,342.825411,0.000085,0.003429,0.001472,0.001472,0.000400,2
NETWORK_UPDATE,"[66,3]","[66,1]",84,75,342.825411,342.825495,0.000084,0.003628,0.001472,0.001472,0.000600,2
JOIN_REQUEST,None,"[76,254]",85,75,343.577585,343.577674,0.000089,0.001953,0.000832,0.000832,0.000200,1
JOIN_REPLY,"[76,254]","[255,255]",75,85,343.577674,343.577762,0.000089,0.002273,0.000992,0.000992,0.000200,1
JOIN_ACK,"[76,1]","[76,254]",85,75,343.577762,343.577851,0.000089,0.001853,0.000832,0.000832,0.000100,1
JOIN_REQUEST,None,"[63,254]",71,62,343.829674,343.829763,0.000089,0.001953,0.000832,0.000832,0.000200,1
JOIN_REPLY,"[63,254]","[255,255]",62,71,343.829763,343.829853,0.000089,0.002273,0.000992,0.000992,0.000200,1
JOIN_ACK,"[63,1]","[63,254]",71,62,343.829853,343.829942,0.000089,0.001853,0.000832,0.000832,0.000100,1
SENSOR_DATA,"[0,2]","[0,254]",,1,344.741474,344.741564,0.000090,0.004714,0.002112,0.002112,0.000400,2
JOIN_REQUEST,None,"[85,254]",96,95,345.103060,345.103135,0.000075,0.001939,0.000832,0.000832,0.000200,1
JOIN_REPLY,"[85,254]","[255,255]",95,96,345.103135,345.103210,0.000075,0.002259,0.000992,0.000992,0.000200,1
JOIN_ACK,"[85,1]","[85,254]",96,95,345.103210,345.103285,0.000075,0.001839,0.000832,0.000832,0.000100,1
CH_TRANSFER,"[65,3]","[63,1]",62,71,345.829942,345.830032,0.000089,0.003433,0.001472,0.001472,0.000400,2
NETWORK_UPDATE,"[63,1]","[65,3]",71,62,345.830032,345.830121,0.000089,0.003633,0.001472,0.001472,0.000600,2
CH_TRANSFER_ACK,"[63,1]","[65,3]",71,62,345.830032,345.830121,0.000089,0.003433,0.001472,0.001472,0.000400,2
NETWORK_UPDATE,"[65,3]","[65,1]",62,52,345.830121,345.830169,0.000048,0.003592,0.001472,0.001472,0.000600,2
NETWORK_UPDATE,"[65,1]","[65,2]",52,51,345.830169,345.830226,0.000057,0.003601,0.001472,0.001472,0.000600,2
SENSOR_DATA,"[12,3]","[0,254]",,1,346.965071,346.965310,0.000239,0.005263,0.002112,0.002112,0.000800,4
SENSOR_DATA,"[0,1]","[0,254]",,1,346.999538,346.999617,0.000079,0.004703,0.002112,0.002112,0.000400,2
JOIN_REQUEST,None,"[63,254]",61,71,347.100767,347.100851,0.000084,0.001948,0.000832,0.000832,0.000200,1
JOIN_REPLY,"[63,254]","[255,255]",71,61,347.100851,347.100935,0.000084,0.002268,0.000992,0.000992,0.000200,1
JOIN_ACK,"[63,1]","[63,254]",61,71,347.100935,347.101018,0.000084,0.001848,0.000832,0.000832,0.000100,1
SENSOR_DATA,"[0,3]","[0,254]",,1,347.907825,347.907891,0.000066,0.004690,0.002112,0.002112,0.000400,2
SENSOR_DATA,"[12,4]","[0,254]",,1,347.907773,347.907899,0.000125,0.004949,0.002112,0.002112,0.000600,3
SENSOR_DATA,"[3,1]","[0,254]",,1,348.527649,348.527781,0.000132,0.004956,0.002112,0.002112,0.000600,3
SENSOR_DATA,"[12,2]","[0,254]",,1,348.607701,348.607863,0.000162,0.004986,0.002112,0.002112,0.000600,3
JOIN_REQUEST,None,"[63,254]",70,71,349.673109,349.673185,0.000076,0.001940,0.000832,0.000832,0.000200,1
JOIN_REPLY,"[63,254]","[255,255]",71,70,349.673185,349.673260,0.000076,0.002260,0.000992,0.000992,0.000200,1
JOIN_ACK,"[63,2]","[63,254]",70,71,349.673260,349.673336,0.000076,0.001840,0.000832,0.000832,0.000100,1
SENSOR_DATA,"[24,1]","[0,254]",,1,350.598362,350.598671,0.000309,0.005533,0.002112,0.002112,0.001000,5
JOIN_REQUEST,None,"[5,254]",15,14,351.582745,351.582801,0.000056,0.001920,0.000832,0.000832,0.000200,1
JOIN_REPLY,"[5,254]","[255,255]",14,15,351.582801,351.582857,0.000056,0.002240,0.000992,0.000992,0.000200,1
JOIN_ACK,"[5,1]","[5,254]",15,14,351.582857,351.582913,0.000056,0.001820,0.000832,0.000832,0.000100,1
SENSOR_DATA,"[1,1]","[0,254]",,1,352.081586,352.081765,0.000179,0.005003,0.002112,0.002112,0.000600,3
SENSOR_DATA,"[33,1]","[0,254]",,1,352.598748,352.599067,0.000319,0.005543,0.002112,0.002112,0.001000,5
JOIN_REQUEST,None,"[63,254]",72,71,352.744857,352.744898,0.000041,0.001905,0.000832,0.000832,0.000200,1
JOIN_REPLY,"[63,254]","[255,255]",71,72,352.744898,352.744939,0.000041,0.002225,0.000992,0.000992,0.000200,1
JOIN_ACK,"[63,3]","[63,254]",72,71,352.744939,352.744980,0.000041,0.001805,0.000832,0.000832,0.000100,1
SENSOR_DATA,"[12,1]","[0,254]",,1,352.787308,352.787542,0.000234,0.005258,0.002112,0.002112,0.000800,4
SENSOR_DATA,"[0,2]","[0,254]",,1,354.741474,354.741564,0.000090,0.004714,0.002112,0.002112,0.000400,2
SENSOR_DATA,"[12,3]","[0,254]",,1,356.965071,356.965310,0.000239,0.005263,0.002112,0.002112,0.000800,4
SENSOR_DATA,"[0,1]","[0,254]",,1,356.999538,356.999617,0.000079,0.004703,0.002112,0.002112,0.000400,2
SENSOR_DATA,"[0,3]","[0,254]",,1,357.907825,357.907891,0.000066,0.004690,0.002112,0.002112,0.000400,2
SENSOR_DATA,"[12,4]","[0,254]",,1,357.907773,357.907899,0.000125,0.004949,0.002112,0.002112,0.000600,3
SENSOR_DATA,"[3,1]","[0,254]",,1,358.527649,358.527781,0.000132,0.004956,0.002112,0.002112,0.000600,3
SENSOR_DATA,"[12,2]","[0,254]",,1,358.607701,358.607863,0.000162,0.004986,0.002112,0.002112,0.000600,3
JOIN_REQUEST,None,"[85,254]",94,95,360.549174,360.549246,0.000072,0.001936,0.000832,0.000832,0.000200,1
JOIN_REPLY,"[85,254]","[255,255]",95,94,360.549246,360.549317,0.000072,0.002256,0.000992,0.000992,0.000200,1
JOIN_ACK,"[85,2]","[85,254]",94,95,360.549317,360.549389,0.000072,0.001836,0.000832,0.000832,0.000100,1
SENSOR_DATA,"[24,1]","[0,254]",,1,360.598362,360.598671,0.000309,0.005533,0.002112,0.002112,0.001000,5
SENSOR_DATA,"[1,1]","[0,254]",,1,362.081586,362.081765,0.000179,0.005003,0.002112,0.002112,0.000600,3
SENSOR_DATA,"[33,1]","[0,254]",,1,362.598748,362.599067,0.000319,0.005543,0.002112,0.002112,0.001000,5
SENSOR_DATA,"[12,1]","[0,254]",,1,362.787308,362.787542,0.000234,0.005258,0.002112,0.002112,0.000800,4
JOIN_REQUEST,None,"[76,254]",85,75,363.577585,363.577674,0.000089,0.001953,0.000832,0.000832,0.000200,1
JOIN_REPLY,"[76,254]","[255,255]",75,85,363.577674,363.577762,0.000089,0.002273,0.000992,0.000992,0.000200,1
JOIN_ACK,"[76,1]","[76,254]",85,75,363.577762,363.577851,0.000089,0.001853,0.000832,0.000832,0.000100,1
SENSOR_DATA,"[0,2]","[0,254]",,1,364.741474,364.741564,0.000090,0.004714,0.002112,0.002112,0.000400,2
SENSOR_DATA,"[12,3]","[0,254]",,1,366.965071,366.965310,0.000239,0.005263,0.002112,0.002112,0.000800,4
SENSOR_DATA,"[0,1]","[0,254]",,1,366.999538,366.999617,0.000079,0.004703,0.002112,0.002112,0.000400,2
SENSOR_DATA,"[0,3]","[0,254]",,1,367.907825,367.907891,0.000066,0.004690,0.002112,0.002112,0.000400,2
SENSOR_DATA,"[12,4]","[0,254]",,1,367.907773,367.907899,0.000125,0.004949,0.002112,0.002112,0.000600,3
SENSOR_DATA,"[3,1]","[0,254]",,1,368.527649,368.527781,0.000132,0.004956,0.002112,0.002112,0.000600,3
SENSOR_DATA,"[12,2]","[0,254]",,1,368.607701,368.607863,0.000162,0.004986,0.002112,0.002112,0.000600,3
JOIN_REQUEST,None,"[97,254]",86,96,368.940306,368.940399,0.000093,0.001957,0.000832,0.000832,0.000200,1
JOIN_REPLY,"[97,254]","[255,255]",96,86,368.940399,368.940492,0.000093,0.002277,0.000992,0.000992,0.000200,1
JOIN_ACK,"[97,1]","[97,254]",86,96,368.940492,368.940585,0.000093,0.001857,0.000832,0.000832,0.000100,1
SENSOR_DATA,"[24,1]","[0,254]",,1,370.598362,370.598671,0.000309,0.005533,0.002112,0.002112,0.001000,5
CH_TRANSFER,"[85,1]","[97,1]",96,86,370.940585,370.940678,0.000093,0.003437,0.001472,0.001472,0.000400,2
NETWORK_UPDATE,"[97,1]","[85,1]",86,96,370.940678,370.940771,0.000093,0.003637,0.001472,0.001472,0.000600,2
CH_TRANSFER_ACK,"[97,1]","[85,1]",86,96,370.940678,370.940771,0.000093,0.003437,0.001472,0.001472,0.000400,2
SENSOR_DATA,"[1,1]","[0,254]",,1,372.081586,372.081765,0.000179,0.005003,0.002112,0.002112,0.000600,3
SENSOR_DATA,"[33,1]","[0,254]",,1,372.598748,372.599067,0.000319,0.005543,0.002112,0.002112,0.001000,5
SENSOR_DATA,"[12,1]","[0,254]",,1,372.787308,372.787542,0.000234,0.005258,0.002112,0.002112,0.000800,4
SENSOR_DATA,"[0,2]","[0,254]",,1,374.741474,374.741564,0.000090,0.004714,0.002112,0.002112,0.000400,2
SENSOR_DATA,"[12,3]","[0,254]",,1,376.965071,376.965310,0.000239,0.005263,0.002112,0.002112,0.000800,4
SENSOR_DATA,"[0,1]","[0,254]",,1,376.999538,376.999617,0.000079,0.004703,0.002112,0.002112,0.000400,2
SENSOR_DATA,"[0,3]","[0,254]",,1,377.907825,377.907891,0.000066,0.004690,0.002112,0.002112,0.000400,2
SENSOR_DATA,"[12,4]","[0,254]",,1,377.907773,377.907899,0.000125,0.004949,0.002112,0.002112,0.000600,3
JOIN_REQUEST,None,"[97,254]",77,86,378.380650,378.380717,0.000067,0.001931,0.000832,0.000832,0.000200,1
JOIN_REPLY,"[97,254]","[255,255]",86,77,378.380717,378.380784,0.000067,0.002251,0.000992,0.000992,0.000200,1
JOIN_ACK,"[97,1]","[97,254]",77,86,378.380784,378.380851,0.000067,0.001831,0.000832,0.000832,0.000100,1
SENSOR_DATA,"[3,1]","[0,254]",,1,378.527649,378.527781,0.000132,0.004956,0.002112,0.002112,0.000600,3
SENSOR_DATA,"[12,2]","[0,254]",,1,378.607701,378.607863,0.000162,0.004986,0.002112,0.002112,0.000600,3
SENSOR_DATA,"[24,1]","[0,254]",,1,380.598362,380.598671,0.000309,0.005533,0.002112,0.002112,0.001000,5
SENSOR_DATA,"[1,1]","[0,254]",,1,382.081586,382.081765,0.000179,0.005003,0.002112,0.002112,0.000600,3
SENSOR_DATA,"[33,1]","[0,254]",,1,382.598748,382.599067,0.000319,0.005543,0.002112,0.002112,0.001000,5
SENSOR_DATA,"[12,1]","[0,254]",,1,382.787308,382.787542,0.000234,0.005258,0.002112,0.002112,0.000800,4
JOIN_REQUEST,None,"[97,254]",76,86,384.503025,384.503101,0.000076,0.001940,0.000832,0.000832,0.000200,1
JOIN_REPLY,"[97,254]","[255,255]",86,76,384.503101,384.503177,0.000076,0.002260,0.000992,0.000992,0.000200,1
JOIN_ACK,"[97,2]","[97,254]",76,86,384.503177,384.503253,0.000076,0.001840,0.000832,0.000832,0.000100,1
SENSOR_DATA,"[0,2]","[0,254]",,1,384.741474,384.741564,0.000090,0.004714,0.002112,0.002112,0.000400,2
SENSOR_DATA,"[12,3]","[0,254]",,1,386.965071,386.965310,0.000239,0.005263,0.002112,0.002112,0.000800,4
SENSOR_DATA,"[0,1]","[0,254]",,1,386.999538,386.999617,0.000079,0.004703,0.002112,0.002112,0.000400,2
JOIN_REQUEST,None,"[97,254]",97,86,387.716998,387.717058,0.000060,0.001924,0.000832,0.000832,0.000200,1
JOIN_REPLY,"[97,254]","[255,255]",86,97,387.717058,387.717118,0.000060,0.002244,0.000992,0.000992,0.000200,1
JOIN_ACK,"[97,3]","[97,254]",97,86,387.717118,387.717179,0.000060,0.001824,0.000832,0.000832,0.000100,1
SENSOR_DATA,"[0,3]","[0,254]",,1,387.907825,387.907891,0.000066,0.004690,0.002112,0.002112,0.000400,2
SENSOR_DATA,"[12,4]","[0,254]",,1,387.907773,387.907899,0.000125,0.004949,0.002112,0.002112,0.000600,3
SENSOR_DATA,"[3,1]","[0,254]",,1,388.527649,388.527781,0.000132,0.004956,0.002112,0.002112,0.000600,3
SENSOR_DATA,"[12,2]","[0,254]",,1,388.607701,388.607863,0.000162,0.004986,0.002112,0.002112,0.000600,3
JOIN_REQUEST,None,"[97,254]",87,86,388.860442,388.860501,0.000058,0.001922,0.000832,0.000832,0.000200,1
JOIN_REPLY,"[97,254]","[255,255]",86,87,388.860501,388.860559,0.000058,0.002242,0.000992,0.000992,0.000200,1
JOIN_ACK,"[97,4]","[97,254]",87,86,388.860559,388.860617,0.000058,0.001822,0.000832,0.000832,0.000100,1
SENSOR_DATA,"[24,1]","[0,254]",,1,390.598362,390.598671,0.000309,0.005533,0.002112,0.002112,0.001000,5
SENSOR_DATA,"[1,1]","[0,254]",,1,392.081586,392.081765,0.000179,0.005003,0.002112,0.002112,0.000600,3
SENSOR_DATA,"[33,1]","[0,254]",,1,392.598748,392.599067,0.000319,0.005543,0.002112,0.002112,0.001000,5
SENSOR_DATA,"[12,1]","[0,254]",,1,392.787308,392.787542,0.000234,0.005258,0.002112,0.002112,0.000800,4
SENSOR_DATA,"[0,2]","[0,254]",,1,394.741474,394.741564,0.000090,0.004714,0.002112,0.002112,0.000400,2
JOIN_REQUEST,None,"[95,254]",93,94,395.192724,395.192816,0.000092,0.001956,0.000832,0.000832,0.000200,1
JOIN_REPLY,"[95,254]","[255,255]",94,93,395.192816,395.192907,0.000092,0.002276,0.000992,0.000992,0.000200,1
JOIN_ACK,"[95,1]","[95,254]",93,94,395.192907,395.192999,0.000092,0.001856,0.000832,0.000832,0.000100,1
JOIN_REQUEST,None,"[62,254]",60,61,396.732730,396.732792,0.000062,0.001926,0.000832,0.000832,0.000200,1
JOIN_REPLY,"[62,254]","[255,255]",61,60,396.732792,396.732854,0.000062,0.002246,0.000992,0.000992,0.000200,1
JOIN_ACK,"[62,1]","[62,254]",60,61,396.732854,396.732915,0.000062,0.001826,0.000832,0.000832,0.000100,1
SENSOR_DATA,"[12,3]","[0,254]",,1,396.965071,396.965310,0.000239,0.005263,0.002112,0.002112,0.000800,4
SENSOR_DATA,"[0,1]","[0,254]",,1,396.999538,396.999617,0.000079,0.004703,0.002112,0.002112,0.000400,2
CH_TRANSFER,"[85,2]","[95,1]",94,93,397.192999,397.193091,0.000092,0.003436,0.001472,0.001472,0.000400,2
NETWORK_UPDATE,"[95,1]","[85,2]",93,94,397.193091,397.193183,0.000092,0.003636,0.001472,0.001472,0.000600,2
CH_TRANSFER_ACK,"[95,1]","[85,2]",93,94,397.193091,397.193183,0.000092,0.003436,0.001472,0.001472,0.000400,2
NETWORK_UPDATE,"[85,2]","[85,1]",94,95,397.193183,397.193254,0.000072,0.003616,0.001472,0.001472,0.000600,2
NETWORK_UPDATE,"[85,1]","[66,3]",95,84,397.193254,397.193340,0.000085,0.003629,0.001472,0.001472,0.000600,2
SENSOR_DATA,"[0,3]","[0,254]",,1,397.907825,397.907891,0.000066,0.004690,0.002112,0.002112,0.000400,2
SENSOR_DATA,"[12,4]","[0,254]",,1,397.907773,397.907899,0.000125,0.004949,0.002112,0.002112,0.000600,3
JOIN_REQUEST,None,"[95,254]",83,93,398.478362,398.478440,0.000078,0.001942,0.000832,0.000832,0.000200,1
JOIN_REPLY,"[95,254]","[255,255]",93,83,398.478440,398.478518,0.000078,0.002262,0.000992,0.000992,0.000200,1
JOIN_ACK,"[95,1]","[95,254]",83,93,398.478518,398.478596,0.000078,0.001842,0.000832,0.000832,0.000100,1
SENSOR_DATA,"[3,1]","[0,254]",,1,398.527649,398.527781,0.000132,0.004956,0.002112,0.002112,0.000600,3
SENSOR_DATA,"[12,2]","[0,254]",,1,398.607701,398.607863,0.000162,0.004986,0.002112,0.002112,0.000600,3
CH_TRANSFER,"[63,1]","[62,1]",61,60,398.732915,398.732977,0.000062,0.003406,0.001472,0.001472,0.000400,2
NETWORK_UPDATE,"[62,1]","[63,1]",60,61,398.732977,398.733039,0.000062,0.003606,0.001472,0.001472,0.000600,2
CH_TRANSFER_ACK,"[62,1]","[63,1]",60,61,398.732977,398.733039,0.000062,0.003406,0.001472,0.001472,0.000400,2
SENSOR_DATA,"[24,1]","[0,254]",,1,400.598362,400.598671,0.000309,0.005533,0.002112,0.002112,0.001000,5
JOIN_REQUEST,None,"[98,254]",88,97,401.956908,401.956993,0.000085,0.001949,0.000832,0.000832,0.000200,1
JOIN_REPLY,"[98,254]","[255,255]",97,88,401.956993,401.957078,0.000085,0.002269,0.000992,0.000992,0.000200,1
JOIN_ACK,"[98,1]","[98,254]",88,97,401.957078,401.957164,0.000085,0.001849,0.000832,0.000832,0.000100,1
SENSOR_DATA,"[1,1]","[0,254]",,1,402.081586,402.081765,0.000179,0.005003,0.002112,0.002112,0.000600,3
SENSOR_DATA,"[33,1]","[0,254]",,1,402.598748,402.599067,0.000319,0.005543,0.002112,0.002112,0.001000,5
SENSOR_DATA,"[12,1]","[0,254]",,1,402.787308,402.787542,0.000234,0.005258,0.002112,0.002112,0.000800,4
CH_TRANSFER,"[97,3]","[98,1]",97,88,403.957164,403.957249,0.000085,0.003429,0.001472,0.001472,0.000400,2
NETWORK_UPDATE,"[98,1]","[97,3]",88,97,403.957249,403.957334,0.000085,0.003629,0.001472,0.001472,0.000600,2
CH_TRANSFER_ACK,"[98,1]","[97,3]",88,97,403.957249,403.957334,0.000085,0.003429,0.001472,0.001472,0.000400,2
NETWORK_UPDATE,"[97,3]","[97,1]",97,86,403.957334,403.957395,0.000060,0.003604,0.001472,0.001472,0.000600,2
NETWORK_UPDATE,"[97,1]","[85,1]",86,96,403.957395,403.957488,0.000093,0.003637,0.001472,0.001472,0.000600,2
SENSOR_DATA,"[0,2]","[0,254]",,1,404.741474,404.741564,0.000090,0.004714,0.002112,0.002112,0.000400,2
JOIN_REQUEST,None,"[95,254]",92,93,405.695314,405.695366,0.000052,0.001916,0.000832,0.000832,0.000200,1
JOIN_REPLY,"[95,254]","[255,255]",93,92,405.695366,405.695417,0.000052,0.002236,0.000992,0.000992,0.000200,1
JOIN_ACK,"[95,2]","[95,254]",92,93,405.695417,405.695469,0.000052,0.001816,0.000832,0.000832,0.000100,1
SENSOR_DATA,"[12,3]","[0,254]",,1,406.965071,406.965310,0.000239,0.005263,0.002112,0.002112,0.000800,4
SENSOR_DATA,"[0,1]","[0,254]",,1,406.999538,406.999617,0.000079,0.004703,0.002112,0.002112,0.000400,2
SENSOR_DATA,"[0,3]","[0,254]",,1,407.907825,407.907891,0.000066,0.004690,0.002112,0.002112,0.000400,2
SENSOR_DATA,"[12,4]","[0,254]",,1,407.907773,407.907899,0.000125,0.004949,0.002112,0.002112,0.000600,3
JOIN_REQUEST,None,"[98,254]",89,88,408.422130,408.422198,0.000068,0.001932,0.000832,0.000832,0.000200,1
JOIN_REPLY,"[98,254]","[255,255]",88,89,408.422198,408.422266,0.000068,0.002252,0.000992,0.000992,0.000200,1
JOIN_ACK,"[98,1]","[98,254]",89,88,408.422266,408.422334,0.000068,0.001832,0.000832,0.000832,0.000100,1
SENSOR_DATA,"[3,1]","[0,254]",,1,408.527649,408.527781,0.000132,0.004956,0.002112,0.002112,0.000600,3
SENSOR_DATA,"[12,2]","[0,254]",,1,408.607701,408.607863,0.000162,0.004986,0.002112,0.002112,0.000600,3
SENSOR_DATA,"[24,1]","[0,254]",,1,410.598362,410.598671,0.000309,0.005533,0.002112,0.002112,0.001000,5
SENSOR_DATA,"[1,1]","[0,254]",,1,412.081586,412.081765,0.000179,0.005003,0.002112,0.002112,0.000600,3
SENSOR_DATA,"[33,1]","[0,254]",,1,412.598748,412.599067,0.000319,0.005543,0.002112,0.002112,0.001000,5
JOIN_REQUEST,None,"[98,254]",79,88,412.667828,412.667923,0.000095,0.001959,0.000832,0.000832,0.000200,1
JOIN_REPLY,"[98,254]","[255,255]",88,79,412.667923,412.668019,0.000095,0.002279,0.000992,0.000992,0.000200,1
JOIN_ACK,"[98,2]","[98,254]",79,88,412.668019,412.668114,0.000095,0.001859,0.000832,0.000832,0.000100,1
SENSOR_DATA,"[12,1]","[0,254]",,1,412.787308,412.787542,0.000234,0.005258,0.002112,0.002112,0.000800,4
SENSOR_DATA,"[0,2]","[0,254]",,1,414.741474,414.741564,0.000090,0.004714,0.002112,0.002112,0.000400,2
JOIN_REQUEST,None,"[98,254]",98,88,414.812031,414.812070,0.000040,0.001904,0.000832,0.000832,0.000200,1
JOIN_REPLY,"[98,254]","[255,255]",88,98,414.812070,414.812110,0.000040,0.002224,0.000992,0.000992,0.000200,1
JOIN_ACK,"[98,3]","[98,254]",98,88,414.812110,414.812149,0.000040,0.001804,0.000832,0.000832,0.000100,1
SENSOR_DATA,"[12,3]","[0,254]",,1,416.965071,416.965310,0.000239,0.005263,0.002112,0.002112,0.000800,4
SENSOR_DATA,"[0,1]","[0,254]",,1,416.999538,416.999617,0.000079,0.004703,0.002112,0.002112,0.000400,2
SENSOR_DATA,"[0,3]","[0,254]",,1,417.907825,417.907891,0.000066,0.004690,0.002112,0.002112,0.000400,2
SENSOR_DATA,"[12,4]","[0,254]",,1,417.907773,417.907899,0.000125,0.004949,0.002112,0.002112,0.000600,3
SENSOR_DATA,"[3,1]","[0,254]",,1,418.527649,418.527781,0.000132,0.004956,0.002112,0.002112,0.000600,3
SENSOR_DATA,"[12,2]","[0,254]",,1,418.607701,418.607863,0.000162,0.004986,0.002112,0.002112,0.000600,3
SENSOR_DATA,"[24,1]","[0,254]",,1,420.598362,420.598671,0.000309,0.005533,0.002112,0.002112,0.001000,5
JOIN_REQUEST,None,"[73,254]",82,72,420.722943,420.723026,0.000084,0.001948,0.000832,0.000832,0.000200,1
JOIN_REPLY,"[73,254]","[255,255]",72,82,420.723026,420.723110,0.000084,0.002268,0.000992,0.000992,0.000200,1
JOIN_ACK,"[73,1]","[73,254]",82,72,420.723110,420.723194,0.000084,0.001848,0.000832,0.000832,0.000100,1
SENSOR_DATA,"[1,1]","[0,254]",,1,422.081586,422.081765,0.000179,0.005003,0.002112,0.002112,0.000600,3
SENSOR_DATA,"[33,1]","[0,254]",,1,422.598748,422.599067,0.000319,0.005543,0.002112,0.002112,0.001000,5
CH_TRANSFER,"[63,3]","[73,1]",72,82,422.723194,422.723278,0.000084,0.003428,0.001472,0.001472,0.000400,2
NETWORK_UPDATE,"[73,1]","[63,3]",82,72,422.723278,422.723361,0.000084,0.003628,0.001472,0.001472,0.000600,2
CH_TRANSFER_ACK,"[73,1]","[63,3]",82,72,422.723278,422.723361,0.000084,0.003428,0.001472,0.001472,0.000400,2
NETWORK_UPDATE,"[63,3]","[63,1]",72,71,422.723361,422.723402,0.000041,0.003585,0.001472,0.001472,0.000600,2
NETWORK_UPDATE,"[63,1]","[65,3]",71,62,422.723402,422.723492,0.000089,0.003633,0.001472,0.001472,0.000600,2
SENSOR_DATA,"[12,1]","[0,254]",,1,422.787308,422.787542,0.000234,0.005258,0.002112,0.002112,0.000800,4
SENSOR_DATA,"[0,2]","[0,254]",,1,424.741474,424.741564,0.000090,0.004714,0.002112,0.002112,0.000400,2
SENSOR_DATA,"[12,3]","[0,254]",,1,426.965071,426.965310,0.000239,0.005263,0.002112,0.002112,0.000800,4
SENSOR_DATA,"[0,1]","[0,254]",,1,426.999538,426.999617,0.000079,0.004703,0.002112,0.002112,0.000400,2
SENSOR_DATA,"[0,3]","[0,254]",,1,427.907825,427.907891,0.000066,0.004690,0.002112,0.002112,0.000400,2
SENSOR_DATA,"[12,4]","[0,254]",,1,427.907773,427.907899,0.000125,0.004949,0.002112,0.002112,0.000600,3
SENSOR_DATA,"[3,1]","[0,254]",,1,428.527649,428.527781,0.000132,0.004956,0.002112,0.002112,0.000600,3
SENSOR_DATA,"[12,2]","[0,254]",,1,428.607701,428.607863,0.000162,0.004986,0.002112,0.002112,0.000600,3
SENSOR_DATA,"[24,1]","[0,254]",,1,430.598362,430.598671,0.000309,0.005533,0.002112,0.002112,0.001000,5
JOIN_REQUEST,None,"[73,254]",81,82,431.198962,431.199029,0.000068,0.001932,0.000832,0.000832,0.000200,1
JOIN_REPLY,"[73,254]","[255,255]",82,81,431.199029,431.199097,0.000068,0.002252,0.000992,0.000992,0.000200,1
JOIN_ACK,"[73,1]","[73,254]",81,82,431.199097,431.199165,0.000068,0.001832,0.000832,0.000832,0.000100,1
SENSOR_DATA,"[1,1]","[0,254]",,1,432.081586,432.081765,0.000179,0.005003,0.002112,0.002112,0.000600,3
SENSOR_DATA,"[33,1]","[0,254]",,1,432.598748,432.599067,0.000319,0.005543,0.002112,0.002112,0.001000,5
SENSOR_DATA,"[12,1]","[0,254]",,1,432.787308,432.787542,0.000234,0.005258,0.002112,0.002112,0.000800,4
SENSOR_DATA,"[0,2]","[0,254]",,1,434.741474,434.741564,0.000090,0.004714,0.002112,0.002112,0.000400,2
SENSOR_DATA,"[12,3]","[0,254]",,1,436.965071,436.965310,0.000239,0.005263,0.002112,0.002112,0.000800,4
SENSOR_DATA,"[0,1]","[0,254]",,1,436.999538,436.999617,0.000079,0.004703,0.002112,0.002112,0.000400,2
SENSOR_DATA,"[0,3]","[0,254]",,1,437.907825,437.907891,0.000066,0.004690,0.002112,0.002112,0.000400,2
SENSOR_DATA,"[12,4]","[0,254]",,1,437.907773,437.907899,0.000125,0.004949,0.002112,0.002112,0.000600,3
SENSOR_DATA,"[3,1]","[0,254]",,1,438.527649,438.527781,0.000132,0.004956,0.002112,0.002112,0.000600,3
SENSOR_DATA,"[12,2]","[0,254]",,1,438.607701,438.607863,0.000162,0.004986,0.002112,0.002112,0.000600,3
SENSOR_DATA,"[24,1]","[0,254]",,1,440.598362,440.598671,0.000309,0.005533,0.002112,0.002112,0.001000,5
JOIN_REQUEST,None,"[73,254]",91,82,440.897700,440.897777,0.000077,0.001941,0.000832,0.000832,0.000200,1
JOIN_REPLY,"[73,254]","[255,255]",82,91,440.897777,440.897854,0.000077,0.002261,0.000992,0.000992,0.000200,1
JOIN_ACK,"[73,2]","[73,254]",91,82,440.897854,440.897930,0.000077,0.001841,0.000832,0.000832,0.000100,1
SENSOR_DATA,"[1,1]","[0,254]",,1,442.081586,442.081765,0.000179,0.005003,0.002112,0.002112,0.000600,3
SENSOR_DATA,"[33,1]","[0,254]",,1,442.598748,442.599067,0.000319,0.005543,0.002112,0.002112,0.001000,5
SENSOR_DATA,"[12,1]","[0,254]",,1,442.787308,442.787542,0.000234,0.005258,0.002112,0.002112,0.000800,4
SENSOR_DATA,"[0,2]","[0,254]",,1,444.741474,444.741564,0.000090,0.004714,0.002112,0.002112,0.000400,2
SENSOR_DATA,"[12,3]","[0,254]",,1,446.965071,446.965310,0.000239,0.005263,0.002112,0.002112,0.000800,4
SENSOR_DATA,"[0,1]","[0,254]",,1,446.999538,446.999617,0.000079,0.004703,0.002112,0.002112,0.000400,2
SENSOR_DATA,"[0,3]","[0,254]",,1,447.907825,447.907891,0.000066,0.004690,0.002112,0.002112,0.000400,2
SENSOR_DATA,"[12,4]","[0,254]",,1,447.907773,447.907899,0.000125,0.004949,0.002112,0.002112,0.000600,3
SENSOR_DATA,"[3,1]","[0,254]",,1,448.527649,448.527781,0.000132,0.004956,0.002112,0.002112,0.000600,3
SENSOR_DATA,"[12,2]","[0,254]",,1,448.607701,448.607863,0.000162,0.004986,0.002112,0.002112,0.000600,3
SENSOR_DATA,"[24,1]","[0,254]",,1,450.598362,450.598671,0.000309,0.005533,0.002112,0.002112,0.001000,5
JOIN_REQUEST,None,"[80,254]",69,79,451.842203,451.842294,0.000091,0.001955,0.000832,0.000832,0.000200,1
JOIN_REPLY,"[80,254]","[255,255]",79,69,451.842294,451.842385,0.000091,0.002275,0.000992,0.000992,0.000200,1
JOIN_ACK,"[80,1]","[80,254]",69,79,451.842385,451.842476,0.000091,0.001855,0.000832,0.000832,0.000100,1
SENSOR_DATA,"[1,1]","[0,254]",,1,452.081586,452.081765,0.000179,0.005003,0.002112,0.002112,0.000600,3
SENSOR_DATA,"[33,1]","[0,254]",,1,452.598748,452.599067,0.000319,0.005543,0.002112,0.002112,0.001000,5
SENSOR_DATA,"[12,1]","[0,254]",,1,452.787308,452.787542,0.000234,0.005258,0.002112,0.002112,0.000800,4
CH_TRANSFER,"[98,2]","[80,1]",79,69,453.842476,453.842568,0.000091,0.003435,0.001472,0.001472,0.000400,2
NETWORK_UPDATE,"[80,1]","[98,2]",69,79,453.842568,453.842659,0.000091,0.003635,0.001472,0.001472,0.000600,2
CH_TRANSFER_ACK,"[80,1]","[98,2]",69,79,453.842568,453.842659,0.000091,0.003435,0.001472,0.001472,0.000400,2
NETWORK_UPDATE,"[98,2]","[98,1]",79,89,453.842659,453.842734,0.000076,0.003620,0.001472,0.001472,0.000600,2
JOIN_REQUEST,None,"[78,254]",78,77,454.023462,454.023540,0.000078,0.001942,0.000832,0.000832,0.000200,1
JOIN_REPLY,"[78,254]","[255,255]",77,78,454.023540,454.023618,0.000078,0.002262,0.000992,0.000992,0.000200,1
JOIN_ACK,"[78,1]","[78,254]",78,77,454.023618,454.023696,0.000078,0.001842,0.000832,0.000832,0.000100,1
SENSOR_DATA,"[0,2]","[0,254]",,1,454.741474,454.741564,0.000090,0.004714,0.002112,0.002112,0.000400,2
CH_TRANSFER,"[97,1]","[78,1]",77,78,456.023696,456.023774,0.000078,0.003422,0.001472,0.001472,0.000400,2
NETWORK_UPDATE,"[78,1]","[97,1]",78,77,456.023774,456.023852,0.000078,0.003622,0.001472,0.001472,0.000600,2
CH_TRANSFER_ACK,"[78,1]","[97,1]",78,77,456.023774,456.023852,0.000078,0.003422,0.001472,0.001472,0.000400,2
SENSOR_DATA,"[12,3]","[0,254]",,1,456.965071,456.965310,0.000239,0.005263,0.002112,0.002112,0.000800,4
SENSOR_DATA,"[0,1]","[0,254]",,1,456.999538,456.999617,0.000079,0.004703,0.002112,0.002112,0.000400,2
JOIN_REQUEST,None,"[78,254]",68,78,457.408879,457.408964,0.000085,0.001949,0.000832,0.000832,0.000200,1
JOIN_REPLY,"[78,254]","[255,255]",78,68,457.408964,457.409049,0.000085,0.002269,0.000992,0.000992,0.000200,1
JOIN_ACK,"[78,1]","[78,254]",68,78,457.409049,457.409134,0.000085,0.001849,0.000832,0.000832,0.000100,1
SENSOR_DATA,"[0,3]","[0,254]",,1,457.907825,457.907891,0.000066,0.004690,0.002112,0.002112,0.000400,2
SENSOR_DATA,"[12,4]","[0,254]",,1,457.907773,457.907899,0.000125,0.004949,0.002112,0.002112,0.000600,3
SENSOR_DATA,"[3,1]","[0,254]",,1,458.527649,458.527781,0.000132,0.004956,0.002112,0.002112,0.000600,3
SENSOR_DATA,"[12,2]","[0,254]",,1,458.607701,458.607863,0.000162,0.004986,0.002112,0.002112,0.000600,3
SENSOR_DATA,"[24,1]","[0,254]",,1,460.598362,460.598671,0.000309,0.005533,0.002112,0.002112,0.001000,5
SENSOR_DATA,"[1,1]","[0,254]",,1,462.081586,462.081765,0.000179,0.005003,0.002112,0.002112,0.000600,3
SENSOR_DATA,"[33,1]","[0,254]",,1,462.598748,462.599067,0.000319,0.005543,0.002112,0.002112,0.001000,5
SENSOR_DATA,"[12,1]","[0,254]",,1,462.787308,462.787542,0.000234,0.005258,0.002112,0.002112,0.000800,4
SENSOR_DATA,"[0,2]","[0,254]",,1,464.741474,464.741564,0.000090,0.004714,0.002112,0.002112,0.000400,2
JOIN_REQUEST,None,"[69,254]",57,68,466.134130,466.134222,0.000092,0.001956,0.000832,0.000832,0.000200,1
JOIN_REPLY,"[69,254]","[255,255]",68,57,466.134222,466.134314,0.000092,0.002276,0.000992,0.000992,0.000200,1
JOIN_ACK,"[69,1]","[69,254]",57,68,466.134314,466.134406,0.000092,0.001856,0.000832,0.000832,0.000100,1
SENSOR_DATA,"[12,3]","[0,254]",,1,466.965071,466.965310,0.000239,0.005263,0.002112,0.002112,0.000800,4
SENSOR_DATA,"[0,1]","[0,254]",,1,466.999538,466.999617,0.000079,0.004703,0.002112,0.002112,0.000400,2
SENSOR_DATA,"[0,3]","[0,254]",,1,467.907825,467.907891,0.000066,0.004690,0.002112,0.002112,0.000400,2
SENSOR_DATA,"[12,4]","[0,254]",,1,467.907773,467.907899,0.000125,0.004949,0.002112,0.002112,0.000600,3
CH_TRANSFER,"[78,1]","[69,1]",68,57,468.134406,468.134498,0.000092,0.003436,0.001472,0.001472,0.000400,2
NETWORK_UPDATE,"[69,1]","[78,1]",57,68,468.134498,468.134590,0.000092,0.003636,0.001472,0.001472,0.000600,2
CH_TRANSFER_ACK,"[69,1]","[78,1]",57,68,468.134498,468.134590,0.000092,0.003436,0.001472,0.001472,0.000400,2
SENSOR_DATA,"[3,1]","[0,254]",,1,468.527649,468.527781,0.000132,0.004956,0.002112,0.002112,0.000600,3
SENSOR_DATA,"[12,2]","[0,254]",,1,468.607701,468.607863,0.000162,0.004986,0.002112,0.002112,0.000600,3
JOIN_REQUEST,None,"[78,254]",67,78,470.123705,470.123766,0.000061,0.001925,0.000832,0.000832,0.000200,1
JOIN_REPLY,"[78,254]","[255,255]",78,67,470.123766,470.123828,0.000061,0.002245,0.000992,0.000992,0.000200,1
JOIN_ACK,"[78,2]","[78,254]",67,78,470.123828,470.123889,0.000061,0.001825,0.000832,0.000832,0.000100,1
SENSOR_DATA,"[24,1]","[0,254]",,1,470.598362,470.598671,0.000309,0.005533,0.002112,0.002112,0.001000,5
SENSOR_DATA,"[1,1]","[0,254]",,1,472.081586,472.081765,0.000179,0.005003,0.002112,0.002112,0.000600,3
SENSOR_DATA,"[33,1]","[0,254]",,1,472.598748,472.599067,0.000319,0.005543,0.002112,0.002112,0.001000,5
SENSOR_DATA,"[12,1]","[0,254]",,1,472.787308,472.787542,0.000234,0.005258,0.002112,0.002112,0.000800,4
JOIN_REQUEST,None,"[69,254]",58,57,474.008189,474.008236,0.000047,0.001911,0.000832,0.000832,0.000200,1
JOIN_REPLY,"[69,254]","[255,255]",57,58,474.008236,474.008283,0.000047,0.002231,0.000992,0.000992,0.000200,1
JOIN_ACK,"[69,1]","[69,254]",58,57,474.008283,474.008329,0.000047,0.001811,0.000832,0.000832,0.000100,1
SENSOR_DATA,"[0,2]","[0,254]",,1,474.741474,474.741564,0.000090,0.004714,0.002112,0.002112,0.000400,2
SENSOR_DATA,"[12,3]","[0,254]",,1,476.965071,476.965310,0.000239,0.005263,0.002112,0.002112,0.000800,4
SENSOR_DATA,"[0,1]","[0,254]",,1,476.999538,476.999617,0.000079,0.004703,0.002112,0.002112,0.000400,2
SENSOR_DATA,"[0,3]","[0,254]",,1,477.907825,477.907891,0.000066,0.004690,0.002112,0.002112,0.000400,2
SENSOR_DATA,"[12,4]","[0,254]",,1,477.907773,477.907899,0.000125,0.004949,0.002112,0.002112,0.000600,3
SENSOR_DATA,"[3,1]","[0,254]",,1,478.527649,478.527781,0.000132,0.004956,0.002112,0.002112,0.000600,3
SENSOR_DATA,"[12,2]","[0,254]",,1,478.607701,478.607863,0.000162,0.004986,0.002112,0.002112,0.000600,3
JOIN_REQUEST,None,"[69,254]",66,57,480.222440,480.222531,0.000091,0.001955,0.000832,0.000832,0.000200,1
JOIN_REPLY,"[69,254]","[255,255]",57,66,480.222531,480.222622,0.000091,0.002275,0.000992,0.000992,0.000200,1
JOIN_ACK,"[69,2]","[69,254]",66,57,480.222622,480.222713,0.000091,0.001855,0.000832,0.000832,0.000100,1
SENSOR_DATA,"[24,1]","[0,254]",,1,480.598362,480.598671,0.000309,0.005533,0.002112,0.002112,0.001000,5
SENSOR_DATA,"[1,1]","[0,254]",,1,482.081586,482.081765,0.000179,0.005003,0.002112,0.002112,0.000600,3
SENSOR_DATA,"[33,1]","[0,254]",,1,482.598748,482.599067,0.000319,0.005543,0.002112,0.002112,0.001000,5
SENSOR_DATA,"[12,1]","[0,254]",,1,482.787308,482.787542,0.000234,0.005258,0.002112,0.002112,0.000800,4
JOIN_REQUEST,None,"[90,254]",99,89,483.200719,483.200809,0.000091,0.001955,0.000832,0.000832,0.000200,1
JOIN_REPLY,"[90,254]","[255,255]",89,99,483.200809,483.200900,0.000091,0.002275,0.000992,0.000992,0.000200,1
JOIN_ACK,"[90,1]","[90,254]",99,89,483.200900,483.200990,0.000091,0.001855,0.000832,0.000832,0.000100,1
SENSOR_DATA,"[0,2]","[0,254]",,1,484.741474,484.741564,0.000090,0.004714,0.002112,0.002112,0.000400,2
CH_TRANSFER,"[98,1]","[90,1]",89,99,485.200990,485.201081,0.000091,0.003435,0.001472,0.001472,0.000400,2
NETWORK_UPDATE,"[90,1]","[98,1]",99,89,485.201081,485.201171,0.000091,0.003635,0.001472,0.001472,0.000600,2
CH_TRANSFER_ACK,"[90,1]","[98,1]",99,89,485.201081,485.201171,0.000091,0.003435,0.001472,0.001472,0.000400,2
SENSOR_DATA,"[12,3]","[0,254]",,1,486.965071,486.965310,0.000239,0.005263,0.002112,0.002112,0.000800,4
SENSOR_DATA,"[0,1]","[0,254]",,1,486.999538,486.999617,0.000079,0.004703,0.002112,0.002112,0.000400,2
JOIN_REQUEST,None,"[69,254]",48,57,487.164582,487.164654,0.000072,0.001936,0.000832,0.000832,0.000200,1
JOIN_REPLY,"[69,254]","[255,255]",57,48,487.164654,487.164726,0.000072,0.002256,0.000992,0.000992,0.000200,1
JOIN_ACK,"[69,3]","[69,254]",48,57,487.164726,487.164797,0.000072,0.001836,0.000832,0.000832,0.000100,1
SENSOR_DATA,"[0,3]","[0,254]",,1,487.907825,487.907891,0.000066,0.004690,0.002112,0.002112,0.000400,2
SENSOR_DATA,"[12,4]","[0,254]",,1,487.907773,487.907899,0.000125,0.004949,0.002112,0.002112,0.000600,3
SENSOR_DATA,"[3,1]","[0,254]",,1,488.527649,488.527781,0.000132,0.004956,0.002112,0.002112,0.000600,3
SENSOR_DATA,"[12,2]","[0,254]",,1,488.607701,488.607863,0.000162,0.004986,0.002112,0.002112,0.000600,3
SENSOR_DATA,"[24,1]","[0,254]",,1,490.598362,490.598671,0.000309,0.005533,0.002112,0.002112,0.001000,5
SENSOR_DATA,"[1,1]","[0,254]",,1,492.081586,492.081765,0.000179,0.005003,0.002112,0.002112,0.000600,3
SENSOR_DATA,"[33,1]","[0,254]",,1,492.598748,492.599067,0.000319,0.005543,0.002112,0.002112,0.001000,5
SENSOR_DATA,"[12,1]","[0,254]",,1,492.787308,492.787542,0.000234,0.005258,0.002112,0.002112,0.000800,4
SENSOR_DATA,"[0,2]","[0,254]",,1,494.741474,494.741564,0.000090,0.004714,0.002112,0.002112,0.000400,2
JOIN_REQUEST,None,"[82,254]",90,81,495.991017,495.991080,0.000062,0.001926,0.000832,0.000832,0.000200,1
JOIN_REPLY,"[82,254]","[255,255]",81,90,495.991080,495.991142,0.000062,0.002246,0.000992,0.000992,0.000200,1
JOIN_ACK,"[82,1]","[82,254]",90,81,495.991142,495.991204,0.000062,0.001826,0.000832,0.000832,0.000100,1
SENSOR_DATA,"[12,3]","[0,254]",,1,496.965071,496.965310,0.000239,0.005263,0.002112,0.002112,0.000800,4
SENSOR_DATA,"[0,1]","[0,254]",,1,496.999538,496.999617,0.000079,0.004703,0.002112,0.002112,0.000400,2
SENSOR_DATA,"[0,3]","[0,254]",,1,497.907825,497.907891,0.000066,0.004690,0.002112,0.002112,0.000400,2
SENSOR_DATA,"[12,4]","[0,254]",,1,497.907773,497.907899,0.000125,0.004949,0.002112,0.002112,0.000600,3
CH_TRANSFER,"[73,1]","[82,1]",81,90,497.991204,497.991266,0.000062,0.003406,0.001472,0.001472,0.000400,2
NETWORK_UPDATE,"[82,1]","[73,1]",90,81,497.991266,497.991328,0.000062,0.003606,0.001472,0.001472,0.000600,2
CH_TRANSFER_ACK,"[82,1]","[73,1]",90,81,497.991266,497.991328,0.000062,0.003406,0.001472,0.001472,0.000400,2
SENSOR_DATA,"[3,1]","[0,254]",,1,498.527649,498.527781,0.000132,0.004956,0.002112,0.002112,0.000600,3
SENSOR_DATA,"[12,2]","[0,254]",,1,498.607701,498.607863,0.000162,0.004986,0.002112,0.002112,0.000600,3
SENSOR_DATA,"[24,1]","[0,254]",,1,500.598362,500.598671,0.000309,0.005533,0.002112,0.002112,0.001000,5
SENSOR_DATA,"[1,1]","[0,254]",,1,502.081586,502.081765,0.000179,0.005003,0.002112,0.002112,0.000600,3
SENSOR_DATA,"[33,1]","[0,254]",,1,502.598748,502.599067,0.000319,0.005543,0.002112,0.002112,0.001000,5
SENSOR_DATA,"[12,1]","[0,254]",,1,502.787308,502.787542,0.000234,0.005258,0.002112,0.002112,0.000800,4
SENSOR_DATA,"[0,2]","[0,254]",,1,504.741474,504.741564,0.000090,0.004714,0.002112,0.002112,0.000400,2
SENSOR_DATA,"[12,3]","[0,254]",,1,506.965071,506.965310,0.000239,0.005263,0.002112,0.002112,0.000800,4
SENSOR_DATA,"[0,1]","[0,254]",,1,506.999538,506.999617,0.000079,0.004703,0.002112,0.002112,0.000400,2
SENSOR_DATA,"[0,3]","[0,254]",,1,507.907825,507.907891,0.000066,0.004690,0.002112,0.002112,0.000400,2
SENSOR_DATA,"[12,4]","[0,254]",,1,507.907773,507.907899,0.000125,0.004949,0.002112,0.002112,0.000600,3
SENSOR_DATA,"[3,1]","[0,254]",,1,508.527649,508.527781,0.000132,0.004956,0.002112,0.002112,0.000600,3
SENSOR_DATA,"[12,2]","[0,254]",,1,508.607701,508.607863,0.000162,0.004986,0.002112,0.002112,0.000600,3
SENSOR_DATA,"[24,1]","[0,254]",,1,510.598362,510.598671,0.000309,0.005533,0.002112,0.002112,0.001000,5
SENSOR_DATA,"[1,1]","[0,254]",,1,512.081586,512.081765,0.000179,0.005003,0.002112,0.002112,0.000600,3
SENSOR_DATA,"[33,1]","[0,254]",,1,512.598748,512.599067,0.000319,0.005543,0.002112,0.002112,0.001000,5
SENSOR_DATA,"[12,1]","[0,254]",,1,512.787308,512.787542,0.000234,0.005258,0.002112,0.002112,0.000800,4
JOIN_REQUEST,None,"[67,254]",56,66,514.449305,514.449378,0.000073,0.001937,0.000832,0.000832,0.000200,1
JOIN_REPLY,"[67,254]","[255,255]",66,56,514.449378,514.449452,0.000073,0.002257,0.000992,0.000992,0.000200,1
JOIN_ACK,"[67,1]","[67,254]",56,66,514.449452,514.449525,0.000073,0.001837,0.000832,0.000832,0.000100,1
SENSOR_DATA,"[0,2]","[0,254]",,1,514.741474,514.741564,0.000090,0.004714,0.002112,0.002112,0.000400,2
JOIN_REQUEST,None,"[82,254]",80,90,515.552082,515.552176,0.000094,0.001958,0.000832,0.000832,0.000200,1
JOIN_REPLY,"[82,254]","[255,255]",90,80,515.552176,515.552270,0.000094,0.002278,0.000992,0.000992,0.000200,1
JOIN_ACK,"[82,1]","[82,254]",80,90,515.552270,515.552364,0.000094,0.001858,0.000832,0.000832,0.000100,1
CH_TRANSFER,"[69,2]","[67,1]",66,56,516.449525,516.449599,0.000073,0.003417,0.001472,0.001472,0.000400,2
NETWORK_UPDATE,"[67,1]","[69,2]",56,66,516.449599,516.449672,0.000073,0.003617,0.001472,0.001472,0.000600,2
CH_TRANSFER_ACK,"[67,1]","[69,2]",56,66,516.449599,516.449672,0.000073,0.003417,0.001472,0.001472,0.000400,2
NETWORK_UPDATE,"[69,2]","[69,1]",66,57,516.449672,516.449763,0.000091,0.003635,0.001472,0.001472,0.000600,2
NETWORK_UPDATE,"[69,1]","[78,1]",57,68,516.449763,516.449855,0.000092,0.003636,0.001472,0.001472,0.000600,2
SENSOR_DATA,"[12,3]","[0,254]",,1,516.965071,516.965310,0.000239,0.005263,0.002112,0.002112,0.000800,4
SENSOR_DATA,"[0,1]","[0,254]",,1,516.999538,516.999617,0.000079,0.004703,0.002112,0.002112,0.000400,2
SENSOR_DATA,"[0,3]","[0,254]",,1,517.907825,517.907891,0.000066,0.004690,0.002112,0.002112,0.000400,2
SENSOR_DATA,"[12,4]","[0,254]",,1,517.907773,517.907899,0.000125,0.004949,0.002112,0.002112,0.000600,3
SENSOR_DATA,"[3,1]","[0,254]",,1,518.527649,518.527781,0.000132,0.004956,0.002112,0.002112,0.000600,3
SENSOR_DATA,"[12,2]","[0,254]",,1,518.607701,518.607863,0.000162,0.004986,0.002112,0.002112,0.000600,3
SENSOR_DATA,"[24,1]","[0,254]",,1,520.598362,520.598671,0.000309,0.005533,0.002112,0.002112,0.001000,5
SENSOR_DATA,"[1,1]","[0,254]",,1,522.081586,522.081765,0.000179,0.005003,0.002112,0.002112,0.000600,3
SENSOR_DATA,"[33,1]","[0,254]",,1,522.598748,522.599067,0.000319,0.005543,0.002112,0.002112,0.001000,5
SENSOR_DATA,"[12,1]","[0,254]",,1,522.787308,522.787542,0.000234,0.005258,0.002112,0.002112,0.000800,4
SENSOR_DATA,"[0,2]","[0,254]",,1,524.741474,524.741564,0.000090,0.004714,0.002112,0.002112,0.000400,2
JOIN_REQUEST,None,"[49,254]",59,48,525.578946,525.579032,0.000086,0.001950,0.000832,0.000832,0.000200,1
JOIN_REPLY,"[49,254]","[255,255]",48,59,525.579032,525.579117,0.000086,0.002270,0.000992,0.000992,0.000200,1
JOIN_ACK,"[49,1]","[49,254]",59,48,525.579117,525.579203,0.000086,0.001850,0.000832,0.000832,0.000100,1
SENSOR_DATA,"[12,3]","[0,254]",,1,526.965071,526.965310,0.000239,0.005263,0.002112,0.002112,0.000800,4
SENSOR_DATA,"[0,1]","[0,254]",,1,526.999538,526.999617,0.000079,0.004703,0.002112,0.002112,0.000400,2
CH_TRANSFER,"[69,3]","[49,1]",48,59,527.579203,527.579288,0.000086,0.003430,0.001472,0.001472,0.000400,2
NETWORK_UPDATE,"[49,1]","[69,3]",59,48,527.579288,527.579374,0.000086,0.003630,0.001472,0.001472,0.000600,2
CH_TRANSFER_ACK,"[49,1]","[69,3]",59,48,527.579288,527.579374,0.000086,0.003430,0.001472,0.001472,0.000400,2
NETWORK_UPDATE,"[69,3]","[69,1]",48,58,527.579374,527.579401,0.000028,0.003572,0.001472,0.001472,0.000600,2
SENSOR_DATA,"[0,3]","[0,254]",,1,527.907825,527.907891,0.000066,0.004690,0.002112,0.002112,0.000400,2
SENSOR_DATA,"[12,4]","[0,254]",,1,527.907773,527.907899,0.000125,0.004949,0.002112,0.002112,0.000600,3
SENSOR_DATA,"[3,1]","[0,254]",,1,528.527649,528.527781,0.000132,0.004956,0.002112,0.002112,0.000600,3
SENSOR_DATA,"[12,2]","[0,254]",,1,528.607701,528.607863,0.000162,0.004986,0.002112,0.002112,0.000600,3
SENSOR_DATA,"[24,1]","[0,254]",,1,530.598362,530.598671,0.000309,0.005533,0.002112,0.002112,0.001000,5
SENSOR_DATA,"[1,1]","[0,254]",,1,532.081586,532.081765,0.000179,0.005003,0.002112,0.002112,0.000600,3
SENSOR_DATA,"[33,1]","[0,254]",,1,532.598748,532.599067,0.000319,0.005543,0.002112,0.002112,0.001000,5
SENSOR_DATA,"[12,1]","[0,254]",,1,532.787308,532.787542,0.000234,0.005258,0.002112,0.002112,0.000800,4
JOIN_REQUEST,None,"[67,254]",46,56,534.109962,534.110041,0.000079,0.001943,0.000832,0.000832,0.000200,1
JOIN_REPLY,"[67,254]","[255,255]",56,46,534.110041,534.110120,0.000079,0.002263,0.000992,0.000992,0.000200,1
JOIN_ACK,"[67,1]","[67,254]",46,56,534.110120,534.110199,0.000079,0.001843,0.000832,0.000832,0.000100,1
SENSOR_DATA,"[0,2]","[0,254]",,1,534.741474,534.741564,0.000090,0.004714,0.002112,0.002112,0.000400,2
SENSOR_DATA,"[12,3]","[0,254]",,1,536.965071,536.965310,0.000239,0.005263,0.002112,0.002112,0.000800,4
SENSOR_DATA,"[0,1]","[0,254]",,1,536.999538,536.999617,0.000079,0.004703,0.002112,0.002112,0.000400,2
SENSOR_DATA,"[0,3]","[0,254]",,1,537.907825,537.907891,0.000066,0.004690,0.002112,0.002112,0.000400,2
SENSOR_DATA,"[12,4]","[0,254]",,1,537.907773,537.907899,0.000125,0.004949,0.002112,0.002112,0.000600,3
SENSOR_DATA,"[3,1]","[0,254]",,1,538.527649,538.527781,0.000132,0.004956,0.002112,0.002112,0.000600,3
SENSOR_DATA,"[12,2]","[0,254]",,1,538.607701,538.607863,0.000162,0.004986,0.002112,0.002112,0.000600,3
JOIN_REQUEST,None,"[49,254]",49,59,538.648987,538.649064,0.000077,0.001941,0.000832,0.000832,0.000200,1
JOIN_REPLY,"[49,254]","[255,255]",59,49,538.649064,538.649141,0.000077,0.002261,0.000992,0.000992,0.000200,1
JOIN_ACK,"[49,1]","[49,254]",49,59,538.649141,538.649217,0.000077,0.001841,0.000832,0.000832,0.000100,1
SENSOR_DATA,"[24,1]","[0,254]",,1,540.598362,540.598671,0.000309,0.005533,0.002112,0.002112,0.001000,5
SENSOR_DATA,"[1,1]","[0,254]",,1,542.081586,542.081765,0.000179,0.005003,0.002112,0.002112,0.000600,3
SENSOR_DATA,"[33,1]","[0,254]",,1,542.598748,542.599067,0.000319,0.005543,0.002112,0.002112,0.001000,5
SENSOR_DATA,"[12,1]","[0,254]",,1,542.787308,542.787542,0.000234,0.005258,0.002112,0.002112,0.000800,4
SENSOR_DATA,"[0,2]","[0,254]",,1,544.741474,544.741564,0.000090,0.004714,0.002112,0.002112,0.000400,2
SENSOR_DATA,"[12,3]","[0,254]",,1,546.965071,546.965310,0.000239,0.005263,0.002112,0.002112,0.000800,4
SENSOR_DATA,"[0,1]","[0,254]",,1,546.999538,546.999617,0.000079,0.004703,0.002112,0.002112,0.000400,2
SENSOR_DATA,"[0,3]","[0,254]",,1,547.907825,547.907891,0.000066,0.004690,0.002112,0.002112,0.000400,2
SENSOR_DATA,"[12,4]","[0,254]",,1,547.907773,547.907899,0.000125,0.004949,0.002112,0.002112,0.000600,3
SENSOR_DATA,"[3,1]","[0,254]",,1,548.527649,548.527781,0.000132,0.004956,0.002112,0.002112,0.000600,3
SENSOR_DATA,"[12,2]","[0,254]",,1,548.607701,548.607863,0.000162,0.004986,0.002112,0.002112,0.000600,3
SENSOR_DATA,"[24,1]","[0,254]",,1,550.598362,550.598671,0.000309,0.005533,0.002112,0.002112,0.001000,5
SENSOR_DATA,"[1,1]","[0,254]",,1,552.081586,552.081765,0.000179,0.005003,0.002112,0.002112,0.000600,3
SENSOR_DATA,"[33,1]","[0,254]",,1,552.598748,552.599067,0.000319,0.005543,0.002112,0.002112,0.001000,5
SENSOR_DATA,"[12,1]","[0,254]",,1,552.787308,552.787542,0.000234,0.005258,0.002112,0.002112,0.000800,4
JOIN_REQUEST,None,"[47,254]",36,46,553.658137,553.658166,0.000029,0.001893,0.000832,0.000832,0.000200,1
JOIN_REPLY,"[47,254]","[255,255]",46,36,553.658166,553.658195,0.000029,0.002213,0.000992,0.000992,0.000200,1
JOIN_ACK,"[47,1]","[47,254]",36,46,553.658195,553.658225,0.000029,0.001793,0.000832,0.000832,0.000100,1
SENSOR_DATA,"[0,2]","[0,254]",,1,554.741474,554.741564,0.000090,0.004714,0.002112,0.002112,0.000400,2
CH_TRANSFER,"[67,1]","[47,1]",46,36,555.658225,555.658254,0.000029,0.003373,0.001472,0.001472,0.000400,2
NETWORK_UPDATE,"[47,1]","[67,1]",36,46,555.658254,555.658283,0.000029,0.003573,0.001472,0.001472,0.000600,2
CH_TRANSFER_ACK,"[47,1]","[67,1]",36,46,555.658254,555.658283,0.000029,0.003373,0.001472,0.001472,0.000400,2
SENSOR_DATA,"[12,3]","[0,254]",,1,556.965071,556.965310,0.000239,0.005263,0.002112,0.002112,0.000800,4
SENSOR_DATA,"[0,1]","[0,254]",,1,556.999538,556.999617,0.000079,0.004703,0.002112,0.002112,0.000400,2
SENSOR_DATA,"[0,3]","[0,254]",,1,557.907825,557.907891,0.000066,0.004690,0.002112,0.002112,0.000400,2
SENSOR_DATA,"[12,4]","[0,254]",,1,557.907773,557.907899,0.000125,0.004949,0.002112,0.002112,0.000600,3
SENSOR_DATA,"[3,1]","[0,254]",,1,558.527649,558.527781,0.000132,0.004956,0.002112,0.002112,0.000600,3
SENSOR_DATA,"[12,2]","[0,254]",,1,558.607701,558.607863,0.000162,0.004986,0.002112,0.002112,0.000600,3
SENSOR_DATA,"[24,1]","[0,254]",,1,560.598362,560.598671,0.000309,0.005533,0.002112,0.002112,0.001000,5
SENSOR_DATA,"[1,1]","[0,254]",,1,562.081586,562.081765,0.000179,0.005003,0.002112,0.002112,0.000600,3
SENSOR_DATA,"[33,1]","[0,254]",,1,562.598748,562.599067,0.000319,0.005543,0.002112,0.002112,0.001000,5
SENSOR_DATA,"[12,1]","[0,254]",,1,562.787308,562.787542,0.000234,0.005258,0.002112,0.002112,0.000800,4
SENSOR_DATA,"[0,2]","[0,254]",,1,564.741474,564.741564,0.000090,0.004714,0.002112,0.002112,0.000400,2
JOIN_REQUEST,None,"[47,254]",37,36,564.982489,564.982553,0.000064,0.001928,0.000832,0.000832,0.000200,1
JOIN_REPLY,"[47,254]","[255,255]",36,37,564.982553,564.982617,0.000064,0.002248,0.000992,0.000992,0.000200,1
JOIN_ACK,"[47,1]","[47,254]",37,36,564.982617,564.982681,0.000064,0.001828,0.000832,0.000832,0.000100,1
SENSOR_DATA,"[12,3]","[0,254]",,1,566.965071,566.965310,0.000239,0.005263,0.002112,0.002112,0.000800,4
SENSOR_DATA,"[0,1]","[0,254]",,1,566.999538,566.999617,0.000079,0.004703,0.002112,0.002112,0.000400,2
SENSOR_DATA,"[0,3]","[0,254]",,1,567.907825,567.907891,0.000066,0.004690,0.002112,0.002112,0.000400,2
SENSOR_DATA,"[12,4]","[0,254]",,1,567.907773,567.907899,0.000125,0.004949,0.002112,0.002112,0.000600,3
SENSOR_DATA,"[3,1]","[0,254]",,1,568.527649,568.527781,0.000132,0.004956,0.002112,0.002112,0.000600,3
SENSOR_DATA,"[12,2]","[0,254]",,1,568.607701,568.607863,0.000162,0.004986,0.002112,0.002112,0.000600,3
JOIN_REQUEST,None,"[50,254]",39,49,568.804829,568.804867,0.000038,0.001902,0.000832,0.000832,0.000200,1
JOIN_REPLY,"[50,254]","[255,255]",49,39,568.804867,568.804905,0.000038,0.002222,0.000992,0.000992,0.000200,1
JOIN_ACK,"[50,1]","[50,254]",39,49,568.804905,568.804943,0.000038,0.001802,0.000832,0.000832,0.000100,1
SENSOR_DATA,"[24,1]","[0,254]",,1,570.598362,570.598671,0.000309,0.005533,0.002112,0.002112,0.001000,5
CH_TRANSFER,"[49,1]","[50,1]",49,39,570.804943,570.804981,0.000038,0.003382,0.001472,0.001472,0.000400,2
NETWORK_UPDATE,"[50,1]","[49,1]",39,49,570.804981,570.805019,0.000038,0.003582,0.001472,0.001472,0.000600,2
CH_TRANSFER_ACK,"[50,1]","[49,1]",39,49,570.804981,570.805019,0.000038,0.003382,0.001472,0.001472,0.000400,2
JOIN_REQUEST,None,"[38,254]",38,37,571.500009,571.500060,0.000051,0.001915,0.000832,0.000832,0.000200,1
JOIN_REPLY,"[38,254]","[255,255]",37,38,571.500060,571.500111,0.000051,0.002235,0.000992,0.000992,0.000200,1
JOIN_ACK,"[38,1]","[38,254]",38,37,571.500111,571.500162,0.000051,0.001815,0.000832,0.000832,0.000100,1
SENSOR_DATA,"[1,1]","[0,254]",,1,572.081586,572.081765,0.000179,0.005003,0.002112,0.002112,0.000600,3
SENSOR_DATA,"[33,1]","[0,254]",,1,572.598748,572.599067,0.000319,0.005543,0.002112,0.002112,0.001000,5
SENSOR_DATA,"[12,1]","[0,254]",,1,572.787308,572.787542,0.000234,0.005258,0.002112,0.002112,0.000800,4
CH_TRANSFER,"[47,1]","[38,1]",37,38,573.500162,573.500214,0.000051,0.003395,0.001472,0.001472,0.000400,2
NETWORK_UPDATE,"[38,1]","[47,1]",38,37,573.500214,573.500265,0.000051,0.003595,0.001472,0.001472,0.000600,2
CH_TRANSFER_ACK,"[38,1]","[47,1]",38,37,573.500214,573.500265,0.000051,0.003395,0.001472,0.001472,0.000400,2
SENSOR_DATA,"[0,2]","[0,254]",,1,574.741474,574.741564,0.000090,0.004714,0.002112,0.002112,0.000400,2
JOIN_REQUEST,None,"[38,254]",28,38,574.941870,574.941963,0.000093,0.001957,0.000832,0.000832,0.000200,1
JOIN_REPLY,"[38,254]","[255,255]",38,28,574.941963,574.942056,0.000093,0.002277,0.000992,0.000992,0.000200,1
JOIN_ACK,"[38,1]","[38,254]",28,38,574.942056,574.942149,0.000093,0.001857,0.000832,0.000832,0.000100,1
JOIN_REQUEST,None,"[38,254]",47,38,575.903297,575.903389,0.000092,0.001956,0.000832,0.000832,0.000200,1
JOIN_REPLY,"[38,254]","[255,255]",38,47,575.903389,575.903481,0.000092,0.002276,0.000992,0.000992,0.000200,1
JOIN_ACK,"[38,2]","[38,254]",47,38,575.903481,575.903573,0.000092,0.001856,0.000832,0.000832,0.000100,1
SENSOR_DATA,"[12,3]","[0,254]",,1,576.965071,576.965310,0.000239,0.005263,0.002112,0.002112,0.000800,4
SENSOR_DATA,"[0,1]","[0,254]",,1,576.999538,576.999617,0.000079,0.004703,0.002112,0.002112,0.000400,2
SENSOR_DATA,"[0,3]","[0,254]",,1,577.907825,577.907891,0.000066,0.004690,0.002112,0.002112,0.000400,2
SENSOR_DATA,"[12,4]","[0,254]",,1,577.907773,577.907899,0.000125,0.004949,0.002112,0.002112,0.000600,3
SENSOR_DATA,"[3,1]","[0,254]",,1,578.527649,578.527781,0.000132,0.004956,0.002112,0.002112,0.000600,3
SENSOR_DATA,"[12,2]","[0,254]",,1,578.607701,578.607863,0.000162,0.004986,0.002112,0.002112,0.000600,3
SENSOR_DATA,"[24,1]","[0,254]",,1,580.598362,580.598671,0.000309,0.005533,0.002112,0.002112,0.001000,5
SENSOR_DATA,"[1,1]","[0,254]",,1,582.081586,582.081765,0.000179,0.005003,0.002112,0.002112,0.000600,3
SENSOR_DATA,"[33,1]","[0,254]",,1,582.598748,582.599067,0.000319,0.005543,0.002112,0.002112,0.001000,5
SENSOR_DATA,"[12,1]","[0,254]",,1,582.787308,582.787542,0.000234,0.005258,0.002112,0.002112,0.000800,4
SENSOR_DATA,"[0,2]","[0,254]",,1,584.741474,584.741564,0.000090,0.004714,0.002112,0.002112,0.000400,2
JOIN_REQUEST,None,"[29,254]",29,28,585.679262,585.679330,0.000068,0.001932,0.000832,0.000832,0.000200,1
JOIN_REPLY,"[29,254]","[255,255]",28,29,585.679330,585.679399,0.000068,0.002252,0.000992,0.000992,0.000200,1
JOIN_ACK,"[29,1]","[29,254]",29,28,585.679399,585.679467,0.000068,0.001832,0.000832,0.000832,0.000100,1
SENSOR_DATA,"[12,3]","[0,254]",,1,586.965071,586.965310,0.000239,0.005263,0.002112,0.002112,0.000800,4
SENSOR_DATA,"[0,1]","[0,254]",,1,586.999538,586.999617,0.000079,0.004703,0.002112,0.002112,0.000400,2
CH_TRANSFER,"[38,1]","[29,1]",28,29,587.679467,587.679535,0.000068,0.003412,0.001472,0.001472,0.000400,2
NETWORK_UPDATE,"[29,1]","[38,1]",29,28,587.679535,587.679604,0.000068,0.003612,0.001472,0.001472,0.000600,2
CH_TRANSFER_ACK,"[29,1]","[38,1]",29,28,587.679535,587.679604,0.000068,0.003412,0.001472,0.001472,0.000400,2
SENSOR_DATA,"[0,3]","[0,254]",,1,587.907825,587.907891,0.000066,0.004690,0.002112,0.002112,0.000400,2
SENSOR_DATA,"[12,4]","[0,254]",,1,587.907773,587.907899,0.000125,0.004949,0.002112,0.002112,0.000600,3
JOIN_REQUEST,None,"[38,254]",27,38,588.520462,588.520553,0.000091,0.001955,0.000832,0.000832,0.000200,1
JOIN_REPLY,"[38,254]","[255,255]",38,27,588.520553,588.520643,0.000091,0.002275,0.000992,0.000992,0.000200,1
JOIN_ACK,"[38,3]","[38,254]",27,38,588.520643,588.520734,0.000091,0.001855,0.000832,0.000832,0.000100,1
SENSOR_DATA,"[3,1]","[0,254]",,1,588.527649,588.527781,0.000132,0.004956,0.002112,0.002112,0.000600,3
SENSOR_DATA,"[12,2]","[0,254]",,1,588.607701,588.607863,0.000162,0.004986,0.002112,0.002112,0.000600,3
SENSOR_DATA,"[24,1]","[0,254]",,1,590.598362,590.598671,0.000309,0.005533,0.002112,0.002112,0.001000,5
JOIN_REQUEST,None,"[29,254]",18,29,591.674365,591.674453,0.000088,0.001952,0.000832,0.000832,0.000200,1
JOIN_REPLY,"[29,254]","[255,255]",29,18,591.674453,591.674541,0.000088,0.002272,0.000992,0.000992,0.000200,1
JOIN_ACK,"[29,1]","[29,254]",18,29,591.674541,591.674629,0.000088,0.001852,0.000832,0.000832,0.000100,1
SENSOR_DATA,"[1,1]","[0,254]",,1,592.081586,592.081765,0.000179,0.005003,0.002112,0.002112,0.000600,3
JOIN_REQUEST,None,"[29,254]",19,29,592.095002,592.095079,0.000078,0.001942,0.000832,0.000832,0.000200,1
JOIN_REPLY,"[29,254]","[255,255]",29,19,592.095079,592.095157,0.000078,0.002262,0.000992,0.000992,0.000200,1
JOIN_ACK,"[29,2]","[29,254]",19,29,592.095157,592.095235,0.000078,0.001842,0.000832,0.000832,0.000100,1
SENSOR_DATA,"[33,1]","[0,254]",,1,592.598748,592.599067,0.000319,0.005543,0.002112,0.002112,0.001000,5
SENSOR_DATA,"[12,1]","[0,254]",,1,592.787308,592.787542,0.000234,0.005258,0.002112,0.002112,0.000800,4
SENSOR_DATA,"[0,2]","[0,254]",,1,594.741474,594.741564,0.000090,0.004714,0.002112,0.002112,0.000400,2
SENSOR_DATA,"[12,3]","[0,254]",,1,596.965071,596.965310,0.000239,0.005263,0.002112,0.002112,0.000800,4
SENSOR_DATA,"[0,1]","[0,254]",,1,596.999538,596.999617,0.000079,0.004703,0.002112,0.002112,0.000400,2
SENSOR_DATA,"[0,3]","[0,254]",,1,597.907825,597.907891,0.000066,0.004690,0.002112,0.002112,0.000400,2
SENSOR_DATA,"[12,4]","[0,254]",,1,597.907773,597.907899,0.000125,0.004949,0.002112,0.002112,0.000600,3
SENSOR_DATA,"[3,1]","[0,254]",,1,598.527649,598.527781,0.000132,0.004956,0.002112,0.002112,0.000600,3
SENSOR_DATA,"[12,2]","[0,254]",,1,598.607701,598.607863,0.000162,0.004986,0.002112,0.002112,0.000600,3
JOIN_REQUEST,None,"[28,254]",17,27,600.316471,600.316537,0.000066,0.001930,0.000832,0.000832,0.000200,1
JOIN_REPLY,"[28,254]","[255,255]",27,17,600.316537,600.316603,0.000066,0.002250,0.000992,0.000992,0.000200,1
JOIN_ACK,"[28,1]","[28,254]",17,27,600.316603,600.316669,0.000066,0.001830,0.000832,0.000832,0.000100,1
SENSOR_DATA,"[24,1]","[0,254]",,1,600.598362,600.598671,0.000309,0.005533,0.002112,0.002112,0.001000,5
SENSOR_DATA,"[1,1]","[0,254]",,1,602.081586,602.081765,0.000179,0.005003,0.002112,0.002112,0.000600,3
CH_TRANSFER,"[38,3]","[28,1]",27,17,602.316669,602.316736,0.000066,0.003410,0.001472,0.001472,0.000400,2
NETWORK_UPDATE,"[28,1]","[38,3]",17,27,602.316736,602.316802,0.000066,0.003610,0.001472,0.001472,0.000600,2
CH_TRANSFER_ACK,"[28,1]","[38,3]",17,27,602.316736,602.316802,0.000066,0.003410,0.001472,0.001472,0.000400,2
NETWORK_UPDATE,"[38,3]","[38,1]",27,28,602.316802,602.316885,0.000083,0.003627,0.001472,0.001472,0.000600,2
SENSOR_DATA,"[33,1]","[0,254]",,1,602.598748,602.599067,0.000319,0.005543,0.002112,0.002112,0.001000,5
SENSOR_DATA,"[12,1]","[0,254]",,1,602.787308,602.787542,0.000234,0.005258,0.002112,0.002112,0.000800,4
JOIN_REQUEST,None,"[28,254]",16,17,603.510915,603.510973,0.000057,0.001921,0.000832,0.000832,0.000200,1
JOIN_REPLY,"[28,254]","[255,255]",17,16,603.510973,603.511030,0.000057,0.002241,0.000992,0.000992,0.000200,1
JOIN_ACK,"[28,1]","[28,254]",16,17,603.511030,603.511088,0.000057,0.001821,0.000832,0.000832,0.000100,1
SENSOR_DATA,"[0,2]","[0,254]",,1,604.741474,604.741564,0.000090,0.004714,0.002112,0.002112,0.000400,2
SENSOR_DATA,"[12,3]","[0,254]",,1,606.965071,606.965310,0.000239,0.005263,0.002112,0.002112,0.000800,4
SENSOR_DATA,"[0,1]","[0,254]",,1,606.999538,606.999617,0.000079,0.004703,0.002112,0.002112,0.000400,2
SENSOR_DATA,"[0,3]","[0,254]",,1,607.907825,607.907891,0.000066,0.004690,0.002112,0.002112,0.000400,2
SENSOR_DATA,"[12,4]","[0,254]",,1,607.907773,607.907899,0.000125,0.004949,0.002112,0.002112,0.000600,3
SENSOR_DATA,"[3,1]","[0,254]",,1,608.527649,608.527781,0.000132,0.004956,0.002112,0.002112,0.000600,3
SENSOR_DATA,"[12,2]","[0,254]",,1,608.607701,608.607863,0.000162,0.004986,0.002112,0.002112,0.000600,3
SENSOR_DATA,"[24,1]","[0,254]",,1,610.598362,610.598671,0.000309,0.005533,0.002112,0.002112,0.001000,5
SENSOR_DATA,"[1,1]","[0,254]",,1,612.081586,612.081765,0.000179,0.005003,0.002112,0.002112,0.000600,3
SENSOR_DATA,"[33,1]","[0,254]",,1,612.598748,612.599067,0.000319,0.005543,0.002112,0.002112,0.001000,5
SENSOR_DATA,"[12,1]","[0,254]",,1,612.787308,612.787542,0.000234,0.005258,0.002112,0.002112,0.000800,4
JOIN_REQUEST,None,"[28,254]",7,17,613.490371,613.490424,0.000052,0.001916,0.000832,0.000832,0.000200,1
JOIN_REPLY,"[28,254]","[255,255]",17,7,613.490424,613.490476,0.000052,0.002236,0.000992,0.000992,0.000200,1
JOIN_ACK,"[28,2]","[28,254]",7,17,613.490476,613.490529,0.000052,0.001816,0.000832,0.000832,0.000100,1
SENSOR_DATA,"[0,2]","[0,254]",,1,614.741474,614.741564,0.000090,0.004714,0.002112,0.002112,0.000400,2
SENSOR_DATA,"[12,3]","[0,254]",,1,616.965071,616.965310,0.000239,0.005263,0.002112,0.002112,0.000800,4
SENSOR_DATA,"[0,1]","[0,254]",,1,616.999538,616.999617,0.000079,0.004703,0.002112,0.002112,0.000400,2
SENSOR_DATA,"[0,3]","[0,254]",,1,617.907825,617.907891,0.000066,0.004690,0.002112,0.002112,0.000400,2
SENSOR_DATA,"[12,4]","[0,254]",,1,617.907773,617.907899,0.000125,0.004949,0.002112,0.002112,0.000600,3
JOIN_REQUEST,None,"[28,254]",26,17,618.018296,618.018377,0.000082,0.001946,0.000832,0.000832,0.000200,1
JOIN_REPLY,"[28,254]","[255,255]",17,26,618.018377,618.018459,0.000082,0.002266,0.000992,0.000992,0.000200,1
JOIN_ACK,"[28,3]","[28,254]",26,17,618.018459,618.018541,0.000082,0.001846,0.000832,0.000832,0.000100,1
SENSOR_DATA,"[3,1]","[0,254]",,1,618.527649,618.527781,0.000132,0.004956,0.002112,0.002112,0.000600,3
SENSOR_DATA,"[12,2]","[0,254]",,1,618.607701,618.607863,0.000162,0.004986,0.002112,0.002112,0.000600,3
SENSOR_DATA,"[24,1]","[0,254]",,1,620.598362,620.598671,0.000309,0.005533,0.002112,0.002112,0.001000,5
SENSOR_DATA,"[1,1]","[0,254]",,1,622.081586,622.081765,0.000179,0.005003,0.002112,0.002112,0.000600,3
SENSOR_DATA,"[33,1]","[0,254]",,1,622.598748,622.599067,0.000319,0.005543,0.002112,0.002112,0.001000,5
SENSOR_DATA,"[12,1]","[0,254]",,1,622.787308,622.787542,0.000234,0.005258,0.002112,0.002112,0.000800,4
SENSOR_DATA,"[0,2]","[0,254]",,1,624.741474,624.741564,0.000090,0.004714,0.002112,0.002112,0.000400,2
SENSOR_DATA,"[12,3]","[0,254]",,1,626.965071,626.965310,0.000239,0.005263,0.002112,0.002112,0.000800,4
SENSOR_DATA,"[0,1]","[0,254]",,1,626.999538,626.999617,0.000079,0.004703,0.002112,0.002112,0.000400,2
SENSOR_DATA,"[0,3]","[0,254]",,1,627.907825,627.907891,0.000066,0.004690,0.002112,0.002112,0.000400,2
SENSOR_DATA,"[12,4]","[0,254]",,1,627.907773,627.907899,0.000125,0.004949,0.002112,0.002112,0.000600,3
SENSOR_DATA,"[3,1]","[0,254]",,1,628.527649,628.527781,0.000132,0.004956,0.002112,0.002112,0.000600,3
SENSOR_DATA,"[12,2]","[0,254]",,1,628.607701,628.607863,0.000162,0.004986,0.002112,0.002112,0.000600,3
SENSOR_DATA,"[24,1]","[0,254]",,1,630.598362,630.598671,0.000309,0.005533,0.002112,0.002112,0.001000,5
SENSOR_DATA,"[1,1]","[0,254]",,1,632.081586,632.081765,0.000179,0.005003,0.002112,0.002112,0.000600,3
SENSOR_DATA,"[33,1]","[0,254]",,1,632.598748,632.599067,0.000319,0.005543,0.002112,0.002112,0.001000,5
SENSOR_DATA,"[12,1]","[0,254]",,1,632.787308,632.787542,0.000234,0.005258,0.002112,0.002112,0.000800,4
SENSOR_DATA,"[0,2]","[0,254]",,1,634.741474,634.741564,0.000090,0.004714,0.002112,0.002112,0.000400,2
SENSOR_DATA,"[12,3]","[0,254]",,1,636.965071,636.965310,0.000239,0.005263,0.002112,0.002112,0.000800,4
SENSOR_DATA,"[0,1]","[0,254]",,1,636.999538,636.999617,0.000079,0.004703,0.002112,0.002112,0.000400,2
SENSOR_DATA,"[0,3]","[0,254]",,1,637.907825,637.907891,0.000066,0.004690,0.002112,0.002112,0.000400,2
SENSOR_DATA,"[12,4]","[0,254]",,1,637.907773,637.907899,0.000125,0.004949,0.002112,0.002112,0.000600,3
SENSOR_DATA,"[3,1]","[0,254]",,1,638.527649,638.527781,0.000132,0.004956,0.002112,0.002112,0.000600,3
SENSOR_DATA,"[12,2]","[0,254]",,1,638.607701,638.607863,0.000162,0.004986,0.002112,0.002112,0.000600,3
SENSOR_DATA,"[24,1]","[0,254]",,1,640.598362,640.598671,0.000309,0.005533,0.002112,0.002112,0.001000,5
SENSOR_DATA,"[1,1]","[0,254]",,1,642.081586,642.081765,0.000179,0.005003,0.002112,0.002112,0.000600,3
JOIN_REQUEST,None,"[17,254]",6,16,642.539216,642.539306,0.000090,0.001954,0.000832,0.000832,0.000200,1
JOIN_REPLY,"[17,254]","[255,255]",16,6,642.539306,642.539396,0.000090,0.002274,0.000992,0.000992,0.000200,1
JOIN_ACK,"[17,1]","[17,254]",6,16,642.539396,642.539486,0.000090,0.001854,0.000832,0.000832,0.000100,1
SENSOR_DATA,"[33,1]","[0,254]",,1,642.598748,642.599067,0.000319,0.005543,0.002112,0.002112,0.001000,5
SENSOR_DATA,"[12,1]","[0,254]",,1,642.787308,642.787542,0.000234,0.005258,0.002112,0.002112,0.000800,4
CH_TRANSFER,"[28,1]","[17,1]",16,6,644.539486,644.539576,0.000090,0.003434,0.001472,0.001472,0.000400,2
NETWORK_UPDATE,"[17,1]","[28,1]",6,16,644.539576,644.539665,0.000090,0.003634,0.001472,0.001472,0.000600,2
CH_TRANSFER_ACK,"[17,1]","[28,1]",6,16,644.539576,644.539665,0.000090,0.003434,0.001472,0.001472,0.000400,2
SENSOR_DATA,"[0,2]","[0,254]",,1,644.741474,644.741564,0.000090,0.004714,0.002112,0.002112,0.000400,2
SENSOR_DATA,"[12,3]","[0,254]",,1,646.965071,646.965310,0.000239,0.005263,0.002112,0.002112,0.000800,4
SENSOR_DATA,"[0,1]","[0,254]",,1,646.999538,646.999617,0.000079,0.004703,0.002112,0.002112,0.000400,2
SENSOR_DATA,"[0,3]","[0,254]",,1,647.907825,647.907891,0.000066,0.004690,0.002112,0.002112,0.000400,2
SENSOR_DATA,"[12,4]","[0,254]",,1,647.907773,647.907899,0.000125,0.004949,0.002112,0.002112,0.000600,3
SENSOR_DATA,"[3,1]","[0,254]",,1,648.527649,648.527781,0.000132,0.004956,0.002112,0.002112,0.000600,3
SENSOR_DATA,"[12,2]","[0,254]",,1,648.607701,648.607863,0.000162,0.004986,0.002112,0.002112,0.000600,3
SENSOR_DATA,"[24,1]","[0,254]",,1,650.598362,650.598671,0.000309,0.005533,0.002112,0.002112,0.001000,5
SENSOR_DATA,"[1,1]","[0,254]",,1,652.081586,652.081765,0.000179,0.005003,0.002112,0.002112,0.000600,3
SENSOR_DATA,"[33,1]","[0,254]",,1,652.598748,652.599067,0.000319,0.005543,0.002112,0.002112,0.001000,5
SENSOR_DATA,"[12,1]","[0,254]",,1,652.787308,652.787542,0.000234,0.005258,0.002112,0.002112,0.000800,4
JOIN_REQUEST,None,"[19,254]",8,18,654.029214,654.029264,0.000050,0.001914,0.000832,0.000832,0.000200,1
JOIN_REPLY,"[19,254]","[255,255]",18,8,654.029264,654.029314,0.000050,0.002234,0.000992,0.000992,0.000200,1
JOIN_ACK,"[19,1]","[19,254]",8,18,654.029314,654.029363,0.000050,0.001814,0.000832,0.000832,0.000100,1
SENSOR_DATA,"[0,2]","[0,254]",,1,654.741474,654.741564,0.000090,0.004714,0.002112,0.002112,0.000400,2
CH_TRANSFER,"[29,1]","[19,1]",18,8,656.029363,656.029413,0.000050,0.003394,0.001472,0.001472,0.000400,2
NETWORK_UPDATE,"[19,1]","[29,1]",8,18,656.029413,656.029463,0.000050,0.003594,0.001472,0.001472,0.000600,2
CH_TRANSFER_ACK,"[19,1]","[29,1]",8,18,656.029413,656.029463,0.000050,0.003394,0.001472,0.001472,0.000400,2
SENSOR_DATA,"[12,3]","[0,254]",,1,656.965071,656.965310,0.000239,0.005263,0.002112,0.002112,0.000800,4
SENSOR_DATA,"[0,1]","[0,254]",,1,656.999538,656.999617,0.000079,0.004703,0.002112,0.002112,0.000400,2
SENSOR_DATA,"[0,3]","[0,254]",,1,657.907825,657.907891,0.000066,0.004690,0.002112,0.002112,0.000400,2
SENSOR_DATA,"[12,4]","[0,254]",,1,657.907773,657.907899,0.000125,0.004949,0.002112,0.002112,0.000600,3
SENSOR_DATA,"[3,1]","[0,254]",,1,658.527649,658.527781,0.000132,0.004956,0.002112,0.002112,0.000600,3
SENSOR_DATA,"[12,2]","[0,254]",,1,658.607701,658.607863,0.000162,0.004986,0.002112,0.002112,0.000600,3
SENSOR_DATA,"[24,1]","[0,254]",,1,660.598362,660.598671,0.000309,0.005533,0.002112,0.002112,0.001000,5
SENSOR_DATA,"[1,1]","[0,254]",,1,662.081586,662.081765,0.000179,0.005003,0.002112,0.002112,0.000600,3
SENSOR_DATA,"[33,1]","[0,254]",,1,662.598748,662.599067,0.000319,0.005543,0.002112,0.002112,0.001000,5
SENSOR_DATA,"[12,1]","[0,254]",,1,662.787308,662.787542,0.000234,0.005258,0.002112,0.002112,0.000800,4
JOIN_REQUEST,None,"[20,254]",9,19,664.001721,664.001787,0.000065,0.001929,0.000832,0.000832,0.000200,1
JOIN_REPLY,"[20,254]","[255,255]",19,9,664.001787,664.001852,0.000065,0.002249,0.000992,0.000992,0.000200,1
JOIN_ACK,"[20,1]","[20,254]",9,19,664.001852,664.001918,0.000065,0.001829,0.000832,0.000832,0.000100,1
SENSOR_DATA,"[0,2]","[0,254]",,1,664.741474,664.741564,0.000090,0.004714,0.002112,0.002112,0.000400,2
CH_TRANSFER,"[29,2]","[20,1]",19,9,666.001918,666.001983,0.000065,0.003409,0.001472,0.001472,0.000400,2
NETWORK_UPDATE,"[20,1]","[29,2]",9,19,666.001983,666.002048,0.000065,0.003609,0.001472,0.001472,0.000600,2
CH_TRANSFER_ACK,"[20,1]","[29,2]",9,19,666.001983,666.002048,0.000065,0.003409,0.001472,0.001472,0.000400,2
NETWORK_UPDATE,"[29,2]","[29,1]",19,29,666.002048,666.002126,0.000078,0.003622,0.001472,0.001472,0.000600,2
NETWORK_UPDATE,"[29,1]","[38,1]",29,28,666.002126,666.002195,0.000068,0.003612,0.001472,0.001472,0.000600,2
SENSOR_DATA,"[12,3]","[0,254]",,1,666.965071,666.965310,0.000239,0.005263,0.002112,0.002112,0.000800,4
SENSOR_DATA,"[0,1]","[0,254]",,1,666.999538,666.999617,0.000079,0.004703,0.002112,0.002112,0.000400,2
SENSOR_DATA,"[0,3]","[0,254]",,1,667.907825,667.907891,0.000066,0.004690,0.002112,0.002112,0.000400,2
SENSOR_DATA,"[12,4]","[0,254]",,1,667.907773,667.907899,0.000125,0.004949,0.002112,0.002112,0.000600,3
SENSOR_DATA,"[3,1]","[0,254]",,1,668.527649,668.527781,0.000132,0.004956,0.002112,0.002112,0.000600,3
SENSOR_DATA,"[12,2]","[0,254]",,1,668.607701,668.607863,0.000162,0.004986,0.002112,0.002112,0.000600,3
SENSOR_DATA,"[24,1]","[0,254]",,1,670.598362,670.598671,0.000309,0.005533,0.002112,0.002112,0.001000,5
SENSOR_DATA,"[1,1]","[0,254]",,1,672.081586,672.081765,0.000179,0.005003,0.002112,0.002112,0.000600,3
SENSOR_DATA,"[33,1]","[0,254]",,1,672.598748,672.599067,0.000319,0.005543,0.002112,0.002112,0.001000,5
SENSOR_DATA,"[12,1]","[0,254]",,1,672.787308,672.787542,0.000234,0.005258,0.002112,0.002112,0.000800,4
SENSOR_DATA,"[0,2]","[0,254]",,1,674.741474,674.741564,0.000090,0.004714,0.002112,0.002112,0.000400,2
SENSOR_DATA,"[12,3]","[0,254]",,1,676.965071,676.965310,0.000239,0.005263,0.002112,0.002112,0.000800,4
SENSOR_DATA,"[0,1]","[0,254]",,1,676.999538,676.999617,0.000079,0.004703,0.002112,0.002112,0.000400,2
SENSOR_DATA,"[0,3]","[0,254]",,1,677.907825,677.907891,0.000066,0.004690,0.002112,0.002112,0.000400,2
SENSOR_DATA,"[12,4]","[0,254]",,1,677.907773,677.907899,0.000125,0.004949,0.002112,0.002112,0.000600,3
SENSOR_DATA,"[3,1]","[0,254]",,1,678.527649,678.527781,0.000132,0.004956,0.002112,0.002112,0.000600,3
SENSOR_DATA,"[12,2]","[0,254]",,1,678.607701,678.607863,0.000162,0.004986,0.002112,0.002112,0.000600,3
SENSOR_DATA,"[24,1]","[0,254]",,1,680.598362,680.598671,0.000309,0.005533,0.002112,0.002112,0.001000,5
SENSOR_DATA,"[1,1]","[0,254]",,1,682.081586,682.081765,0.000179,0.005003,0.002112,0.002112,0.000600,3
SENSOR_DATA,"[33,1]","[0,254]",,1,682.598748,682.599067,0.000319,0.005543,0.002112,0.002112,0.001000,5
SENSOR_DATA,"[12,1]","[0,254]",,1,682.787308,682.787542,0.000234,0.005258,0.002112,0.002112,0.000800,4
SENSOR_DATA,"[0,2]","[0,254]",,1,684.741474,684.741564,0.000090,0.004714,0.002112,0.002112,0.000400,2
SENSOR_DATA,"[12,3]","[0,254]",,1,686.965071,686.965310,0.000239,0.005263,0.002112,0.002112,0.000800,4
SENSOR_DATA,"[0,1]","[0,254]",,1,686.999538,686.999617,0.000079,0.004703,0.002112,0.002112,0.000400,2
SENSOR_DATA,"[0,3]","[0,254]",,1,687.907825,687.907891,0.000066,0.004690,0.002112,0.002112,0.000400,2
SENSOR_DATA,"[12,4]","[0,254]",,1,687.907773,687.907899,0.000125,0.004949,0.002112,0.002112,0.000600,3
SENSOR_DATA,"[3,1]","[0,254]",,1,688.527649,688.527781,0.000132,0.004956,0.002112,0.002112,0.000600,3
SENSOR_DATA,"[12,2]","[0,254]",,1,688.607701,688.607863,0.000162,0.004986,0.002112,0.002112,0.000600,3
SENSOR_DATA,"[24,1]","[0,254]",,1,690.598362,690.598671,0.000309,0.005533,0.002112,0.002112,0.001000,5
SENSOR_DATA,"[1,1]","[0,254]",,1,692.081586,692.081765,0.000179,0.005003,0.002112,0.002112,0.000600,3
SENSOR_DATA,"[33,1]","[0,254]",,1,692.598748,692.599067,0.000319,0.005543,0.002112,0.002112,0.001000,5
SENSOR_DATA,"[12,1]","[0,254]",,1,692.787308,692.787542,0.000234,0.005258,0.002112,0.002112,0.000800,4
SENSOR_DATA,"[0,2]","[0,254]",,1,694.741474,694.741564,0.000090,0.004714,0.002112,0.002112,0.000400,2
SENSOR_DATA,"[12,3]","[0,254]",,1,696.965071,696.965310,0.000239,0.005263,0.002112,0.002112,0.000800,4
SENSOR_DATA,"[0,1]","[0,254]",,1,696.999538,696.999617,0.000079,0.004703,0.002112,0.002112,0.000400,2
SENSOR_DATA,"[0,3]","[0,254]",,1,697.907825,697.907891,0.000066,0.004690,0.002112,0.002112,0.000400,2
SENSOR_DATA,"[12,4]","[0,254]",,1,697.907773,697.907899,0.000125,0.004949,0.002112,0.002112,0.000600,3
SENSOR_DATA,"[3,1]","[0,254]",,1,698.527649,698.527781,0.000132,0.004956,0.002112,0.002112,0.000600,3
SENSOR_DATA,"[12,2]","[0,254]",,1,698.607701,698.607863,0.000162,0.004986,0.002112,0.002112,0.000600,3
SENSOR_DATA,"[24,1]","[0,254]",,1,700.598362,700.598671,0.000309,0.005533,0.002112,0.002112,0.001000,5
SENSOR_DATA,"[1,1]","[0,254]",,1,702.081586,702.081765,0.000179,0.005003,0.002112,0.002112,0.000600,3
SENSOR_DATA,"[33,1]","[0,254]",,1,702.598748,702.599067,0.000319,0.005543,0.002112,0.002112,0.001000,5
SENSOR_DATA,"[12,1]","[0,254]",,1,702.787308,702.787542,0.000234,0.005258,0.002112,0.002112,0.000800,4
SENSOR_DATA,"[0,2]","[0,254]",,1,704.741474,704.741564,0.000090,0.004714,0.002112,0.002112,0.000400,2
SENSOR_DATA,"[12,3]","[0,254]",,1,706.965071,706.965310,0.000239,0.005263,0.002112,0.002112,0.000800,4
SENSOR_DATA,"[0,1]","[0,254]",,1,706.999538,706.999617,0.000079,0.004703,0.002112,0.002112,0.000400,2
SENSOR_DATA,"[0,3]","[0,254]",,1,707.907825,707.907891,0.000066,0.004690,0.002112,0.002112,0.000400,2
SENSOR_DATA,"[12,4]","[0,254]",,1,707.907773,707.907899,0.000125,0.004949,0.002112,0.002112,0.000600,3
SENSOR_DATA,"[3,1]","[0,254]",,1,708.527649,708.527781,0.000132,0.004956,0.002112,0.002112,0.000600,3
SENSOR_DATA,"[12,2]","[0,254]",,1,708.607701,708.607863,0.000162,0.004986,0.002112,0.002112,0.000600,3
SENSOR_DATA,"[24,1]","[0,254]",,1,710.598362,710.598671,0.000309,0.005533,0.002112,0.002112,0.001000,5
SENSOR_DATA,"[1,1]","[0,254]",,1,712.081586,712.081765,0.000179,0.005003,0.002112,0.002112,0.000600,3
SENSOR_DATA,"[33,1]","[0,254]",,1,712.598748,712.599067,0.000319,0.005543,0.002112,0.002112,0.001000,5
SENSOR_DATA,"[12,1]","[0,254]",,1,712.787308,712.787542,0.000234,0.005258,0.002112,0.002112,0.000800,4
SENSOR_DATA,"[0,2]","[0,254]",,1,714.741474,714.741564,0.000090,0.004714,0.002112,0.002112,0.000400,2
SENSOR_DATA,"[12,3]","[0,254]",,1,716.965071,716.965310,0.000239,0.005263,0.002112,0.002112,0.000800,4
SENSOR_DATA,"[0,1]","[0,254]",,1,716.999538,716.999617,0.000079,0.004703,0.002112,0.002112,0.000400,2
SENSOR_DATA,"[0,3]","[0,254]",,1,717.907825,717.907891,0.000066,0.004690,0.002112,0.002112,0.000400,2
SENSOR_DATA,"[12,4]","[0,254]",,1,717.907773,717.907899,0.000125,0.004949,0.002112,0.002112,0.000600,3
SENSOR_DATA,"[3,1]","[0,254]",,1,718.527649,718.527781,0.000132,0.004956,0.002112,0.002112,0.000600,3
SENSOR_DATA,"[12,2]","[0,254]",,1,718.607701,718.607863,0.000162,0.004986,0.002112,0.002112,0.000600,3
SENSOR_DATA,"[24,1]","[0,254]",,1,720.598362,720.598671,0.000309,0.005533,0.002112,0.002112,0.001000,5
SENSOR_DATA,"[1,1]","[0,254]",,1,722.081586,722.081765,0.000179,0.005003,0.002112,0.002112,0.000600,3
SENSOR_DATA,"[33,1]","[0,254]",,1,722.598748,722.599067,0.000319,0.005543,0.002112,0.002112,0.001000,5
SENSOR_DATA,"[12,1]","[0,254]",,1,722.787308,722.787542,0.000234,0.005258,0.002112,0.002112,0.000800,4
SENSOR_DATA,"[0,2]","[0,254]",,1,724.741474,724.741564,0.000090,0.004714,0.002112,0.002112,0.000400,2
SENSOR_DATA,"[12,3]","[0,254]",,1,726.965071,726.965310,0.000239,0.005263,0.002112,0.002112,0.000800,4
SENSOR_DATA,"[0,1]","[0,254]",,1,726.999538,726.999617,0.000079,0.004703,0.002112,0.002112,0.000400,2
SENSOR_DATA,"[0,3]","[0,254]",,1,727.907825,727.907891,0.000066,0.004690,0.002112,0.002112,0.000400,2
SENSOR_DATA,"[12,4]","[0,254]",,1,727.907773,727.907899,0.000125,0.004949,0.002112,0.002112,0.000600,3
SENSOR_DATA,"[3,1]","[0,254]",,1,728.527649,728.527781,0.000132,0.004956,0.002112,0.002112,0.000600,3
SENSOR_DATA,"[12,2]","[0,254]",,1,728.607701,728.607863,0.000162,0.004986,0.002112,0.002112,0.000600,3
SENSOR_DATA,"[24,1]","[0,254]",,1,730.598362,730.598671,0.000309,0.005533,0.002112,0.002112,0.001000,5
SENSOR_DATA,"[1,1]","[0,254]",,1,732.081586,732.081765,0.000179,0.005003,0.002112,0.002112,0.000600,3
SENSOR_DATA,"[33,1]","[0,254]",,1,732.598748,732.599067,0.000319,0.005543,0.002112,0.002112,0.001000,5
SENSOR_DATA,"[12,1]","[0,254]",,1,732.787308,732.787542,0.000234,0.005258,0.002112,0.002112,0.000800,4
SENSOR_DATA,"[0,2]","[0,254]",,1,734.741474,734.741564,0.000090,0.004714,0.002112,0.002112,0.000400,2
SENSOR_DATA,"[12,3]","[0,254]",,1,736.965071,736.965310,0.000239,0.005263,0.002112,0.002112,0.000800,4
SENSOR_DATA,"[0,1]","[0,254]",,1,736.999538,736.999617,0.000079,0.004703,0.002112,0.002112,0.000400,2
SENSOR_DATA,"[0,3]","[0,254]",,1,737.907825,737.907891,0.000066,0.004690,0.002112,0.002112,0.000400,2
SENSOR_DATA,"[12,4]","[0,254]",,1,737.907773,737.907899,0.000125,0.004949,0.002112,0.002112,0.000600,3
SENSOR_DATA,"[3,1]","[0,254]",,1,738.527649,738.527781,0.000132,0.004956,0.002112,0.002112,0.000600,3
SENSOR_DATA,"[12,2]","[0,254]",,1,738.607701,738.607863,0.000162,0.004986,0.002112,0.002112,0.000600,3
SENSOR_DATA,"[24,1]","[0,254]",,1,740.598362,740.598671,0.000309,0.005533,0.002112,0.002112,0.001000,5
SENSOR_DATA,"[1,1]","[0,254]",,1,742.081586,742.081765,0.000179,0.005003,0.002112,0.002112,0.000600,3
SENSOR_DATA,"[33,1]","[0,254]",,1,742.598748,742.599067,0.000319,0.005543,0.002112,0.002112,0.001000,5
SENSOR_DATA,"[12,1]","[0,254]",,1,742.787308,742.787542,0.000234,0.005258,0.002112,0.002112,0.000800,4
SENSOR_DATA,"[0,2]","[0,254]",,1,744.741474,744.741564,0.000090,0.004714,0.002112,0.002112,0.000400,2
SENSOR_DATA,"[12,3]","[0,254]",,1,746.965071,746.965310,0.000239,0.005263,0.002112,0.002112,0.000800,4
SENSOR_DATA,"[0,1]","[0,254]",,1,746.999538,746.999617,0.000079,0.004703,0.002112,0.002112,0.000400,2
SENSOR_DATA,"[0,3]","[0,254]",,1,747.907825,747.907891,0.000066,0.004690,0.002112,0.002112,0.000400,2
SENSOR_DATA,"[12,4]","[0,254]",,1,747.907773,747.907899,0.000125,0.004949,0.002112,0.002112,0.000600,3
SENSOR_DATA,"[3,1]","[0,254]",,1,748.527649,748.527781,0.000132,0.004956,0.002112,0.002112,0.000600,3
SENSOR_DATA,"[12,2]","[0,254]",,1,748.607701,748.607863,0.000162,0.004986,0.002112,0.002112,0.000600,3
SENSOR_DATA,"[24,1]","[0,254]",,1,750.598362,750.598671,0.000309,0.005533,0.002112,0.002112,0.001000,5
SENSOR_DATA,"[1,1]","[0,254]",,1,752.081586,752.081765,0.000179,0.005003,0.002112,0.002112,0.000600,3
SENSOR_DATA,"[33,1]","[0,254]",,1,752.598748,752.599067,0.000319,0.005543,0.002112,0.002112,0.001000,5
SENSOR_DATA,"[12,1]","[0,254]",,1,752.787308,752.787542,0.000234,0.005258,0.002112,0.002112,0.000800,4
SENSOR_DATA,"[0,2]","[0,254]",,1,754.741474,754.741564,0.000090,0.004714,0.002112,0.002112,0.000400,2
SENSOR_DATA,"[12,3]","[0,254]",,1,756.965071,756.965310,0.000239,0.005263,0.002112,0.002112,0.000800,4
SENSOR_DATA,"[0,1]","[0,254]",,1,756.999538,756.999617,0.000079,0.004703,0.002112,0.002112,0.000400,2
SENSOR_DATA,"[0,3]","[0,254]",,1,757.907825,757.907891,0.000066,0.004690,0.002112,0.002112,0.000400,2
SENSOR_DATA,"[12,4]","[0,254]",,1,757.907773,757.907899,0.000125,0.004949,0.002112,0.002112,0.000600,3
SENSOR_DATA,"[3,1]","[0,254]",,1,758.527649,758.527781,0.000132,0.004956,0.002112,0.002112,0.000600,3
SENSOR_DATA,"[12,2]","[0,254]",,1,758.607701,758.607863,0.000162,0.004986,0.002112,0.002112,0.000600,3
SENSOR_DATA,"[24,1]","[0,254]",,1,760.598362,760.598671,0.000309,0.005533,0.002112,0.002112,0.001000,5
SENSOR_DATA,"[1,1]","[0,254]",,1,762.081586,762.081765,0.000179,0.005003,0.002112,0.002112,0.000600,3
SENSOR_DATA,"[33,1]","[0,254]",,1,762.598748,762.599067,0.000319,0.005543,0.002112,0.002112,0.001000,5
SENSOR_DATA,"[12,1]","[0,254]",,1,762.787308,762.787542,0.000234,0.005258,0.002112,0.002112,0.000800,4
SENSOR_DATA,"[0,2]","[0,254]",,1,764.741474,764.741564,0.000090,0.004714,0.002112,0.002112,0.000400,2
SENSOR_DATA,"[12,3]","[0,254]",,1,766.965071,766.965310,0.000239,0.005263,0.002112,0.002112,0.000800,4
SENSOR_DATA,"[0,1]","[0,254]",,1,766.999538,766.999617,0.000079,0.004703,0.002112,0.002112,0.000400,2
SENSOR_DATA,"[0,3]","[0,254]",,1,767.907825,767.907891,0.000066,0.004690,0.002112,0.002112,0.000400,2
SENSOR_DATA,"[12,4]","[0,254]",,1,767.907773,767.907899,0.000125,0.004949,0.002112,0.002112,0.000600,3
SENSOR_DATA,"[3,1]","[0,254]",,1,768.527649,768.527781,0.000132,0.004956,0.002112,0.002112,0.000600,3
SENSOR_DATA,"[12,2]","[0,254]",,1,768.607701,768.607863,0.000162,0.004986,0.002112,0.002112,0.000600,3
SENSOR_DATA,"[24,1]","[0,254]",,1,770.598362,770.598671,0.000309,0.005533,0.002112,0.002112,0.001000,5
SENSOR_DATA,"[1,1]","[0,254]",,1,772.081586,772.081765,0.000179,0.005003,0.002112,0.002112,0.000600,3
SENSOR_DATA,"[33,1]","[0,254]",,1,772.598748,772.599067,0.000319,0.005543,0.002112,0.002112,0.001000,5
SENSOR_DATA,"[12,1]","[0,254]",,1,772.787308,772.787542,0.000234,0.005258,0.002112,0.002112,0.000800,4
SENSOR_DATA,"[0,2]","[0,254]",,1,774.741474,774.741564,0.000090,0.004714,0.002112,0.002112,0.000400,2
SENSOR_DATA,"[12,3]","[0,254]",,1,776.965071,776.965310,0.000239,0.005263,0.002112,0.002112,0.000800,4
SENSOR_DATA,"[0,1]","[0,254]",,1,776.999538,776.999617,0.000079,0.004703,0.002112,0.002112,0.000400,2
SENSOR_DATA,"[0,3]","[0,254]",,1,777.907825,777.907891,0.000066,0.004690,0.002112,0.002112,0.000400,2
SENSOR_DATA,"[12,4]","[0,254]",,1,777.907773,777.907899,0.000125,0.004949,0.002112,0.002112,0.000600,3
SENSOR_DATA,"[3,1]","[0,254]",,1,778.527649,778.527781,0.000132,0.004956,0.002112,0.002112,0.000600,3
SENSOR_DATA,"[12,2]","[0,254]",,1,778.607701,778.607863,0.000162,0.004986,0.002112,0.002112,0.000600,3
SENSOR_DATA,"[24,1]","[0,254]",,1,780.598362,780.598671,0.000309,0.005533,0.002112,0.002112,0.001000,5
SENSOR_DATA,"[1,1]","[0,254]",,1,782.081586,782.081765,0.000179,0.005003,0.002112,0.002112,0.000600,3
SENSOR_DATA,"[33,1]","[0,254]",,1,782.598748,782.599067,0.000319,0.005543,0.002112,0.002112,0.001000,5
SENSOR_DATA,"[12,1]","[0,254]",,1,782.787308,782.787542,0.000234,0.005258,0.002112,0.002112,0.000800,4
SENSOR_DATA,"[0,2]","[0,254]",,1,784.741474,784.741564,0.000090,0.004714,0.002112,0.002112,0.000400,2
SENSOR_DATA,"[12,3]","[0,254]",,1,786.965071,786.965310,0.000239,0.005263,0.002112,0.002112,0.000800,4
SENSOR_DATA,"[0,1]","[0,254]",,1,786.999538,786.999617,0.000079,0.004703,0.002112,0.002112,0.000400,2
SENSOR_DATA,"[0,3]","[0,254]",,1,787.907825,787.907891,0.000066,0.004690,0.002112,0.002112,0.000400,2
SENSOR_DATA,"[12,4]","[0,254]",,1,787.907773,787.907899,0.000125,0.004949,0.002112,0.002112,0.000600,3
SENSOR_DATA,"[3,1]","[0,254]",,1,788.527649,788.527781,0.000132,0.004956,0.002112,0.002112,0.000600,3
SENSOR_DATA,"[12,2]","[0,254]",,1,788.607701,788.607863,0.000162,0.004986,0.002112,0.002112,0.000600,3
SENSOR_DATA,"[24,1]","[0,254]",,1,790.598362,790.598671,0.000309,0.005533,0.002112,0.002112,0.001000,5
SENSOR_DATA,"[1,1]","[0,254]",,1,792.081586,792.081765,0.000179,0.005003,0.002112,0.002112,0.000600,3
SENSOR_DATA,"[33,1]","[0,254]",,1,792.598748,792.599067,0.000319,0.005543,0.002112,0.002112,0.001000,5
SENSOR_DATA,"[12,1]","[0,254]",,1,792.787308,792.787542,0.000234,0.005258,0.002112,0.002112,0.000800,4
SENSOR_DATA,"[0,2]","[0,254]",,1,794.741474,794.741564,0.000090,0.004714,0.002112,0.002112,0.000400,2
SENSOR_DATA,"[12,3]","[0,254]",,1,796.965071,796.965310,0.000239,0.005263,0.002112,0.002112,0.000800,4
SENSOR_DATA,"[0,1]","[0,254]",,1,796.999538,796.999617,0.000079,0.004703,0.002112,0.002112,0.000400,2
SENSOR_DATA,"[0,3]","[0,254]",,1,797.907825,797.907891,0.000066,0.004690,0.002112,0.002112,0.000400,2
SENSOR_DATA,"[12,4]","[0,254]",,1,797.907773,797.907899,0.000125,0.004949,0.002112,0.002112,0.000600,3
SENSOR_DATA,"[3,1]","[0,254]",,1,798.527649,798.527781,0.000132,0.004956,0.002112,0.002112,0.000600,3
SENSOR_DATA,"[12,2]","[0,254]",,1,798.607701,798.607863,0.000162,0.004986,0.002112,0.002112,0.000600,3
SENSOR_DATA,"[24,1]","[0,254]",,1,800.598362,800.598671,0.000309,0.005533,0.002112,0.002112,0.001000,5
SENSOR_DATA,"[1,1]","[0,254]",,1,802.081586,802.081765,0.000179,0.005003,0.002112,0.002112,0.000600,3
SENSOR_DATA,"[33,1]","[0,254]",,1,802.598748,802.599067,0.000319,0.005543,0.002112,0.002112,0.001000,5
SENSOR_DATA,"[12,1]","[0,254]",,1,802.787308,802.787542,0.000234,0.005258,0.002112,0.002112,0.000800,4
SENSOR_DATA,"[0,2]","[0,254]",,1,804.741474,804.741564,0.000090,0.004714,0.002112,0.002112,0.000400,2
SENSOR_DATA,"[12,3]","[0,254]",,1,806.965071,806.965310,0.000239,0.005263,0.002112,0.002112,0.000800,4
SENSOR_DATA,"[0,1]","[0,254]",,1,806.999538,806.999617,0.000079,0.004703,0.002112,0.002112,0.000400,2
SENSOR_DATA,"[0,3]","[0,254]",,1,807.907825,807.907891,0.000066,0.004690,0.002112,0.002112,0.000400,2
SENSOR_DATA,"[12,4]","[0,254]",,1,807.907773,807.907899,0.000125,0.004949,0.002112,0.002112,0.000600,3
SENSOR_DATA,"[3,1]","[0,254]",,1,808.527649,808.527781,0.000132,0.004956,0.002112,0.002112,0.000600,3
SENSOR_DATA,"[12,2]","[0,254]",,1,808.607701,808.607863,0.000162,0.004986,0.002112,0.002112,0.000600,3
SENSOR_DATA,"[24,1]","[0,254]",,1,810.598362,810.598671,0.000309,0.005533,0.002112,0.002112,0.001000,5
SENSOR_DATA,"[1,1]","[0,254]",,1,812.081586,812.081765,0.000179,0.005003,0.002112,0.002112,0.000600,3
SENSOR_DATA,"[33,1]","[0,254]",,1,812.598748,812.599067,0.000319,0.005543,0.002112,0.002112,0.001000,5
SENSOR_DATA,"[12,1]","[0,254]",,1,812.787308,812.787542,0.000234,0.005258,0.002112,0.002112,0.000800,4
SENSOR_DATA,"[0,2]","[0,254]",,1,814.741474,814.741564,0.000090,0.004714,0.002112,0.002112,0.000400,2
SENSOR_DATA,"[12,3]","[0,254]",,1,816.965071,816.965310,0.000239,0.005263,0.002112,0.002112,0.000800,4
SENSOR_DATA,"[0,1]","[0,254]",,1,816.999538,816.999617,0.000079,0.004703,0.002112,0.002112,0.000400,2
SENSOR_DATA,"[0,3]","[0,254]",,1,817.907825,817.907891,0.000066,0.004690,0.002112,0.002112,0.000400,2
SENSOR_DATA,"[12,4]","[0,254]",,1,817.907773,817.907899,0.000125,0.004949,0.002112,0.002112,0.000600,3
SENSOR_DATA,"[3,1]","[0,254]",,1,818.527649,818.527781,0.000132,0.004956,0.002112,0.002112,0.000600,3
SENSOR_DATA,"[12,2]","[0,254]",,1,818.607701,818.607863,0.000162,0.004986,0.002112,0.002112,0.000600,3
SENSOR_DATA,"[24,1]","[0,254]",,1,820.598362,820.598671,0.000309,0.005533,0.002112,0.002112,0.001000,5
SENSOR_DATA,"[1,1]","[0,254]",,1,822.081586,822.081765,0.000179,0.005003,0.002112,0.002112,0.000600,3
SENSOR_DATA,"[33,1]","[0,254]",,1,822.598748,822.599067,0.000319,0.005543,0.002112,0.002112,0.001000,5
SENSOR_DATA,"[12,1]","[0,254]",,1,822.787308,822.787542,0.000234,0.005258,0.002112,0.002112,0.000800,4
SENSOR_DATA,"[0,2]","[0,254]",,1,824.741474,824.741564,0.000090,0.004714,0.002112,0.002112,0.000400,2
SENSOR_DATA,"[12,3]","[0,254]",,1,826.965071,826.965310,0.000239,0.005263,0.002112,0.002112,0.000800,4
SENSOR_DATA,"[0,1]","[0,254]",,1,826.999538,826.999617,0.000079,0.004703,0.002112,0.002112,0.000400,2
SENSOR_DATA,"[0,3]","[0,254]",,1,827.907825,827.907891,0.000066,0.004690,0.002112,0.002112,0.000400,2
SENSOR_DATA,"[12,4]","[0,254]",,1,827.907773,827.907899,0.000125,0.004949,0.002112,0.002112,0.000600,3
SENSOR_DATA,"[3,1]","[0,254]",,1,828.527649,828.527781,0.000132,0.004956,0.002112,0.002112,0.000600,3
SENSOR_DATA,"[12,2]","[0,254]",,1,828.607701,828.607863,0.000162,0.004986,0.002112,0.002112,0.000600,3
SENSOR_DATA,"[24,1]","[0,254]",,1,830.598362,830.598671,0.000309,0.005533,0.002112,0.002112,0.001000,5
SENSOR_DATA,"[1,1]","[0,254]",,1,832.081586,832.081765,0.000179,0.005003,0.002112,0.002112,0.000600,3
SENSOR_DATA,"[33,1]","[0,254]",,1,832.598748,832.599067,0.000319,0.005543,0.002112,0.002112,0.001000,5
SENSOR_DATA,"[12,1]","[0,254]",,1,832.787308,832.787542,0.000234,0.005258,0.002112,0.002112,0.000800,4
SENSOR_DATA,"[0,2]","[0,254]",,1,834.741474,834.741564,0.000090,0.004714,0.002112,0.002112,0.000400,2
SENSOR_DATA,"[12,3]","[0,254]",,1,836.965071,836.965310,0.000239,0.005263,0.002112,0.002112,0.000800,4
SENSOR_DATA,"[0,1]","[0,254]",,1,836.999538,836.999617,0.000079,0.004703,0.002112,0.002112,0.000400,2
SENSOR_DATA,"[0,3]","[0,254]",,1,837.907825,837.907891,0.000066,0.004690,0.002112,0.002112,0.000400,2
SENSOR_DATA,"[12,4]","[0,254]",,1,837.907773,837.907899,0.000125,0.004949,0.002112,0.002112,0.000600,3
SENSOR_DATA,"[3,1]","[0,254]",,1,838.527649,838.527781,0.000132,0.004956,0.002112,0.002112,0.000600,3
SENSOR_DATA,"[12,2]","[0,254]",,1,838.607701,838.607863,0.000162,0.004986,0.002112,0.002112,0.000600,3
SENSOR_DATA,"[24,1]","[0,254]",,1,840.598362,840.598671,0.000309,0.005533,0.002112,0.002112,0.001000,5
SENSOR_DATA,"[1,1]","[0,254]",,1,842.081586,842.081765,0.000179,0.005003,0.002112,0.002112,0.000600,3
SENSOR_DATA,"[33,1]","[0,254]",,1,842.598748,842.599067,0.000319,0.005543,0.002112,0.002112,0.001000,5
SENSOR_DATA,"[12,1]","[0,254]",,1,842.787308,842.787542,0.000234,0.005258,0.002112,0.002112,0.000800,4
SENSOR_DATA,"[0,2]","[0,254]",,1,844.741474,844.741564,0.000090,0.004714,0.002112,0.002112,0.000400,2
SENSOR_DATA,"[12,3]","[0,254]",,1,846.965071,846.965310,0.000239,0.005263,0.002112,0.002112,0.000800,4
SENSOR_DATA,"[0,1]","[0,254]",,1,846.999538,846.999617,0.000079,0.004703,0.002112,0.002112,0.000400,2
SENSOR_DATA,"[0,3]","[0,254]",,1,847.907825,847.907891,0.000066,0.004690,0.002112,0.002112,0.000400,2
SENSOR_DATA,"[12,4]","[0,254]",,1,847.907773,847.907899,0.000125,0.004949,0.002112,0.002112,0.000600,3
SENSOR_DATA,"[3,1]","[0,254]",,1,848.527649,848.527781,0.000132,0.004956,0.002112,0.002112,0.000600,3
SENSOR_DATA,"[12,2]","[0,254]",,1,848.607701,848.607863,0.000162,0.004986,0.002112,0.002112,0.000600,3
SENSOR_DATA,"[24,1]","[0,254]",,1,850.598362,850.598671,0.000309,0.005533,0.002112,0.002112,0.001000,5
SENSOR_DATA,"[1,1]","[0,254]",,1,852.081586,852.081765,0.000179,0.005003,0.002112,0.002112,0.000600,3
SENSOR_DATA,"[33,1]","[0,254]",,1,852.598748,852.599067,0.000319,0.005543,0.002112,0.002112,0.001000,5
SENSOR_DATA,"[12,1]","[0,254]",,1,852.787308,852.787542,0.000234,0.005258,0.002112,0.002112,0.000800,4
SENSOR_DATA,"[0,2]","[0,254]",,1,854.741474,854.741564,0.000090,0.004714,0.002112,0.002112,0.000400,2
SENSOR_DATA,"[12,3]","[0,254]",,1,856.965071,856.965310,0.000239,0.005263,0.002112,0.002112,0.000800,4
SENSOR_DATA,"[0,1]","[0,254]",,1,856.999538,856.999617,0.000079,0.004703,0.002112,0.002112,0.000400,2
SENSOR_DATA,"[0,3]","[0,254]",,1,857.907825,857.907891,0.000066,0.004690,0.002112,0.002112,0.000400,2
SENSOR_DATA,"[12,4]","[0,254]",,1,857.907773,857.907899,0.000125,0.004949,0.002112,0.002112,0.000600,3
SENSOR_DATA,"[3,1]","[0,254]",,1,858.527649,858.527781,0.000132,0.004956,0.002112,0.002112,0.000600,3
SENSOR_DATA,"[12,2]","[0,254]",,1,858.607701,858.607863,0.000162,0.004986,0.002112,0.002112,0.000600,3
SENSOR_DATA,"[24,1]","[0,254]",,1,860.598362,860.598671,0.000309,0.005533,0.002112,0.002112,0.001000,5
SENSOR_DATA,"[1,1]","[0,254]",,1,862.081586,862.081765,0.000179,0.005003,0.002112,0.002112,0.000600,3
SENSOR_DATA,"[33,1]","[0,254]",,1,862.598748,862.599067,0.000319,0.005543,0.002112,0.002112,0.001000,5
SENSOR_DATA,"[12,1]","[0,254]",,1,862.787308,862.787542,0.000234,0.005258,0.002112,0.002112,0.000800,4
SENSOR_DATA,"[0,2]","[0,254]",,1,864.741474,864.741564,0.000090,0.004714,0.002112,0.002112,0.000400,2
SENSOR_DATA,"[12,3]","[0,254]",,1,866.965071,866.965310,0.000239,0.005263,0.002112,0.002112,0.000800,4
SENSOR_DATA,"[0,1]","[0,254]",,1,866.999538,866.999617,0.000079,0.004703,0.002112,0.002112,0.000400,2
SENSOR_DATA,"[0,3]","[0,254]",,1,867.907825,867.907891,0.000066,0.004690,0.002112,0.002112,0.000400,2
SENSOR_DATA,"[12,4]","[0,254]",,1,867.907773,867.907899,0.000125,0.004949,0.002112,0.002112,0.000600,3
SENSOR_DATA,"[3,1]","[0,254]",,1,868.527649,868.527781,0.000132,0.004956,0.002112,0.002112,0.000600,3
SENSOR_DATA,"[12,2]","[0,254]",,1,868.607701,868.607863,0.000162,0.004986,0.002112,0.002112,0.000600,3
SENSOR_DATA,"[24,1]","[0,254]",,1,870.598362,870.598671,0.000309,0.005533,0.002112,0.002112,0.001000,5
SENSOR_DATA,"[1,1]","[0,254]",,1,872.081586,872.081765,0.000179,0.005003,0.002112,0.002112,0.000600,3
SENSOR_DATA,"[33,1]","[0,254]",,1,872.598748,872.599067,0.000319,0.005543,0.002112,0.002112,0.001000,5
SENSOR_DATA,"[12,1]","[0,254]",,1,872.787308,872.787542,0.000234,0.005258,0.002112,0.002112,0.000800,4
SENSOR_DATA,"[0,2]","[0,254]",,1,874.741474,874.741564,0.000090,0.004714,0.002112,0.002112,0.000400,2
SENSOR_DATA,"[12,3]","[0,254]",,1,876.965071,876.965310,0.000239,0.005263,0.002112,0.002112,0.000800,4
SENSOR_DATA,"[0,1]","[0,254]",,1,876.999538,876.999617,0.000079,0.004703,0.002112,0.002112,0.000400,2
SENSOR_DATA,"[0,3]","[0,254]",,1,877.907825,877.907891,0.000066,0.004690,0.002112,0.002112,0.000400,2
SENSOR_DATA,"[12,4]","[0,254]",,1,877.907773,877.907899,0.000125,0.004949,0.002112,0.002112,0.000600,3
SENSOR_DATA,"[3,1]","[0,254]",,1,878.527649,878.527781,0.000132,0.004956,0.002112,0.002112,0.000600,3
SENSOR_DATA,"[12,2]","[0,254]",,1,878.607701,878.607863,0.000162,0.004986,0.002112,0.002112,0.000600,3
SENSOR_DATA,"[24,1]","[0,254]",,1,880.598362,880.598671,0.000309,0.005533,0.002112,0.002112,0.001000,5
SENSOR_DATA,"[1,1]","[0,254]",,1,882.081586,882.081765,0.000179,0.005003,0.002112,0.002112,0.000600,3
SENSOR_DATA,"[33,1]","[0,254]",,1,882.598748,882.599067,0.000319,0.005543,0.002112,0.002112,0.001000,5
SENSOR_DATA,"[12,1]","[0,254]",,1,882.787308,882.787542,0.000234,0.005258,0.002112,0.002112,0.000800,4
SENSOR_DATA,"[0,2]","[0,254]",,1,884.741474,884.741564,0.000090,0.004714,0.002112,0.002112,0.000400,2
SENSOR_DATA,"[12,3]","[0,254]",,1,886.965071,886.965310,0.000239,0.005263,0.002112,0.002112,0.000800,4
SENSOR_DATA,"[0,1]","[0,254]",,1,886.999538,886.999617,0.000079,0.004703,0.002112,0.002112,0.000400,2
SENSOR_DATA,"[0,3]","[0,254]",,1,887.907825,887.907891,0.000066,0.004690,0.002112,0.002112,0.000400,2
SENSOR_DATA,"[12,4]","[0,254]",,1,887.907773,887.907899,0.000125,0.004949,0.002112,0.002112,0.000600,3
SENSOR_DATA,"[3,1]","[0,254]",,1,888.527649,888.527781,0.000132,0.004956,0.002112,0.002112,0.000600,3
SENSOR_DATA,"[12,2]","[0,254]",,1,888.607701,888.607863,0.000162,0.004986,0.002112,0.002112,0.000600,3
SENSOR_DATA,"[24,1]","[0,254]",,1,890.598362,890.598671,0.000309,0.005533,0.002112,0.002112,0.001000,5
SENSOR_DATA,"[1,1]","[0,254]",,1,892.081586,892.081765,0.000179,0.005003,0.002112,0.002112,0.000600,3
SENSOR_DATA,"[33,1]","[0,254]",,1,892.598748,892.599067,0.000319,0.005543,0.002112,0.002112,0.001000,5
SENSOR_DATA,"[12,1]","[0,254]",,1,892.787308,892.787542,0.000234,0.005258,0.002112,0.002112,0.000800,4
SENSOR_DATA,"[0,2]","[0,254]",,1,894.741474,894.741564,0.000090,0.004714,0.002112,0.002112,0.000400,2
SENSOR_DATA,"[12,3]","[0,254]",,1,896.965071,896.965310,0.000239,0.005263,0.002112,0.002112,0.000800,4
SENSOR_DATA,"[0,1]","[0,254]",,1,896.999538,896.999617,0.000079,0.004703,0.002112,0.002112,0.000400,2
SENSOR_DATA,"[0,3]","[0,254]",,1,897.907825,897.907891,0.000066,0.004690,0.002112,0.002112,0.000400,2
SENSOR_DATA,"[12,4]","[0,254]",,1,897.907773,897.907899,0.000125,0.004949,0.002112,0.002112,0.000600,3
SENSOR_DATA,"[3,1]","[0,254]",,1,898.527649,898.527781,0.000132,0.004956,0.002112,0.002112,0.000600,3
SENSOR_DATA,"[12,2]","[0,254]",,1,898.607701,898.607863,0.000162,0.004986,0.002112,0.002112,0.000600,3
SENSOR_DATA,"[24,1]","[0,254]",,1,900.598362,900.598671,0.000309,0.005533,0.002112,0.002112,0.001000,5
SENSOR_DATA,"[1,1]","[0,254]",,1,902.081586,902.081765,0.000179,0.005003,0.002112,0.002112,0.000600,3
SENSOR_DATA,"[33,1]","[0,254]",,1,902.598748,902.599067,0.000319,0.005543,0.002112,0.002112,0.001000,5
SENSOR_DATA,"[12,1]","[0,254]",,1,902.787308,902.787542,0.000234,0.005258,0.002112,0.002112,0.000800,4
SENSOR_DATA,"[0,2]","[0,254]",,1,904.741474,904.741564,0.000090,0.004714,0.002112,0.002112,0.000400,2
SENSOR_DATA,"[12,3]","[0,254]",,1,906.965071,906.965310,0.000239,0.005263,0.002112,0.002112,0.000800,4
SENSOR_DATA,"[0,1]","[0,254]",,1,906.999538,906.999617,0.000079,0.004703,0.002112,0.002112,0.000400,2
SENSOR_DATA,"[0,3]","[0,254]",,1,907.907825,907.907891,0.000066,0.004690,0.002112,0.002112,0.000400,2
SENSOR_DATA,"[12,4]","[0,254]",,1,907.907773,907.907899,0.000125,0.004949,0.002112,0.002112,0.000600,3
SENSOR_DATA,"[3,1]","[0,254]",,1,908.527649,908.527781,0.000132,0.004956,0.002112,0.002112,0.000600,3
SENSOR_DATA,"[12,2]","[0,254]",,1,908.607701,908.607863,0.000162,0.004986,0.002112,0.002112,0.000600,3
SENSOR_DATA,"[24,1]","[0,254]",,1,910.598362,910.598671,0.000309,0.005533,0.002112,0.002112,0.001000,5
SENSOR_DATA,"[1,1]","[0,254]",,1,912.081586,912.081765,0.000179,0.005003,0.002112,0.002112,0.000600,3
SENSOR_DATA,"[33,1]","[0,254]",,1,912.598748,912.599067,0.000319,0.005543,0.002112,0.002112,0.001000,5
SENSOR_DATA,"[12,1]","[0,254]",,1,912.787308,912.787542,0.000234,0.005258,0.002112,0.002112,0.000800,4
SENSOR_DATA,"[0,2]","[0,254]",,1,914.741474,914.741564,0.000090,0.004714,0.002112,0.002112,0.000400,2
SENSOR_DATA,"[12,3]","[0,254]",,1,916.965071,916.965310,0.000239,0.005263,0.002112,0.002112,0.000800,4
SENSOR_DATA,"[0,1]","[0,254]",,1,916.999538,916.999617,0.000079,0.004703,0.002112,0.002112,0.000400,2
SENSOR_DATA,"[0,3]","[0,254]",,1,917.907825,917.907891,0.000066,0.004690,0.002112,0.002112,0.000400,2
SENSOR_DATA,"[12,4]","[0,254]",,1,917.907773,917.907899,0.000125,0.004949,0.002112,0.002112,0.000600,3
SENSOR_DATA,"[3,1]","[0,254]",,1,918.527649,918.527781,0.000132,0.004956,0.002112,0.002112,0.000600,3
SENSOR_DATA,"[12,2]","[0,254]",,1,918.607701,918.607863,0.000162,0.004986,0.002112,0.002112,0.000600,3
SENSOR_DATA,"[24,1]","[0,254]",,1,920.598362,920.598671,0.000309,0.005533,0.002112,0.002112,0.001000,5
SENSOR_DATA,"[1,1]","[0,254]",,1,922.081586,922.081765,0.000179,0.005003,0.002112,0.002112,0.000600,3
SENSOR_DATA,"[33,1]","[0,254]",,1,922.598748,922.599067,0.000319,0.005543,0.002112,0.002112,0.001000,5
SENSOR_DATA,"[12,1]","[0,254]",,1,922.787308,922.787542,0.000234,0.005258,0.002112,0.002112,0.000800,4
SENSOR_DATA,"[0,2]","[0,254]",,1,924.741474,924.741564,0.000090,0.004714,0.002112,0.002112,0.000400,2
SENSOR_DATA,"[12,3]","[0,254]",,1,926.965071,926.965310,0.000239,0.005263,0.002112,0.002112,0.000800,4
SENSOR_DATA,"[0,1]","[0,254]",,1,926.999538,926.999617,0.000079,0.004703,0.002112,0.002112,0.000400,2
SENSOR_DATA,"[0,3]","[0,254]",,1,927.907825,927.907891,0.000066,0.004690,0.002112,0.002112,0.000400,2
SENSOR_DATA,"[12,4]","[0,254]",,1,927.907773,927.907899,0.000125,0.004949,0.002112,0.002112,0.000600,3
SENSOR_DATA,"[3,1]","[0,254]",,1,928.527649,928.527781,0.000132,0.004956,0.002112,0.002112,0.000600,3
SENSOR_DATA,"[12,2]","[0,254]",,1,928.607701,928.607863,0.000162,0.004986,0.002112,0.002112,0.000600,3
SENSOR_DATA,"[24,1]","[0,254]",,1,930.598362,930.598671,0.000309,0.005533,0.002112,0.002112,0.001000,5
SENSOR_DATA,"[1,1]","[0,254]",,1,932.081586,932.081765,0.000179,0.005003,0.002112,0.002112,0.000600,3
SENSOR_DATA,"[33,1]","[0,254]",,1,932.598748,932.599067,0.000319,0.005543,0.002112,0.002112,0.001000,5
SENSOR_DATA,"[12,1]","[0,254]",,1,932.787308,932.787542,0.000234,0.005258,0.002112,0.002112,0.000800,4
SENSOR_DATA,"[0,2]","[0,254]",,1,934.741474,934.741564,0.000090,0.004714,0.002112,0.002112,0.000400,2
SENSOR_DATA,"[12,3]","[0,254]",,1,936.965071,936.965310,0.000239,0.005263,0.002112,0.002112,0.000800,4
SENSOR_DATA,"[0,1]","[0,254]",,1,936.999538,936.999617,0.000079,0.004703,0.002112,0.002112,0.000400,2
SENSOR_DATA,"[0,3]","[0,254]",,1,937.907825,937.907891,0.000066,0.004690,0.002112,0.002112,0.000400,2
SENSOR_DATA,"[12,4]","[0,254]",,1,937.907773,937.907899,0.000125,0.004949,0.002112,0.002112,0.000600,3
SENSOR_DATA,"[3,1]","[0,254]",,1,938.527649,938.527781,0.000132,0.004956,0.002112,0.002112,0.000600,3
SENSOR_DATA,"[12,2]","[0,254]",,1,938.607701,938.607863,0.000162,0.004986,0.002112,0.002112,0.000600,3
SENSOR_DATA,"[24,1]","[0,254]",,1,940.598362,940.598671,0.000309,0.005533,0.002112,0.002112,0.001000,5
SENSOR_DATA,"[1,1]","[0,254]",,1,942.081586,942.081765,0.000179,0.005003,0.002112,0.002112,0.000600,3
SENSOR_DATA,"[33,1]","[0,254]",,1,942.598748,942.599067,0.000319,0.005543,0.002112,0.002112,0.001000,5
SENSOR_DATA,"[12,1]","[0,254]",,1,942.787308,942.787542,0.000234,0.005258,0.002112,0.002112,0.000800,4
SENSOR_DATA,"[0,2]","[0,254]",,1,944.741474,944.741564,0.000090,0.004714,0.002112,0.002112,0.000400,2
SENSOR_DATA,"[12,3]","[0,254]",,1,946.965071,946.965310,0.000239,0.005263,0.002112,0.002112,0.000800,4
SENSOR_DATA,"[0,1]","[0,254]",,1,946.999538,946.999617,0.000079,0.004703,0.002112,0.002112,0.000400,2
SENSOR_DATA,"[0,3]","[0,254]",,1,947.907825,947.907891,0.000066,0.004690,0.002112,0.002112,0.000400,2
SENSOR_DATA,"[12,4]","[0,254]",,1,947.907773,947.907899,0.000125,0.004949,0.002112,0.002112,0.000600,3
SENSOR_DATA,"[3,1]","[0,254]",,1,948.527649,948.527781,0.000132,0.004956,0.002112,0.002112,0.000600,3
SENSOR_DATA,"[12,2]","[0,254]",,1,948.607701,948.607863,0.000162,0.004986,0.002112,0.002112,0.000600,3
SENSOR_DATA,"[24,1]","[0,254]",,1,950.598362,950.598671,0.000309,0.005533,0.002112,0.002112,0.001000,5
SENSOR_DATA,"[1,1]","[0,254]",,1,952.081586,952.081765,0.000179,0.005003,0.002112,0.002112,0.000600,3
SENSOR_DATA,"[33,1]","[0,254]",,1,952.598748,952.599067,0.000319,0.005543,0.002112,0.002112,0.001000,5
SENSOR_DATA,"[12,1]","[0,254]",,1,952.787308,952.787542,0.000234,0.005258,0.002112,0.002112,0.000800,4
SENSOR_DATA,"[0,2]","[0,254]",,1,954.741474,954.741564,0.000090,0.004714,0.002112,0.002112,0.000400,2
SENSOR_DATA,"[12,3]","[0,254]",,1,956.965071,956.965310,0.000239,0.005263,0.002112,0.002112,0.000800,4
SENSOR_DATA,"[0,1]","[0,254]",,1,956.999538,956.999617,0.000079,0.004703,0.002112,0.002112,0.000400,2
SENSOR_DATA,"[0,3]","[0,254]",,1,957.907825,957.907891,0.000066,0.004690,0.002112,0.002112,0.000400,2
SENSOR_DATA,"[12,4]","[0,254]",,1,957.907773,957.907899,0.000125,0.004949,0.002112,0.002112,0.000600,3
SENSOR_DATA,"[3,1]","[0,254]",,1,958.527649,958.527781,0.000132,0.004956,0.002112,0.002112,0.000600,3
SENSOR_DATA,"[12,2]","[0,254]",,1,958.607701,958.607863,0.000162,0.004986,0.002112,0.002112,0.000600,3
SENSOR_DATA,"[24,1]","[0,254]",,1,960.598362,960.598671,0.000309,0.005533,0.002112,0.002112,0.001000,5
SENSOR_DATA,"[1,1]","[0,254]",,1,962.081586,962.081765,0.000179,0.005003,0.002112,0.002112,0.000600,3
SENSOR_DATA,"[33,1]","[0,254]",,1,962.598748,962.599067,0.000319,0.005543,0.002112,0.002112,0.001000,5
SENSOR_DATA,"[12,1]","[0,254]",,1,962.787308,962.787542,0.000234,0.005258,0.002112,0.002112,0.000800,4
SENSOR_DATA,"[0,2]","[0,254]",,1,964.741474,964.741564,0.000090,0.004714,0.002112,0.002112,0.000400,2
SENSOR_DATA,"[12,3]","[0,254]",,1,966.965071,966.965310,0.000239,0.005263,0.002112,0.002112,0.000800,4
SENSOR_DATA,"[0,1]","[0,254]",,1,966.999538,966.999617,0.000079,0.004703,0.002112,0.002112,0.000400,2
SENSOR_DATA,"[0,3]","[0,254]",,1,967.907825,967.907891,0.000066,0.004690,0.002112,0.002112,0.000400,2
SENSOR_DATA,"[12,4]","[0,254]",,1,967.907773,967.907899,0.000125,0.004949,0.002112,0.002112,0.000600,3
SENSOR_DATA,"[3,1]","[0,254]",,1,968.527649,968.527781,0.000132,0.004956,0.002112,0.002112,0.000600,3
SENSOR_DATA,"[12,2]","[0,254]",,1,968.607701,968.607863,0.000162,0.004986,0.002112,0.002112,0.000600,3
SENSOR_DATA,"[24,1]","[0,254]",,1,970.598362,970.598671,0.000309,0.005533,0.002112,0.002112,0.001000,5
SENSOR_DATA,"[1,1]","[0,254]",,1,972.081586,972.081765,0.000179,0.005003,0.002112,0.002112,0.000600,3
SENSOR_DATA,"[33,1]","[0,254]",,1,972.598748,972.599067,0.000319,0.005543,0.002112,0.002112,0.001000,5
SENSOR_DATA,"[12,1]","[0,254]",,1,972.787308,972.787542,0.000234,0.005258,0.002112,0.002112,0.000800,4
SENSOR_DATA,"[0,2]","[0,254]",,1,974.741474,974.741564,0.000090,0.004714,0.002112,0.002112,0.000400,2
SENSOR_DATA,"[12,3]","[0,254]",,1,976.965071,976.965310,0.000239,0.005263,0.002112,0.002112,0.000800,4
SENSOR_DATA,"[0,1]","[0,254]",,1,976.999538,976.999617,0.000079,0.004703,0.002112,0.002112,0.000400,2
SENSOR_DATA,"[0,3]","[0,254]",,1,977.907825,977.907891,0.000066,0.004690,0.002112,0.002112,0.000400,2
SENSOR_DATA,"[12,4]","[0,254]",,1,977.907773,977.907899,0.000125,0.004949,0.002112,0.002112,0.000600,3
SENSOR_DATA,"[3,1]","[0,254]",,1,978.527649,978.527781,0.000132,0.004956,0.002112,0.002112,0.000600,3
SENSOR_DATA,"[12,2]","[0,254]",,1,978.607701,978.607863,0.000162,0.004986,0.002112,0.002112,0.000600,3
SENSOR_DATA,"[24,1]","[0,254]",,1,980.598362,980.598671,0.000309,0.005533,0.002112,0.002112,0.001000,5
SENSOR_DATA,"[1,1]","[0,254]",,1,982.081586,982.081765,0.000179,0.005003,0.002112,0.002112,0.000600,3
SENSOR_DATA,"[33,1]","[0,254]",,1,982.598748,982.599067,0.000319,0.005543,0.002112,0.002112,0.001000,5
SENSOR_DATA,"[12,1]","[0,254]",,1,982.787308,982.787542,0.000234,0.005258,0.002112,0.002112,0.000800,4
SENSOR_DATA,"[0,2]","[0,254]",,1,984.741474,984.741564,0.000090,0.004714,0.002112,0.002112,0.000400,2
SENSOR_DATA,"[12,3]","[0,254]",,1,986.965071,986.965310,0.000239,0.005263,0.002112,0.002112,0.000800,4
SENSOR_DATA,"[0,1]","[0,254]",,1,986.999538,986.999617,0.000079,0.004703,0.002112,0.002112,0.000400,2
SENSOR_DATA,"[0,3]","[0,254]",,1,987.907825,987.907891,0.000066,0.004690,0.002112,0.002112,0.000400,2
SENSOR_DATA,"[12,4]","[0,254]",,1,987.907773,987.907899,0.000125,0.004949,0.002112,0.002112,0.000600,3
SENSOR_DATA,"[3,1]","[0,254]",,1,988.527649,988.527781,0.000132,0.004956,0.002112,0.002112,0.000600,3
SENSOR_DATA,"[12,2]","[0,254]",,1,988.607701,988.607863,0.000162,0.004986,0.002112,0.002112,0.000600,3
SENSOR_DATA,"[24,1]","[0,254]",,1,990.598362,990.598671,0.000309,0.005533,0.002112,0.002112,0.001000,5
SENSOR_DATA,"[1,1]","[0,254]",,1,992.081586,992.081765,0.000179,0.005003,0.002112,0.002112,0.000600,3
SENSOR_DATA,"[33,1]","[0,254]",,1,992.598748,992.599067,0.000319,0.005543,0.002112,0.002112,0.001000,5
SENSOR_DATA,"[12,1]","[0,254]",,1,992.787308,992.787542,0.000234,0.005258,0.002112,0.002112,0.000800,4
SENSOR_DATA,"[0,2]","[0,254]",,1,994.741474,994.741564,0.000090,0.004714,0.002112,0.002112,0.000400,2
SENSOR_DATA,"[12,3]","[0,254]",,1,996.965071,996.965310,0.000239,0.005263,0.002112,0.002112,0.000800,4
SENSOR_DATA,"[0,1]","[0,254]",,1,996.999538,996.999617,0.000079,0.004703,0.002112,0.002112,0.000400,2
SENSOR_DATA,"[0,3]","[0,254]",,1,997.907825,997.907891,0.000066,0.004690,0.002112,0.002112,0.000400,2
SENSOR_DATA,"[12,4]","[0,254]",,1,997.907773,997.907899,0.000125,0.004949,0.002112,0.002112,0.000600,3
SENSOR_DATA,"[3,1]","[0,254]",,1,998.527649,998.527781,0.000132,0.004956,0.002112,0.002112,0.000600,3
SENSOR_DATA,"[12,2]","[0,254]",,1,998.607701,998.607863,0.000162,0.004986,0.002112,0.002112,0.000600,3
SENSOR_DATA,"[24,1]","[0,254]",,1,1000.598362,1000.598671,0.000309,0.005533,0.002112,0.002112,0.001000,5
SENSOR_DATA,"[1,1]","[0,254]",,1,1002.081586,1002.081765,0.000179,0.005003,0.002112,0.002112,0.000600,3
SENSOR_DATA,"[33,1]","[0,254]",,1,1002.598748,1002.599067,0.000319,0.005543,0.002112,0.002112,0.001000,5
SENSOR_DATA,"[12,1]","[0,254]",,1,1002.787308,1002.787542,0.000234,0.005258,0.002112,0.002112,0.000800,4
SENSOR_DATA,"[0,2]","[0,254]",,1,1004.741474,1004.741564,0.000090,0.004714,0.002112,0.002112,0.000400,2
SENSOR_DATA,"[12,3]","[0,254]",,1,1006.965071,1006.965310,0.000239,0.005263,0.002112,0.002112,0.000800,4
SENSOR_DATA,"[0,1]","[0,254]",,1,1006.999538,1006.999617,0.000079,0.004703,0.002112,0.002112,0.000400,2
SENSOR_DATA,"[0,3]","[0,254]",,1,1007.907825,1007.907891,0.000066,0.004690,0.002112,0.002112,0.000400,2
SENSOR_DATA,"[12,4]","[0,254]",,1,1007.907773,1007.907899,0.000125,0.004949,0.002112,0.002112,0.000600,3
SENSOR_DATA,"[3,1]","[0,254]",,1,1008.527649,1008.527781,0.000132,0.004956,0.002112,0.002112,0.000600,3
SENSOR_DATA,"[12,2]","[0,254]",,1,1008.607701,1008.607863,0.000162,0.004986,0.002112,0.002112,0.000600,3
SENSOR_DATA,"[24,1]","[0,254]",,1,1010.598362,1010.598671,0.000309,0.005533,0.002112,0.002112,0.001000,5
SENSOR_DATA,"[1,1]","[0,254]",,1,1012.081586,1012.081765,0.000179,0.005003,0.002112,0.002112,0.000600,3
SENSOR_DATA,"[33,1]","[0,254]",,1,1012.598748,1012.599067,0.000319,0.005543,0.002112,0.002112,0.001000,5
SENSOR_DATA,"[12,1]","[0,254]",,1,1012.787308,1012.787542,0.000234,0.005258,0.002112,0.002112,0.000800,4
SENSOR_DATA,"[0,2]","[0,254]",,1,1014.741474,1014.741564,0.000090,0.004714,0.002112,0.002112,0.000400,2
SENSOR_DATA,"[12,3]","[0,254]",,1,1016.965071,1016.965310,0.000239,0.005263,0.002112,0.002112,0.000800,4
SENSOR_DATA,"[0,1]","[0,254]",,1,1016.999538,1016.999617,0.000079,0.004703,0.002112,0.002112,0.000400,2
SENSOR_DATA,"[0,3]","[0,254]",,1,1017.907825,1017.907891,0.000066,0.004690,0.002112,0.002112,0.000400,2
SENSOR_DATA,"[12,4]","[0,254]",,1,1017.907773,1017.907899,0.000125,0.004949,0.002112,0.002112,0.000600,3
SENSOR_DATA,"[3,1]","[0,254]",,1,1018.527649,1018.527781,0.000132,0.004956,0.002112,0.002112,0.000600,3
SENSOR_DATA,"[12,2]","[0,254]",,1,1018.607701,1018.607863,0.000162,0.004986,0.002112,0.002112,0.000600,3
SENSOR_DATA,"[24,1]","[0,254]",,1,1020.598362,1020.598671,0.000309,0.005533,0.002112,0.002112,0.001000,5
SENSOR_DATA,"[1,1]","[0,254]",,1,1022.081586,1022.081765,0.000179,0.005003,0.002112,0.002112,0.000600,3
SENSOR_DATA,"[33,1]","[0,254]",,1,1022.598748,1022.599067,0.000319,0.005543,0.002112,0.002112,0.001000,5
SENSOR_DATA,"[12,1]","[0,254]",,1,1022.787308,1022.787542,0.000234,0.005258,0.002112,0.002112,0.000800,4
SENSOR_DATA,"[0,2]","[0,254]",,1,1024.741474,1024.741564,0.000090,0.004714,0.002112,0.002112,0.000400,2
SENSOR_DATA,"[12,3]","[0,254]",,1,1026.965071,1026.965310,0.000239,0.005263,0.002112,0.002112,0.000800,4
SENSOR_DATA,"[0,1]","[0,254]",,1,1026.999538,1026.999617,0.000079,0.004703,0.002112,0.002112,0.000400,2
SENSOR_DATA,"[0,3]","[0,254]",,1,1027.907825,1027.907891,0.000066,0.004690,0.002112,0.002112,0.000400,2
SENSOR_DATA,"[12,4]","[0,254]",,1,1027.907773,1027.907899,0.000125,0.004949,0.002112,0.002112,0.000600,3
SENSOR_DATA,"[3,1]","[0,254]",,1,1028.527649,1028.527781,0.000132,0.004956,0.002112,0.002112,0.000600,3
SENSOR_DATA,"[12,2]","[0,254]",,1,1028.607701,1028.607863,0.000162,0.004986,0.002112,0.002112,0.000600,3
SENSOR_DATA,"[24,1]","[0,254]",,1,1030.598362,1030.598671,0.000309,0.005533,0.002112,0.002112,0.001000,5
SENSOR_DATA,"[1,1]","[0,254]",,1,1032.081586,1032.081765,0.000179,0.005003,0.002112,0.002112,0.000600,3
SENSOR_DATA,"[33,1]","[0,254]",,1,1032.598748,1032.599067,0.000319,0.005543,0.002112,0.002112,0.001000,5
SENSOR_DATA,"[12,1]","[0,254]",,1,1032.787308,1032.787542,0.000234,0.005258,0.002112,0.002112,0.000800,4
SENSOR_DATA,"[0,2]","[0,254]",,1,1034.741474,1034.741564,0.000090,0.004714,0.002112,0.002112,0.000400,2
SENSOR_DATA,"[12,3]","[0,254]",,1,1036.965071,1036.965310,0.000239,0.005263,0.002112,0.002112,0.000800,4
SENSOR_DATA,"[0,1]","[0,254]",,1,1036.999538,1036.999617,0.000079,0.004703,0.002112,0.002112,0.000400,2
SENSOR_DATA,"[0,3]","[0,254]",,1,1037.907825,1037.907891,0.000066,0.004690,0.002112,0.002112,0.000400,2
SENSOR_DATA,"[12,4]","[0,254]",,1,1037.907773,1037.907899,0.000125,0.004949,0.002112,0.002112,0.000600,3
SENSOR_DATA,"[3,1]","[0,254]",,1,1038.527649,1038.527781,0.000132,0.004956,0.002112,0.002112,0.000600,3
SENSOR_DATA,"[12,2]","[0,254]",,1,1038.607701,1038.607863,0.000162,0.004986,0.002112,0.002112,0.000600,3
SENSOR_DATA,"[24,1]","[0,254]",,1,1040.598362,1040.598671,0.000309,0.005533,0.002112,0.002112,0.001000,5
SENSOR_DATA,"[1,1]","[0,254]",,1,1042.081586,1042.081765,0.000179,0.005003,0.002112,0.002112,0.000600,3
SENSOR_DATA,"[33,1]","[0,254]",,1,1042.598748,1042.599067,0.000319,0.005543,0.002112,0.002112,0.001000,5
SENSOR_DATA,"[12,1]","[0,254]",,1,1042.787308,1042.787542,0.000234,0.005258,0.002112,0.002112,0.000800,4
SENSOR_DATA,"[0,2]","[0,254]",,1,1044.741474,1044.741564,0.000090,0.004714,0.002112,0.002112,0.000400,2
SENSOR_DATA,"[12,3]","[0,254]",,1,1046.965071,1046.965310,0.000239,0.005263,0.002112,0.002112,0.000800,4
SENSOR_DATA,"[0,1]","[0,254]",,1,1046.999538,1046.999617,0.000079,0.004703,0.002112,0.002112,0.000400,2
SENSOR_DATA,"[0,3]","[0,254]",,1,1047.907825,1047.907891,0.000066,0.004690,0.002112,0.002112,0.000400,2
SENSOR_DATA,"[12,4]","[0,254]",,1,1047.907773,1047.907899,0.000125,0.004949,0.002112,0.002112,0.000600,3
SENSOR_DATA,"[3,1]","[0,254]",,1,1048.527649,1048.527781,0.000132,0.004956,0.002112,0.002112,0.000600,3
SENSOR_DATA,"[12,2]","[0,254]",,1,1048.607701,1048.607863,0.000162,0.004986,0.002112,0.002112,0.000600,3
SENSOR_DATA,"[24,1]","[0,254]",,1,1050.598362,1050.598671,0.000309,0.005533,0.002112,0.002112,0.001000,5
SENSOR_DATA,"[1,1]","[0,254]",,1,1052.081586,1052.081765,0.000179,0.005003,0.002112,0.002112,0.000600,3
SENSOR_DATA,"[33,1]","[0,254]",,1,1052.598748,1052.599067,0.000319,0.005543,0.002112,0.002112,0.001000,5
SENSOR_DATA,"[12,1]","[0,254]",,1,1052.787308,1052.787542,0.000234,0.005258,0.002112,0.002112,0.000800,4
SENSOR_DATA,"[0,2]","[0,254]",,1,1054.741474,1054.741564,0.000090,0.004714,0.002112,0.002112,0.000400,2
SENSOR_DATA,"[12,3]","[0,254]",,1,1056.965071,1056.965310,0.000239,0.005263,0.002112,0.002112,0.000800,4
SENSOR_DATA,"[0,1]","[0,254]",,1,1056.999538,1056.999617,0.000079,0.004703,0.002112,0.002112,0.000400,2
SENSOR_DATA,"[0,3]","[0,254]",,1,1057.907825,1057.907891,0.000066,0.004690,0.002112,0.002112,0.000400,2
SENSOR_DATA,"[12,4]","[0,254]",,1,1057.907773,1057.907899,0.000125,0.004949,0.002112,0.002112,0.000600,3
SENSOR_DATA,"[3,1]","[0,254]",,1,1058.527649,1058.527781,0.000132,0.004956,0.002112,0.002112,0.000600,3
SENSOR_DATA,"[12,2]","[0,254]",,1,1058.607701,1058.607863,0.000162,0.004986,0.002112,0.002112,0.000600,3
SENSOR_DATA,"[24,1]","[0,254]",,1,1060.598362,1060.598671,0.000309,0.005533,0.002112,0.002112,0.001000,5
SENSOR_DATA,"[1,1]","[0,254]",,1,1062.081586,1062.081765,0.000179,0.005003,0.002112,0.002112,0.000600,3
SENSOR_DATA,"[33,1]","[0,254]",,1,1062.598748,1062.599067,0.000319,0.005543,0.002112,0.002112,0.001000,5
SENSOR_DATA,"[12,1]","[0,254]",,1,1062.787308,1062.787542,0.000234,0.005258,0.002112,0.002112,0.000800,4
SENSOR_DATA,"[0,2]","[0,254]",,1,1064.741474,1064.741564,0.000090,0.004714,0.002112,0.002112,0.000400,2
SENSOR_DATA,"[12,3]","[0,254]",,1,1066.965071,1066.965310,0.000239,0.005263,0.002112,0.002112,0.000800,4
SENSOR_DATA,"[0,1]","[0,254]",,1,1066.999538,1066.999617,0.000079,0.004703,0.002112,0.002112,0.000400,2
SENSOR_DATA,"[0,3]","[0,254]",,1,1067.907825,1067.907891,0.000066,0.004690,0.002112,0.002112,0.000400,2
SENSOR_DATA,"[12,4]","[0,254]",,1,1067.907773,1067.907899,0.000125,0.004949,0.002112,0.002112,0.000600,3
SENSOR_DATA,"[3,1]","[0,254]",,1,1068.527649,1068.527781,0.000132,0.004956,0.002112,0.002112,0.000600,3
SENSOR_DATA,"[12,2]","[0,254]",,1,1068.607701,1068.607863,0.000162,0.004986,0.002112,0.002112,0.000600,3
SENSOR_DATA,"[24,1]","[0,254]",,1,1070.598362,1070.598671,0.000309,0.005533,0.002112,0.002112,0.001000,5
SENSOR_DATA,"[1,1]","[0,254]",,1,1072.081586,1072.081765,0.000179,0.005003,0.002112,0.002112,0.000600,3
SENSOR_DATA,"[33,1]","[0,254]",,1,1072.598748,1072.599067,0.000319,0.005543,0.002112,0.002112,0.001000,5
SENSOR_DATA,"[12,1]","[0,254]",,1,1072.787308,1072.787542,0.000234,0.005258,0.002112,0.002112,0.000800,4
SENSOR_DATA,"[0,2]","[0,254]",,1,1074.741474,1074.741564,0.000090,0.004714,0.002112,0.002112,0.000400,2
SENSOR_DATA,"[12,3]","[0,254]",,1,1076.965071,1076.965310,0.000239,0.005263,0.002112,0.002112,0.000800,4
SENSOR_DATA,"[0,1]","[0,254]",,1,1076.999538,1076.999617,0.000079,0.004703,0.002112,0.002112,0.000400,2
SENSOR_DATA,"[0,3]","[0,254]",,1,1077.907825,1077.907891,0.000066,0.004690,0.002112,0.002112,0.000400,2
SENSOR_DATA,"[12,4]","[0,254]",,1,1077.907773,1077.907899,0.000125,0.004949,0.002112,0.002112,0.000600,3
SENSOR_DATA,"[3,1]","[0,254]",,1,1078.527649,1078.527781,0.000132,0.004956,0.002112,0.002112,0.000600,3
SENSOR_DATA,"[12,2]","[0,254]",,1,1078.607701,1078.607863,0.000162,0.004986,0.002112,0.002112,0.000600,3
SENSOR_DATA,"[24,1]","[0,254]",,1,1080.598362,1080.598671,0.000309,0.005533,0.002112,0.002112,0.001000,5
SENSOR_DATA,"[1,1]","[0,254]",,1,1082.081586,1082.081765,0.000179,0.005003,0.002112,0.002112,0.000600,3
SENSOR_DATA,"[33,1]","[0,254]",,1,1082.598748,1082.599067,0.000319,0.005543,0.002112,0.002112,0.001000,5
SENSOR_DATA,"[12,1]","[0,254]",,1,1082.787308,1082.787542,0.000234,0.005258,0.002112,0.002112,0.000800,4
SENSOR_DATA,"[0,2]","[0,254]",,1,1084.741474,1084.741564,0.000090,0.004714,0.002112,0.002112,0.000400,2
SENSOR_DATA,"[12,3]","[0,254]",,1,1086.965071,1086.965310,0.000239,0.005263,0.002112,0.002112,0.000800,4
SENSOR_DATA,"[0,1]","[0,254]",,1,1086.999538,1086.999617,0.000079,0.004703,0.002112,0.002112,0.000400,2
SENSOR_DATA,"[0,3]","[0,254]",,1,1087.907825,1087.907891,0.000066,0.004690,0.002112,0.002112,0.000400,2
SENSOR_DATA,"[12,4]","[0,254]",,1,1087.907773,1087.907899,0.000125,0.004949,0.002112,0.002112,0.000600,3
SENSOR_DATA,"[3,1]","[0,254]",,1,1088.527649,1088.527781,0.000132,0.004956,0.002112,0.002112,0.000600,3
SENSOR_DATA,"[12,2]","[0,254]",,1,1088.607701,1088.607863,0.000162,0.004986,0.002112,0.002112,0.000600,3
SENSOR_DATA,"[24,1]","[0,254]",,1,1090.598362,1090.598671,0.000309,0.005533,0.002112,0.002112,0.001000,5
SENSOR_DATA,"[1,1]","[0,254]",,1,1092.081586,1092.081765,0.000179,0.005003,0.002112,0.002112,0.000600,3
SENSOR_DATA,"[33,1]","[0,254]",,1,1092.598748,1092.599067,0.000319,0.005543,0.002112,0.002112,0.001000,5
SENSOR_DATA,"[12,1]","[0,254]",,1,1092.787308,1092.787542,0.000234,0.005258,0.002112,0.002112,0.000800,4
SENSOR_DATA,"[0,2]","[0,254]",,1,1094.741474,1094.741564,0.000090,0.004714,0.002112,0.002112,0.000400,2
SENSOR_DATA,"[12,3]","[0,254]",,1,1096.965071,1096.965310,0.000239,0.005263,0.002112,0.002112,0.000800,4
SENSOR_DATA,"[0,1]","[0,254]",,1,1096.999538,1096.999617,0.000079,0.004703,0.002112,0.002112,0.000400,2
SENSOR_DATA,"[0,3]","[0,254]",,1,1097.907825,1097.907891,0.000066,0.004690,0.002112,0.002112,0.000400,2
SENSOR_DATA,"[12,4]","[0,254]",,1,1097.907773,1097.907899,0.000125,0.004949,0.002112,0.002112,0.000600,3
SENSOR_DATA,"[3,1]","[0,254]",,1,1098.527649,1098.527781,0.000132,0.004956,0.002112,0.002112,0.000600,3
SENSOR_DATA,"[12,2]","[0,254]",,1,1098.607701,1098.607863,0.000162,0.004986,0.002112,0.002112,0.000600,3
SENSOR_DATA,"[24,1]","[0,254]",,1,1100.598362,1100.598671,0.000309,0.005533,0.002112,0.002112,0.001000,5
SENSOR_DATA,"[1,1]","[0,254]",,1,1102.081586,1102.081765,0.000179,0.005003,0.002112,0.002112,0.000600,3
SENSOR_DATA,"[33,1]","[0,254]",,1,1102.598748,1102.599067,0.000319,0.005543,0.002112,0.002112,0.001000,5
SENSOR_DATA,"[12,1]","[0,254]",,1,1102.787308,1102.787542,0.000234,0.005258,0.002112,0.002112,0.000800,4
SENSOR_DATA,"[0,2]","[0,254]",,1,1104.741474,1104.741564,0.000090,0.004714,0.002112,0.002112,0.000400,2
SENSOR_DATA,"[12,3]","[0,254]",,1,1106.965071,1106.965310,0.000239,0.005263,0.002112,0.002112,0.000800,4
SENSOR_DATA,"[0,1]","[0,254]",,1,1106.999538,1106.999617,0.000079,0.004703,0.002112,0.002112,0.000400,2
SENSOR_DATA,"[0,3]","[0,254]",,1,1107.907825,1107.907891,0.000066,0.004690,0.002112,0.002112,0.000400,2
SENSOR_DATA,"[12,4]","[0,254]",,1,1107.907773,1107.907899,0.000125,0.004949,0.002112,0.002112,0.000600,3
SENSOR_DATA,"[3,1]","[0,254]",,1,1108.527649,1108.527781,0.000132,0.004956,0.002112,0.002112,0.000600,3
SENSOR_DATA,"[12,2]","[0,254]",,1,1108.607701,1108.607863,0.000162,0.004986,0.002112,0.002112,0.000600,3
SENSOR_DATA,"[24,1]","[0,254]",,1,1110.598362,1110.598671,0.000309,0.005533,0.002112,0.002112,0.001000,5
SENSOR_DATA,"[1,1]","[0,254]",,1,1112.081586,1112.081765,0.000179,0.005003,0.002112,0.002112,0.000600,3
SENSOR_DATA,"[33,1]","[0,254]",,1,1112.598748,1112.599067,0.000319,0.005543,0.002112,0.002112,0.001000,5
SENSOR_DATA,"[12,1]","[0,254]",,1,1112.787308,1112.787542,0.000234,0.005258,0.002112,0.002112,0.000800,4
SENSOR_DATA,"[0,2]","[0,254]",,1,1114.741474,1114.741564,0.000090,0.004714,0.002112,0.002112,0.000400,2
SENSOR_DATA,"[12,3]","[0,254]",,1,1116.965071,1116.965310,0.000239,0.005263,0.002112,0.002112,0.000800,4
SENSOR_DATA,"[0,1]","[0,254]",,1,1116.999538,1116.999617,0.000079,0.004703,0.002112,0.002112,0.000400,2
SENSOR_DATA,"[0,3]","[0,254]",,1,1117.907825,1117.907891,0.000066,0.004690,0.002112,0.002112,0.000400,2
SENSOR_DATA,"[12,4]","[0,254]",,1,1117.907773,1117.907899,0.000125,0.004949,0.002112,0.002112,0.000600,3
SENSOR_DATA,"[3,1]","[0,254]",,1,1118.527649,1118.527781,0.000132,0.004956,0.002112,0.002112,0.000600,3
SENSOR_DATA,"[12,2]","[0,254]",,1,1118.607701,1118.607863,0.000162,0.004986,0.002112,0.002112,0.000600,3
SENSOR_DATA,"[24,1]","[0,254]",,1,1120.598362,1120.598671,0.000309,0.005533,0.002112,0.002112,0.001000,5
SENSOR_DATA,"[1,1]","[0,254]",,1,1122.081586,1122.081765,0.000179,0.005003,0.002112,0.002112,0.000600,3
SENSOR_DATA,"[33,1]","[0,254]",,1,1122.598748,1122.599067,0.000319,0.005543,0.002112,0.002112,0.001000,5
SENSOR_DATA,"[12,1]","[0,254]",,1,1122.787308,1122.787542,0.000234,0.005258,0.002112,0.002112,0.000800,4
SENSOR_DATA,"[0,2]","[0,254]",,1,1124.741474,1124.741564,0.000090,0.004714,0.002112,0.002112,0.000400,2
SENSOR_DATA,"[12,3]","[0,254]",,1,1126.965071,1126.965310,0.000239,0.005263,0.002112,0.002112,0.000800,4
SENSOR_DATA,"[0,1]","[0,254]",,1,1126.999538,1126.999617,0.000079,0.004703,0.002112,0.002112,0.000400,2
SENSOR_DATA,"[0,3]","[0,254]",,1,1127.907825,1127.907891,0.000066,0.004690,0.002112,0.002112,0.000400,2
SENSOR_DATA,"[12,4]","[0,254]",,1,1127.907773,1127.907899,0.000125,0.004949,0.002112,0.002112,0.000600,3
SENSOR_DATA,"[3,1]","[0,254]",,1,1128.527649,1128.527781,0.000132,0.004956,0.002112,0.002112,0.000600,3
SENSOR_DATA,"[12,2]","[0,254]",,1,1128.607701,1128.607863,0.000162,0.004986,0.002112,0.002112,0.000600,3
SENSOR_DATA,"[24,1]","[0,254]",,1,1130.598362,1130.598671,0.000309,0.005533,0.002112,0.002112,0.001000,5
SENSOR_DATA,"[1,1]","[0,254]",,1,1132.081586,1132.081765,0.000179,0.005003,0.002112,0.002112,0.000600,3
SENSOR_DATA,"[33,1]","[0,254]",,1,1132.598748,1132.599067,0.000319,0.005543,0.002112,0.002112,0.001000,5
SENSOR_DATA,"[12,1]","[0,254]",,1,1132.787308,1132.787542,0.000234,0.005258,0.002112,0.002112,0.000800,4
SENSOR_DATA,"[0,2]","[0,254]",,1,1134.741474,1134.741564,0.000090,0.004714,0.002112,0.002112,0.000400,2
SENSOR_DATA,"[12,3]","[0,254]",,1,1136.965071,1136.965310,0.000239,0.005263,0.002112,0.002112,0.000800,4
SENSOR_DATA,"[0,1]","[0,254]",,1,1136.999538,1136.999617,0.000079,0.004703,0.002112,0.002112,0.000400,2
SENSOR_DATA,"[0,3]","[0,254]",,1,1137.907825,1137.907891,0.000066,0.004690,0.002112,0.002112,0.000400,2
SENSOR_DATA,"[12,4]","[0,254]",,1,1137.907773,1137.907899,0.000125,0.004949,0.002112,0.002112,0.000600,3
SENSOR_DATA,"[3,1]","[0,254]",,1,1138.527649,1138.527781,0.000132,0.004956,0.002112,0.002112,0.000600,3
SENSOR_DATA,"[12,2]","[0,254]",,1,1138.607701,1138.607863,0.000162,0.004986,0.002112,0.002112,0.000600,3
SENSOR_DATA,"[24,1]","[0,254]",,1,1140.598362,1140.598671,0.000309,0.005533,0.002112,0.002112,0.001000,5
SENSOR_DATA,"[1,1]","[0,254]",,1,1142.081586,1142.081765,0.000179,0.005003,0.002112,0.002112,0.000600,3
SENSOR_DATA,"[33,1]","[0,254]",,1,1142.598748,1142.599067,0.000319,0.005543,0.002112,0.002112,0.001000,5
SENSOR_DATA,"[12,1]","[0,254]",,1,1142.787308,1142.787542,0.000234,0.005258,0.002112,0.002112,0.000800,4
SENSOR_DATA,"[0,2]","[0,254]",,1,1144.741474,1144.741564,0.000090,0.004714,0.002112,0.002112,0.000400,2
SENSOR_DATA,"[12,3]","[0,254]",,1,1146.965071,1146.965310,0.000239,0.005263,0.002112,0.002112,0.000800,4
SENSOR_DATA,"[0,1]","[0,254]",,1,1146.999538,1146.999617,0.000079,0.004703,0.002112,0.002112,0.000400,2
SENSOR_DATA,"[0,3]","[0,254]",,1,1147.907825,1147.907891,0.000066,0.004690,0.002112,0.002112,0.000400,2
SENSOR_DATA,"[12,4]","[0,254]",,1,1147.907773,1147.907899,0.000125,0.004949,0.002112,0.002112,0.000600,3
SENSOR_DATA,"[3,1]","[0,254]",,1,1148.527649,1148.527781,0.000132,0.004956,0.002112,0.002112,0.000600,3
SENSOR_DATA,"[12,2]","[0,254]",,1,1148.607701,1148.607863,0.000162,0.004986,0.002112,0.002112,0.000600,3
SENSOR_DATA,"[24,1]","[0,254]",,1,1150.598362,1150.598671,0.000309,0.005533,0.002112,0.002112,0.001000,5
SENSOR_DATA,"[1,1]","[0,254]",,1,1152.081586,1152.081765,0.000179,0.005003,0.002112,0.002112,0.000600,3
SENSOR_DATA,"[33,1]","[0,254]",,1,1152.598748,1152.599067,0.000319,0.005543,0.002112,0.002112,0.001000,5
SENSOR_DATA,"[12,1]","[0,254]",,1,1152.787308,1152.787542,0.000234,0.005258,0.002112,0.002112,0.000800,4
SENSOR_DATA,"[0,2]","[0,254]",,1,1154.741474,1154.741564,0.000090,0.004714,0.002112,0.002112,0.000400,2
SENSOR_DATA,"[12,3]","[0,254]",,1,1156.965071,1156.965310,0.000239,0.005263,0.002112,0.002112,0.000800,4
SENSOR_DATA,"[0,1]","[0,254]",,1,1156.999538,1156.999617,0.000079,0.004703,0.002112,0.002112,0.000400,2
SENSOR_DATA,"[0,3]","[0,254]",,1,1157.907825,1157.907891,0.000066,0.004690,0.002112,0.002112,0.000400,2
SENSOR_DATA,"[12,4]","[0,254]",,1,1157.907773,1157.907899,0.000125,0.004949,0.002112,0.002112,0.000600,3
SENSOR_DATA,"[3,1]","[0,254]",,1,1158.527649,1158.527781,0.000132,0.004956,0.002112,0.002112,0.000600,3
SENSOR_DATA,"[12,2]","[0,254]",,1,1158.607701,1158.607863,0.000162,0.004986,0.002112,0.002112,0.000600,3
SENSOR_DATA,"[24,1]","[0,254]",,1,1160.598362,1160.598671,0.000309,0.005533,0.002112,0.002112,0.001000,5
SENSOR_DATA,"[1,1]","[0,254]",,1,1162.081586,1162.081765,0.000179,0.005003,0.002112,0.002112,0.000600,3
SENSOR_DATA,"[33,1]","[0,254]",,1,1162.598748,1162.599067,0.000319,0.005543,0.002112,0.002112,0.001000,5
SENSOR_DATA,"[12,1]","[0,254]",,1,1162.787308,1162.787542,0.000234,0.005258,0.002112,0.002112,0.000800,4
SENSOR_DATA,"[0,2]","[0,254]",,1,1164.741474,1164.741564,0.000090,0.004714,0.002112,0.002112,0.000400,2
SENSOR_DATA,"[12,3]","[0,254]",,1,1166.965071,1166.965310,0.000239,0.005263,0.002112,0.002112,0.000800,4
SENSOR_DATA,"[0,1]","[0,254]",,1,1166.999538,1166.999617,0.000079,0.004703,0.002112,0.002112,0.000400,2
SENSOR_DATA,"[0,3]","[0,254]",,1,1167.907825,1167.907891,0.000066,0.004690,0.002112,0.002112,0.000400,2
SENSOR_DATA,"[12,4]","[0,254]",,1,1167.907773,1167.907899,0.000125,0.004949,0.002112,0.002112,0.000600,3
SENSOR_DATA,"[3,1]","[0,254]",,1,1168.527649,1168.527781,0.000132,0.004956,0.002112,0.002112,0.000600,3
SENSOR_DATA,"[12,2]","[0,254]",,1,1168.607701,1168.607863,0.000162,0.004986,0.002112,0.002112,0.000600,3
SENSOR_DATA,"[24,1]","[0,254]",,1,1170.598362,1170.598671,0.000309,0.005533,0.002112,0.002112,0.001000,5
SENSOR_DATA,"[1,1]","[0,254]",,1,1172.081586,1172.081765,0.000179,0.005003,0.002112,0.002112,0.000600,3
SENSOR_DATA,"[33,1]","[0,254]",,1,1172.598748,1172.599067,0.000319,0.005543,0.002112,0.002112,0.001000,5
SENSOR_DATA,"[12,1]","[0,254]",,1,1172.787308,1172.787542,0.000234,0.005258,0.002112,0.002112,0.000800,4
SENSOR_DATA,"[0,2]","[0,254]",,1,1174.741474,1174.741564,0.000090,0.004714,0.002112,0.002112,0.000400,2
SENSOR_DATA,"[12,3]","[0,254]",,1,1176.965071,1176.965310,0.000239,0.005263,0.002112,0.002112,0.000800,4
SENSOR_DATA,"[0,1]","[0,254]",,1,1176.999538,1176.999617,0.000079,0.004703,0.002112,0.002112,0.000400,2
SENSOR_DATA,"[0,3]","[0,254]",,1,1177.907825,1177.907891,0.000066,0.004690,0.002112,0.002112,0.000400,2
SENSOR_DATA,"[12,4]","[0,254]",,1,1177.907773,1177.907899,0.000125,0.004949,0.002112,0.002112,0.000600,3
SENSOR_DATA,"[3,1]","[0,254]",,1,1178.527649,1178.527781,0.000132,0.004956,0.002112,0.002112,0.000600,3
SENSOR_DATA,"[12,2]","[0,254]",,1,1178.607701,1178.607863,0.000162,0.004986,0.002112,0.002112,0.000600,3
SENSOR_DATA,"[24,1]","[0,254]",,1,1180.598362,1180.598671,0.000309,0.005533,0.002112,0.002112,0.001000,5
SENSOR_DATA,"[1,1]","[0,254]",,1,1182.081586,1182.081765,0.000179,0.005003,0.002112,0.002112,0.000600,3
SENSOR_DATA,"[33,1]","[0,254]",,1,1182.598748,1182.599067,0.000319,0.005543,0.002112,0.002112,0.001000,5
SENSOR_DATA,"[12,1]","[0,254]",,1,1182.787308,1182.787542,0.000234,0.005258,0.002112,0.002112,0.000800,4
SENSOR_DATA,"[0,2]","[0,254]",,1,1184.741474,1184.741564,0.000090,0.004714,0.002112,0.002112,0.000400,2
SENSOR_DATA,"[12,3]","[0,254]",,1,1186.965071,1186.965310,0.000239,0.005263,0.002112,0.002112,0.000800,4
SENSOR_DATA,"[0,1]","[0,254]",,1,1186.999538,1186.999617,0.000079,0.004703,0.002112,0.002112,0.000400,2
SENSOR_DATA,"[0,3]","[0,254]",,1,1187.907825,1187.907891,0.000066,0.004690,0.002112,0.002112,0.000400,2
SENSOR_DATA,"[12,4]","[0,254]",,1,1187.907773,1187.907899,0.000125,0.004949,0.002112,0.002112,0.000600,3
SENSOR_DATA,"[3,1]","[0,254]",,1,1188.527649,1188.527781,0.000132,0.004956,0.002112,0.002112,0.000600,3
SENSOR_DATA,"[12,2]","[0,254]",,1,1188.607701,1188.607863,0.000162,0.004986,0.002112,0.002112,0.000600,3
SENSOR_DATA,"[24,1]","[0,254]",,1,1190.598362,1190.598671,0.000309,0.005533,0.002112,0.002112,0.001000,5
SENSOR_DATA,"[1,1]","[0,254]",,1,1192.081586,1192.081765,0.000179,0.005003,0.002112,0.002112,0.000600,3
SENSOR_DATA,"[33,1]","[0,254]",,1,1192.598748,1192.599067,0.000319,0.005543,0.002112,0.002112,0.001000,5
SENSOR_DATA,"[12,1]","[0,254]",,1,1192.787308,1192.787542,0.000234,0.005258,0.002112,0.002112,0.000800,4
SENSOR_DATA,"[0,2]","[0,254]",,1,1194.741474,1194.741564,0.000090,0.004714,0.002112,0.002112,0.000400,2
SENSOR_DATA,"[12,3]","[0,254]",,1,1196.965071,1196.965310,0.000239,0.005263,0.002112,0.002112,0.000800,4
SENSOR_DATA,"[0,1]","[0,254]",,1,1196.999538,1196.999617,0.000079,0.004703,0.002112,0.002112,0.000400,2
SENSOR_DATA,"[0,3]","[0,254]",,1,1197.907825,1197.907891,0.000066,0.004690,0.002112,0.002112,0.000400,2
SENSOR_DATA,"[12,4]","[0,254]",,1,1197.907773,1197.907899,0.000125,0.004949,0.002112,0.002112,0.000600,3
SENSOR_DATA,"[3,1]","[0,254]",,1,1198.527649,1198.527781,0.000132,0.004956,0.002112,0.002112,0.000600,3
SENSOR_DATA,"[12,2]","[0,254]",,1,1198.607701,1198.607863,0.000162,0.004986,0.002112,0.002112,0.000600,3
SENSOR_DATA,"[24,1]","[0,254]",,1,1200.598362,1200.598671,0.000309,0.005533,0.002112,0.002112,0.001000,5
SENSOR_DATA,"[1,1]","[0,254]",,1,1202.081586,1202.081765,0.000179,0.005003,0.002112,0.002112,0.000600,3
SENSOR_DATA,"[33,1]","[0,254]",,1,1202.598748,1202.599067,0.000319,0.005543,0.002112,0.002112,0.001000,5
SENSOR_DATA,"[12,1]","[0,254]",,1,1202.787308,1202.787542,0.000234,0.005258,0.002112,0.002112,0.000800,4
SENSOR_DATA,"[0,2]","[0,254]",,1,1204.741474,1204.741564,0.000090,0.004714,0.002112,0.002112,0.000400,2
SENSOR_DATA,"[12,3]","[0,254]",,1,1206.965071,1206.965310,0.000239,0.005263,0.002112,0.002112,0.000800,4
SENSOR_DATA,"[0,1]","[0,254]",,1,1206.999538,1206.999617,0.000079,0.004703,0.002112,0.002112,0.000400,2
SENSOR_DATA,"[0,3]","[0,254]",,1,1207.907825,1207.907891,0.000066,0.004690,0.002112,0.002112,0.000400,2
SENSOR_DATA,"[12,4]","[0,254]",,1,1207.907773,1207.907899,0.000125,0.004949,0.002112,0.002112,0.000600,3
SENSOR_DATA,"[3,1]","[0,254]",,1,1208.527649,1208.527781,0.000132,0.004956,0.002112,0.002112,0.000600,3
SENSOR_DATA,"[12,2]","[0,254]",,1,1208.607701,1208.607863,0.000162,0.004986,0.002112,0.002112,0.000600,3
SENSOR_DATA,"[24,1]","[0,254]",,1,1210.598362,1210.598671,0.000309,0.005533,0.002112,0.002112,0.001000,5
SENSOR_DATA,"[1,1]","[0,254]",,1,1212.081586,1212.081765,0.000179,0.005003,0.002112,0.002112,0.000600,3
SENSOR_DATA,"[33,1]","[0,254]",,1,1212.598748,1212.599067,0.000319,0.005543,0.002112,0.002112,0.001000,5
SENSOR_DATA,"[12,1]","[0,254]",,1,1212.787308,1212.787542,0.000234,0.005258,0.002112,0.002112,0.000800,4
SENSOR_DATA,"[0,2]","[0,254]",,1,1214.741474,1214.741564,0.000090,0.004714,0.002112,0.002112,0.000400,2
SENSOR_DATA,"[12,3]","[0,254]",,1,1216.965071,1216.965310,0.000239,0.005263,0.002112,0.002112,0.000800,4
SENSOR_DATA,"[0,1]","[0,254]",,1,1216.999538,1216.999617,0.000079,0.004703,0.002112,0.002112,0.000400,2
SENSOR_DATA,"[0,3]","[0,254]",,1,1217.907825,1217.907891,0.000066,0.004690,0.002112,0.002112,0.000400,2
SENSOR_DATA,"[12,4]","[0,254]",,1,1217.907773,1217.907899,0.000125,0.004949,0.002112,0.002112,0.000600,3
SENSOR_DATA,"[3,1]","[0,254]",,1,1218.527649,1218.527781,0.000132,0.004956,0.002112,0.002112,0.000600,3
SENSOR_DATA,"[12,2]","[0,254]",,1,1218.607701,1218.607863,0.000162,0.004986,0.002112,0.002112,0.000600,3
SENSOR_DATA,"[24,1]","[0,254]",,1,1220.598362,1220.598671,0.000309,0.005533,0.002112,0.002112,0.001000,5
SENSOR_DATA,"[1,1]","[0,254]",,1,1222.081586,1222.081765,0.000179,0.005003,0.002112,0.002112,0.000600,3
SENSOR_DATA,"[33,1]","[0,254]",,1,1222.598748,1222.599067,0.000319,0.005543,0.002112,0.002112,0.001000,5
SENSOR_DATA,"[12,1]","[0,254]",,1,1222.787308,1222.787542,0.000234,0.005258,0.002112,0.002112,0.000800,4
SENSOR_DATA,"[0,2]","[0,254]",,1,1224.741474,1224.741564,0.000090,0.004714,0.002112,0.002112,0.000400,2
SENSOR_DATA,"[12,3]","[0,254]",,1,1226.965071,1226.965310,0.000239,0.005263,0.002112,0.002112,0.000800,4
SENSOR_DATA,"[0,1]","[0,254]",,1,1226.999538,1226.999617,0.000079,0.004703,0.002112,0.002112,0.000400,2
SENSOR_DATA,"[0,3]","[0,254]",,1,1227.907825,1227.907891,0.000066,0.004690,0.002112,0.002112,0.000400,2
SENSOR_DATA,"[12,4]","[0,254]",,1,1227.907773,1227.907899,0.000125,0.004949,0.002112,0.002112,0.000600,3
SENSOR_DATA,"[3,1]","[0,254]",,1,1228.527649,1228.527781,0.000132,0.004956,0.002112,0.002112,0.000600,3
SENSOR_DATA,"[12,2]","[0,254]",,1,1228.607701,1228.607863,0.000162,0.004986,0.002112,0.002112,0.000600,3
SENSOR_DATA,"[24,1]","[0,254]",,1,1230.598362,1230.598671,0.000309,0.005533,0.002112,0.002112,0.001000,5
SENSOR_DATA,"[1,1]","[0,254]",,1,1232.081586,1232.081765,0.000179,0.005003,0.002112,0.002112,0.000600,3
SENSOR_DATA,"[33,1]","[0,254]",,1,1232.598748,1232.599067,0.000319,0.005543,0.002112,0.002112,0.001000,5
SENSOR_DATA,"[12,1]","[0,254]",,1,1232.787308,1232.787542,0.000234,0.005258,0.002112,0.002112,0.000800,4
SENSOR_DATA,"[0,2]","[0,254]",,1,1234.741474,1234.741564,0.000090,0.004714,0.002112,0.002112,0.000400,2
SENSOR_DATA,"[12,3]","[0,254]",,1,1236.965071,1236.965310,0.000239,0.005263,0.002112,0.002112,0.000800,4
SENSOR_DATA,"[0,1]","[0,254]",,1,1236.999538,1236.999617,0.000079,0.004703,0.002112,0.002112,0.000400,2
SENSOR_DATA,"[0,3]","[0,254]",,1,1237.907825,1237.907891,0.000066,0.004690,0.002112,0.002112,0.000400,2
SENSOR_DATA,"[12,4]","[0,254]",,1,1237.907773,1237.907899,0.000125,0.004949,0.002112,0.002112,0.000600,3
SENSOR_DATA,"[3,1]","[0,254]",,1,1238.527649,1238.527781,0.000132,0.004956,0.002112,0.002112,0.000600,3
SENSOR_DATA,"[12,2]","[0,254]",,1,1238.607701,1238.607863,0.000162,0.004986,0.002112,0.002112,0.000600,3
SENSOR_DATA,"[24,1]","[0,254]",,1,1240.598362,1240.598671,0.000309,0.005533,0.002112,0.002112,0.001000,5
SENSOR_DATA,"[1,1]","[0,254]",,1,1242.081586,1242.081765,0.000179,0.005003,0.002112,0.002112,0.000600,3
SENSOR_DATA,"[33,1]","[0,254]",,1,1242.598748,1242.599067,0.000319,0.005543,0.002112,0.002112,0.001000,5
SENSOR_DATA,"[12,1]","[0,254]",,1,1242.787308,1242.787542,0.000234,0.005258,0.002112,0.002112,0.000800,4
SENSOR_DATA,"[0,2]","[0,254]",,1,1244.741474,1244.741564,0.000090,0.004714,0.002112,0.002112,0.000400,2
SENSOR_DATA,"[12,3]","[0,254]",,1,1246.965071,1246.965310,0.000239,0.005263,0.002112,0.002112,0.000800,4
SENSOR_DATA,"[0,1]","[0,254]",,1,1246.999538,1246.999617,0.000079,0.004703,0.002112,0.002112,0.000400,2
SENSOR_DATA,"[0,3]","[0,254]",,1,1247.907825,1247.907891,0.000066,0.004690,0.002112,0.002112,0.000400,2
SENSOR_DATA,"[12,4]","[0,254]",,1,1247.907773,1247.907899,0.000125,0.004949,0.002112,0.002112,0.000600,3
SENSOR_DATA,"[3,1]","[0,254]",,1,1248.527649,1248.527781,0.000132,0.004956,0.002112,0.002112,0.000600,3
SENSOR_DATA,"[12,2]","[0,254]",,1,1248.607701,1248.607863,0.000162,0.004986,0.002112,0.002112,0.000600,3
SENSOR_DATA,"[24,1]","[0,254]",,1,1250.598362,1250.598671,0.000309,0.005533,0.002112,0.002112,0.001000,5
SENSOR_DATA,"[1,1]","[0,254]",,1,1252.081586,1252.081765,0.000179,0.005003,0.002112,0.002112,0.000600,3
SENSOR_DATA,"[33,1]","[0,254]",,1,1252.598748,1252.599067,0.000319,0.005543,0.002112,0.002112,0.001000,5
SENSOR_DATA,"[12,1]","[0,254]",,1,1252.787308,1252.787542,0.000234,0.005258,0.002112,0.002112,0.000800,4
SENSOR_DATA,"[0,2]","[0,254]",,1,1254.741474,1254.741564,0.000090,0.004714,0.002112,0.002112,0.000400,2
SENSOR_DATA,"[12,3]","[0,254]",,1,1256.965071,1256.965310,0.000239,0.005263,0.002112,0.002112,0.000800,4
SENSOR_DATA,"[0,1]","[0,254]",,1,1256.999538,1256.999617,0.000079,0.004703,0.002112,0.002112,0.000400,2
SENSOR_DATA,"[0,3]","[0,254]",,1,1257.907825,1257.907891,0.000066,0.004690,0.002112,0.002112,0.000400,2
SENSOR_DATA,"[12,4]","[0,254]",,1,1257.907773,1257.907899,0.000125,0.004949,0.002112,0.002112,0.000600,3
SENSOR_DATA,"[3,1]","[0,254]",,1,1258.527649,1258.527781,0.000132,0.004956,0.002112,0.002112,0.000600,3
SENSOR_DATA,"[12,2]","[0,254]",,1,1258.607701,1258.607863,0.000162,0.004986,0.002112,0.002112,0.000600,3
SENSOR_DATA,"[24,1]","[0,254]",,1,1260.598362,1260.598671,0.000309,0.005533,0.002112,0.002112,0.001000,5
SENSOR_DATA,"[1,1]","[0,254]",,1,1262.081586,1262.081765,0.000179,0.005003,0.002112,0.002112,0.000600,3
SENSOR_DATA,"[33,1]","[0,254]",,1,1262.598748,1262.599067,0.000319,0.005543,0.002112,0.002112,0.001000,5
SENSOR_DATA,"[12,1]","[0,254]",,1,1262.787308,1262.787542,0.000234,0.005258,0.002112,0.002112,0.000800,4
SENSOR_DATA,"[0,2]","[0,254]",,1,1264.741474,1264.741564,0.000090,0.004714,0.002112,0.002112,0.000400,2
SENSOR_DATA,"[12,3]","[0,254]",,1,1266.965071,1266.965310,0.000239,0.005263,0.002112,0.002112,0.000800,4
SENSOR_DATA,"[0,1]","[0,254]",,1,1266.999538,1266.999617,0.000079,0.004703,0.002112,0.002112,0.000400,2
SENSOR_DATA,"[0,3]","[0,254]",,1,1267.907825,1267.907891,0.000066,0.004690,0.002112,0.002112,0.000400,2
SENSOR_DATA,"[12,4]","[0,254]",,1,1267.907773,1267.907899,0.000125,0.004949,0.002112,0.002112,0.000600,3
SENSOR_DATA,"[3,1]","[0,254]",,1,1268.527649,1268.527781,0.000132,0.004956,0.002112,0.002112,0.000600,3
SENSOR_DATA,"[12,2]","[0,254]",,1,1268.607701,1268.607863,0.000162,0.004986,0.002112,0.002112,0.000600,3
SENSOR_DATA,"[24,1]","[0,254]",,1,1270.598362,1270.598671,0.000309,0.005533,0.002112,0.002112,0.001000,5
SENSOR_DATA,"[1,1]","[0,254]",,1,1272.081586,1272.081765,0.000179,0.005003,0.002112,0.002112,0.000600,3
SENSOR_DATA,"[33,1]","[0,254]",,1,1272.598748,1272.599067,0.000319,0.005543,0.002112,0.002112,0.001000,5
SENSOR_DATA,"[12,1]","[0,254]",,1,1272.787308,1272.787542,0.000234,0.005258,0.002112,0.002112,0.000800,4
SENSOR_DATA,"[0,2]","[0,254]",,1,1274.741474,1274.741564,0.000090,0.004714,0.002112,0.002112,0.000400,2
SENSOR_DATA,"[12,3]","[0,254]",,1,1276.965071,1276.965310,0.000239,0.005263,0.002112,0.002112,0.000800,4
SENSOR_DATA,"[0,1]","[0,254]",,1,1276.999538,1276.999617,0.000079,0.004703,0.002112,0.002112,0.000400,2
SENSOR_DATA,"[0,3]","[0,254]",,1,1277.907825,1277.907891,0.000066,0.004690,0.002112,0.002112,0.000400,2
SENSOR_DATA,"[12,4]","[0,254]",,1,1277.907773,1277.907899,0.000125,0.004949,0.002112,0.002112,0.000600,3
SENSOR_DATA,"[3,1]","[0,254]",,1,1278.527649,1278.527781,0.000132,0.004956,0.002112,0.002112,0.000600,3
SENSOR_DATA,"[12,2]","[0,254]",,1,1278.607701,1278.607863,0.000162,0.004986,0.002112,0.002112,0.000600,3
SENSOR_DATA,"[24,1]","[0,254]",,1,1280.598362,1280.598671,0.000309,0.005533,0.002112,0.002112,0.001000,5
SENSOR_DATA,"[1,1]","[0,254]",,1,1282.081586,1282.081765,0.000179,0.005003,0.002112,0.002112,0.000600,3
SENSOR_DATA,"[33,1]","[0,254]",,1,1282.598748,1282.599067,0.000319,0.005543,0.002112,0.002112,0.001000,5
SENSOR_DATA,"[12,1]","[0,254]",,1,1282.787308,1282.787542,0.000234,0.005258,0.002112,0.002112,0.000800,4
SENSOR_DATA,"[0,2]","[0,254]",,1,1284.741474,1284.741564,0.000090,0.004714,0.002112,0.002112,0.000400,2
SENSOR_DATA,"[12,3]","[0,254]",,1,1286.965071,1286.965310,0.000239,0.005263,0.002112,0.002112,0.000800,4
SENSOR_DATA,"[0,1]","[0,254]",,1,1286.999538,1286.999617,0.000079,0.004703,0.002112,0.002112,0.000400,2
SENSOR_DATA,"[0,3]","[0,254]",,1,1287.907825,1287.907891,0.000066,0.004690,0.002112,0.002112,0.000400,2
SENSOR_DATA,"[12,4]","[0,254]",,1,1287.907773,1287.907899,0.000125,0.004949,0.002112,0.002112,0.000600,3
SENSOR_DATA,"[3,1]","[0,254]",,1,1288.527649,1288.527781,0.000132,0.004956,0.002112,0.002112,0.000600,3
SENSOR_DATA,"[12,2]","[0,254]",,1,1288.607701,1288.607863,0.000162,0.004986,0.002112,0.002112,0.000600,3
SENSOR_DATA,"[24,1]","[0,254]",,1,1290.598362,1290.598671,0.000309,0.005533,0.002112,0.002112,0.001000,5
SENSOR_DATA,"[1,1]","[0,254]",,1,1292.081586,1292.081765,0.000179,0.005003,0.002112,0.002112,0.000600,3
SENSOR_DATA,"[33,1]","[0,254]",,1,1292.598748,1292.599067,0.000319,0.005543,0.002112,0.002112,0.001000,5
SENSOR_DATA,"[12,1]","[0,254]",,1,1292.787308,1292.787542,0.000234,0.005258,0.002112,0.002112,0.000800,4
SENSOR_DATA,"[0,2]","[0,254]",,1,1294.741474,1294.741564,0.000090,0.004714,0.002112,0.002112,0.000400,2
SENSOR_DATA,"[12,3]","[0,254]",,1,1296.965071,1296.965310,0.000239,0.005263,0.002112,0.002112,0.000800,4
SENSOR_DATA,"[0,1]","[0,254]",,1,1296.999538,1296.999617,0.000079,0.004703,0.002112,0.002112,0.000400,2
SENSOR_DATA,"[0,3]","[0,254]",,1,1297.907825,1297.907891,0.000066,0.004690,0.002112,0.002112,0.000400,2
SENSOR_DATA,"[12,4]","[0,254]",,1,1297.907773,1297.907899,0.000125,0.004949,0.002112,0.002112,0.000600,3
SENSOR_DATA,"[3,1]","[0,254]",,1,1298.527649,1298.527781,0.000132,0.004956,0.002112,0.002112,0.000600,3
SENSOR_DATA,"[12,2]","[0,254]",,1,1298.607701,1298.607863,0.000162,0.004986,0.002112,0.002112,0.000600,3
SENSOR_DATA,"[24,1]","[0,254]",,1,1300.598362,1300.598671,0.000309,0.005533,0.002112,0.002112,0.001000,5
SENSOR_DATA,"[1,1]","[0,254]",,1,1302.081586,1302.081765,0.000179,0.005003,0.002112,0.002112,0.000600,3
SENSOR_DATA,"[33,1]","[0,254]",,1,1302.598748,1302.599067,0.000319,0.005543,0.002112,0.002112,0.001000,5
SENSOR_DATA,"[12,1]","[0,254]",,1,1302.787308,1302.787542,0.000234,0.005258,0.002112,0.002112,0.000800,4
SENSOR_DATA,"[0,2]","[0,254]",,1,1304.741474,1304.741564,0.000090,0.004714,0.002112,0.002112,0.000400,2
SENSOR_DATA,"[12,3]","[0,254]",,1,1306.965071,1306.965310,0.000239,0.005263,0.002112,0.002112,0.000800,4
SENSOR_DATA,"[0,1]","[0,254]",,1,1306.999538,1306.999617,0.000079,0.004703,0.002112,0.002112,0.000400,2
SENSOR_DATA,"[0,3]","[0,254]",,1,1307.907825,1307.907891,0.000066,0.004690,0.002112,0.002112,0.000400,2
SENSOR_DATA,"[12,4]","[0,254]",,1,1307.907773,1307.907899,0.000125,0.004949,0.002112,0.002112,0.000600,3
SENSOR_DATA,"[3,1]","[0,254]",,1,1308.527649,1308.527781,0.000132,0.004956,0.002112,0.002112,0.000600,3
SENSOR_DATA,"[12,2]","[0,254]",,1,1308.607701,1308.607863,0.000162,0.004986,0.002112,0.002112,0.000600,3
SENSOR_DATA,"[24,1]","[0,254]",,1,1310.598362,1310.598671,0.000309,0.005533,0.002112,0.002112,0.001000,5
SENSOR_DATA,"[1,1]","[0,254]",,1,1312.081586,1312.081765,0.000179,0.005003,0.002112,0.002112,0.000600,3
SENSOR_DATA,"[33,1]","[0,254]",,1,1312.598748,1312.599067,0.000319,0.005543,0.002112,0.002112,0.001000,5
SENSOR_DATA,"[12,1]","[0,254]",,1,1312.787308,1312.787542,0.000234,0.005258,0.002112,0.002112,0.000800,4
SENSOR_DATA,"[0,2]","[0,254]",,1,1314.741474,1314.741564,0.000090,0.004714,0.002112,0.002112,0.000400,2
SENSOR_DATA,"[12,3]","[0,254]",,1,1316.965071,1316.965310,0.000239,0.005263,0.002112,0.002112,0.000800,4
SENSOR_DATA,"[0,1]","[0,254]",,1,1316.999538,1316.999617,0.000079,0.004703,0.002112,0.002112,0.000400,2
SENSOR_DATA,"[0,3]","[0,254]",,1,1317.907825,1317.907891,0.000066,0.004690,0.002112,0.002112,0.000400,2
SENSOR_DATA,"[12,4]","[0,254]",,1,1317.907773,1317.907899,0.000125,0.004949,0.002112,0.002112,0.000600,3
SENSOR_DATA,"[3,1]","[0,254]",,1,1318.527649,1318.527781,0.000132,0.004956,0.002112,0.002112,0.000600,3
SENSOR_DATA,"[12,2]","[0,254]",,1,1318.607701,1318.607863,0.000162,0.004986,0.002112,0.002112,0.000600,3
SENSOR_DATA,"[24,1]","[0,254]",,1,1320.598362,1320.598671,0.000309,0.005533,0.002112,0.002112,0.001000,5
SENSOR_DATA,"[1,1]","[0,254]",,1,1322.081586,1322.081765,0.000179,0.005003,0.002112,0.002112,0.000600,3
SENSOR_DATA,"[33,1]","[0,254]",,1,1322.598748,1322.599067,0.000319,0.005543,0.002112,0.002112,0.001000,5
SENSOR_DATA,"[12,1]","[0,254]",,1,1322.787308,1322.787542,0.000234,0.005258,0.002112,0.002112,0.000800,4
SENSOR_DATA,"[0,2]","[0,254]",,1,1324.741474,1324.741564,0.000090,0.004714,0.002112,0.002112,0.000400,2
SENSOR_DATA,"[12,3]","[0,254]",,1,1326.965071,1326.965310,0.000239,0.005263,0.002112,0.002112,0.000800,4
SENSOR_DATA,"[0,1]","[0,254]",,1,1326.999538,1326.999617,0.000079,0.004703,0.002112,0.002112,0.000400,2
SENSOR_DATA,"[0,3]","[0,254]",,1,1327.907825,1327.907891,0.000066,0.004690,0.002112,0.002112,0.000400,2
SENSOR_DATA,"[12,4]","[0,254]",,1,1327.907773,1327.907899,0.000125,0.004949,0.002112,0.002112,0.000600,3
SENSOR_DATA,"[3,1]","[0,254]",,1,1328.527649,1328.527781,0.000132,0.004956,0.002112,0.002112,0.000600,3
SENSOR_DATA,"[12,2]","[0,254]",,1,1328.607701,1328.607863,0.000162,0.004986,0.002112,0.002112,0.000600,3
SENSOR_DATA,"[24,1]","[0,254]",,1,1330.598362,1330.598671,0.000309,0.005533,0.002112,0.002112,0.001000,5
SENSOR_DATA,"[1,1]","[0,254]",,1,1332.081586,1332.081765,0.000179,0.005003,0.002112,0.002112,0.000600,3
SENSOR_DATA,"[33,1]","[0,254]",,1,1332.598748,1332.599067,0.000319,0.005543,0.002112,0.002112,0.001000,5
SENSOR_DATA,"[12,1]","[0,254]",,1,1332.787308,1332.787542,0.000234,0.005258,0.002112,0.002112,0.000800,4
SENSOR_DATA,"[0,2]","[0,254]",,1,1334.741474,1334.741564,0.000090,0.004714,0.002112,0.002112,0.000400,2
SENSOR_DATA,"[12,3]","[0,254]",,1,1336.965071,1336.965310,0.000239,0.005263,0.002112,0.002112,0.000800,4
SENSOR_DATA,"[0,1]","[0,254]",,1,1336.999538,1336.999617,0.000079,0.004703,0.002112,0.002112,0.000400,2
SENSOR_DATA,"[0,3]","[0,254]",,1,1337.907825,1337.907891,0.000066,0.004690,0.002112,0.002112,0.000400,2
SENSOR_DATA,"[12,4]","[0,254]",,1,1337.907773,1337.907899,0.000125,0.004949,0.002112,0.002112,0.000600,3
SENSOR_DATA,"[3,1]","[0,254]",,1,1338.527649,1338.527781,0.000132,0.004956,0.002112,0.002112,0.000600,3
SENSOR_DATA,"[12,2]","[0,254]",,1,1338.607701,1338.607863,0.000162,0.004986,0.002112,0.002112,0.000600,3
SENSOR_DATA,"[24,1]","[0,254]",,1,1340.598362,1340.598671,0.000309,0.005533,0.002112,0.002112,0.001000,5
SENSOR_DATA,"[1,1]","[0,254]",,1,1342.081586,1342.081765,0.000179,0.005003,0.002112,0.002112,0.000600,3
SENSOR_DATA,"[33,1]","[0,254]",,1,1342.598748,1342.599067,0.000319,0.005543,0.002112,0.002112,0.001000,5
SENSOR_DATA,"[12,1]","[0,254]",,1,1342.787308,1342.787542,0.000234,0.005258,0.002112,0.002112,0.000800,4
SENSOR_DATA,"[0,2]","[0,254]",,1,1344.741474,1344.741564,0.000090,0.004714,0.002112,0.002112,0.000400,2
SENSOR_DATA,"[12,3]","[0,254]",,1,1346.965071,1346.965310,0.000239,0.005263,0.002112,0.002112,0.000800,4
SENSOR_DATA,"[0,1]","[0,254]",,1,1346.999538,1346.999617,0.000079,0.004703,0.002112,0.002112,0.000400,2
SENSOR_DATA,"[0,3]","[0,254]",,1,1347.907825,1347.907891,0.000066,0.004690,0.002112,0.002112,0.000400,2
SENSOR_DATA,"[12,4]","[0,254]",,1,1347.907773,1347.907899,0.000125,0.004949,0.002112,0.002112,0.000600,3
SENSOR_DATA,"[3,1]","[0,254]",,1,1348.527649,1348.527781,0.000132,0.004956,0.002112,0.002112,0.000600,3
SENSOR_DATA,"[12,2]","[0,254]",,1,1348.607701,1348.607863,0.000162,0.004986,0.002112,0.002112,0.000600,3
SENSOR_DATA,"[24,1]","[0,254]",,1,1350.598362,1350.598671,0.000309,0.005533,0.002112,0.002112,0.001000,5
SENSOR_DATA,"[1,1]","[0,254]",,1,1352.081586,1352.081765,0.000179,0.005003,0.002112,0.002112,0.000600,3
SENSOR_DATA,"[33,1]","[0,254]",,1,1352.598748,1352.599067,0.000319,0.005543,0.002112,0.002112,0.001000,5
SENSOR_DATA,"[12,1]","[0,254]",,1,1352.787308,1352.787542,0.000234,0.005258,0.002112,0.002112,0.000800,4
SENSOR_DATA,"[0,2]","[0,254]",,1,1354.741474,1354.741564,0.000090,0.004714,0.002112,0.002112,0.000400,2
SENSOR_DATA,"[12,3]","[0,254]",,1,1356.965071,1356.965310,0.000239,0.005263,0.002112,0.002112,0.000800,4
SENSOR_DATA,"[0,1]","[0,254]",,1,1356.999538,1356.999617,0.000079,0.004703,0.002112,0.002112,0.000400,2
SENSOR_DATA,"[0,3]","[0,254]",,1,1357.907825,1357.907891,0.000066,0.004690,0.002112,0.002112,0.000400,2
SENSOR_DATA,"[12,4]","[0,254]",,1,1357.907773,1357.907899,0.000125,0.004949,0.002112,0.002112,0.000600,3
SENSOR_DATA,"[3,1]","[0,254]",,1,1358.527649,1358.527781,0.000132,0.004956,0.002112,0.002112,0.000600,3
SENSOR_DATA,"[12,2]","[0,254]",,1,1358.607701,1358.607863,0.000162,0.004986,0.002112,0.002112,0.000600,3
SENSOR_DATA,"[24,1]","[0,254]",,1,1360.598362,1360.598671,0.000309,0.005533,0.002112,0.002112,0.001000,5
SENSOR_DATA,"[1,1]","[0,254]",,1,1362.081586,1362.081765,0.000179,0.005003,0.002112,0.002112,0.000600,3
SENSOR_DATA,"[33,1]","[0,254]",,1,1362.598748,1362.599067,0.000319,0.005543,0.002112,0.002112,0.001000,5
SENSOR_DATA,"[12,1]","[0,254]",,1,1362.787308,1362.787542,0.000234,0.005258,0.002112,0.002112,0.000800,4
SENSOR_DATA,"[0,2]","[0,254]",,1,1364.741474,1364.741564,0.000090,0.004714,0.002112,0.002112,0.000400,2
SENSOR_DATA,"[12,3]","[0,254]",,1,1366.965071,1366.965310,0.000239,0.005263,0.002112,0.002112,0.000800,4
SENSOR_DATA,"[0,1]","[0,254]",,1,1366.999538,1366.999617,0.000079,0.004703,0.002112,0.002112,0.000400,2
SENSOR_DATA,"[0,3]","[0,254]",,1,1367.907825,1367.907891,0.000066,0.004690,0.002112,0.002112,0.000400,2
SENSOR_DATA,"[12,4]","[0,254]",,1,1367.907773,1367.907899,0.000125,0.004949,0.002112,0.002112,0.000600,3
SENSOR_DATA,"[3,1]","[0,254]",,1,1368.527649,1368.527781,0.000132,0.004956,0.002112,0.002112,0.000600,3
SENSOR_DATA,"[12,2]","[0,254]",,1,1368.607701,1368.607863,0.000162,0.004986,0.002112,0.002112,0.000600,3
SENSOR_DATA,"[24,1]","[0,254]",,1,1370.598362,1370.598671,0.000309,0.005533,0.002112,0.002112,0.001000,5
SENSOR_DATA,"[1,1]","[0,254]",,1,1372.081586,1372.081765,0.000179,0.005003,0.002112,0.002112,0.000600,3
SENSOR_DATA,"[33,1]","[0,254]",,1,1372.598748,1372.599067,0.000319,0.005543,0.002112,0.002112,0.001000,5
SENSOR_DATA,"[12,1]","[0,254]",,1,1372.787308,1372.787542,0.000234,0.005258,0.002112,0.002112,0.000800,4
SENSOR_DATA,"[0,2]","[0,254]",,1,1374.741474,1374.741564,0.000090,0.004714,0.002112,0.002112,0.000400,2
SENSOR_DATA,"[12,3]","[0,254]",,1,1376.965071,1376.965310,0.000239,0.005263,0.002112,0.002112,0.000800,4
SENSOR_DATA,"[0,1]","[0,254]",,1,1376.999538,1376.999617,0.000079,0.004703,0.002112,0.002112,0.000400,2
SENSOR_DATA,"[0,3]","[0,254]",,1,1377.907825,1377.907891,0.000066,0.004690,0.002112,0.002112,0.000400,2
SENSOR_DATA,"[12,4]","[0,254]",,1,1377.907773,1377.907899,0.000125,0.004949,0.002112,0.002112,0.000600,3
SENSOR_DATA,"[3,1]","[0,254]",,1,1378.527649,1378.527781,0.000132,0.004956,0.002112,0.002112,0.000600,3
SENSOR_DATA,"[12,2]","[0,254]",,1,1378.607701,1378.607863,0.000162,0.004986,0.002112,0.002112,0.000600,3
SENSOR_DATA,"[24,1]","[0,254]",,1,1380.598362,1380.598671,0.000309,0.005533,0.002112,0.002112,0.001000,5
SENSOR_DATA,"[1,1]","[0,254]",,1,1382.081586,1382.081765,0.000179,0.005003,0.002112,0.002112,0.000600,3
SENSOR_DATA,"[33,1]","[0,254]",,1,1382.598748,1382.599067,0.000319,0.005543,0.002112,0.002112,0.001000,5
SENSOR_DATA,"[12,1]","[0,254]",,1,1382.787308,1382.787542,0.000234,0.005258,0.002112,0.002112,0.000800,4
SENSOR_DATA,"[0,2]","[0,254]",,1,1384.741474,1384.741564,0.000090,0.004714,0.002112,0.002112,0.000400,2
SENSOR_DATA,"[12,3]","[0,254]",,1,1386.965071,1386.965310,0.000239,0.005263,0.002112,0.002112,0.000800,4
SENSOR_DATA,"[0,1]","[0,254]",,1,1386.999538,1386.999617,0.000079,0.004703,0.002112,0.002112,0.000400,2
SENSOR_DATA,"[0,3]","[0,254]",,1,1387.907825,1387.907891,0.000066,0.004690,0.002112,0.002112,0.000400,2
SENSOR_DATA,"[12,4]","[0,254]",,1,1387.907773,1387.907899,0.000125,0.004949,0.002112,0.002112,0.000600,3
SENSOR_DATA,"[3,1]","[0,254]",,1,1388.527649,1388.527781,0.000132,0.004956,0.002112,0.002112,0.000600,3
SENSOR_DATA,"[12,2]","[0,254]",,1,1388.607701,1388.607863,0.000162,0.004986,0.002112,0.002112,0.000600,3
SENSOR_DATA,"[24,1]","[0,254]",,1,1390.598362,1390.598671,0.000309,0.005533,0.002112,0.002112,0.001000,5
SENSOR_DATA,"[1,1]","[0,254]",,1,1392.081586,1392.081765,0.000179,0.005003,0.002112,0.002112,0.000600,3
SENSOR_DATA,"[33,1]","[0,254]",,1,1392.598748,1392.599067,0.000319,0.005543,0.002112,0.002112,0.001000,5
SENSOR_DATA,"[12,1]","[0,254]",,1,1392.787308,1392.787542,0.000234,0.005258,0.002112,0.002112,0.000800,4
SENSOR_DATA,"[0,2]","[0,254]",,1,1394.741474,1394.741564,0.000090,0.004714,0.002112,0.002112,0.000400,2
SENSOR_DATA,"[12,3]","[0,254]",,1,1396.965071,1396.965310,0.000239,0.005263,0.002112,0.002112,0.000800,4
SENSOR_DATA,"[0,1]","[0,254]",,1,1396.999538,1396.999617,0.000079,0.004703,0.002112,0.002112,0.000400,2
SENSOR_DATA,"[0,3]","[0,254]",,1,1397.907825,1397.907891,0.000066,0.004690,0.002112,0.002112,0.000400,2
SENSOR_DATA,"[12,4]","[0,254]",,1,1397.907773,1397.907899,0.000125,0.004949,0.002112,0.002112,0.000600,3
SENSOR_DATA,"[3,1]","[0,254]",,1,1398.527649,1398.527781,0.000132,0.004956,0.002112,0.002112,0.000600,3
SENSOR_DATA,"[12,2]","[0,254]",,1,1398.607701,1398.607863,0.000162,0.004986,0.002112,0.002112,0.000600,3
SENSOR_DATA,"[24,1]","[0,254]",,1,1400.598362,1400.598671,0.000309,0.005533,0.002112,0.002112,0.001000,5
SENSOR_DATA,"[1,1]","[0,254]",,1,1402.081586,1402.081765,0.000179,0.005003,0.002112,0.002112,0.000600,3
SENSOR_DATA,"[33,1]","[0,254]",,1,1402.598748,1402.599067,0.000319,0.005543,0.002112,0.002112,0.001000,5
SENSOR_DATA,"[12,1]","[0,254]",,1,1402.787308,1402.787542,0.000234,0.005258,0.002112,0.002112,0.000800,4
SENSOR_DATA,"[0,2]","[0,254]",,1,1404.741474,1404.741564,0.000090,0.004714,0.002112,0.002112,0.000400,2
SENSOR_DATA,"[12,3]","[0,254]",,1,1406.965071,1406.965310,0.000239,0.005263,0.002112,0.002112,0.000800,4
SENSOR_DATA,"[0,1]","[0,254]",,1,1406.999538,1406.999617,0.000079,0.004703,0.002112,0.002112,0.000400,2
SENSOR_DATA,"[0,3]","[0,254]",,1,1407.907825,1407.907891,0.000066,0.004690,0.002112,0.002112,0.000400,2
SENSOR_DATA,"[12,4]","[0,254]",,1,1407.907773,1407.907899,0.000125,0.004949,0.002112,0.002112,0.000600,3
SENSOR_DATA,"[3,1]","[0,254]",,1,1408.527649,1408.527781,0.000132,0.004956,0.002112,0.002112,0.000600,3
SENSOR_DATA,"[12,2]","[0,254]",,1,1408.607701,1408.607863,0.000162,0.004986,0.002112,0.002112,0.000600,3
SENSOR_DATA,"[24,1]","[0,254]",,1,1410.598362,1410.598671,0.000309,0.005533,0.002112,0.002112,0.001000,5
SENSOR_DATA,"[1,1]","[0,254]",,1,1412.081586,1412.081765,0.000179,0.005003,0.002112,0.002112,0.000600,3
SENSOR_DATA,"[33,1]","[0,254]",,1,1412.598748,1412.599067,0.000319,0.005543,0.002112,0.002112,0.001000,5
SENSOR_DATA,"[12,1]","[0,254]",,1,1412.787308,1412.787542,0.000234,0.005258,0.002112,0.002112,0.000800,4
SENSOR_DATA,"[0,2]","[0,254]",,1,1414.741474,1414.741564,0.000090,0.004714,0.002112,0.002112,0.000400,2
SENSOR_DATA,"[12,3]","[0,254]",,1,1416.965071,1416.965310,0.000239,0.005263,0.002112,0.002112,0.000800,4
SENSOR_DATA,"[0,1]","[0,254]",,1,1416.999538,1416.999617,0.000079,0.004703,0.002112,0.002112,0.000400,2
SENSOR_DATA,"[0,3]","[0,254]",,1,1417.907825,1417.907891,0.000066,0.004690,0.002112,0.002112,0.000400,2
SENSOR_DATA,"[12,4]","[0,254]",,1,1417.907773,1417.907899,0.000125,0.004949,0.002112,0.002112,0.000600,3
SENSOR_DATA,"[3,1]","[0,254]",,1,1418.527649,1418.527781,0.000132,0.004956,0.002112,0.002112,0.000600,3
SENSOR_DATA,"[12,2]","[0,254]",,1,1418.607701,1418.607863,0.000162,0.004986,0.002112,0.002112,0.000600,3
SENSOR_DATA,"[24,1]","[0,254]",,1,1420.598362,1420.598671,0.000309,0.005533,0.002112,0.002112,0.001000,5
SENSOR_DATA,"[1,1]","[0,254]",,1,1422.081586,1422.081765,0.000179,0.005003,0.002112,0.002112,0.000600,3
SENSOR_DATA,"[33,1]","[0,254]",,1,1422.598748,1422.599067,0.000319,0.005543,0.002112,0.002112,0.001000,5
SENSOR_DATA,"[12,1]","[0,254]",,1,1422.787308,1422.787542,0.000234,0.005258,0.002112,0.002112,0.000800,4
SENSOR_DATA,"[0,2]","[0,254]",,1,1424.741474,1424.741564,0.000090,0.004714,0.002112,0.002112,0.000400,2
SENSOR_DATA,"[12,3]","[0,254]",,1,1426.965071,1426.965310,0.000239,0.005263,0.002112,0.002112,0.000800,4
SENSOR_DATA,"[0,1]","[0,254]",,1,1426.999538,1426.999617,0.000079,0.004703,0.002112,0.002112,0.000400,2
SENSOR_DATA,"[0,3]","[0,254]",,1,1427.907825,1427.907891,0.000066,0.004690,0.002112,0.002112,0.000400,2
SENSOR_DATA,"[12,4]","[0,254]",,1,1427.907773,1427.907899,0.000125,0.004949,0.002112,0.002112,0.000600,3
SENSOR_DATA,"[3,1]","[0,254]",,1,1428.527649,1428.527781,0.000132,0.004956,0.002112,0.002112,0.000600,3
SENSOR_DATA,"[12,2]","[0,254]",,1,1428.607701,1428.607863,0.000162,0.004986,0.002112,0.002112,0.000600,3
SENSOR_DATA,"[24,1]","[0,254]",,1,1430.598362,1430.598671,0.000309,0.005533,0.002112,0.002112,0.001000,5
SENSOR_DATA,"[1,1]","[0,254]",,1,1432.081586,1432.081765,0.000179,0.005003,0.002112,0.002112,0.000600,3
SENSOR_DATA,"[33,1]","[0,254]",,1,1432.598748,1432.599067,0.000319,0.005543,0.002112,0.002112,0.001000,5
SENSOR_DATA,"[12,1]","[0,254]",,1,1432.787308,1432.787542,0.000234,0.005258,0.002112,0.002112,0.000800,4
SENSOR_DATA,"[0,2]","[0,254]",,1,1434.741474,1434.741564,0.000090,0.004714,0.002112,0.002112,0.000400,2
SENSOR_DATA,"[12,3]","[0,254]",,1,1436.965071,1436.965310,0.000239,0.005263,0.002112,0.002112,0.000800,4
SENSOR_DATA,"[0,1]","[0,254]",,1,1436.999538,1436.999617,0.000079,0.004703,0.002112,0.002112,0.000400,2
SENSOR_DATA,"[0,3]","[0,254]",,1,1437.907825,1437.907891,0.000066,0.004690,0.002112,0.002112,0.000400,2
SENSOR_DATA,"[12,4]","[0,254]",,1,1437.907773,1437.907899,0.000125,0.004949,0.002112,0.002112,0.000600,3
SENSOR_DATA,"[3,1]","[0,254]",,1,1438.527649,1438.527781,0.000132,0.004956,0.002112,0.002112,0.000600,3
SENSOR_DATA,"[12,2]","[0,254]",,1,1438.607701,1438.607863,0.000162,0.004986,0.002112,0.002112,0.000600,3
SENSOR_DATA,"[24,1]","[0,254]",,1,1440.598362,1440.598671,0.000309,0.005533,0.002112,0.002112,0.001000,5
SENSOR_DATA,"[1,1]","[0,254]",,1,1442.081586,1442.081765,0.000179,0.005003,0.002112,0.002112,0.000600,3
SENSOR_DATA,"[33,1]","[0,254]",,1,1442.598748,1442.599067,0.000319,0.005543,0.002112,0.002112,0.001000,5
SENSOR_DATA,"[12,1]","[0,254]",,1,1442.787308,1442.787542,0.000234,0.005258,0.002112,0.002112,0.000800,4
SENSOR_DATA,"[0,2]","[0,254]",,1,1444.741474,1444.741564,0.000090,0.004714,0.002112,0.002112,0.000400,2
SENSOR_DATA,"[12,3]","[0,254]",,1,1446.965071,1446.965310,0.000239,0.005263,0.002112,0.002112,0.000800,4
SENSOR_DATA,"[0,1]","[0,254]",,1,1446.999538,1446.999617,0.000079,0.004703,0.002112,0.002112,0.000400,2
SENSOR_DATA,"[0,3]","[0,254]",,1,1447.907825,1447.907891,0.000066,0.004690,0.002112,0.002112,0.000400,2
SENSOR_DATA,"[12,4]","[0,254]",,1,1447.907773,1447.907899,0.000125,0.004949,0.002112,0.002112,0.000600,3
SENSOR_DATA,"[3,1]","[0,254]",,1,1448.527649,1448.527781,0.000132,0.004956,0.002112,0.002112,0.000600,3
SENSOR_DATA,"[12,2]","[0,254]",,1,1448.607701,1448.607863,0.000162,0.004986,0.002112,0.002112,0.000600,3
SENSOR_DATA,"[24,1]","[0,254]",,1,1450.598362,1450.598671,0.000309,0.005533,0.002112,0.002112,0.001000,5
SENSOR_DATA,"[1,1]","[0,254]",,1,1452.081586,1452.081765,0.000179,0.005003,0.002112,0.002112,0.000600,3
SENSOR_DATA,"[33,1]","[0,254]",,1,1452.598748,1452.599067,0.000319,0.005543,0.002112,0.002112,0.001000,5
SENSOR_DATA,"[12,1]","[0,254]",,1,1452.787308,1452.787542,0.000234,0.005258,0.002112,0.002112,0.000800,4
SENSOR_DATA,"[0,2]","[0,254]",,1,1454.741474,1454.741564,0.000090,0.004714,0.002112,0.002112,0.000400,2
SENSOR_DATA,"[12,3]","[0,254]",,1,1456.965071,1456.965310,0.000239,0.005263,0.002112,0.002112,0.000800,4
SENSOR_DATA,"[0,1]","[0,254]",,1,1456.999538,1456.999617,0.000079,0.004703,0.002112,0.002112,0.000400,2
SENSOR_DATA,"[0,3]","[0,254]",,1,1457.907825,1457.907891,0.000066,0.004690,0.002112,0.002112,0.000400,2
SENSOR_DATA,"[12,4]","[0,254]",,1,1457.907773,1457.907899,0.000125,0.004949,0.002112,0.002112,0.000600,3
SENSOR_DATA,"[3,1]","[0,254]",,1,1458.527649,1458.527781,0.000132,0.004956,0.002112,0.002112,0.000600,3
SENSOR_DATA,"[12,2]","[0,254]",,1,1458.607701,1458.607863,0.000162,0.004986,0.002112,0.002112,0.000600,3
SENSOR_DATA,"[24,1]","[0,254]",,1,1460.598362,1460.598671,0.000309,0.005533,0.002112,0.002112,0.001000,5
SENSOR_DATA,"[1,1]","[0,254]",,1,1462.081586,1462.081765,0.000179,0.005003,0.002112,0.002112,0.000600,3
SENSOR_DATA,"[33,1]","[0,254]",,1,1462.598748,1462.599067,0.000319,0.005543,0.002112,0.002112,0.001000,5
SENSOR_DATA,"[12,1]","[0,254]",,1,1462.787308,1462.787542,0.000234,0.005258,0.002112,0.002112,0.000800,4
SENSOR_DATA,"[0,2]","[0,254]",,1,1464.741474,1464.741564,0.000090,0.004714,0.002112,0.002112,0.000400,2
SENSOR_DATA,"[12,3]","[0,254]",,1,1466.965071,1466.965310,0.000239,0.005263,0.002112,0.002112,0.000800,4
SENSOR_DATA,"[0,1]","[0,254]",,1,1466.999538,1466.999617,0.000079,0.004703,0.002112,0.002112,0.000400,2
SENSOR_DATA,"[0,3]","[0,254]",,1,1467.907825,1467.907891,0.000066,0.004690,0.002112,0.002112,0.000400,2
SENSOR_DATA,"[12,4]","[0,254]",,1,1467.907773,1467.907899,0.000125,0.004949,0.002112,0.002112,0.000600,3
SENSOR_DATA,"[3,1]","[0,254]",,1,1468.527649,1468.527781,0.000132,0.004956,0.002112,0.002112,0.000600,3
SENSOR_DATA,"[12,2]","[0,254]",,1,1468.607701,1468.607863,0.000162,0.004986,0.002112,0.002112,0.000600,3
SENSOR_DATA,"[24,1]","[0,254]",,1,1470.598362,1470.598671,0.000309,0.005533,0.002112,0.002112,0.001000,5
SENSOR_DATA,"[1,1]","[0,254]",,1,1472.081586,1472.081765,0.000179,0.005003,0.002112,0.002112,0.000600,3
SENSOR_DATA,"[33,1]","[0,254]",,1,1472.598748,1472.599067,0.000319,0.005543,0.002112,0.002112,0.001000,5
SENSOR_DATA,"[12,1]","[0,254]",,1,1472.787308,1472.787542,0.000234,0.005258,0.002112,0.002112,0.000800,4
SENSOR_DATA,"[0,2]","[0,254]",,1,1474.741474,1474.741564,0.000090,0.004714,0.002112,0.002112,0.000400,2
SENSOR_DATA,"[12,3]","[0,254]",,1,1476.965071,1476.965310,0.000239,0.005263,0.002112,0.002112,0.000800,4
SENSOR_DATA,"[0,1]","[0,254]",,1,1476.999538,1476.999617,0.000079,0.004703,0.002112,0.002112,0.000400,2
SENSOR_DATA,"[0,3]","[0,254]",,1,1477.907825,1477.907891,0.000066,0.004690,0.002112,0.002112,0.000400,2
SENSOR_DATA,"[12,4]","[0,254]",,1,1477.907773,1477.907899,0.000125,0.004949,0.002112,0.002112,0.000600,3
SENSOR_DATA,"[3,1]","[0,254]",,1,1478.527649,1478.527781,0.000132,0.004956,0.002112,0.002112,0.000600,3
SENSOR_DATA,"[12,2]","[0,254]",,1,1478.607701,1478.607863,0.000162,0.004986,0.002112,0.002112,0.000600,3
SENSOR_DATA,"[24,1]","[0,254]",,1,1480.598362,1480.598671,0.000309,0.005533,0.002112,0.002112,0.001000,5
SENSOR_DATA,"[1,1]","[0,254]",,1,1482.081586,1482.081765,0.000179,0.005003,0.002112,0.002112,0.000600,3
SENSOR_DATA,"[33,1]","[0,254]",,1,1482.598748,1482.599067,0.000319,0.005543,0.002112,0.002112,0.001000,5
SENSOR_DATA,"[12,1]","[0,254]",,1,1482.787308,1482.787542,0.000234,0.005258,0.002112,0.002112,0.000800,4
SENSOR_DATA,"[0,2]","[0,254]",,1,1484.741474,1484.741564,0.000090,0.004714,0.002112,0.002112,0.000400,2
SENSOR_DATA,"[12,3]","[0,254]",,1,1486.965071,1486.965310,0.000239,0.005263,0.002112,0.002112,0.000800,4
SENSOR_DATA,"[0,1]","[0,254]",,1,1486.999538,1486.999617,0.000079,0.004703,0.002112,0.002112,0.000400,2
SENSOR_DATA,"[0,3]","[0,254]",,1,1487.907825,1487.907891,0.000066,0.004690,0.002112,0.002112,0.000400,2
SENSOR_DATA,"[12,4]","[0,254]",,1,1487.907773,1487.907899,0.000125,0.004949,0.002112,0.002112,0.000600,3
SENSOR_DATA,"[3,1]","[0,254]",,1,1488.527649,1488.527781,0.000132,0.004956,0.002112,0.002112,0.000600,3
SENSOR_DATA,"[12,2]","[0,254]",,1,1488.607701,1488.607863,0.000162,0.004986,0.002112,0.002112,0.000600,3
SENSOR_DATA,"[24,1]","[0,254]",,1,1490.598362,1490.598671,0.000309,0.005533,0.002112,0.002112,0.001000,5
SENSOR_DATA,"[1,1]","[0,254]",,1,1492.081586,1492.081765,0.000179,0.005003,0.002112,0.002112,0.000600,3
SENSOR_DATA,"[33,1]","[0,254]",,1,1492.598748,1492.599067,0.000319,0.005543,0.002112,0.002112,0.001000,5
SENSOR_DATA,"[12,1]","[0,254]",,1,1492.787308,1492.787542,0.000234,0.005258,0.002112,0.002112,0.000800,4
SENSOR_DATA,"[0,2]","[0,254]",,1,1494.741474,1494.741564,0.000090,0.004714,0.002112,0.002112,0.000400,2
SENSOR_DATA,"[12,3]","[0,254]",,1,1496.965071,1496.965310,0.000239,0.005263,0.002112,0.002112,0.000800,4
SENSOR_DATA,"[0,1]","[0,254]",,1,1496.999538,1496.999617,0.000079,0.004703,0.002112,0.002112,0.000400,2
SENSOR_DATA,"[0,3]","[0,254]",,1,1497.907825,1497.907891,0.000066,0.004690,0.002112,0.002112,0.000400,2
SENSOR_DATA,"[12,4]","[0,254]",,1,1497.907773,1497.907899,0.000125,0.004949,0.002112,0.002112,0.000600,3
SENSOR_DATA,"[3,1]","[0,254]",,1,1498.527649,1498.527781,0.000132,0.004956,0.002112,0.002112,0.000600,3
SENSOR_DATA,"[12,2]","[0,254]",,1,1498.607701,1498.607863,0.000162,0.004986,0.002112,0.002112,0.000600,3
SENSOR_DATA,"[24,1]","[0,254]",,1,1500.598362,1500.598671,0.000309,0.005533,0.002112,0.002112,0.001000,5
SENSOR_DATA,"[1,1]","[0,254]",,1,1502.081586,1502.081765,0.000179,0.005003,0.002112,0.002112,0.000600,3
SENSOR_DATA,"[33,1]","[0,254]",,1,1502.598748,1502.599067,0.000319,0.005543,0.002112,0.002112,0.001000,5
SENSOR_DATA,"[12,1]","[0,254]",,1,1502.787308,1502.787542,0.000234,0.005258,0.002112,0.002112,0.000800,4
SENSOR_DATA,"[0,2]","[0,254]",,1,1504.741474,1504.741564,0.000090,0.004714,0.002112,0.002112,0.000400,2
SENSOR_DATA,"[12,3]","[0,254]",,1,1506.965071,1506.965310,0.000239,0.005263,0.002112,0.002112,0.000800,4
SENSOR_DATA,"[0,1]","[0,254]",,1,1506.999538,1506.999617,0.000079,0.004703,0.002112,0.002112,0.000400,2
SENSOR_DATA,"[0,3]","[0,254]",,1,1507.907825,1507.907891,0.000066,0.004690,0.002112,0.002112,0.000400,2
SENSOR_DATA,"[12,4]","[0,254]",,1,1507.907773,1507.907899,0.000125,0.004949,0.002112,0.002112,0.000600,3
SENSOR_DATA,"[3,1]","[0,254]",,1,1508.527649,1508.527781,0.000132,0.004956,0.002112,0.002112,0.000600,3
SENSOR_DATA,"[12,2]","[0,254]",,1,1508.607701,1508.607863,0.000162,0.004986,0.002112,0.002112,0.000600,3
SENSOR_DATA,"[24,1]","[0,254]",,1,1510.598362,1510.598671,0.000309,0.005533,0.002112,0.002112,0.001000,5
SENSOR_DATA,"[1,1]","[0,254]",,1,1512.081586,1512.081765,0.000179,0.005003,0.002112,0.002112,0.000600,3
SENSOR_DATA,"[33,1]","[0,254]",,1,1512.598748,1512.599067,0.000319,0.005543,0.002112,0.002112,0.001000,5
SENSOR_DATA,"[12,1]","[0,254]",,1,1512.787308,1512.787542,0.000234,0.005258,0.002112,0.002112,0.000800,4
SENSOR_DATA,"[0,2]","[0,254]",,1,1514.741474,1514.741564,0.000090,0.004714,0.002112,0.002112,0.000400,2
SENSOR_DATA,"[12,3]","[0,254]",,1,1516.965071,1516.965310,0.000239,0.005263,0.002112,0.002112,0.000800,4
SENSOR_DATA,"[0,1]","[0,254]",,1,1516.999538,1516.999617,0.000079,0.004703,0.002112,0.002112,0.000400,2
SENSOR_DATA,"[0,3]","[0,254]",,1,1517.907825,1517.907891,0.000066,0.004690,0.002112,0.002112,0.000400,2
SENSOR_DATA,"[12,4]","[0,254]",,1,1517.907773,1517.907899,0.000125,0.004949,0.002112,0.002112,0.000600,3
SENSOR_DATA,"[3,1]","[0,254]",,1,1518.527649,1518.527781,0.000132,0.004956,0.002112,0.002112,0.000600,3
SENSOR_DATA,"[12,2]","[0,254]",,1,1518.607701,1518.607863,0.000162,0.004986,0.002112,0.002112,0.000600,3
SENSOR_DATA,"[24,1]","[0,254]",,1,1520.598362,1520.598671,0.000309,0.005533,0.002112,0.002112,0.001000,5
SENSOR_DATA,"[1,1]","[0,254]",,1,1522.081586,1522.081765,0.000179,0.005003,0.002112,0.002112,0.000600,3
SENSOR_DATA,"[33,1]","[0,254]",,1,1522.598748,1522.599067,0.000319,0.005543,0.002112,0.002112,0.001000,5
SENSOR_DATA,"[12,1]","[0,254]",,1,1522.787308,1522.787542,0.000234,0.005258,0.002112,0.002112,0.000800,4
SENSOR_DATA,"[0,2]","[0,254]",,1,1524.741474,1524.741564,0.000090,0.004714,0.002112,0.002112,0.000400,2
SENSOR_DATA,"[12,3]","[0,254]",,1,1526.965071,1526.965310,0.000239,0.005263,0.002112,0.002112,0.000800,4
SENSOR_DATA,"[0,1]","[0,254]",,1,1526.999538,1526.999617,0.000079,0.004703,0.002112,0.002112,0.000400,2
SENSOR_DATA,"[0,3]","[0,254]",,1,1527.907825,1527.907891,0.000066,0.004690,0.002112,0.002112,0.000400,2
SENSOR_DATA,"[12,4]","[0,254]",,1,1527.907773,1527.907899,0.000125,0.004949,0.002112,0.002112,0.000600,3
SENSOR_DATA,"[3,1]","[0,254]",,1,1528.527649,1528.527781,0.000132,0.004956,0.002112,0.002112,0.000600,3
SENSOR_DATA,"[12,2]","[0,254]",,1,1528.607701,1528.607863,0.000162,0.004986,0.002112,0.002112,0.000600,3
SENSOR_DATA,"[24,1]","[0,254]",,1,1530.598362,1530.598671,0.000309,0.005533,0.002112,0.002112,0.001000,5
SENSOR_DATA,"[1,1]","[0,254]",,1,1532.081586,1532.081765,0.000179,0.005003,0.002112,0.002112,0.000600,3
SENSOR_DATA,"[33,1]","[0,254]",,1,1532.598748,1532.599067,0.000319,0.005543,0.002112,0.002112,0.001000,5
SENSOR_DATA,"[12,1]","[0,254]",,1,1532.787308,1532.787542,0.000234,0.005258,0.002112,0.002112,0.000800,4
SENSOR_DATA,"[0,2]","[0,254]",,1,1534.741474,1534.741564,0.000090,0.004714,0.002112,0.002112,0.000400,2
SENSOR_DATA,"[12,3]","[0,254]",,1,1536.965071,1536.965310,0.000239,0.005263,0.002112,0.002112,0.000800,4
SENSOR_DATA,"[0,1]","[0,254]",,1,1536.999538,1536.999617,0.000079,0.004703,0.002112,0.002112,0.000400,2
SENSOR_DATA,"[0,3]","[0,254]",,1,1537.907825,1537.907891,0.000066,0.004690,0.002112,0.002112,0.000400,2
SENSOR_DATA,"[12,4]","[0,254]",,1,1537.907773,1537.907899,0.000125,0.004949,0.002112,0.002112,0.000600,3
SENSOR_DATA,"[3,1]","[0,254]",,1,1538.527649,1538.527781,0.000132,0.004956,0.002112,0.002112,0.000600,3
SENSOR_DATA,"[12,2]","[0,254]",,1,1538.607701,1538.607863,0.000162,0.004986,0.002112,0.002112,0.000600,3
SENSOR_DATA,"[24,1]","[0,254]",,1,1540.598362,1540.598671,0.000309,0.005533,0.002112,0.002112,0.001000,5
SENSOR_DATA,"[1,1]","[0,254]",,1,1542.081586,1542.081765,0.000179,0.005003,0.002112,0.002112,0.000600,3
SENSOR_DATA,"[33,1]","[0,254]",,1,1542.598748,1542.599067,0.000319,0.005543,0.002112,0.002112,0.001000,5
SENSOR_DATA,"[12,1]","[0,254]",,1,1542.787308,1542.787542,0.000234,0.005258,0.002112,0.002112,0.000800,4
SENSOR_DATA,"[0,2]","[0,254]",,1,1544.741474,1544.741564,0.000090,0.004714,0.002112,0.002112,0.000400,2
SENSOR_DATA,"[12,3]","[0,254]",,1,1546.965071,1546.965310,0.000239,0.005263,0.002112,0.002112,0.000800,4
SENSOR_DATA,"[0,1]","[0,254]",,1,1546.999538,1546.999617,0.000079,0.004703,0.002112,0.002112,0.000400,2
SENSOR_DATA,"[0,3]","[0,254]",,1,1547.907825,1547.907891,0.000066,0.004690,0.002112,0.002112,0.000400,2
SENSOR_DATA,"[12,4]","[0,254]",,1,1547.907773,1547.907899,0.000125,0.004949,0.002112,0.002112,0.000600,3
SENSOR_DATA,"[3,1]","[0,254]",,1,1548.527649,1548.527781,0.000132,0.004956,0.002112,0.002112,0.000600,3
SENSOR_DATA,"[12,2]","[0,254]",,1,1548.607701,1548.607863,0.000162,0.004986,0.002112,0.002112,0.000600,3
SENSOR_DATA,"[24,1]","[0,254]",,1,1550.598362,1550.598671,0.000309,0.005533,0.002112,0.002112,0.001000,5
SENSOR_DATA,"[1,1]","[0,254]",,1,1552.081586,1552.081765,0.000179,0.005003,0.002112,0.002112,0.000600,3
SENSOR_DATA,"[33,1]","[0,254]",,1,1552.598748,1552.599067,0.000319,0.005543,0.002112,0.002112,0.001000,5
SENSOR_DATA,"[12,1]","[0,254]",,1,1552.787308,1552.787542,0.000234,0.005258,0.002112,0.002112,0.000800,4
SENSOR_DATA,"[0,2]","[0,254]",,1,1554.741474,1554.741564,0.000090,0.004714,0.002112,0.002112,0.000400,2
SENSOR_DATA,"[12,3]","[0,254]",,1,1556.965071,1556.965310,0.000239,0.005263,0.002112,0.002112,0.000800,4
SENSOR_DATA,"[0,1]","[0,254]",,1,1556.999538,1556.999617,0.000079,0.004703,0.002112,0.002112,0.000400,2
SENSOR_DATA,"[0,3]","[0,254]",,1,1557.907825,1557.907891,0.000066,0.004690,0.002112,0.002112,0.000400,2
SENSOR_DATA,"[12,4]","[0,254]",,1,1557.907773,1557.907899,0.000125,0.004949,0.002112,0.002112,0.000600,3
SENSOR_DATA,"[3,1]","[0,254]",,1,1558.527649,1558.527781,0.000132,0.004956,0.002112,0.002112,0.000600,3
SENSOR_DATA,"[12,2]","[0,254]",,1,1558.607701,1558.607863,0.000162,0.004986,0.002112,0.002112,0.000600,3
SENSOR_DATA,"[24,1]","[0,254]",,1,1560.598362,1560.598671,0.000309,0.005533,0.002112,0.002112,0.001000,5
SENSOR_DATA,"[1,1]","[0,254]",,1,1562.081586,1562.081765,0.000179,0.005003,0.002112,0.002112,0.000600,3
SENSOR_DATA,"[33,1]","[0,254]",,1,1562.598748,1562.599067,0.000319,0.005543,0.002112,0.002112,0.001000,5
SENSOR_DATA,"[12,1]","[0,254]",,1,1562.787308,1562.787542,0.000234,0.005258,0.002112,0.002112,0.000800,4
SENSOR_DATA,"[0,2]","[0,254]",,1,1564.741474,1564.741564,0.000090,0.004714,0.002112,0.002112,0.000400,2
SENSOR_DATA,"[12,3]","[0,254]",,1,1566.965071,1566.965310,0.000239,0.005263,0.002112,0.002112,0.000800,4
SENSOR_DATA,"[0,1]","[0,254]",,1,1566.999538,1566.999617,0.000079,0.004703,0.002112,0.002112,0.000400,2
SENSOR_DATA,"[0,3]","[0,254]",,1,1567.907825,1567.907891,0.000066,0.004690,0.002112,0.002112,0.000400,2
SENSOR_DATA,"[12,4]","[0,254]",,1,1567.907773,1567.907899,0.000125,0.004949,0.002112,0.002112,0.000600,3
SENSOR_DATA,"[3,1]","[0,254]",,1,1568.527649,1568.527781,0.000132,0.004956,0.002112,0.002112,0.000600,3
SENSOR_DATA,"[12,2]","[0,254]",,1,1568.607701,1568.607863,0.000162,0.004986,0.002112,0.002112,0.000600,3
SENSOR_DATA,"[24,1]","[0,254]",,1,1570.598362,1570.598671,0.000309,0.005533,0.002112,0.002112,0.001000,5
SENSOR_DATA,"[1,1]","[0,254]",,1,1572.081586,1572.081765,0.000179,0.005003,0.002112,0.002112,0.000600,3
SENSOR_DATA,"[33,1]","[0,254]",,1,1572.598748,1572.599067,0.000319,0.005543,0.002112,0.002112,0.001000,5
SENSOR_DATA,"[12,1]","[0,254]",,1,1572.787308,1572.787542,0.000234,0.005258,0.002112,0.002112,0.000800,4
SENSOR_DATA,"[0,2]","[0,254]",,1,1574.741474,1574.741564,0.000090,0.004714,0.002112,0.002112,0.000400,2
SENSOR_DATA,"[12,3]","[0,254]",,1,1576.965071,1576.965310,0.000239,0.005263,0.002112,0.002112,0.000800,4
SENSOR_DATA,"[0,1]","[0,254]",,1,1576.999538,1576.999617,0.000079,0.004703,0.002112,0.002112,0.000400,2
SENSOR_DATA,"[0,3]","[0,254]",,1,1577.907825,1577.907891,0.000066,0.004690,0.002112,0.002112,0.000400,2
SENSOR_DATA,"[12,4]","[0,254]",,1,1577.907773,1577.907899,0.000125,0.004949,0.002112,0.002112,0.000600,3
SENSOR_DATA,"[3,1]","[0,254]",,1,1578.527649,1578.527781,0.000132,0.004956,0.002112,0.002112,0.000600,3
SENSOR_DATA,"[12,2]","[0,254]",,1,1578.607701,1578.607863,0.000162,0.004986,0.002112,0.002112,0.000600,3
SENSOR_DATA,"[24,1]","[0,254]",,1,1580.598362,1580.598671,0.000309,0.005533,0.002112,0.002112,0.001000,5
SENSOR_DATA,"[1,1]","[0,254]",,1,1582.081586,1582.081765,0.000179,0.005003,0.002112,0.002112,0.000600,3
SENSOR_DATA,"[33,1]","[0,254]",,1,1582.598748,1582.599067,0.000319,0.005543,0.002112,0.002112,0.001000,5
SENSOR_DATA,"[12,1]","[0,254]",,1,1582.787308,1582.787542,0.000234,0.005258,0.002112,0.002112,0.000800,4
SENSOR_DATA,"[0,2]","[0,254]",,1,1584.741474,1584.741564,0.000090,0.004714,0.002112,0.002112,0.000400,2
SENSOR_DATA,"[12,3]","[0,254]",,1,1586.965071,1586.965310,0.000239,0.005263,0.002112,0.002112,0.000800,4
SENSOR_DATA,"[0,1]","[0,254]",,1,1586.999538,1586.999617,0.000079,0.004703,0.002112,0.002112,0.000400,2
SENSOR_DATA,"[0,3]","[0,254]",,1,1587.907825,1587.907891,0.000066,0.004690,0.002112,0.002112,0.000400,2
SENSOR_DATA,"[12,4]","[0,254]",,1,1587.907773,1587.907899,0.000125,0.004949,0.002112,0.002112,0.000600,3
SENSOR_DATA,"[3,1]","[0,254]",,1,1588.527649,1588.527781,0.000132,0.004956,0.002112,0.002112,0.000600,3
SENSOR_DATA,"[12,2]","[0,254]",,1,1588.607701,1588.607863,0.000162,0.004986,0.002112,0.002112,0.000600,3
SENSOR_DATA,"[24,1]","[0,254]",,1,1590.598362,1590.598671,0.000309,0.005533,0.002112,0.002112,0.001000,5
SENSOR_DATA,"[1,1]","[0,254]",,1,1592.081586,1592.081765,0.000179,0.005003,0.002112,0.002112,0.000600,3
SENSOR_DATA,"[33,1]","[0,254]",,1,1592.598748,1592.599067,0.000319,0.005543,0.002112,0.002112,0.001000,5
SENSOR_DATA,"[12,1]","[0,254]",,1,1592.787308,1592.787542,0.000234,0.005258,0.002112,0.002112,0.000800,4
SENSOR_DATA,"[0,2]","[0,254]",,1,1594.741474,1594.741564,0.000090,0.004714,0.002112,0.002112,0.000400,2
SENSOR_DATA,"[12,3]","[0,254]",,1,1596.965071,1596.965310,0.000239,0.005263,0.002112,0.002112,0.000800,4
SENSOR_DATA,"[0,1]","[0,254]",,1,1596.999538,1596.999617,0.000079,0.004703,0.002112,0.002112,0.000400,2
SENSOR_DATA,"[0,3]","[0,254]",,1,1597.907825,1597.907891,0.000066,0.004690,0.002112,0.002112,0.000400,2
SENSOR_DATA,"[12,4]","[0,254]",,1,1597.907773,1597.907899,0.000125,0.004949,0.002112,0.002112,0.000600,3
SENSOR_DATA,"[3,1]","[0,254]",,1,1598.527649,1598.527781,0.000132,0.004956,0.002112,0.002112,0.000600,3
SENSOR_DATA,"[12,2]","[0,254]",,1,1598.607701,1598.607863,0.000162,0.004986,0.002112,0.002112,0.000600,3
SENSOR_DATA,"[24,1]","[0,254]",,1,1600.598362,1600.598671,0.000309,0.005533,0.002112,0.002112,0.001000,5
SENSOR_DATA,"[1,1]","[0,254]",,1,1602.081586,1602.081765,0.000179,0.005003,0.002112,0.002112,0.000600,3
SENSOR_DATA,"[33,1]","[0,254]",,1,1602.598748,1602.599067,0.000319,0.005543,0.002112,0.002112,0.001000,5
SENSOR_DATA,"[12,1]","[0,254]",,1,1602.787308,1602.787542,0.000234,0.005258,0.002112,0.002112,0.000800,4
SENSOR_DATA,"[0,2]","[0,254]",,1,1604.741474,1604.741564,0.000090,0.004714,0.002112,0.002112,0.000400,2
SENSOR_DATA,"[12,3]","[0,254]",,1,1606.965071,1606.965310,0.000239,0.005263,0.002112,0.002112,0.000800,4
SENSOR_DATA,"[0,1]","[0,254]",,1,1606.999538,1606.999617,0.000079,0.004703,0.002112,0.002112,0.000400,2
SENSOR_DATA,"[0,3]","[0,254]",,1,1607.907825,1607.907891,0.000066,0.004690,0.002112,0.002112,0.000400,2
SENSOR_DATA,"[12,4]","[0,254]",,1,1607.907773,1607.907899,0.000125,0.004949,0.002112,0.002112,0.000600,3
SENSOR_DATA,"[3,1]","[0,254]",,1,1608.527649,1608.527781,0.000132,0.004956,0.002112,0.002112,0.000600,3
SENSOR_DATA,"[12,2]","[0,254]",,1,1608.607701,1608.607863,0.000162,0.004986,0.002112,0.002112,0.000600,3
SENSOR_DATA,"[24,1]","[0,254]",,1,1610.598362,1610.598671,0.000309,0.005533,0.002112,0.002112,0.001000,5
SENSOR_DATA,"[1,1]","[0,254]",,1,1612.081586,1612.081765,0.000179,0.005003,0.002112,0.002112,0.000600,3
SENSOR_DATA,"[33,1]","[0,254]",,1,1612.598748,1612.599067,0.000319,0.005543,0.002112,0.002112,0.001000,5
SENSOR_DATA,"[12,1]","[0,254]",,1,1612.787308,1612.787542,0.000234,0.005258,0.002112,0.002112,0.000800,4
SENSOR_DATA,"[0,2]","[0,254]",,1,1614.741474,1614.741564,0.000090,0.004714,0.002112,0.002112,0.000400,2
SENSOR_DATA,"[12,3]","[0,254]",,1,1616.965071,1616.965310,0.000239,0.005263,0.002112,0.002112,0.000800,4
SENSOR_DATA,"[0,1]","[0,254]",,1,1616.999538,1616.999617,0.000079,0.004703,0.002112,0.002112,0.000400,2
SENSOR_DATA,"[0,3]","[0,254]",,1,1617.907825,1617.907891,0.000066,0.004690,0.002112,0.002112,0.000400,2
SENSOR_DATA,"[12,4]","[0,254]",,1,1617.907773,1617.907899,0.000125,0.004949,0.002112,0.002112,0.000600,3
SENSOR_DATA,"[3,1]","[0,254]",,1,1618.527649,1618.527781,0.000132,0.004956,0.002112,0.002112,0.000600,3
SENSOR_DATA,"[12,2]","[0,254]",,1,1618.607701,1618.607863,0.000162,0.004986,0.002112,0.002112,0.000600,3
SENSOR_DATA,"[24,1]","[0,254]",,1,1620.598362,1620.598671,0.000309,0.005533,0.002112,0.002112,0.001000,5
SENSOR_DATA,"[1,1]","[0,254]",,1,1622.081586,1622.081765,0.000179,0.005003,0.002112,0.002112,0.000600,3
SENSOR_DATA,"[33,1]","[0,254]",,1,1622.598748,1622.599067,0.000319,0.005543,0.002112,0.002112,0.001000,5
SENSOR_DATA,"[12,1]","[0,254]",,1,1622.787308,1622.787542,0.000234,0.005258,0.002112,0.002112,0.000800,4
SENSOR_DATA,"[0,2]","[0,254]",,1,1624.741474,1624.741564,0.000090,0.004714,0.002112,0.002112,0.000400,2
SENSOR_DATA,"[12,3]","[0,254]",,1,1626.965071,1626.965310,0.000239,0.005263,0.002112,0.002112,0.000800,4
SENSOR_DATA,"[0,1]","[0,254]",,1,1626.999538,1626.999617,0.000079,0.004703,0.002112,0.002112,0.000400,2
SENSOR_DATA,"[0,3]","[0,254]",,1,1627.907825,1627.907891,0.000066,0.004690,0.002112,0.002112,0.000400,2
SENSOR_DATA,"[12,4]","[0,254]",,1,1627.907773,1627.907899,0.000125,0.004949,0.002112,0.002112,0.000600,3
SENSOR_DATA,"[3,1]","[0,254]",,1,1628.527649,1628.527781,0.000132,0.004956,0.002112,0.002112,0.000600,3
SENSOR_DATA,"[12,2]","[0,254]",,1,1628.607701,1628.607863,0.000162,0.004986,0.002112,0.002112,0.000600,3
SENSOR_DATA,"[24,1]","[0,254]",,1,1630.598362,1630.598671,0.000309,0.005533,0.002112,0.002112,0.001000,5
SENSOR_DATA,"[1,1]","[0,254]",,1,1632.081586,1632.081765,0.000179,0.005003,0.002112,0.002112,0.000600,3
SENSOR_DATA,"[33,1]","[0,254]",,1,1632.598748,1632.599067,0.000319,0.005543,0.002112,0.002112,0.001000,5
SENSOR_DATA,"[12,1]","[0,254]",,1,1632.787308,1632.787542,0.000234,0.005258,0.002112,0.002112,0.000800,4
SENSOR_DATA,"[0,2]","[0,254]",,1,1634.741474,1634.741564,0.000090,0.004714,0.002112,0.002112,0.000400,2
SENSOR_DATA,"[12,3]","[0,254]",,1,1636.965071,1636.965310,0.000239,0.005263,0.002112,0.002112,0.000800,4
SENSOR_DATA,"[0,1]","[0,254]",,1,1636.999538,1636.999617,0.000079,0.004703,0.002112,0.002112,0.000400,2
SENSOR_DATA,"[0,3]","[0,254]",,1,1637.907825,1637.907891,0.000066,0.004690,0.002112,0.002112,0.000400,2
SENSOR_DATA,"[12,4]","[0,254]",,1,1637.907773,1637.907899,0.000125,0.004949,0.002112,0.002112,0.000600,3
SENSOR_DATA,"[3,1]","[0,254]",,1,1638.527649,1638.527781,0.000132,0.004956,0.002112,0.002112,0.000600,3
SENSOR_DATA,"[12,2]","[0,254]",,1,1638.607701,1638.607863,0.000162,0.004986,0.002112,0.002112,0.000600,3
SENSOR_DATA,"[24,1]","[0,254]",,1,1640.598362,1640.598671,0.000309,0.005533,0.002112,0.002112,0.001000,5
SENSOR_DATA,"[1,1]","[0,254]",,1,1642.081586,1642.081765,0.000179,0.005003,0.002112,0.002112,0.000600,3
SENSOR_DATA,"[33,1]","[0,254]",,1,1642.598748,1642.599067,0.000319,0.005543,0.002112,0.002112,0.001000,5
SENSOR_DATA,"[12,1]","[0,254]",,1,1642.787308,1642.787542,0.000234,0.005258,0.002112,0.002112,0.000800,4
SENSOR_DATA,"[0,2]","[0,254]",,1,1644.741474,1644.741564,0.000090,0.004714,0.002112,0.002112,0.000400,2
SENSOR_DATA,"[12,3]","[0,254]",,1,1646.965071,1646.965310,0.000239,0.005263,0.002112,0.002112,0.000800,4
SENSOR_DATA,"[0,1]","[0,254]",,1,1646.999538,1646.999617,0.000079,0.004703,0.002112,0.002112,0.000400,2
SENSOR_DATA,"[0,3]","[0,254]",,1,1647.907825,1647.907891,0.000066,0.004690,0.002112,0.002112,0.000400,2
SENSOR_DATA,"[12,4]","[0,254]",,1,1647.907773,1647.907899,0.000125,0.004949,0.002112,0.002112,0.000600,3
SENSOR_DATA,"[3,1]","[0,254]",,1,1648.527649,1648.527781,0.000132,0.004956,0.002112,0.002112,0.000600,3
SENSOR_DATA,"[12,2]","[0,254]",,1,1648.607701,1648.607863,0.000162,0.004986,0.002112,0.002112,0.000600,3
SENSOR_DATA,"[24,1]","[0,254]",,1,1650.598362,1650.598671,0.000309,0.005533,0.002112,0.002112,0.001000,5
SENSOR_DATA,"[1,1]","[0,254]",,1,1652.081586,1652.081765,0.000179,0.005003,0.002112,0.002112,0.000600,3
SENSOR_DATA,"[33,1]","[0,254]",,1,1652.598748,1652.599067,0.000319,0.005543,0.002112,0.002112,0.001000,5
SENSOR_DATA,"[12,1]","[0,254]",,1,1652.787308,1652.787542,0.000234,0.005258,0.002112,0.002112,0.000800,4
SENSOR_DATA,"[0,2]","[0,254]",,1,1654.741474,1654.741564,0.000090,0.004714,0.002112,0.002112,0.000400,2
SENSOR_DATA,"[12,3]","[0,254]",,1,1656.965071,1656.965310,0.000239,0.005263,0.002112,0.002112,0.000800,4
SENSOR_DATA,"[0,1]","[0,254]",,1,1656.999538,1656.999617,0.000079,0.004703,0.002112,0.002112,0.000400,2
SENSOR_DATA,"[0,3]","[0,254]",,1,1657.907825,1657.907891,0.000066,0.004690,0.002112,0.002112,0.000400,2
SENSOR_DATA,"[12,4]","[0,254]",,1,1657.907773,1657.907899,0.000125,0.004949,0.002112,0.002112,0.000600,3
SENSOR_DATA,"[3,1]","[0,254]",,1,1658.527649,1658.527781,0.000132,0.004956,0.002112,0.002112,0.000600,3
SENSOR_DATA,"[12,2]","[0,254]",,1,1658.607701,1658.607863,0.000162,0.004986,0.002112,0.002112,0.000600,3
SENSOR_DATA,"[24,1]","[0,254]",,1,1660.598362,1660.598671,0.000309,0.005533,0.002112,0.002112,0.001000,5
SENSOR_DATA,"[1,1]","[0,254]",,1,1662.081586,1662.081765,0.000179,0.005003,0.002112,0.002112,0.000600,3
SENSOR_DATA,"[33,1]","[0,254]",,1,1662.598748,1662.599067,0.000319,0.005543,0.002112,0.002112,0.001000,5
SENSOR_DATA,"[12,1]","[0,254]",,1,1662.787308,1662.787542,0.000234,0.005258,0.002112,0.002112,0.000800,4
SENSOR_DATA,"[0,2]","[0,254]",,1,1664.741474,1664.741564,0.000090,0.004714,0.002112,0.002112,0.000400,2
SENSOR_DATA,"[12,3]","[0,254]",,1,1666.965071,1666.965310,0.000239,0.005263,0.002112,0.002112,0.000800,4
SENSOR_DATA,"[0,1]","[0,254]",,1,1666.999538,1666.999617,0.000079,0.004703,0.002112,0.002112,0.000400,2
SENSOR_DATA,"[0,3]","[0,254]",,1,1667.907825,1667.907891,0.000066,0.004690,0.002112,0.002112,0.000400,2
SENSOR_DATA,"[12,4]","[0,254]",,1,1667.907773,1667.907899,0.000125,0.004949,0.002112,0.002112,0.000600,3
SENSOR_DATA,"[3,1]","[0,254]",,1,1668.527649,1668.527781,0.000132,0.004956,0.002112,0.002112,0.000600,3
SENSOR_DATA,"[12,2]","[0,254]",,1,1668.607701,1668.607863,0.000162,0.004986,0.002112,0.002112,0.000600,3
SENSOR_DATA,"[24,1]","[0,254]",,1,1670.598362,1670.598671,0.000309,0.005533,0.002112,0.002112,0.001000,5
SENSOR_DATA,"[1,1]","[0,254]",,1,1672.081586,1672.081765,0.000179,0.005003,0.002112,0.002112,0.000600,3
SENSOR_DATA,"[33,1]","[0,254]",,1,1672.598748,1672.599067,0.000319,0.005543,0.002112,0.002112,0.001000,5
SENSOR_DATA,"[12,1]","[0,254]",,1,1672.787308,1672.787542,0.000234,0.005258,0.002112,0.002112,0.000800,4
SENSOR_DATA,"[0,2]","[0,254]",,1,1674.741474,1674.741564,0.000090,0.004714,0.002112,0.002112,0.000400,2
SENSOR_DATA,"[12,3]","[0,254]",,1,1676.965071,1676.965310,0.000239,0.005263,0.002112,0.002112,0.000800,4
SENSOR_DATA,"[0,1]","[0,254]",,1,1676.999538,1676.999617,0.000079,0.004703,0.002112,0.002112,0.000400,2
SENSOR_DATA,"[0,3]","[0,254]",,1,1677.907825,1677.907891,0.000066,0.004690,0.002112,0.002112,0.000400,2
SENSOR_DATA,"[12,4]","[0,254]",,1,1677.907773,1677.907899,0.000125,0.004949,0.002112,0.002112,0.000600,3
SENSOR_DATA,"[3,1]","[0,254]",,1,1678.527649,1678.527781,0.000132,0.004956,0.002112,0.002112,0.000600,3
SENSOR_DATA,"[12,2]","[0,254]",,1,1678.607701,1678.607863,0.000162,0.004986,0.002112,0.002112,0.000600,3
SENSOR_DATA,"[24,1]","[0,254]",,1,1680.598362,1680.598671,0.000309,0.005533,0.002112,0.002112,0.001000,5
SENSOR_DATA,"[1,1]","[0,254]",,1,1682.081586,1682.081765,0.000179,0.005003,0.002112,0.002112,0.000600,3
SENSOR_DATA,"[33,1]","[0,254]",,1,1682.598748,1682.599067,0.000319,0.005543,0.002112,0.002112,0.001000,5
SENSOR_DATA,"[12,1]","[0,254]",,1,1682.787308,1682.787542,0.000234,0.005258,0.002112,0.002112,0.000800,4
SENSOR_DATA,"[0,2]","[0,254]",,1,1684.741474,1684.741564,0.000090,0.004714,0.002112,0.002112,0.000400,2
SENSOR_DATA,"[12,3]","[0,254]",,1,1686.965071,1686.965310,0.000239,0.005263,0.002112,0.002112,0.000800,4
SENSOR_DATA,"[0,1]","[0,254]",,1,1686.999538,1686.999617,0.000079,0.004703,0.002112,0.002112,0.000400,2
SENSOR_DATA,"[0,3]","[0,254]",,1,1687.907825,1687.907891,0.000066,0.004690,0.002112,0.002112,0.000400,2
SENSOR_DATA,"[12,4]","[0,254]",,1,1687.907773,1687.907899,0.000125,0.004949,0.002112,0.002112,0.000600,3
SENSOR_DATA,"[3,1]","[0,254]",,1,1688.527649,1688.527781,0.000132,0.004956,0.002112,0.002112,0.000600,3
SENSOR_DATA,"[12,2]","[0,254]",,1,1688.607701,1688.607863,0.000162,0.004986,0.002112,0.002112,0.000600,3
SENSOR_DATA,"[24,1]","[0,254]",,1,1690.598362,1690.598671,0.000309,0.005533,0.002112,0.002112,0.001000,5
SENSOR_DATA,"[1,1]","[0,254]",,1,1692.081586,1692.081765,0.000179,0.005003,0.002112,0.002112,0.000600,3
SENSOR_DATA,"[33,1]","[0,254]",,1,1692.598748,1692.599067,0.000319,0.005543,0.002112,0.002112,0.001000,5
SENSOR_DATA,"[12,1]","[0,254]",,1,1692.787308,1692.787542,0.000234,0.005258,0.002112,0.002112,0.000800,4
SENSOR_DATA,"[0,2]","[0,254]",,1,1694.741474,1694.741564,0.000090,0.004714,0.002112,0.002112,0.000400,2
SENSOR_DATA,"[12,3]","[0,254]",,1,1696.965071,1696.965310,0.000239,0.005263,0.002112,0.002112,0.000800,4
SENSOR_DATA,"[0,1]","[0,254]",,1,1696.999538,1696.999617,0.000079,0.004703,0.002112,0.002112,0.000400,2
SENSOR_DATA,"[0,3]","[0,254]",,1,1697.907825,1697.907891,0.000066,0.004690,0.002112,0.002112,0.000400,2
SENSOR_DATA,"[12,4]","[0,254]",,1,1697.907773,1697.907899,0.000125,0.004949,0.002112,0.002112,0.000600,3
SENSOR_DATA,"[3,1]","[0,254]",,1,1698.527649,1698.527781,0.000132,0.004956,0.002112,0.002112,0.000600,3
SENSOR_DATA,"[12,2]","[0,254]",,1,1698.607701,1698.607863,0.000162,0.004986,0.002112,0.002112,0.000600,3
SENSOR_DATA,"[24,1]","[0,254]",,1,1700.598362,1700.598671,0.000309,0.005533,0.002112,0.002112,0.001000,5
SENSOR_DATA,"[1,1]","[0,254]",,1,1702.081586,1702.081765,0.000179,0.005003,0.002112,0.002112,0.000600,3
SENSOR_DATA,"[33,1]","[0,254]",,1,1702.598748,1702.599067,0.000319,0.005543,0.002112,0.002112,0.001000,5
SENSOR_DATA,"[12,1]","[0,254]",,1,1702.787308,1702.787542,0.000234,0.005258,0.002112,0.002112,0.000800,4
SENSOR_DATA,"[0,2]","[0,254]",,1,1704.741474,1704.741564,0.000090,0.004714,0.002112,0.002112,0.000400,2
SENSOR_DATA,"[12,3]","[0,254]",,1,1706.965071,1706.965310,0.000239,0.005263,0.002112,0.002112,0.000800,4
SENSOR_DATA,"[0,1]","[0,254]",,1,1706.999538,1706.999617,0.000079,0.004703,0.002112,0.002112,0.000400,2
SENSOR_DATA,"[0,3]","[0,254]",,1,1707.907825,1707.907891,0.000066,0.004690,0.002112,0.002112,0.000400,2
SENSOR_DATA,"[12,4]","[0,254]",,1,1707.907773,1707.907899,0.000125,0.004949,0.002112,0.002112,0.000600,3
SENSOR_DATA,"[3,1]","[0,254]",,1,1708.527649,1708.527781,0.000132,0.004956,0.002112,0.002112,0.000600,3
SENSOR_DATA,"[12,2]","[0,254]",,1,1708.607701,1708.607863,0.000162,0.004986,0.002112,0.002112,0.000600,3
SENSOR_DATA,"[24,1]","[0,254]",,1,1710.598362,1710.598671,0.000309,0.005533,0.002112,0.002112,0.001000,5
SENSOR_DATA,"[1,1]","[0,254]",,1,1712.081586,1712.081765,0.000179,0.005003,0.002112,0.002112,0.000600,3
SENSOR_DATA,"[33,1]","[0,254]",,1,1712.598748,1712.599067,0.000319,0.005543,0.002112,0.002112,0.001000,5
SENSOR_DATA,"[12,1]","[0,254]",,1,1712.787308,1712.787542,0.000234,0.005258,0.002112,0.002112,0.000800,4
SENSOR_DATA,"[0,2]","[0,254]",,1,1714.741474,1714.741564,0.000090,0.004714,0.002112,0.002112,0.000400,2
SENSOR_DATA,"[12,3]","[0,254]",,1,1716.965071,1716.965310,0.000239,0.005263,0.002112,0.002112,0.000800,4
SENSOR_DATA,"[0,1]","[0,254]",,1,1716.999538,1716.999617,0.000079,0.004703,0.002112,0.002112,0.000400,2
SENSOR_DATA,"[0,3]","[0,254]",,1,1717.907825,1717.907891,0.000066,0.004690,0.002112,0.002112,0.000400,2
SENSOR_DATA,"[12,4]","[0,254]",,1,1717.907773,1717.907899,0.000125,0.004949,0.002112,0.002112,0.000600,3
SENSOR_DATA,"[3,1]","[0,254]",,1,1718.527649,1718.527781,0.000132,0.004956,0.002112,0.002112,0.000600,3
SENSOR_DATA,"[12,2]","[0,254]",,1,1718.607701,1718.607863,0.000162,0.004986,0.002112,0.002112,0.000600,3
SENSOR_DATA,"[24,1]","[0,254]",,1,1720.598362,1720.598671,0.000309,0.005533,0.002112,0.002112,0.001000,5
SENSOR_DATA,"[1,1]","[0,254]",,1,1722.081586,1722.081765,0.000179,0.005003,0.002112,0.002112,0.000600,3
SENSOR_DATA,"[33,1]","[0,254]",,1,1722.598748,1722.599067,0.000319,0.005543,0.002112,0.002112,0.001000,5
SENSOR_DATA,"[12,1]","[0,254]",,1,1722.787308,1722.787542,0.000234,0.005258,0.002112,0.002112,0.000800,4
SENSOR_DATA,"[0,2]","[0,254]",,1,1724.741474,1724.741564,0.000090,0.004714,0.002112,0.002112,0.000400,2
SENSOR_DATA,"[12,3]","[0,254]",,1,1726.965071,1726.965310,0.000239,0.005263,0.002112,0.002112,0.000800,4
SENSOR_DATA,"[0,1]","[0,254]",,1,1726.999538,1726.999617,0.000079,0.004703,0.002112,0.002112,0.000400,2
SENSOR_DATA,"[0,3]","[0,254]",,1,1727.907825,1727.907891,0.000066,0.004690,0.002112,0.002112,0.000400,2
SENSOR_DATA,"[12,4]","[0,254]",,1,1727.907773,1727.907899,0.000125,0.004949,0.002112,0.002112,0.000600,3
SENSOR_DATA,"[3,1]","[0,254]",,1,1728.527649,1728.527781,0.000132,0.004956,0.002112,0.002112,0.000600,3
SENSOR_DATA,"[12,2]","[0,254]",,1,1728.607701,1728.607863,0.000162,0.004986,0.002112,0.002112,0.000600,3
SENSOR_DATA,"[24,1]","[0,254]",,1,1730.598362,1730.598671,0.000309,0.005533,0.002112,0.002112,0.001000,5
SENSOR_DATA,"[1,1]","[0,254]",,1,1732.081586,1732.081765,0.000179,0.005003,0.002112,0.002112,0.000600,3
SENSOR_DATA,"[33,1]","[0,254]",,1,1732.598748,1732.599067,0.000319,0.005543,0.002112,0.002112,0.001000,5
SENSOR_DATA,"[12,1]","[0,254]",,1,1732.787308,1732.787542,0.000234,0.005258,0.002112,0.002112,0.000800,4
SENSOR_DATA,"[0,2]","[0,254]",,1,1734.741474,1734.741564,0.000090,0.004714,0.002112,0.002112,0.000400,2
SENSOR_DATA,"[12,3]","[0,254]",,1,1736.965071,1736.965310,0.000239,0.005263,0.002112,0.002112,0.000800,4
SENSOR_DATA,"[0,1]","[0,254]",,1,1736.999538,1736.999617,0.000079,0.004703,0.002112,0.002112,0.000400,2
SENSOR_DATA,"[0,3]","[0,254]",,1,1737.907825,1737.907891,0.000066,0.004690,0.002112,0.002112,0.000400,2
SENSOR_DATA,"[12,4]","[0,254]",,1,1737.907773,1737.907899,0.000125,0.004949,0.002112,0.002112,0.000600,3
SENSOR_DATA,"[3,1]","[0,254]",,1,1738.527649,1738.527781,0.000132,0.004956,0.002112,0.002112,0.000600,3
SENSOR_DATA,"[12,2]","[0,254]",,1,1738.607701,1738.607863,0.000162,0.004986,0.002112,0.002112,0.000600,3
SENSOR_DATA,"[24,1]","[0,254]",,1,1740.598362,1740.598671,0.000309,0.005533,0.002112,0.002112,0.001000,5
SENSOR_DATA,"[1,1]","[0,254]",,1,1742.081586,1742.081765,0.000179,0.005003,0.002112,0.002112,0.000600,3
SENSOR_DATA,"[33,1]","[0,254]",,1,1742.598748,1742.599067,0.000319,0.005543,0.002112,0.002112,0.001000,5
SENSOR_DATA,"[12,1]","[0,254]",,1,1742.787308,1742.787542,0.000234,0.005258,0.002112,0.002112,0.000800,4
SENSOR_DATA,"[0,2]","[0,254]",,1,1744.741474,1744.741564,0.000090,0.004714,0.002112,0.002112,0.000400,2
SENSOR_DATA,"[12,3]","[0,254]",,1,1746.965071,1746.965310,0.000239,0.005263,0.002112,0.002112,0.000800,4
SENSOR_DATA,"[0,1]","[0,254]",,1,1746.999538,1746.999617,0.000079,0.004703,0.002112,0.002112,0.000400,2
SENSOR_DATA,"[0,3]","[0,254]",,1,1747.907825,1747.907891,0.000066,0.004690,0.002112,0.002112,0.000400,2
SENSOR_DATA,"[12,4]","[0,254]",,1,1747.907773,1747.907899,0.000125,0.004949,0.002112,0.002112,0.000600,3
SENSOR_DATA,"[3,1]","[0,254]",,1,1748.527649,1748.527781,0.000132,0.004956,0.002112,0.002112,0.000600,3
SENSOR_DATA,"[12,2]","[0,254]",,1,1748.607701,1748.607863,0.000162,0.004986,0.002112,0.002112,0.000600,3
SENSOR_DATA,"[24,1]","[0,254]",,1,1750.598362,1750.598671,0.000309,0.005533,0.002112,0.002112,0.001000,5
SENSOR_DATA,"[1,1]","[0,254]",,1,1752.081586,1752.081765,0.000179,0.005003,0.002112,0.002112,0.000600,3
SENSOR_DATA,"[33,1]","[0,254]",,1,1752.598748,1752.599067,0.000319,0.005543,0.002112,0.002112,0.001000,5
SENSOR_DATA,"[12,1]","[0,254]",,1,1752.787308,1752.787542,0.000234,0.005258,0.002112,0.002112,0.000800,4
SENSOR_DATA,"[0,2]","[0,254]",,1,1754.741474,1754.741564,0.000090,0.004714,0.002112,0.002112,0.000400,2
SENSOR_DATA,"[12,3]","[0,254]",,1,1756.965071,1756.965310,0.000239,0.005263,0.002112,0.002112,0.000800,4
SENSOR_DATA,"[0,1]","[0,254]",,1,1756.999538,1756.999617,0.000079,0.004703,0.002112,0.002112,0.000400,2
SENSOR_DATA,"[0,3]","[0,254]",,1,1757.907825,1757.907891,0.000066,0.004690,0.002112,0.002112,0.000400,2
SENSOR_DATA,"[12,4]","[0,254]",,1,1757.907773,1757.907899,0.000125,0.004949,0.002112,0.002112,0.000600,3
SENSOR_DATA,"[3,1]","[0,254]",,1,1758.527649,1758.527781,0.000132,0.004956,0.002112,0.002112,0.000600,3
SENSOR_DATA,"[12,2]","[0,254]",,1,1758.607701,1758.607863,0.000162,0.004986,0.002112,0.002112,0.000600,3
SENSOR_DATA,"[24,1]","[0,254]",,1,1760.598362,1760.598671,0.000309,0.005533,0.002112,0.002112,0.001000,5
SENSOR_DATA,"[1,1]","[0,254]",,1,1762.081586,1762.081765,0.000179,0.005003,0.002112,0.002112,0.000600,3
SENSOR_DATA,"[33,1]","[0,254]",,1,1762.598748,1762.599067,0.000319,0.005543,0.002112,0.002112,0.001000,5
SENSOR_DATA,"[12,1]","[0,254]",,1,1762.787308,1762.787542,0.000234,0.005258,0.002112,0.002112,0.000800,4
SENSOR_DATA,"[0,2]","[0,254]",,1,1764.741474,1764.741564,0.000090,0.004714,0.002112,0.002112,0.000400,2
SENSOR_DATA,"[12,3]","[0,254]",,1,1766.965071,1766.965310,0.000239,0.005263,0.002112,0.002112,0.000800,4
SENSOR_DATA,"[0,1]","[0,254]",,1,1766.999538,1766.999617,0.000079,0.004703,0.002112,0.002112,0.000400,2
SENSOR_DATA,"[0,3]","[0,254]",,1,1767.907825,1767.907891,0.000066,0.004690,0.002112,0.002112,0.000400,2
SENSOR_DATA,"[12,4]","[0,254]",,1,1767.907773,1767.907899,0.000125,0.004949,0.002112,0.002112,0.000600,3
SENSOR_DATA,"[3,1]","[0,254]",,1,1768.527649,1768.527781,0.000132,0.004956,0.002112,0.002112,0.000600,3
SENSOR_DATA,"[12,2]","[0,254]",,1,1768.607701,1768.607863,0.000162,0.004986,0.002112,0.002112,0.000600,3
SENSOR_DATA,"[24,1]","[0,254]",,1,1770.598362,1770.598671,0.000309,0.005533,0.002112,0.002112,0.001000,5
SENSOR_DATA,"[1,1]","[0,254]",,1,1772.081586,1772.081765,0.000179,0.005003,0.002112,0.002112,0.000600,3
SENSOR_DATA,"[33,1]","[0,254]",,1,1772.598748,1772.599067,0.000319,0.005543,0.002112,0.002112,0.001000,5
SENSOR_DATA,"[12,1]","[0,254]",,1,1772.787308,1772.787542,0.000234,0.005258,0.002112,0.002112,0.000800,4
SENSOR_DATA,"[0,2]","[0,254]",,1,1774.741474,1774.741564,0.000090,0.004714,0.002112,0.002112,0.000400,2
SENSOR_DATA,"[12,3]","[0,254]",,1,1776.965071,1776.965310,0.000239,0.005263,0.002112,0.002112,0.000800,4
SENSOR_DATA,"[0,1]","[0,254]",,1,1776.999538,1776.999617,0.000079,0.004703,0.002112,0.002112,0.000400,2
SENSOR_DATA,"[0,3]","[0,254]",,1,1777.907825,1777.907891,0.000066,0.004690,0.002112,0.002112,0.000400,2
SENSOR_DATA,"[12,4]","[0,254]",,1,1777.907773,1777.907899,0.000125,0.004949,0.002112,0.002112,0.000600,3
SENSOR_DATA,"[3,1]","[0,254]",,1,1778.527649,1778.527781,0.000132,0.004956,0.002112,0.002112,0.000600,3
SENSOR_DATA,"[12,2]","[0,254]",,1,1778.607701,1778.607863,0.000162,0.004986,0.002112,0.002112,0.000600,3
SENSOR_DATA,"[24,1]","[0,254]",,1,1780.598362,1780.598671,0.000309,0.005533,0.002112,0.002112,0.001000,5
SENSOR_DATA,"[1,1]","[0,254]",,1,1782.081586,1782.081765,0.000179,0.005003,0.002112,0.002112,0.000600,3
SENSOR_DATA,"[33,1]","[0,254]",,1,1782.598748,1782.599067,0.000319,0.005543,0.002112,0.002112,0.001000,5
SENSOR_DATA,"[12,1]","[0,254]",,1,1782.787308,1782.787542,0.000234,0.005258,0.002112,0.002112,0.000800,4
SENSOR_DATA,"[0,2]","[0,254]",,1,1784.741474,1784.741564,0.000090,0.004714,0.002112,0.002112,0.000400,2
SENSOR_DATA,"[12,3]","[0,254]",,1,1786.965071,1786.965310,0.000239,0.005263,0.002112,0.002112,0.000800,4
SENSOR_DATA,"[0,1]","[0,254]",,1,1786.999538,1786.999617,0.000079,0.004703,0.002112,0.002112,0.000400,2
SENSOR_DATA,"[0,3]","[0,254]",,1,1787.907825,1787.907891,0.000066,0.004690,0.002112,0.002112,0.000400,2
SENSOR_DATA,"[12,4]","[0,254]",,1,1787.907773,1787.907899,0.000125,0.004949,0.002112,0.002112,0.000600,3
SENSOR_DATA,"[3,1]","[0,254]",,1,1788.527649,1788.527781,0.000132,0.004956,0.002112,0.002112,0.000600,3
SENSOR_DATA,"[12,2]","[0,254]",,1,1788.607701,1788.607863,0.000162,0.004986,0.002112,0.002112,0.000600,3
SENSOR_DATA,"[24,1]","[0,254]",,1,1790.598362,1790.598671,0.000309,0.005533,0.002112,0.002112,0.001000,5
SENSOR_DATA,"[1,1]","[0,254]",,1,1792.081586,1792.081765,0.000179,0.005003,0.002112,0.002112,0.000600,3
SENSOR_DATA,"[33,1]","[0,254]",,1,1792.598748,1792.599067,0.000319,0.005543,0.002112,0.002112,0.001000,5
SENSOR_DATA,"[12,1]","[0,254]",,1,1792.787308,1792.787542,0.000234,0.005258,0.002112,0.002112,0.000800,4
SENSOR_DATA,"[0,2]","[0,254]",,1,1794.741474,1794.741564,0.000090,0.004714,0.002112,0.002112,0.000400,2
SENSOR_DATA,"[12,3]","[0,254]",,1,1796.965071,1796.965310,0.000239,0.005263,0.002112,0.002112,0.000800,4
SENSOR_DATA,"[0,1]","[0,254]",,1,1796.999538,1796.999617,0.000079,0.004703,0.002112,0.002112,0.000400,2
SENSOR_DATA,"[0,3]","[0,254]",,1,1797.907825,1797.907891,0.000066,0.004690,0.002112,0.002112,0.000400,2
SENSOR_DATA,"[12,4]","[0,254]",,1,1797.907773,1797.907899,0.000125,0.004949,0.002112,0.002112,0.000600,3
SENSOR_DATA,"[3,1]","[0,254]",,1,1798.527649,1798.527781,0.000132,0.004956,0.002112,0.002112,0.000600,3
SENSOR_DATA,"[12,2]","[0,254]",,1,1798.607701,1798.607863,0.000162,0.004986,0.002112,0.002112,0.000600,3
SENSOR_DATA,"[24,1]","[0,254]",,1,1800.598362,1800.598671,0.000309,0.005533,0.002112,0.002112,0.001000,5
SENSOR_DATA,"[1,1]","[0,254]",,1,1802.081586,1802.081765,0.000179,0.005003,0.002112,0.002112,0.000600,3
SENSOR_DATA,"[33,1]","[0,254]",,1,1802.598748,1802.599067,0.000319,0.005543,0.002112,0.002112,0.001000,5
SENSOR_DATA,"[12,1]","[0,254]",,1,1802.787308,1802.787542,0.000234,0.005258,0.002112,0.002112,0.000800,4
SENSOR_DATA,"[0,2]","[0,254]",,1,1804.741474,1804.741564,0.000090,0.004714,0.002112,0.002112,0.000400,2
SENSOR_DATA,"[12,3]","[0,254]",,1,1806.965071,1806.965310,0.000239,0.005263,0.002112,0.002112,0.000800,4
SENSOR_DATA,"[0,1]","[0,254]",,1,1806.999538,1806.999617,0.000079,0.004703,0.002112,0.002112,0.000400,2
SENSOR_DATA,"[0,3]","[0,254]",,1,1807.907825,1807.907891,0.000066,0.004690,0.002112,0.002112,0.000400,2
SENSOR_DATA,"[12,4]","[0,254]",,1,1807.907773,1807.907899,0.000125,0.004949,0.002112,0.002112,0.000600,3
SENSOR_DATA,"[3,1]","[0,254]",,1,1808.527649,1808.527781,0.000132,0.004956,0.002112,0.002112,0.000600,3
SENSOR_DATA,"[12,2]","[0,254]",,1,1808.607701,1808.607863,0.000162,0.004986,0.002112,0.002112,0.000600,3
SENSOR_DATA,"[24,1]","[0,254]",,1,1810.598362,1810.598671,0.000309,0.005533,0.002112,0.002112,0.001000,5
SENSOR_DATA,"[1,1]","[0,254]",,1,1812.081586,1812.081765,0.000179,0.005003,0.002112,0.002112,0.000600,3
SENSOR_DATA,"[33,1]","[0,254]",,1,1812.598748,1812.599067,0.000319,0.005543,0.002112,0.002112,0.001000,5
SENSOR_DATA,"[12,1]","[0,254]",,1,1812.787308,1812.787542,0.000234,0.005258,0.002112,0.002112,0.000800,4
SENSOR_DATA,"[0,2]","[0,254]",,1,1814.741474,1814.741564,0.000090,0.004714,0.002112,0.002112,0.000400,2
SENSOR_DATA,"[12,3]","[0,254]",,1,1816.965071,1816.965310,0.000239,0.005263,0.002112,0.002112,0.000800,4
SENSOR_DATA,"[0,1]","[0,254]",,1,1816.999538,1816.999617,0.000079,0.004703,0.002112,0.002112,0.000400,2
SENSOR_DATA,"[0,3]","[0,254]",,1,1817.907825,1817.907891,0.000066,0.004690,0.002112,0.002112,0.000400,2
SENSOR_DATA,"[12,4]","[0,254]",,1,1817.907773,1817.907899,0.000125,0.004949,0.002112,0.002112,0.000600,3
SENSOR_DATA,"[3,1]","[0,254]",,1,1818.527649,1818.527781,0.000132,0.004956,0.002112,0.002112,0.000600,3
SENSOR_DATA,"[12,2]","[0,254]",,1,1818.607701,1818.607863,0.000162,0.004986,0.002112,0.002112,0.000600,3
SENSOR_DATA,"[24,1]","[0,254]",,1,1820.598362,1820.598671,0.000309,0.005533,0.002112,0.002112,0.001000,5
SENSOR_DATA,"[1,1]","[0,254]",,1,1822.081586,1822.081765,0.000179,0.005003,0.002112,0.002112,0.000600,3
SENSOR_DATA,"[33,1]","[0,254]",,1,1822.598748,1822.599067,0.000319,0.005543,0.002112,0.002112,0.001000,5
SENSOR_DATA,"[12,1]","[0,254]",,1,1822.787308,1822.787542,0.000234,0.005258,0.002112,0.002112,0.000800,4
SENSOR_DATA,"[0,2]","[0,254]",,1,1824.741474,1824.741564,0.000090,0.004714,0.002112,0.002112,0.000400,2
SENSOR_DATA,"[12,3]","[0,254]",,1,1826.965071,1826.965310,0.000239,0.005263,0.002112,0.002112,0.000800,4
SENSOR_DATA,"[0,1]","[0,254]",,1,1826.999538,1826.999617,0.000079,0.004703,0.002112,0.002112,0.000400,2
SENSOR_DATA,"[0,3]","[0,254]",,1,1827.907825,1827.907891,0.000066,0.004690,0.002112,0.002112,0.000400,2
SENSOR_DATA,"[12,4]","[0,254]",,1,1827.907773,1827.907899,0.000125,0.004949,0.002112,0.002112,0.000600,3
SENSOR_DATA,"[3,1]","[0,254]",,1,1828.527649,1828.527781,0.000132,0.004956,0.002112,0.002112,0.000600,3
SENSOR_DATA,"[12,2]","[0,254]",,1,1828.607701,1828.607863,0.000162,0.004986,0.002112,0.002112,0.000600,3
SENSOR_DATA,"[24,1]","[0,254]",,1,1830.598362,1830.598671,0.000309,0.005533,0.002112,0.002112,0.001000,5
SENSOR_DATA,"[1,1]","[0,254]",,1,1832.081586,1832.081765,0.000179,0.005003,0.002112,0.002112,0.000600,3
SENSOR_DATA,"[33,1]","[0,254]",,1,1832.598748,1832.599067,0.000319,0.005543,0.002112,0.002112,0.001000,5
SENSOR_DATA,"[12,1]","[0,254]",,1,1832.787308,1832.787542,0.000234,0.005258,0.002112,0.002112,0.000800,4
SENSOR_DATA,"[0,2]","[0,254]",,1,1834.741474,1834.741564,0.000090,0.004714,0.002112,0.002112,0.000400,2
SENSOR_DATA,"[12,3]","[0,254]",,1,1836.965071,1836.965310,0.000239,0.005263,0.002112,0.002112,0.000800,4
SENSOR_DATA,"[0,1]","[0,254]",,1,1836.999538,1836.999617,0.000079,0.004703,0.002112,0.002112,0.000400,2
SENSOR_DATA,"[0,3]","[0,254]",,1,1837.907825,1837.907891,0.000066,0.004690,0.002112,0.002112,0.000400,2
SENSOR_DATA,"[12,4]","[0,254]",,1,1837.907773,1837.907899,0.000125,0.004949,0.002112,0.002112,0.000600,3
SENSOR_DATA,"[3,1]","[0,254]",,1,1838.527649,1838.527781,0.000132,0.004956,0.002112,0.002112,0.000600,3
SENSOR_DATA,"[12,2]","[0,254]",,1,1838.607701,1838.607863,0.000162,0.004986,0.002112,0.002112,0.000600,3
SENSOR_DATA,"[24,1]","[0,254]",,1,1840.598362,1840.598671,0.000309,0.005533,0.002112,0.002112,0.001000,5
SENSOR_DATA,"[1,1]","[0,254]",,1,1842.081586,1842.081765,0.000179,0.005003,0.002112,0.002112,0.000600,3
SENSOR_DATA,"[33,1]","[0,254]",,1,1842.598748,1842.599067,0.000319,0.005543,0.002112,0.002112,0.001000,5
SENSOR_DATA,"[12,1]","[0,254]",,1,1842.787308,1842.787542,0.000234,0.005258,0.002112,0.002112,0.000800,4
SENSOR_DATA,"[0,2]","[0,254]",,1,1844.741474,1844.741564,0.000090,0.004714,0.002112,0.002112,0.000400,2
SENSOR_DATA,"[12,3]","[0,254]",,1,1846.965071,1846.965310,0.000239,0.005263,0.002112,0.002112,0.000800,4
SENSOR_DATA,"[0,1]","[0,254]",,1,1846.999538,1846.999617,0.000079,0.004703,0.002112,0.002112,0.000400,2
SENSOR_DATA,"[0,3]","[0,254]",,1,1847.907825,1847.907891,0.000066,0.004690,0.002112,0.002112,0.000400,2
SENSOR_DATA,"[12,4]","[0,254]",,1,1847.907773,1847.907899,0.000125,0.004949,0.002112,0.002112,0.000600,3
SENSOR_DATA,"[3,1]","[0,254]",,1,1848.527649,1848.527781,0.000132,0.004956,0.002112,0.002112,0.000600,3
SENSOR_DATA,"[12,2]","[0,254]",,1,1848.607701,1848.607863,0.000162,0.004986,0.002112,0.002112,0.000600,3
SENSOR_DATA,"[24,1]","[0,254]",,1,1850.598362,1850.598671,0.000309,0.005533,0.002112,0.002112,0.001000,5
SENSOR_DATA,"[1,1]","[0,254]",,1,1852.081586,1852.081765,0.000179,0.005003,0.002112,0.002112,0.000600,3
SENSOR_DATA,"[33,1]","[0,254]",,1,1852.598748,1852.599067,0.000319,0.005543,0.002112,0.002112,0.001000,5
SENSOR_DATA,"[12,1]","[0,254]",,1,1852.787308,1852.787542,0.000234,0.005258,0.002112,0.002112,0.000800,4
SENSOR_DATA,"[0,2]","[0,254]",,1,1854.741474,1854.741564,0.000090,0.004714,0.002112,0.002112,0.000400,2
SENSOR_DATA,"[12,3]","[0,254]",,1,1856.965071,1856.965310,0.000239,0.005263,0.002112,0.002112,0.000800,4
SENSOR_DATA,"[0,1]","[0,254]",,1,1856.999538,1856.999617,0.000079,0.004703,0.002112,0.002112,0.000400,2
SENSOR_DATA,"[0,3]","[0,254]",,1,1857.907825,1857.907891,0.000066,0.004690,0.002112,0.002112,0.000400,2
SENSOR_DATA,"[12,4]","[0,254]",,1,1857.907773,1857.907899,0.000125,0.004949,0.002112,0.002112,0.000600,3
SENSOR_DATA,"[3,1]","[0,254]",,1,1858.527649,1858.527781,0.000132,0.004956,0.002112,0.002112,0.000600,3
SENSOR_DATA,"[12,2]","[0,254]",,1,1858.607701,1858.607863,0.000162,0.004986,0.002112,0.002112,0.000600,3
SENSOR_DATA,"[24,1]","[0,254]",,1,1860.598362,1860.598671,0.000309,0.005533,0.002112,0.002112,0.001000,5
SENSOR_DATA,"[1,1]","[0,254]",,1,1862.081586,1862.081765,0.000179,0.005003,0.002112,0.002112,0.000600,3
SENSOR_DATA,"[33,1]","[0,254]",,1,1862.598748,1862.599067,0.000319,0.005543,0.002112,0.002112,0.001000,5
SENSOR_DATA,"[12,1]","[0,254]",,1,1862.787308,1862.787542,0.000234,0.005258,0.002112,0.002112,0.000800,4
SENSOR_DATA,"[0,2]","[0,254]",,1,1864.741474,1864.741564,0.000090,0.004714,0.002112,0.002112,0.000400,2
SENSOR_DATA,"[12,3]","[0,254]",,1,1866.965071,1866.965310,0.000239,0.005263,0.002112,0.002112,0.000800,4
SENSOR_DATA,"[0,1]","[0,254]",,1,1866.999538,1866.999617,0.000079,0.004703,0.002112,0.002112,0.000400,2
SENSOR_DATA,"[0,3]","[0,254]",,1,1867.907825,1867.907891,0.000066,0.004690,0.002112,0.002112,0.000400,2
SENSOR_DATA,"[12,4]","[0,254]",,1,1867.907773,1867.907899,0.000125,0.004949,0.002112,0.002112,0.000600,3
SENSOR_DATA,"[3,1]","[0,254]",,1,1868.527649,1868.527781,0.000132,0.004956,0.002112,0.002112,0.000600,3
SENSOR_DATA,"[12,2]","[0,254]",,1,1868.607701,1868.607863,0.000162,0.004986,0.002112,0.002112,0.000600,3
SENSOR_DATA,"[24,1]","[0,254]",,1,1870.598362,1870.598671,0.000309,0.005533,0.002112,0.002112,0.001000,5
SENSOR_DATA,"[1,1]","[0,254]",,1,1872.081586,1872.081765,0.000179,0.005003,0.002112,0.002112,0.000600,3
SENSOR_DATA,"[33,1]","[0,254]",,1,1872.598748,1872.599067,0.000319,0.005543,0.002112,0.002112,0.001000,5
SENSOR_DATA,"[12,1]","[0,254]",,1,1872.787308,1872.787542,0.000234,0.005258,0.002112,0.002112,0.000800,4
SENSOR_DATA,"[0,2]","[0,254]",,1,1874.741474,1874.741564,0.000090,0.004714,0.002112,0.002112,0.000400,2
SENSOR_DATA,"[12,3]","[0,254]",,1,1876.965071,1876.965310,0.000239,0.005263,0.002112,0.002112,0.000800,4
SENSOR_DATA,"[0,1]","[0,254]",,1,1876.999538,1876.999617,0.000079,0.004703,0.002112,0.002112,0.000400,2
SENSOR_DATA,"[0,3]","[0,254]",,1,1877.907825,1877.907891,0.000066,0.004690,0.002112,0.002112,0.000400,2
SENSOR_DATA,"[12,4]","[0,254]",,1,1877.907773,1877.907899,0.000125,0.004949,0.002112,0.002112,0.000600,3
SENSOR_DATA,"[3,1]","[0,254]",,1,1878.527649,1878.527781,0.000132,0.004956,0.002112,0.002112,0.000600,3
SENSOR_DATA,"[12,2]","[0,254]",,1,1878.607701,1878.607863,0.000162,0.004986,0.002112,0.002112,0.000600,3
SENSOR_DATA,"[24,1]","[0,254]",,1,1880.598362,1880.598671,0.000309,0.005533,0.002112,0.002112,0.001000,5
SENSOR_DATA,"[1,1]","[0,254]",,1,1882.081586,1882.081765,0.000179,0.005003,0.002112,0.002112,0.000600,3
SENSOR_DATA,"[33,1]","[0,254]",,1,1882.598748,1882.599067,0.000319,0.005543,0.002112,0.002112,0.001000,5
SENSOR_DATA,"[12,1]","[0,254]",,1,1882.787308,1882.787542,0.000234,0.005258,0.002112,0.002112,0.000800,4
SENSOR_DATA,"[0,2]","[0,254]",,1,1884.741474,1884.741564,0.000090,0.004714,0.002112,0.002112,0.000400,2
SENSOR_DATA,"[12,3]","[0,254]",,1,1886.965071,1886.965310,0.000239,0.005263,0.002112,0.002112,0.000800,4
SENSOR_DATA,"[0,1]","[0,254]",,1,1886.999538,1886.999617,0.000079,0.004703,0.002112,0.002112,0.000400,2
SENSOR_DATA,"[0,3]","[0,254]",,1,1887.907825,1887.907891,0.000066,0.004690,0.002112,0.002112,0.000400,2
SENSOR_DATA,"[12,4]","[0,254]",,1,1887.907773,1887.907899,0.000125,0.004949,0.002112,0.002112,0.000600,3
SENSOR_DATA,"[3,1]","[0,254]",,1,1888.527649,1888.527781,0.000132,0.004956,0.002112,0.002112,0.000600,3
SENSOR_DATA,"[12,2]","[0,254]",,1,1888.607701,1888.607863,0.000162,0.004986,0.002112,0.002112,0.000600,3
SENSOR_DATA,"[24,1]","[0,254]",,1,1890.598362,1890.598671,0.000309,0.005533,0.002112,0.002112,0.001000,5
SENSOR_DATA,"[1,1]","[0,254]",,1,1892.081586,1892.081765,0.000179,0.005003,0.002112,0.002112,0.000600,3
SENSOR_DATA,"[33,1]","[0,254]",,1,1892.598748,1892.599067,0.000319,0.005543,0.002112,0.002112,0.001000,5
SENSOR_DATA,"[12,1]","[0,254]",,1,1892.787308,1892.787542,0.000234,0.005258,0.002112,0.002112,0.000800,4
SENSOR_DATA,"[0,2]","[0,254]",,1,1894.741474,1894.741564,0.000090,0.004714,0.002112,0.002112,0.000400,2
SENSOR_DATA,"[12,3]","[0,254]",,1,1896.965071,1896.965310,0.000239,0.005263,0.002112,0.002112,0.000800,4
SENSOR_DATA,"[0,1]","[0,254]",,1,1896.999538,1896.999617,0.000079,0.004703,0.002112,0.002112,0.000400,2
SENSOR_DATA,"[0,3]","[0,254]",,1,1897.907825,1897.907891,0.000066,0.004690,0.002112,0.002112,0.000400,2
SENSOR_DATA,"[12,4]","[0,254]",,1,1897.907773,1897.907899,0.000125,0.004949,0.002112,0.002112,0.000600,3
SENSOR_DATA,"[3,1]","[0,254]",,1,1898.527649,1898.527781,0.000132,0.004956,0.002112,0.002112,0.000600,3
SENSOR_DATA,"[12,2]","[0,254]",,1,1898.607701,1898.607863,0.000162,0.004986,0.002112,0.002112,0.000600,3
SENSOR_DATA,"[24,1]","[0,254]",,1,1900.598362,1900.598671,0.000309,0.005533,0.002112,0.002112,0.001000,5
SENSOR_DATA,"[1,1]","[0,254]",,1,1902.081586,1902.081765,0.000179,0.005003,0.002112,0.002112,0.000600,3
SENSOR_DATA,"[33,1]","[0,254]",,1,1902.598748,1902.599067,0.000319,0.005543,0.002112,0.002112,0.001000,5
SENSOR_DATA,"[12,1]","[0,254]",,1,1902.787308,1902.787542,0.000234,0.005258,0.002112,0.002112,0.000800,4
SENSOR_DATA,"[0,2]","[0,254]",,1,1904.741474,1904.741564,0.000090,0.004714,0.002112,0.002112,0.000400,2
SENSOR_DATA,"[12,3]","[0,254]",,1,1906.965071,1906.965310,0.000239,0.005263,0.002112,0.002112,0.000800,4
SENSOR_DATA,"[0,1]","[0,254]",,1,1906.999538,1906.999617,0.000079,0.004703,0.002112,0.002112,0.000400,2
SENSOR_DATA,"[0,3]","[0,254]",,1,1907.907825,1907.907891,0.000066,0.004690,0.002112,0.002112,0.000400,2
SENSOR_DATA,"[12,4]","[0,254]",,1,1907.907773,1907.907899,0.000125,0.004949,0.002112,0.002112,0.000600,3
SENSOR_DATA,"[3,1]","[0,254]",,1,1908.527649,1908.527781,0.000132,0.004956,0.002112,0.002112,0.000600,3
SENSOR_DATA,"[12,2]","[0,254]",,1,1908.607701,1908.607863,0.000162,0.004986,0.002112,0.002112,0.000600,3
SENSOR_DATA,"[24,1]","[0,254]",,1,1910.598362,1910.598671,0.000309,0.005533,0.002112,0.002112,0.001000,5
SENSOR_DATA,"[1,1]","[0,254]",,1,1912.081586,1912.081765,0.000179,0.005003,0.002112,0.002112,0.000600,3
SENSOR_DATA,"[33,1]","[0,254]",,1,1912.598748,1912.599067,0.000319,0.005543,0.002112,0.002112,0.001000,5
SENSOR_DATA,"[12,1]","[0,254]",,1,1912.787308,1912.787542,0.000234,0.005258,0.002112,0.002112,0.000800,4
SENSOR_DATA,"[0,2]","[0,254]",,1,1914.741474,1914.741564,0.000090,0.004714,0.002112,0.002112,0.000400,2
SENSOR_DATA,"[12,3]","[0,254]",,1,1916.965071,1916.965310,0.000239,0.005263,0.002112,0.002112,0.000800,4
SENSOR_DATA,"[0,1]","[0,254]",,1,1916.999538,1916.999617,0.000079,0.004703,0.002112,0.002112,0.000400,2
SENSOR_DATA,"[0,3]","[0,254]",,1,1917.907825,1917.907891,0.000066,0.004690,0.002112,0.002112,0.000400,2
SENSOR_DATA,"[12,4]","[0,254]",,1,1917.907773,1917.907899,0.000125,0.004949,0.002112,0.002112,0.000600,3
SENSOR_DATA,"[3,1]","[0,254]",,1,1918.527649,1918.527781,0.000132,0.004956,0.002112,0.002112,0.000600,3
SENSOR_DATA,"[12,2]","[0,254]",,1,1918.607701,1918.607863,0.000162,0.004986,0.002112,0.002112,0.000600,3
SENSOR_DATA,"[24,1]","[0,254]",,1,1920.598362,1920.598671,0.000309,0.005533,0.002112,0.002112,0.001000,5
SENSOR_DATA,"[1,1]","[0,254]",,1,1922.081586,1922.081765,0.000179,0.005003,0.002112,0.002112,0.000600,3
SENSOR_DATA,"[33,1]","[0,254]",,1,1922.598748,1922.599067,0.000319,0.005543,0.002112,0.002112,0.001000,5
SENSOR_DATA,"[12,1]","[0,254]",,1,1922.787308,1922.787542,0.000234,0.005258,0.002112,0.002112,0.000800,4
SENSOR_DATA,"[0,2]","[0,254]",,1,1924.741474,1924.741564,0.000090,0.004714,0.002112,0.002112,0.000400,2
SENSOR_DATA,"[12,3]","[0,254]",,1,1926.965071,1926.965310,0.000239,0.005263,0.002112,0.002112,0.000800,4
SENSOR_DATA,"[0,1]","[0,254]",,1,1926.999538,1926.999617,0.000079,0.004703,0.002112,0.002112,0.000400,2
SENSOR_DATA,"[0,3]","[0,254]",,1,1927.907825,1927.907891,0.000066,0.004690,0.002112,0.002112,0.000400,2
SENSOR_DATA,"[12,4]","[0,254]",,1,1927.907773,1927.907899,0.000125,0.004949,0.002112,0.002112,0.000600,3
SENSOR_DATA,"[3,1]","[0,254]",,1,1928.527649,1928.527781,0.000132,0.004956,0.002112,0.002112,0.000600,3
SENSOR_DATA,"[12,2]","[0,254]",,1,1928.607701,1928.607863,0.000162,0.004986,0.002112,0.002112,0.000600,3
SENSOR_DATA,"[24,1]","[0,254]",,1,1930.598362,1930.598671,0.000309,0.005533,0.002112,0.002112,0.001000,5
SENSOR_DATA,"[1,1]","[0,254]",,1,1932.081586,1932.081765,0.000179,0.005003,0.002112,0.002112,0.000600,3
SENSOR_DATA,"[33,1]","[0,254]",,1,1932.598748,1932.599067,0.000319,0.005543,0.002112,0.002112,0.001000,5
SENSOR_DATA,"[12,1]","[0,254]",,1,1932.787308,1932.787542,0.000234,0.005258,0.002112,0.002112,0.000800,4
SENSOR_DATA,"[0,2]","[0,254]",,1,1934.741474,1934.741564,0.000090,0.004714,0.002112,0.002112,0.000400,2
SENSOR_DATA,"[12,3]","[0,254]",,1,1936.965071,1936.965310,0.000239,0.005263,0.002112,0.002112,0.000800,4
SENSOR_DATA,"[0,1]","[0,254]",,1,1936.999538,1936.999617,0.000079,0.004703,0.002112,0.002112,0.000400,2
SENSOR_DATA,"[0,3]","[0,254]",,1,1937.907825,1937.907891,0.000066,0.004690,0.002112,0.002112,0.000400,2
SENSOR_DATA,"[12,4]","[0,254]",,1,1937.907773,1937.907899,0.000125,0.004949,0.002112,0.002112,0.000600,3
SENSOR_DATA,"[3,1]","[0,254]",,1,1938.527649,1938.527781,0.000132,0.004956,0.002112,0.002112,0.000600,3
SENSOR_DATA,"[12,2]","[0,254]",,1,1938.607701,1938.607863,0.000162,0.004986,0.002112,0.002112,0.000600,3
SENSOR_DATA,"[24,1]","[0,254]",,1,1940.598362,1940.598671,0.000309,0.005533,0.002112,0.002112,0.001000,5
SENSOR_DATA,"[1,1]","[0,254]",,1,1942.081586,1942.081765,0.000179,0.005003,0.002112,0.002112,0.000600,3
SENSOR_DATA,"[33,1]","[0,254]",,1,1942.598748,1942.599067,0.000319,0.005543,0.002112,0.002112,0.001000,5
SENSOR_DATA,"[12,1]","[0,254]",,1,1942.787308,1942.787542,0.000234,0.005258,0.002112,0.002112,0.000800,4
SENSOR_DATA,"[0,2]","[0,254]",,1,1944.741474,1944.741564,0.000090,0.004714,0.002112,0.002112,0.000400,2
SENSOR_DATA,"[12,3]","[0,254]",,1,1946.965071,1946.965310,0.000239,0.005263,0.002112,0.002112,0.000800,4
SENSOR_DATA,"[0,1]","[0,254]",,1,1946.999538,1946.999617,0.000079,0.004703,0.002112,0.002112,0.000400,2
SENSOR_DATA,"[0,3]","[0,254]",,1,1947.907825,1947.907891,0.000066,0.004690,0.002112,0.002112,0.000400,2
SENSOR_DATA,"[12,4]","[0,254]",,1,1947.907773,1947.907899,0.000125,0.004949,0.002112,0.002112,0.000600,3
SENSOR_DATA,"[3,1]","[0,254]",,1,1948.527649,1948.527781,0.000132,0.004956,0.002112,0.002112,0.000600,3
SENSOR_DATA,"[12,2]","[0,254]",,1,1948.607701,1948.607863,0.000162,0.004986,0.002112,0.002112,0.000600,3
SENSOR_DATA,"[24,1]","[0,254]",,1,1950.598362,1950.598671,0.000309,0.005533,0.002112,0.002112,0.001000,5
SENSOR_DATA,"[1,1]","[0,254]",,1,1952.081586,1952.081765,0.000179,0.005003,0.002112,0.002112,0.000600,3
SENSOR_DATA,"[33,1]","[0,254]",,1,1952.598748,1952.599067,0.000319,0.005543,0.002112,0.002112,0.001000,5
SENSOR_DATA,"[12,1]","[0,254]",,1,1952.787308,1952.787542,0.000234,0.005258,0.002112,0.002112,0.000800,4
SENSOR_DATA,"[0,2]","[0,254]",,1,1954.741474,1954.741564,0.000090,0.004714,0.002112,0.002112,0.000400,2
SENSOR_DATA,"[12,3]","[0,254]",,1,1956.965071,1956.965310,0.000239,0.005263,0.002112,0.002112,0.000800,4
SENSOR_DATA,"[0,1]","[0,254]",,1,1956.999538,1956.999617,0.000079,0.004703,0.002112,0.002112,0.000400,2
SENSOR_DATA,"[0,3]","[0,254]",,1,1957.907825,1957.907891,0.000066,0.004690,0.002112,0.002112,0.000400,2
SENSOR_DATA,"[12,4]","[0,254]",,1,1957.907773,1957.907899,0.000125,0.004949,0.002112,0.002112,0.000600,3
SENSOR_DATA,"[3,1]","[0,254]",,1,1958.527649,1958.527781,0.000132,0.004956,0.002112,0.002112,0.000600,3
SENSOR_DATA,"[12,2]","[0,254]",,1,1958.607701,1958.607863,0.000162,0.004986,0.002112,0.002112,0.000600,3
SENSOR_DATA,"[24,1]","[0,254]",,1,1960.598362,1960.598671,0.000309,0.005533,0.002112,0.002112,0.001000,5
SENSOR_DATA,"[1,1]","[0,254]",,1,1962.081586,1962.081765,0.000179,0.005003,0.002112,0.002112,0.000600,3
SENSOR_DATA,"[33,1]","[0,254]",,1,1962.598748,1962.599067,0.000319,0.005543,0.002112,0.002112,0.001000,5
SENSOR_DATA,"[12,1]","[0,254]",,1,1962.787308,1962.787542,0.000234,0.005258,0.002112,0.002112,0.000800,4
SENSOR_DATA,"[0,2]","[0,254]",,1,1964.741474,1964.741564,0.000090,0.004714,0.002112,0.002112,0.000400,2
SENSOR_DATA,"[12,3]","[0,254]",,1,1966.965071,1966.965310,0.000239,0.005263,0.002112,0.002112,0.000800,4
SENSOR_DATA,"[0,1]","[0,254]",,1,1966.999538,1966.999617,0.000079,0.004703,0.002112,0.002112,0.000400,2
SENSOR_DATA,"[0,3]","[0,254]",,1,1967.907825,1967.907891,0.000066,0.004690,0.002112,0.002112,0.000400,2
SENSOR_DATA,"[12,4]","[0,254]",,1,1967.907773,1967.907899,0.000125,0.004949,0.002112,0.002112,0.000600,3
SENSOR_DATA,"[3,1]","[0,254]",,1,1968.527649,1968.527781,0.000132,0.004956,0.002112,0.002112,0.000600,3
SENSOR_DATA,"[12,2]","[0,254]",,1,1968.607701,1968.607863,0.000162,0.004986,0.002112,0.002112,0.000600,3
SENSOR_DATA,"[24,1]","[0,254]",,1,1970.598362,1970.598671,0.000309,0.005533,0.002112,0.002112,0.001000,5
SENSOR_DATA,"[1,1]","[0,254]",,1,1972.081586,1972.081765,0.000179,0.005003,0.002112,0.002112,0.000600,3
SENSOR_DATA,"[33,1]","[0,254]",,1,1972.598748,1972.599067,0.000319,0.005543,0.002112,0.002112,0.001000,5
SENSOR_DATA,"[12,1]","[0,254]",,1,1972.787308,1972.787542,0.000234,0.005258,0.002112,0.002112,0.000800,4
SENSOR_DATA,"[0,2]","[0,254]",,1,1974.741474,1974.741564,0.000090,0.004714,0.002112,0.002112,0.000400,2
SENSOR_DATA,"[12,3]","[0,254]",,1,1976.965071,1976.965310,0.000239,0.005263,0.002112,0.002112,0.000800,4
SENSOR_DATA,"[0,1]","[0,254]",,1,1976.999538,1976.999617,0.000079,0.004703,0.002112,0.002112,0.000400,2
SENSOR_DATA,"[0,3]","[0,254]",,1,1977.907825,1977.907891,0.000066,0.004690,0.002112,0.002112,0.000400,2
SENSOR_DATA,"[12,4]","[0,254]",,1,1977.907773,1977.907899,0.000125,0.004949,0.002112,0.002112,0.000600,3
SENSOR_DATA,"[3,1]","[0,254]",,1,1978.527649,1978.527781,0.000132,0.004956,0.002112,0.002112,0.000600,3
SENSOR_DATA,"[12,2]","[0,254]",,1,1978.607701,1978.607863,0.000162,0.004986,0.002112,0.002112,0.000600,3
SENSOR_DATA,"[24,1]","[0,254]",,1,1980.598362,1980.598671,0.000309,0.005533,0.002112,0.002112,0.001000,5
SENSOR_DATA,"[1,1]","[0,254]",,1,1982.081586,1982.081765,0.000179,0.005003,0.002112,0.002112,0.000600,3
SENSOR_DATA,"[33,1]","[0,254]",,1,1982.598748,1982.599067,0.000319,0.005543,0.002112,0.002112,0.001000,5
SENSOR_DATA,"[12,1]","[0,254]",,1,1982.787308,1982.787542,0.000234,0.005258,0.002112,0.002112,0.000800,4
SENSOR_DATA,"[0,2]","[0,254]",,1,1984.741474,1984.741564,0.000090,0.004714,0.002112,0.002112,0.000400,2
SENSOR_DATA,"[12,3]","[0,254]",,1,1986.965071,1986.965310,0.000239,0.005263,0.002112,0.002112,0.000800,4
SENSOR_DATA,"[0,1]","[0,254]",,1,1986.999538,1986.999617,0.000079,0.004703,0.002112,0.002112,0.000400,2
SENSOR_DATA,"[0,3]","[0,254]",,1,1987.907825,1987.907891,0.000066,0.004690,0.002112,0.002112,0.000400,2
SENSOR_DATA,"[12,4]","[0,254]",,1,1987.907773,1987.907899,0.000125,0.004949,0.002112,0.002112,0.000600,3
SENSOR_DATA,"[3,1]","[0,254]",,1,1988.527649,1988.527781,0.000132,0.004956,0.002112,0.002112,0.000600,3
SENSOR_DATA,"[12,2]","[0,254]",,1,1988.607701,1988.607863,0.000162,0.004986,0.002112,0.002112,0.000600,3
SENSOR_DATA,"[24,1]","[0,254]",,1,1990.598362,1990.598671,0.000309,0.005533,0.002112,0.002112,0.001000,5
SENSOR_DATA,"[1,1]","[0,254]",,1,1992.081586,1992.081765,0.000179,0.005003,0.002112,0.002112,0.000600,3
SENSOR_DATA,"[33,1]","[0,254]",,1,1992.598748,1992.599067,0.000319,0.005543,0.002112,0.002112,0.001000,5
SENSOR_DATA,"[12,1]","[0,254]",,1,1992.787308,1992.787542,0.000234,0.005258,0.002112,0.002112,0.000800,4
SENSOR_DATA,"[0,2]","[0,254]",,1,1994.741474,1994.741564,0.000090,0.004714,0.002112,0.002112,0.000400,2
SENSOR_DATA,"[12,3]","[0,254]",,1,1996.965071,1996.965310,0.000239,0.005263,0.002112,0.002112,0.000800,4
SENSOR_DATA,"[0,1]","[0,254]",,1,1996.999538,1996.999617,0.000079,0.004703,0.002112,0.002112,0.000400,2
SENSOR_DATA,"[0,3]","[0,254]",,1,1997.907825,1997.907891,0.000066,0.004690,0.002112,0.002112,0.000400,2
SENSOR_DATA,"[12,4]","[0,254]",,1,1997.907773,1997.907899,0.000125,0.004949,0.002112,0.002112,0.000600,3
SENSOR_DATA,"[3,1]","[0,254]",,1,1998.527649,1998.527781,0.000132,0.004956,0.002112,0.002112,0.000600,3
SENSOR_DATA,"[12,2]","[0,254]",,1,1998.607701,1998.607863,0.000162,0.004986,0.002112,0.002112,0.000600,3
SENSOR_DATA,"[24,1]","[0,254]",,1,2000.598362,2000.598671,0.000309,0.005533,0.002112,0.002112,0.001000,5
SENSOR_DATA,"[1,1]","[0,254]",,1,2002.081586,2002.081765,0.000179,0.005003,0.002112,0.002112,0.000600,3
SENSOR_DATA,"[33,1]","[0,254]",,1,2002.598748,2002.599067,0.000319,0.005543,0.002112,0.002112,0.001000,5
SENSOR_DATA,"[12,1]","[0,254]",,1,2002.787308,2002.787542,0.000234,0.005258,0.002112,0.002112,0.000800,4
SENSOR_DATA,"[0,2]","[0,254]",,1,2004.741474,2004.741564,0.000090,0.004714,0.002112,0.002112,0.000400,2
SENSOR_DATA,"[12,3]","[0,254]",,1,2006.965071,2006.965310,0.000239,0.005263,0.002112,0.002112,0.000800,4
SENSOR_DATA,"[0,1]","[0,254]",,1,2006.999538,2006.999617,0.000079,0.004703,0.002112,0.002112,0.000400,2
SENSOR_DATA,"[0,3]","[0,254]",,1,2007.907825,2007.907891,0.000066,0.004690,0.002112,0.002112,0.000400,2
SENSOR_DATA,"[12,4]","[0,254]",,1,2007.907773,2007.907899,0.000125,0.004949,0.002112,0.002112,0.000600,3
SENSOR_DATA,"[3,1]","[0,254]",,1,2008.527649,2008.527781,0.000132,0.004956,0.002112,0.002112,0.000600,3
SENSOR_DATA,"[12,2]","[0,254]",,1,2008.607701,2008.607863,0.000162,0.004986,0.002112,0.002112,0.000600,3
SENSOR_DATA,"[24,1]","[0,254]",,1,2010.598362,2010.598671,0.000309,0.005533,0.002112,0.002112,0.001000,5
SENSOR_DATA,"[1,1]","[0,254]",,1,2012.081586,2012.081765,0.000179,0.005003,0.002112,0.002112,0.000600,3
SENSOR_DATA,"[33,1]","[0,254]",,1,2012.598748,2012.599067,0.000319,0.005543,0.002112,0.002112,0.001000,5
SENSOR_DATA,"[12,1]","[0,254]",,1,2012.787308,2012.787542,0.000234,0.005258,0.002112,0.002112,0.000800,4
SENSOR_DATA,"[0,2]","[0,254]",,1,2014.741474,2014.741564,0.000090,0.004714,0.002112,0.002112,0.000400,2
SENSOR_DATA,"[12,3]","[0,254]",,1,2016.965071,2016.965310,0.000239,0.005263,0.002112,0.002112,0.000800,4
SENSOR_DATA,"[0,1]","[0,254]",,1,2016.999538,2016.999617,0.000079,0.004703,0.002112,0.002112,0.000400,2
SENSOR_DATA,"[0,3]","[0,254]",,1,2017.907825,2017.907891,0.000066,0.004690,0.002112,0.002112,0.000400,2
SENSOR_DATA,"[12,4]","[0,254]",,1,2017.907773,2017.907899,0.000125,0.004949,0.002112,0.002112,0.000600,3
SENSOR_DATA,"[3,1]","[0,254]",,1,2018.527649,2018.527781,0.000132,0.004956,0.002112,0.002112,0.000600,3
SENSOR_DATA,"[12,2]","[0,254]",,1,2018.607701,2018.607863,0.000162,0.004986,0.002112,0.002112,0.000600,3
SENSOR_DATA,"[24,1]","[0,254]",,1,2020.598362,2020.598671,0.000309,0.005533,0.002112,0.002112,0.001000,5
SENSOR_DATA,"[1,1]","[0,254]",,1,2022.081586,2022.081765,0.000179,0.005003,0.002112,0.002112,0.000600,3
SENSOR_DATA,"[33,1]","[0,254]",,1,2022.598748,2022.599067,0.000319,0.005543,0.002112,0.002112,0.001000,5
SENSOR_DATA,"[12,1]","[0,254]",,1,2022.787308,2022.787542,0.000234,0.005258,0.002112,0.002112,0.000800,4
SENSOR_DATA,"[0,2]","[0,254]",,1,2024.741474,2024.741564,0.000090,0.004714,0.002112,0.002112,0.000400,2
SENSOR_DATA,"[12,3]","[0,254]",,1,2026.965071,2026.965310,0.000239,0.005263,0.002112,0.002112,0.000800,4
SENSOR_DATA,"[0,1]","[0,254]",,1,2026.999538,2026.999617,0.000079,0.004703,0.002112,0.002112,0.000400,2
SENSOR_DATA,"[0,3]","[0,254]",,1,2027.907825,2027.907891,0.000066,0.004690,0.002112,0.002112,0.000400,2
SENSOR_DATA,"[12,4]","[0,254]",,1,2027.907773,2027.907899,0.000125,0.004949,0.002112,0.002112,0.000600,3
SENSOR_DATA,"[3,1]","[0,254]",,1,2028.527649,2028.527781,0.000132,0.004956,0.002112,0.002112,0.000600,3
SENSOR_DATA,"[12,2]","[0,254]",,1,2028.607701,2028.607863,0.000162,0.004986,0.002112,0.002112,0.000600,3
SENSOR_DATA,"[24,1]","[0,254]",,1,2030.598362,2030.598671,0.000309,0.005533,0.002112,0.002112,0.001000,5
SENSOR_DATA,"[1,1]","[0,254]",,1,2032.081586,2032.081765,0.000179,0.005003,0.002112,0.002112,0.000600,3
SENSOR_DATA,"[33,1]","[0,254]",,1,2032.598748,2032.599067,0.000319,0.005543,0.002112,0.002112,0.001000,5
SENSOR_DATA,"[12,1]","[0,254]",,1,2032.787308,2032.787542,0.000234,0.005258,0.002112,0.002112,0.000800,4
SENSOR_DATA,"[0,2]","[0,254]",,1,2034.741474,2034.741564,0.000090,0.004714,0.002112,0.002112,0.000400,2
SENSOR_DATA,"[12,3]","[0,254]",,1,2036.965071,2036.965310,0.000239,0.005263,0.002112,0.002112,0.000800,4
SENSOR_DATA,"[0,1]","[0,254]",,1,2036.999538,2036.999617,0.000079,0.004703,0.002112,0.002112,0.000400,2
SENSOR_DATA,"[0,3]","[0,254]",,1,2037.907825,2037.907891,0.000066,0.004690,0.002112,0.002112,0.000400,2
SENSOR_DATA,"[12,4]","[0,254]",,1,2037.907773,2037.907899,0.000125,0.004949,0.002112,0.002112,0.000600,3
SENSOR_DATA,"[3,1]","[0,254]",,1,2038.527649,2038.527781,0.000132,0.004956,0.002112,0.002112,0.000600,3
SENSOR_DATA,"[12,2]","[0,254]",,1,2038.607701,2038.607863,0.000162,0.004986,0.002112,0.002112,0.000600,3
SENSOR_DATA,"[24,1]","[0,254]",,1,2040.598362,2040.598671,0.000309,0.005533,0.002112,0.002112,0.001000,5
SENSOR_DATA,"[1,1]","[0,254]",,1,2042.081586,2042.081765,0.000179,0.005003,0.002112,0.002112,0.000600,3
SENSOR_DATA,"[33,1]","[0,254]",,1,2042.598748,2042.599067,0.000319,0.005543,0.002112,0.002112,0.001000,5
SENSOR_DATA,"[12,1]","[0,254]",,1,2042.787308,2042.787542,0.000234,0.005258,0.002112,0.002112,0.000800,4
SENSOR_DATA,"[0,2]","[0,254]",,1,2044.741474,2044.741564,0.000090,0.004714,0.002112,0.002112,0.000400,2
SENSOR_DATA,"[12,3]","[0,254]",,1,2046.965071,2046.965310,0.000239,0.005263,0.002112,0.002112,0.000800,4
SENSOR_DATA,"[0,1]","[0,254]",,1,2046.999538,2046.999617,0.000079,0.004703,0.002112,0.002112,0.000400,2
SENSOR_DATA,"[0,3]","[0,254]",,1,2047.907825,2047.907891,0.000066,0.004690,0.002112,0.002112,0.000400,2
SENSOR_DATA,"[12,4]","[0,254]",,1,2047.907773,2047.907899,0.000125,0.004949,0.002112,0.002112,0.000600,3
SENSOR_DATA,"[3,1]","[0,254]",,1,2048.527649,2048.527781,0.000132,0.004956,0.002112,0.002112,0.000600,3
SENSOR_DATA,"[12,2]","[0,254]",,1,2048.607701,2048.607863,0.000162,0.004986,0.002112,0.002112,0.000600,3
SENSOR_DATA,"[24,1]","[0,254]",,1,2050.598362,2050.598671,0.000309,0.005533,0.002112,0.002112,0.001000,5
SENSOR_DATA,"[1,1]","[0,254]",,1,2052.081586,2052.081765,0.000179,0.005003,0.002112,0.002112,0.000600,3
SENSOR_DATA,"[33,1]","[0,254]",,1,2052.598748,2052.599067,0.000319,0.005543,0.002112,0.002112,0.001000,5
SENSOR_DATA,"[12,1]","[0,254]",,1,2052.787308,2052.787542,0.000234,0.005258,0.002112,0.002112,0.000800,4
SENSOR_DATA,"[0,2]","[0,254]",,1,2054.741474,2054.741564,0.000090,0.004714,0.002112,0.002112,0.000400,2
SENSOR_DATA,"[12,3]","[0,254]",,1,2056.965071,2056.965310,0.000239,0.005263,0.002112,0.002112,0.000800,4
SENSOR_DATA,"[0,1]","[0,254]",,1,2056.999538,2056.999617,0.000079,0.004703,0.002112,0.002112,0.000400,2
SENSOR_DATA,"[0,3]","[0,254]",,1,2057.907825,2057.907891,0.000066,0.004690,0.002112,0.002112,0.000400,2
SENSOR_DATA,"[12,4]","[0,254]",,1,2057.907773,2057.907899,0.000125,0.004949,0.002112,0.002112,0.000600,3
SENSOR_DATA,"[3,1]","[0,254]",,1,2058.527649,2058.527781,0.000132,0.004956,0.002112,0.002112,0.000600,3
SENSOR_DATA,"[12,2]","[0,254]",,1,2058.607701,2058.607863,0.000162,0.004986,0.002112,0.002112,0.000600,3
SENSOR_DATA,"[24,1]","[0,254]",,1,2060.598362,2060.598671,0.000309,0.005533,0.002112,0.002112,0.001000,5
SENSOR_DATA,"[1,1]","[0,254]",,1,2062.081586,2062.081765,0.000179,0.005003,0.002112,0.002112,0.000600,3
SENSOR_DATA,"[33,1]","[0,254]",,1,2062.598748,2062.599067,0.000319,0.005543,0.002112,0.002112,0.001000,5
SENSOR_DATA,"[12,1]","[0,254]",,1,2062.787308,2062.787542,0.000234,0.005258,0.002112,0.002112,0.000800,4
SENSOR_DATA,"[0,2]","[0,254]",,1,2064.741474,2064.741564,0.000090,0.004714,0.002112,0.002112,0.000400,2
SENSOR_DATA,"[12,3]","[0,254]",,1,2066.965071,2066.965310,0.000239,0.005263,0.002112,0.002112,0.000800,4
SENSOR_DATA,"[0,1]","[0,254]",,1,2066.999538,2066.999617,0.000079,0.004703,0.002112,0.002112,0.000400,2
SENSOR_DATA,"[0,3]","[0,254]",,1,2067.907825,2067.907891,0.000066,0.004690,0.002112,0.002112,0.000400,2
SENSOR_DATA,"[12,4]","[0,254]",,1,2067.907773,2067.907899,0.000125,0.004949,0.002112,0.002112,0.000600,3
SENSOR_DATA,"[3,1]","[0,254]",,1,2068.527649,2068.527781,0.000132,0.004956,0.002112,0.002112,0.000600,3
SENSOR_DATA,"[12,2]","[0,254]",,1,2068.607701,2068.607863,0.000162,0.004986,0.002112,0.002112,0.000600,3
SENSOR_DATA,"[24,1]","[0,254]",,1,2070.598362,2070.598671,0.000309,0.005533,0.002112,0.002112,0.001000,5
SENSOR_DATA,"[1,1]","[0,254]",,1,2072.081586,2072.081765,0.000179,0.005003,0.002112,0.002112,0.000600,3
SENSOR_DATA,"[33,1]","[0,254]",,1,2072.598748,2072.599067,0.000319,0.005543,0.002112,0.002112,0.001000,5
SENSOR_DATA,"[12,1]","[0,254]",,1,2072.787308,2072.787542,0.000234,0.005258,0.002112,0.002112,0.000800,4
SENSOR_DATA,"[0,2]","[0,254]",,1,2074.741474,2074.741564,0.000090,0.004714,0.002112,0.002112,0.000400,2
SENSOR_DATA,"[12,3]","[0,254]",,1,2076.965071,2076.965310,0.000239,0.005263,0.002112,0.002112,0.000800,4
SENSOR_DATA,"[0,1]","[0,254]",,1,2076.999538,2076.999617,0.000079,0.004703,0.002112,0.002112,0.000400,2
SENSOR_DATA,"[0,3]","[0,254]",,1,2077.907825,2077.907891,0.000066,0.004690,0.002112,0.002112,0.000400,2
SENSOR_DATA,"[12,4]","[0,254]",,1,2077.907773,2077.907899,0.000125,0.004949,0.002112,0.002112,0.000600,3
SENSOR_DATA,"[3,1]","[0,254]",,1,2078.527649,2078.527781,0.000132,0.004956,0.002112,0.002112,0.000600,3
SENSOR_DATA,"[12,2]","[0,254]",,1,2078.607701,2078.607863,0.000162,0.004986,0.002112,0.002112,0.000600,3
SENSOR_DATA,"[24,1]","[0,254]",,1,2080.598362,2080.598671,0.000309,0.005533,0.002112,0.002112,0.001000,5
SENSOR_DATA,"[1,1]","[0,254]",,1,2082.081586,2082.081765,0.000179,0.005003,0.002112,0.002112,0.000600,3
SENSOR_DATA,"[33,1]","[0,254]",,1,2082.598748,2082.599067,0.000319,0.005543,0.002112,0.002112,0.001000,5
SENSOR_DATA,"[12,1]","[0,254]",,1,2082.787308,2082.787542,0.000234,0.005258,0.002112,0.002112,0.000800,4
SENSOR_DATA,"[0,2]","[0,254]",,1,2084.741474,2084.741564,0.000090,0.004714,0.002112,0.002112,0.000400,2
SENSOR_DATA,"[12,3]","[0,254]",,1,2086.965071,2086.965310,0.000239,0.005263,0.002112,0.002112,0.000800,4
SENSOR_DATA,"[0,1]","[0,254]",,1,2086.999538,2086.999617,0.000079,0.004703,0.002112,0.002112,0.000400,2
SENSOR_DATA,"[0,3]","[0,254]",,1,2087.907825,2087.907891,0.000066,0.004690,0.002112,0.002112,0.000400,2
SENSOR_DATA,"[12,4]","[0,254]",,1,2087.907773,2087.907899,0.000125,0.004949,0.002112,0.002112,0.000600,3
SENSOR_DATA,"[3,1]","[0,254]",,1,2088.527649,2088.527781,0.000132,0.004956,0.002112,0.002112,0.000600,3
SENSOR_DATA,"[12,2]","[0,254]",,1,2088.607701,2088.607863,0.000162,0.004986,0.002112,0.002112,0.000600,3
SENSOR_DATA,"[24,1]","[0,254]",,1,2090.598362,2090.598671,0.000309,0.005533,0.002112,0.002112,0.001000,5
SENSOR_DATA,"[1,1]","[0,254]",,1,2092.081586,2092.081765,0.000179,0.005003,0.002112,0.002112,0.000600,3
SENSOR_DATA,"[33,1]","[0,254]",,1,2092.598748,2092.599067,0.000319,0.005543,0.002112,0.002112,0.001000,5
SENSOR_DATA,"[12,1]","[0,254]",,1,2092.787308,2092.787542,0.000234,0.005258,0.002112,0.002112,0.000800,4
SENSOR_DATA,"[0,2]","[0,254]",,1,2094.741474,2094.741564,0.000090,0.004714,0.002112,0.002112,0.000400,2
SENSOR_DATA,"[12,3]","[0,254]",,1,2096.965071,2096.965310,0.000239,0.005263,0.002112,0.002112,0.000800,4
SENSOR_DATA,"[0,1]","[0,254]",,1,2096.999538,2096.999617,0.000079,0.004703,0.002112,0.002112,0.000400,2
SENSOR_DATA,"[0,3]","[0,254]",,1,2097.907825,2097.907891,0.000066,0.004690,0.002112,0.002112,0.000400,2
SENSOR_DATA,"[12,4]","[0,254]",,1,2097.907773,2097.907899,0.000125,0.004949,0.002112,0.002112,0.000600,3
SENSOR_DATA,"[3,1]","[0,254]",,1,2098.527649,2098.527781,0.000132,0.004956,0.002112,0.002112,0.000600,3
SENSOR_DATA,"[12,2]","[0,254]",,1,2098.607701,2098.607863,0.000162,0.004986,0.002112,0.002112,0.000600,3
SENSOR_DATA,"[24,1]","[0,254]",,1,2100.598362,2100.598671,0.000309,0.005533,0.002112,0.002112,0.001000,5
SENSOR_DATA,"[1,1]","[0,254]",,1,2102.081586,2102.081765,0.000179,0.005003,0.002112,0.002112,0.000600,3
SENSOR_DATA,"[33,1]","[0,254]",,1,2102.598748,2102.599067,0.000319,0.005543,0.002112,0.002112,0.001000,5
SENSOR_DATA,"[12,1]","[0,254]",,1,2102.787308,2102.787542,0.000234,0.005258,0.002112,0.002112,0.000800,4
SENSOR_DATA,"[0,2]","[0,254]",,1,2104.741474,2104.741564,0.000090,0.004714,0.002112,0.002112,0.000400,2
SENSOR_DATA,"[12,3]","[0,254]",,1,2106.965071,2106.965310,0.000239,0.005263,0.002112,0.002112,0.000800,4
SENSOR_DATA,"[0,1]","[0,254]",,1,2106.999538,2106.999617,0.000079,0.004703,0.002112,0.002112,0.000400,2
SENSOR_DATA,"[0,3]","[0,254]",,1,2107.907825,2107.907891,0.000066,0.004690,0.002112,0.002112,0.000400,2
SENSOR_DATA,"[12,4]","[0,254]",,1,2107.907773,2107.907899,0.000125,0.004949,0.002112,0.002112,0.000600,3
SENSOR_DATA,"[3,1]","[0,254]",,1,2108.527649,2108.527781,0.000132,0.004956,0.002112,0.002112,0.000600,3
SENSOR_DATA,"[12,2]","[0,254]",,1,2108.607701,2108.607863,0.000162,0.004986,0.002112,0.002112,0.000600,3
SENSOR_DATA,"[24,1]","[0,254]",,1,2110.598362,2110.598671,0.000309,0.005533,0.002112,0.002112,0.001000,5
SENSOR_DATA,"[1,1]","[0,254]",,1,2112.081586,2112.081765,0.000179,0.005003,0.002112,0.002112,0.000600,3
SENSOR_DATA,"[33,1]","[0,254]",,1,2112.598748,2112.599067,0.000319,0.005543,0.002112,0.002112,0.001000,5
SENSOR_DATA,"[12,1]","[0,254]",,1,2112.787308,2112.787542,0.000234,0.005258,0.002112,0.002112,0.000800,4
SENSOR_DATA,"[0,2]","[0,254]",,1,2114.741474,2114.741564,0.000090,0.004714,0.002112,0.002112,0.000400,2
SENSOR_DATA,"[12,3]","[0,254]",,1,2116.965071,2116.965310,0.000239,0.005263,0.002112,0.002112,0.000800,4
SENSOR_DATA,"[0,1]","[0,254]",,1,2116.999538,2116.999617,0.000079,0.004703,0.002112,0.002112,0.000400,2
SENSOR_DATA,"[0,3]","[0,254]",,1,2117.907825,2117.907891,0.000066,0.004690,0.002112,0.002112,0.000400,2
SENSOR_DATA,"[12,4]","[0,254]",,1,2117.907773,2117.907899,0.000125,0.004949,0.002112,0.002112,0.000600,3
SENSOR_DATA,"[3,1]","[0,254]",,1,2118.527649,2118.527781,0.000132,0.004956,0.002112,0.002112,0.000600,3
SENSOR_DATA,"[12,2]","[0,254]",,1,2118.607701,2118.607863,0.000162,0.004986,0.002112,0.002112,0.000600,3
SENSOR_DATA,"[24,1]","[0,254]",,1,2120.598362,2120.598671,0.000309,0.005533,0.002112,0.002112,0.001000,5
SENSOR_DATA,"[1,1]","[0,254]",,1,2122.081586,2122.081765,0.000179,0.005003,0.002112,0.002112,0.000600,3
SENSOR_DATA,"[33,1]","[0,254]",,1,2122.598748,2122.599067,0.000319,0.005543,0.002112,0.002112,0.001000,5
SENSOR_DATA,"[12,1]","[0,254]",,1,2122.787308,2122.787542,0.000234,0.005258,0.002112,0.002112,0.000800,4
SENSOR_DATA,"[0,2]","[0,254]",,1,2124.741474,2124.741564,0.000090,0.004714,0.002112,0.002112,0.000400,2
SENSOR_DATA,"[12,3]","[0,254]",,1,2126.965071,2126.965310,0.000239,0.005263,0.002112,0.002112,0.000800,4
SENSOR_DATA,"[0,1]","[0,254]",,1,2126.999538,2126.999617,0.000079,0.004703,0.002112,0.002112,0.000400,2
SENSOR_DATA,"[0,3]","[0,254]",,1,2127.907825,2127.907891,0.000066,0.004690,0.002112,0.002112,0.000400,2
SENSOR_DATA,"[12,4]","[0,254]",,1,2127.907773,2127.907899,0.000125,0.004949,0.002112,0.002112,0.000600,3
SENSOR_DATA,"[3,1]","[0,254]",,1,2128.527649,2128.527781,0.000132,0.004956,0.002112,0.002112,0.000600,3
SENSOR_DATA,"[12,2]","[0,254]",,1,2128.607701,2128.607863,0.000162,0.004986,0.002112,0.002112,0.000600,3
SENSOR_DATA,"[24,1]","[0,254]",,1,2130.598362,2130.598671,0.000309,0.005533,0.002112,0.002112,0.001000,5
SENSOR_DATA,"[1,1]","[0,254]",,1,2132.081586,2132.081765,0.000179,0.005003,0.002112,0.002112,0.000600,3
SENSOR_DATA,"[33,1]","[0,254]",,1,2132.598748,2132.599067,0.000319,0.005543,0.002112,0.002112,0.001000,5
SENSOR_DATA,"[12,1]","[0,254]",,1,2132.787308,2132.787542,0.000234,0.005258,0.002112,0.002112,0.000800,4
SENSOR_DATA,"[0,2]","[0,254]",,1,2134.741474,2134.741564,0.000090,0.004714,0.002112,0.002112,0.000400,2
SENSOR_DATA,"[12,3]","[0,254]",,1,2136.965071,2136.965310,0.000239,0.005263,0.002112,0.002112,0.000800,4
SENSOR_DATA,"[0,1]","[0,254]",,1,2136.999538,2136.999617,0.000079,0.004703,0.002112,0.002112,0.000400,2
SENSOR_DATA,"[0,3]","[0,254]",,1,2137.907825,2137.907891,0.000066,0.004690,0.002112,0.002112,0.000400,2
SENSOR_DATA,"[12,4]","[0,254]",,1,2137.907773,2137.907899,0.000125,0.004949,0.002112,0.002112,0.000600,3
SENSOR_DATA,"[3,1]","[0,254]",,1,2138.527649,2138.527781,0.000132,0.004956,0.002112,0.002112,0.000600,3
SENSOR_DATA,"[12,2]","[0,254]",,1,2138.607701,2138.607863,0.000162,0.004986,0.002112,0.002112,0.000600,3
SENSOR_DATA,"[24,1]","[0,254]",,1,2140.598362,2140.598671,0.000309,0.005533,0.002112,0.002112,0.001000,5
SENSOR_DATA,"[1,1]","[0,254]",,1,2142.081586,2142.081765,0.000179,0.005003,0.002112,0.002112,0.000600,3
SENSOR_DATA,"[33,1]","[0,254]",,1,2142.598748,2142.599067,0.000319,0.005543,0.002112,0.002112,0.001000,5
SENSOR_DATA,"[12,1]","[0,254]",,1,2142.787308,2142.787542,0.000234,0.005258,0.002112,0.002112,0.000800,4
SENSOR_DATA,"[0,2]","[0,254]",,1,2144.741474,2144.741564,0.000090,0.004714,0.002112,0.002112,0.000400,2
SENSOR_DATA,"[12,3]","[0,254]",,1,2146.965071,2146.965310,0.000239,0.005263,0.002112,0.002112,0.000800,4
SENSOR_DATA,"[0,1]","[0,254]",,1,2146.999538,2146.999617,0.000079,0.004703,0.002112,0.002112,0.000400,2
SENSOR_DATA,"[0,3]","[0,254]",,1,2147.907825,2147.907891,0.000066,0.004690,0.002112,0.002112,0.000400,2
SENSOR_DATA,"[12,4]","[0,254]",,1,2147.907773,2147.907899,0.000125,0.004949,0.002112,0.002112,0.000600,3
SENSOR_DATA,"[3,1]","[0,254]",,1,2148.527649,2148.527781,0.000132,0.004956,0.002112,0.002112,0.000600,3
SENSOR_DATA,"[12,2]","[0,254]",,1,2148.607701,2148.607863,0.000162,0.004986,0.002112,0.002112,0.000600,3
SENSOR_DATA,"[24,1]","[0,254]",,1,2150.598362,2150.598671,0.000309,0.005533,0.002112,0.002112,0.001000,5
SENSOR_DATA,"[1,1]","[0,254]",,1,2152.081586,2152.081765,0.000179,0.005003,0.002112,0.002112,0.000600,3
SENSOR_DATA,"[33,1]","[0,254]",,1,2152.598748,2152.599067,0.000319,0.005543,0.002112,0.002112,0.001000,5
SENSOR_DATA,"[12,1]","[0,254]",,1,2152.787308,2152.787542,0.000234,0.005258,0.002112,0.002112,0.000800,4
SENSOR_DATA,"[0,2]","[0,254]",,1,2154.741474,2154.741564,0.000090,0.004714,0.002112,0.002112,0.000400,2
SENSOR_DATA,"[12,3]","[0,254]",,1,2156.965071,2156.965310,0.000239,0.005263,0.002112,0.002112,0.000800,4
SENSOR_DATA,"[0,1]","[0,254]",,1,2156.999538,2156.999617,0.000079,0.004703,0.002112,0.002112,0.000400,2
SENSOR_DATA,"[0,3]","[0,254]",,1,2157.907825,2157.907891,0.000066,0.004690,0.002112,0.002112,0.000400,2
SENSOR_DATA,"[12,4]","[0,254]",,1,2157.907773,2157.907899,0.000125,0.004949,0.002112,0.002112,0.000600,3
SENSOR_DATA,"[3,1]","[0,254]",,1,2158.527649,2158.527781,0.000132,0.004956,0.002112,0.002112,0.000600,3
SENSOR_DATA,"[12,2]","[0,254]",,1,2158.607701,2158.607863,0.000162,0.004986,0.002112,0.002112,0.000600,3
SENSOR_DATA,"[24,1]","[0,254]",,1,2160.598362,2160.598671,0.000309,0.005533,0.002112,0.002112,0.001000,5
SENSOR_DATA,"[1,1]","[0,254]",,1,2162.081586,2162.081765,0.000179,0.005003,0.002112,0.002112,0.000600,3
SENSOR_DATA,"[33,1]","[0,254]",,1,2162.598748,2162.599067,0.000319,0.005543,0.002112,0.002112,0.001000,5
SENSOR_DATA,"[12,1]","[0,254]",,1,2162.787308,2162.787542,0.000234,0.005258,0.002112,0.002112,0.000800,4
SENSOR_DATA,"[0,2]","[0,254]",,1,2164.741474,2164.741564,0.000090,0.004714,0.002112,0.002112,0.000400,2
SENSOR_DATA,"[12,3]","[0,254]",,1,2166.965071,2166.965310,0.000239,0.005263,0.002112,0.002112,0.000800,4
SENSOR_DATA,"[0,1]","[0,254]",,1,2166.999538,2166.999617,0.000079,0.004703,0.002112,0.002112,0.000400,2
SENSOR_DATA,"[0,3]","[0,254]",,1,2167.907825,2167.907891,0.000066,0.004690,0.002112,0.002112,0.000400,2
SENSOR_DATA,"[12,4]","[0,254]",,1,2167.907773,2167.907899,0.000125,0.004949,0.002112,0.002112,0.000600,3
SENSOR_DATA,"[3,1]","[0,254]",,1,2168.527649,2168.527781,0.000132,0.004956,0.002112,0.002112,0.000600,3
SENSOR_DATA,"[12,2]","[0,254]",,1,2168.607701,2168.607863,0.000162,0.004986,0.002112,0.002112,0.000600,3
SENSOR_DATA,"[24,1]","[0,254]",,1,2170.598362,2170.598671,0.000309,0.005533,0.002112,0.002112,0.001000,5
SENSOR_DATA,"[1,1]","[0,254]",,1,2172.081586,2172.081765,0.000179,0.005003,0.002112,0.002112,0.000600,3
SENSOR_DATA,"[33,1]","[0,254]",,1,2172.598748,2172.599067,0.000319,0.005543,0.002112,0.002112,0.001000,5
SENSOR_DATA,"[12,1]","[0,254]",,1,2172.787308,2172.787542,0.000234,0.005258,0.002112,0.002112,0.000800,4
SENSOR_DATA,"[0,2]","[0,254]",,1,2174.741474,2174.741564,0.000090,0.004714,0.002112,0.002112,0.000400,2
SENSOR_DATA,"[12,3]","[0,254]",,1,2176.965071,2176.965310,0.000239,0.005263,0.002112,0.002112,0.000800,4
SENSOR_DATA,"[0,1]","[0,254]",,1,2176.999538,2176.999617,0.000079,0.004703,0.002112,0.002112,0.000400,2
SENSOR_DATA,"[0,3]","[0,254]",,1,2177.907825,2177.907891,0.000066,0.004690,0.002112,0.002112,0.000400,2
SENSOR_DATA,"[12,4]","[0,254]",,1,2177.907773,2177.907899,0.000125,0.004949,0.002112,0.002112,0.000600,3
SENSOR_DATA,"[3,1]","[0,254]",,1,2178.527649,2178.527781,0.000132,0.004956,0.002112,0.002112,0.000600,3
SENSOR_DATA,"[12,2]","[0,254]",,1,2178.607701,2178.607863,0.000162,0.004986,0.002112,0.002112,0.000600,3
SENSOR_DATA,"[24,1]","[0,254]",,1,2180.598362,2180.598671,0.000309,0.005533,0.002112,0.002112,0.001000,5
SENSOR_DATA,"[1,1]","[0,254]",,1,2182.081586,2182.081765,0.000179,0.005003,0.002112,0.002112,0.000600,3
SENSOR_DATA,"[33,1]","[0,254]",,1,2182.598748,2182.599067,0.000319,0.005543,0.002112,0.002112,0.001000,5
SENSOR_DATA,"[12,1]","[0,254]",,1,2182.787308,2182.787542,0.000234,0.005258,0.002112,0.002112,0.000800,4
SENSOR_DATA,"[0,2]","[0,254]",,1,2184.741474,2184.741564,0.000090,0.004714,0.002112,0.002112,0.000400,2
SENSOR_DATA,"[12,3]","[0,254]",,1,2186.965071,2186.965310,0.000239,0.005263,0.002112,0.002112,0.000800,4
SENSOR_DATA,"[0,1]","[0,254]",,1,2186.999538,2186.999617,0.000079,0.004703,0.002112,0.002112,0.000400,2
SENSOR_DATA,"[0,3]","[0,254]",,1,2187.907825,2187.907891,0.000066,0.004690,0.002112,0.002112,0.000400,2
SENSOR_DATA,"[12,4]","[0,254]",,1,2187.907773,2187.907899,0.000125,0.004949,0.002112,0.002112,0.000600,3
SENSOR_DATA,"[3,1]","[0,254]",,1,2188.527649,2188.527781,0.000132,0.004956,0.002112,0.002112,0.000600,3
SENSOR_DATA,"[12,2]","[0,254]",,1,2188.607701,2188.607863,0.000162,0.004986,0.002112,0.002112,0.000600,3
SENSOR_DATA,"[24,1]","[0,254]",,1,2190.598362,2190.598671,0.000309,0.005533,0.002112,0.002112,0.001000,5
SENSOR_DATA,"[1,1]","[0,254]",,1,2192.081586,2192.081765,0.000179,0.005003,0.002112,0.002112,0.000600,3
SENSOR_DATA,"[33,1]","[0,254]",,1,2192.598748,2192.599067,0.000319,0.005543,0.002112,0.002112,0.001000,5
SENSOR_DATA,"[12,1]","[0,254]",,1,2192.787308,2192.787542,0.000234,0.005258,0.002112,0.002112,0.000800,4
SENSOR_DATA,"[0,2]","[0,254]",,1,2194.741474,2194.741564,0.000090,0.004714,0.002112,0.002112,0.000400,2
SENSOR_DATA,"[12,3]","[0,254]",,1,2196.965071,2196.965310,0.000239,0.005263,0.002112,0.002112,0.000800,4
SENSOR_DATA,"[0,1]","[0,254]",,1,2196.999538,2196.999617,0.000079,0.004703,0.002112,0.002112,0.000400,2
SENSOR_DATA,"[0,3]","[0,254]",,1,2197.907825,2197.907891,0.000066,0.004690,0.002112,0.002112,0.000400,2
SENSOR_DATA,"[12,4]","[0,254]",,1,2197.907773,2197.907899,0.000125,0.004949,0.002112,0.002112,0.000600,3
SENSOR_DATA,"[3,1]","[0,254]",,1,2198.527649,2198.527781,0.000132,0.004956,0.002112,0.002112,0.000600,3
SENSOR_DATA,"[12,2]","[0,254]",,1,2198.607701,2198.607863,0.000162,0.004986,0.002112,0.002112,0.000600,3
SENSOR_DATA,"[24,1]","[0,254]",,1,2200.598362,2200.598671,0.000309,0.005533,0.002112,0.002112,0.001000,5
SENSOR_DATA,"[1,1]","[0,254]",,1,2202.081586,2202.081765,0.000179,0.005003,0.002112,0.002112,0.000600,3
SENSOR_DATA,"[33,1]","[0,254]",,1,2202.598748,2202.599067,0.000319,0.005543,0.002112,0.002112,0.001000,5
SENSOR_DATA,"[12,1]","[0,254]",,1,2202.787308,2202.787542,0.000234,0.005258,0.002112,0.002112,0.000800,4
SENSOR_DATA,"[0,2]","[0,254]",,1,2204.741474,2204.741564,0.000090,0.004714,0.002112,0.002112,0.000400,2
SENSOR_DATA,"[12,3]","[0,254]",,1,2206.965071,2206.965310,0.000239,0.005263,0.002112,0.002112,0.000800,4
SENSOR_DATA,"[0,1]","[0,254]",,1,2206.999538,2206.999617,0.000079,0.004703,0.002112,0.002112,0.000400,2
SENSOR_DATA,"[0,3]","[0,254]",,1,2207.907825,2207.907891,0.000066,0.004690,0.002112,0.002112,0.000400,2
SENSOR_DATA,"[12,4]","[0,254]",,1,2207.907773,2207.907899,0.000125,0.004949,0.002112,0.002112,0.000600,3
SENSOR_DATA,"[3,1]","[0,254]",,1,2208.527649,2208.527781,0.000132,0.004956,0.002112,0.002112,0.000600,3
SENSOR_DATA,"[12,2]","[0,254]",,1,2208.607701,2208.607863,0.000162,0.004986,0.002112,0.002112,0.000600,3
SENSOR_DATA,"[24,1]","[0,254]",,1,2210.598362,2210.598671,0.000309,0.005533,0.002112,0.002112,0.001000,5
SENSOR_DATA,"[1,1]","[0,254]",,1,2212.081586,2212.081765,0.000179,0.005003,0.002112,0.002112,0.000600,3
SENSOR_DATA,"[33,1]","[0,254]",,1,2212.598748,2212.599067,0.000319,0.005543,0.002112,0.002112,0.001000,5
SENSOR_DATA,"[12,1]","[0,254]",,1,2212.787308,2212.787542,0.000234,0.005258,0.002112,0.002112,0.000800,4
SENSOR_DATA,"[0,2]","[0,254]",,1,2214.741474,2214.741564,0.000090,0.004714,0.002112,0.002112,0.000400,2
SENSOR_DATA,"[12,3]","[0,254]",,1,2216.965071,2216.965310,0.000239,0.005263,0.002112,0.002112,0.000800,4
SENSOR_DATA,"[0,1]","[0,254]",,1,2216.999538,2216.999617,0.000079,0.004703,0.002112,0.002112,0.000400,2
SENSOR_DATA,"[0,3]","[0,254]",,1,2217.907825,2217.907891,0.000066,0.004690,0.002112,0.002112,0.000400,2
SENSOR_DATA,"[12,4]","[0,254]",,1,2217.907773,2217.907899,0.000125,0.004949,0.002112,0.002112,0.000600,3
SENSOR_DATA,"[3,1]","[0,254]",,1,2218.527649,2218.527781,0.000132,0.004956,0.002112,0.002112,0.000600,3
SENSOR_DATA,"[12,2]","[0,254]",,1,2218.607701,2218.607863,0.000162,0.004986,0.002112,0.002112,0.000600,3
SENSOR_DATA,"[24,1]","[0,254]",,1,2220.598362,2220.598671,0.000309,0.005533,0.002112,0.002112,0.001000,5
SENSOR_DATA,"[1,1]","[0,254]",,1,2222.081586,2222.081765,0.000179,0.005003,0.002112,0.002112,0.000600,3
SENSOR_DATA,"[33,1]","[0,254]",,1,2222.598748,2222.599067,0.000319,0.005543,0.002112,0.002112,0.001000,5
SENSOR_DATA,"[12,1]","[0,254]",,1,2222.787308,2222.787542,0.000234,0.005258,0.002112,0.002112,0.000800,4
SENSOR_DATA,"[0,2]","[0,254]",,1,2224.741474,2224.741564,0.000090,0.004714,0.002112,0.002112,0.000400,2
SENSOR_DATA,"[12,3]","[0,254]",,1,2226.965071,2226.965310,0.000239,0.005263,0.002112,0.002112,0.000800,4
SENSOR_DATA,"[0,1]","[0,254]",,1,2226.999538,2226.999617,0.000079,0.004703,0.002112,0.002112,0.000400,2
SENSOR_DATA,"[0,3]","[0,254]",,1,2227.907825,2227.907891,0.000066,0.004690,0.002112,0.002112,0.000400,2
SENSOR_DATA,"[12,4]","[0,254]",,1,2227.907773,2227.907899,0.000125,0.004949,0.002112,0.002112,0.000600,3
SENSOR_DATA,"[3,1]","[0,254]",,1,2228.527649,2228.527781,0.000132,0.004956,0.002112,0.002112,0.000600,3
SENSOR_DATA,"[12,2]","[0,254]",,1,2228.607701,2228.607863,0.000162,0.004986,0.002112,0.002112,0.000600,3
SENSOR_DATA,"[24,1]","[0,254]",,1,2230.598362,2230.598671,0.000309,0.005533,0.002112,0.002112,0.001000,5
SENSOR_DATA,"[1,1]","[0,254]",,1,2232.081586,2232.081765,0.000179,0.005003,0.002112,0.002112,0.000600,3
SENSOR_DATA,"[33,1]","[0,254]",,1,2232.598748,2232.599067,0.000319,0.005543,0.002112,0.002112,0.001000,5
SENSOR_DATA,"[12,1]","[0,254]",,1,2232.787308,2232.787542,0.000234,0.005258,0.002112,0.002112,0.000800,4
SENSOR_DATA,"[0,2]","[0,254]",,1,2234.741474,2234.741564,0.000090,0.004714,0.002112,0.002112,0.000400,2
SENSOR_DATA,"[12,3]","[0,254]",,1,2236.965071,2236.965310,0.000239,0.005263,0.002112,0.002112,0.000800,4
SENSOR_DATA,"[0,1]","[0,254]",,1,2236.999538,2236.999617,0.000079,0.004703,0.002112,0.002112,0.000400,2
SENSOR_DATA,"[0,3]","[0,254]",,1,2237.907825,2237.907891,0.000066,0.004690,0.002112,0.002112,0.000400,2
SENSOR_DATA,"[12,4]","[0,254]",,1,2237.907773,2237.907899,0.000125,0.004949,0.002112,0.002112,0.000600,3
SENSOR_DATA,"[3,1]","[0,254]",,1,2238.527649,2238.527781,0.000132,0.004956,0.002112,0.002112,0.000600,3
SENSOR_DATA,"[12,2]","[0,254]",,1,2238.607701,2238.607863,0.000162,0.004986,0.002112,0.002112,0.000600,3
SENSOR_DATA,"[24,1]","[0,254]",,1,2240.598362,2240.598671,0.000309,0.005533,0.002112,0.002112,0.001000,5
SENSOR_DATA,"[1,1]","[0,254]",,1,2242.081586,2242.081765,0.000179,0.005003,0.002112,0.002112,0.000600,3
SENSOR_DATA,"[33,1]","[0,254]",,1,2242.598748,2242.599067,0.000319,0.005543,0.002112,0.002112,0.001000,5
SENSOR_DATA,"[12,1]","[0,254]",,1,2242.787308,2242.787542,0.000234,0.005258,0.002112,0.002112,0.000800,4
SENSOR_DATA,"[0,2]","[0,254]",,1,2244.741474,2244.741564,0.000090,0.004714,0.002112,0.002112,0.000400,2
SENSOR_DATA,"[12,3]","[0,254]",,1,2246.965071,2246.965310,0.000239,0.005263,0.002112,0.002112,0.000800,4
SENSOR_DATA,"[0,1]","[0,254]",,1,2246.999538,2246.999617,0.000079,0.004703,0.002112,0.002112,0.000400,2
SENSOR_DATA,"[0,3]","[0,254]",,1,2247.907825,2247.907891,0.000066,0.004690,0.002112,0.002112,0.000400,2
SENSOR_DATA,"[12,4]","[0,254]",,1,2247.907773,2247.907899,0.000125,0.004949,0.002112,0.002112,0.000600,3
SENSOR_DATA,"[3,1]","[0,254]",,1,2248.527649,2248.527781,0.000132,0.004956,0.002112,0.002112,0.000600,3
SENSOR_DATA,"[12,2]","[0,254]",,1,2248.607701,2248.607863,0.000162,0.004986,0.002112,0.002112,0.000600,3
SENSOR_DATA,"[24,1]","[0,254]",,1,2250.598362,2250.598671,0.000309,0.005533,0.002112,0.002112,0.001000,5
SENSOR_DATA,"[1,1]","[0,254]",,1,2252.081586,2252.081765,0.000179,0.005003,0.002112,0.002112,0.000600,3
SENSOR_DATA,"[33,1]","[0,254]",,1,2252.598748,2252.599067,0.000319,0.005543,0.002112,0.002112,0.001000,5
SENSOR_DATA,"[12,1]","[0,254]",,1,2252.787308,2252.787542,0.000234,0.005258,0.002112,0.002112,0.000800,4
SENSOR_DATA,"[0,2]","[0,254]",,1,2254.741474,2254.741564,0.000090,0.004714,0.002112,0.002112,0.000400,2
SENSOR_DATA,"[12,3]","[0,254]",,1,2256.965071,2256.965310,0.000239,0.005263,0.002112,0.002112,0.000800,4
SENSOR_DATA,"[0,1]","[0,254]",,1,2256.999538,2256.999617,0.000079,0.004703,0.002112,0.002112,0.000400,2
SENSOR_DATA,"[0,3]","[0,254]",,1,2257.907825,2257.907891,0.000066,0.004690,0.002112,0.002112,0.000400,2
SENSOR_DATA,"[12,4]","[0,254]",,1,2257.907773,2257.907899,0.000125,0.004949,0.002112,0.002112,0.000600,3
SENSOR_DATA,"[3,1]","[0,254]",,1,2258.527649,2258.527781,0.000132,0.004956,0.002112,0.002112,0.000600,3
SENSOR_DATA,"[12,2]","[0,254]",,1,2258.607701,2258.607863,0.000162,0.004986,0.002112,0.002112,0.000600,3
SENSOR_DATA,"[24,1]","[0,254]",,1,2260.598362,2260.598671,0.000309,0.005533,0.002112,0.002112,0.001000,5
SENSOR_DATA,"[1,1]","[0,254]",,1,2262.081586,2262.081765,0.000179,0.005003,0.002112,0.002112,0.000600,3
SENSOR_DATA,"[33,1]","[0,254]",,1,2262.598748,2262.599067,0.000319,0.005543,0.002112,0.002112,0.001000,5
SENSOR_DATA,"[12,1]","[0,254]",,1,2262.787308,2262.787542,0.000234,0.005258,0.002112,0.002112,0.000800,4
SENSOR_DATA,"[0,2]","[0,254]",,1,2264.741474,2264.741564,0.000090,0.004714,0.002112,0.002112,0.000400,2
SENSOR_DATA,"[12,3]","[0,254]",,1,2266.965071,2266.965310,0.000239,0.005263,0.002112,0.002112,0.000800,4
SENSOR_DATA,"[0,1]","[0,254]",,1,2266.999538,2266.999617,0.000079,0.004703,0.002112,0.002112,0.000400,2
SENSOR_DATA,"[0,3]","[0,254]",,1,2267.907825,2267.907891,0.000066,0.004690,0.002112,0.002112,0.000400,2
SENSOR_DATA,"[12,4]","[0,254]",,1,2267.907773,2267.907899,0.000125,0.004949,0.002112,0.002112,0.000600,3
SENSOR_DATA,"[3,1]","[0,254]",,1,2268.527649,2268.527781,0.000132,0.004956,0.002112,0.002112,0.000600,3
SENSOR_DATA,"[12,2]","[0,254]",,1,2268.607701,2268.607863,0.000162,0.004986,0.002112,0.002112,0.000600,3
SENSOR_DATA,"[24,1]","[0,254]",,1,2270.598362,2270.598671,0.000309,0.005533,0.002112,0.002112,0.001000,5
SENSOR_DATA,"[1,1]","[0,254]",,1,2272.081586,2272.081765,0.000179,0.005003,0.002112,0.002112,0.000600,3
SENSOR_DATA,"[33,1]","[0,254]",,1,2272.598748,2272.599067,0.000319,0.005543,0.002112,0.002112,0.001000,5
SENSOR_DATA,"[12,1]","[0,254]",,1,2272.787308,2272.787542,0.000234,0.005258,0.002112,0.002112,0.000800,4
SENSOR_DATA,"[0,2]","[0,254]",,1,2274.741474,2274.741564,0.000090,0.004714,0.002112,0.002112,0.000400,2
SENSOR_DATA,"[12,3]","[0,254]",,1,2276.965071,2276.965310,0.000239,0.005263,0.002112,0.002112,0.000800,4
SENSOR_DATA,"[0,1]","[0,254]",,1,2276.999538,2276.999617,0.000079,0.004703,0.002112,0.002112,0.000400,2
SENSOR_DATA,"[0,3]","[0,254]",,1,2277.907825,2277.907891,0.000066,0.004690,0.002112,0.002112,0.000400,2
SENSOR_DATA,"[12,4]","[0,254]",,1,2277.907773,2277.907899,0.000125,0.004949,0.002112,0.002112,0.000600,3
SENSOR_DATA,"[3,1]","[0,254]",,1,2278.527649,2278.527781,0.000132,0.004956,0.002112,0.002112,0.000600,3
SENSOR_DATA,"[12,2]","[0,254]",,1,2278.607701,2278.607863,0.000162,0.004986,0.002112,0.002112,0.000600,3
SENSOR_DATA,"[24,1]","[0,254]",,1,2280.598362,2280.598671,0.000309,0.005533,0.002112,0.002112,0.001000,5
SENSOR_DATA,"[1,1]","[0,254]",,1,2282.081586,2282.081765,0.000179,0.005003,0.002112,0.002112,0.000600,3
SENSOR_DATA,"[33,1]","[0,254]",,1,2282.598748,2282.599067,0.000319,0.005543,0.002112,0.002112,0.001000,5
SENSOR_DATA,"[12,1]","[0,254]",,1,2282.787308,2282.787542,0.000234,0.005258,0.002112,0.002112,0.000800,4
SENSOR_DATA,"[0,2]","[0,254]",,1,2284.741474,2284.741564,0.000090,0.004714,0.002112,0.002112,0.000400,2
SENSOR_DATA,"[12,3]","[0,254]",,1,2286.965071,2286.965310,0.000239,0.005263,0.002112,0.002112,0.000800,4
SENSOR_DATA,"[0,1]","[0,254]",,1,2286.999538,2286.999617,0.000079,0.004703,0.002112,0.002112,0.000400,2
SENSOR_DATA,"[0,3]","[0,254]",,1,2287.907825,2287.907891,0.000066,0.004690,0.002112,0.002112,0.000400,2
SENSOR_DATA,"[12,4]","[0,254]",,1,2287.907773,2287.907899,0.000125,0.004949,0.002112,0.002112,0.000600,3
SENSOR_DATA,"[3,1]","[0,254]",,1,2288.527649,2288.527781,0.000132,0.004956,0.002112,0.002112,0.000600,3
SENSOR_DATA,"[12,2]","[0,254]",,1,2288.607701,2288.607863,0.000162,0.004986,0.002112,0.002112,0.000600,3
SENSOR_DATA,"[24,1]","[0,254]",,1,2290.598362,2290.598671,0.000309,0.005533,0.002112,0.002112,0.001000,5
SENSOR_DATA,"[1,1]","[0,254]",,1,2292.081586,2292.081765,0.000179,0.005003,0.002112,0.002112,0.000600,3
SENSOR_DATA,"[33,1]","[0,254]",,1,2292.598748,2292.599067,0.000319,0.005543,0.002112,0.002112,0.001000,5
SENSOR_DATA,"[12,1]","[0,254]",,1,2292.787308,2292.787542,0.000234,0.005258,0.002112,0.002112,0.000800,4
SENSOR_DATA,"[0,2]","[0,254]",,1,2294.741474,2294.741564,0.000090,0.004714,0.002112,0.002112,0.000400,2
SENSOR_DATA,"[12,3]","[0,254]",,1,2296.965071,2296.965310,0.000239,0.005263,0.002112,0.002112,0.000800,4
SENSOR_DATA,"[0,1]","[0,254]",,1,2296.999538,2296.999617,0.000079,0.004703,0.002112,0.002112,0.000400,2
SENSOR_DATA,"[0,3]","[0,254]",,1,2297.907825,2297.907891,0.000066,0.004690,0.002112,0.002112,0.000400,2
SENSOR_DATA,"[12,4]","[0,254]",,1,2297.907773,2297.907899,0.000125,0.004949,0.002112,0.002112,0.000600,3
SENSOR_DATA,"[3,1]","[0,254]",,1,2298.527649,2298.527781,0.000132,0.004956,0.002112,0.002112,0.000600,3
SENSOR_DATA,"[12,2]","[0,254]",,1,2298.607701,2298.607863,0.000162,0.004986,0.002112,0.002112,0.000600,3
SENSOR_DATA,"[24,1]","[0,254]",,1,2300.598362,2300.598671,0.000309,0.005533,0.002112,0.002112,0.001000,5
SENSOR_DATA,"[1,1]","[0,254]",,1,2302.081586,2302.081765,0.000179,0.005003,0.002112,0.002112,0.000600,3
SENSOR_DATA,"[33,1]","[0,254]",,1,2302.598748,2302.599067,0.000319,0.005543,0.002112,0.002112,0.001000,5
SENSOR_DATA,"[12,1]","[0,254]",,1,2302.787308,2302.787542,0.000234,0.005258,0.002112,0.002112,0.000800,4
SENSOR_DATA,"[0,2]","[0,254]",,1,2304.741474,2304.741564,0.000090,0.004714,0.002112,0.002112,0.000400,2
SENSOR_DATA,"[12,3]","[0,254]",,1,2306.965071,2306.965310,0.000239,0.005263,0.002112,0.002112,0.000800,4
SENSOR_DATA,"[0,1]","[0,254]",,1,2306.999538,2306.999617,0.000079,0.004703,0.002112,0.002112,0.000400,2
SENSOR_DATA,"[0,3]","[0,254]",,1,2307.907825,2307.907891,0.000066,0.004690,0.002112,0.002112,0.000400,2
SENSOR_DATA,"[12,4]","[0,254]",,1,2307.907773,2307.907899,0.000125,0.004949,0.002112,0.002112,0.000600,3
SENSOR_DATA,"[3,1]","[0,254]",,1,2308.527649,2308.527781,0.000132,0.004956,0.002112,0.002112,0.000600,3
SENSOR_DATA,"[12,2]","[0,254]",,1,2308.607701,2308.607863,0.000162,0.004986,0.002112,0.002112,0.000600,3
SENSOR_DATA,"[24,1]","[0,254]",,1,2310.598362,2310.598671,0.000309,0.005533,0.002112,0.002112,0.001000,5
SENSOR_DATA,"[1,1]","[0,254]",,1,2312.081586,2312.081765,0.000179,0.005003,0.002112,0.002112,0.000600,3
SENSOR_DATA,"[33,1]","[0,254]",,1,2312.598748,2312.599067,0.000319,0.005543,0.002112,0.002112,0.001000,5
SENSOR_DATA,"[12,1]","[0,254]",,1,2312.787308,2312.787542,0.000234,0.005258,0.002112,0.002112,0.000800,4
SENSOR_DATA,"[0,2]","[0,254]",,1,2314.741474,2314.741564,0.000090,0.004714,0.002112,0.002112,0.000400,2
SENSOR_DATA,"[12,3]","[0,254]",,1,2316.965071,2316.965310,0.000239,0.005263,0.002112,0.002112,0.000800,4
SENSOR_DATA,"[0,1]","[0,254]",,1,2316.999538,2316.999617,0.000079,0.004703,0.002112,0.002112,0.000400,2
SENSOR_DATA,"[0,3]","[0,254]",,1,2317.907825,2317.907891,0.000066,0.004690,0.002112,0.002112,0.000400,2
SENSOR_DATA,"[12,4]","[0,254]",,1,2317.907773,2317.907899,0.000125,0.004949,0.002112,0.002112,0.000600,3
SENSOR_DATA,"[3,1]","[0,254]",,1,2318.527649,2318.527781,0.000132,0.004956,0.002112,0.002112,0.000600,3
SENSOR_DATA,"[12,2]","[0,254]",,1,2318.607701,2318.607863,0.000162,0.004986,0.002112,0.002112,0.000600,3
SENSOR_DATA,"[24,1]","[0,254]",,1,2320.598362,2320.598671,0.000309,0.005533,0.002112,0.002112,0.001000,5
SENSOR_DATA,"[1,1]","[0,254]",,1,2322.081586,2322.081765,0.000179,0.005003,0.002112,0.002112,0.000600,3
SENSOR_DATA,"[33,1]","[0,254]",,1,2322.598748,2322.599067,0.000319,0.005543,0.002112,0.002112,0.001000,5
SENSOR_DATA,"[12,1]","[0,254]",,1,2322.787308,2322.787542,0.000234,0.005258,0.002112,0.002112,0.000800,4
SENSOR_DATA,"[0,2]","[0,254]",,1,2324.741474,2324.741564,0.000090,0.004714,0.002112,0.002112,0.000400,2
SENSOR_DATA,"[12,3]","[0,254]",,1,2326.965071,2326.965310,0.000239,0.005263,0.002112,0.002112,0.000800,4
SENSOR_DATA,"[0,1]","[0,254]",,1,2326.999538,2326.999617,0.000079,0.004703,0.002112,0.002112,0.000400,2
SENSOR_DATA,"[0,3]","[0,254]",,1,2327.907825,2327.907891,0.000066,0.004690,0.002112,0.002112,0.000400,2
SENSOR_DATA,"[12,4]","[0,254]",,1,2327.907773,2327.907899,0.000125,0.004949,0.002112,0.002112,0.000600,3
SENSOR_DATA,"[3,1]","[0,254]",,1,2328.527649,2328.527781,0.000132,0.004956,0.002112,0.002112,0.000600,3
SENSOR_DATA,"[12,2]","[0,254]",,1,2328.607701,2328.607863,0.000162,0.004986,0.002112,0.002112,0.000600,3
SENSOR_DATA,"[24,1]","[0,254]",,1,2330.598362,2330.598671,0.000309,0.005533,0.002112,0.002112,0.001000,5
SENSOR_DATA,"[1,1]","[0,254]",,1,2332.081586,2332.081765,0.000179,0.005003,0.002112,0.002112,0.000600,3
SENSOR_DATA,"[33,1]","[0,254]",,1,2332.598748,2332.599067,0.000319,0.005543,0.002112,0.002112,0.001000,5
SENSOR_DATA,"[12,1]","[0,254]",,1,2332.787308,2332.787542,0.000234,0.005258,0.002112,0.002112,0.000800,4
SENSOR_DATA,"[0,2]","[0,254]",,1,2334.741474,2334.741564,0.000090,0.004714,0.002112,0.002112,0.000400,2
SENSOR_DATA,"[12,3]","[0,254]",,1,2336.965071,2336.965310,0.000239,0.005263,0.002112,0.002112,0.000800,4
SENSOR_DATA,"[0,1]","[0,254]",,1,2336.999538,2336.999617,0.000079,0.004703,0.002112,0.002112,0.000400,2
SENSOR_DATA,"[0,3]","[0,254]",,1,2337.907825,2337.907891,0.000066,0.004690,0.002112,0.002112,0.000400,2
SENSOR_DATA,"[12,4]","[0,254]",,1,2337.907773,2337.907899,0.000125,0.004949,0.002112,0.002112,0.000600,3
SENSOR_DATA,"[3,1]","[0,254]",,1,2338.527649,2338.527781,0.000132,0.004956,0.002112,0.002112,0.000600,3
SENSOR_DATA,"[12,2]","[0,254]",,1,2338.607701,2338.607863,0.000162,0.004986,0.002112,0.002112,0.000600,3
SENSOR_DATA,"[24,1]","[0,254]",,1,2340.598362,2340.598671,0.000309,0.005533,0.002112,0.002112,0.001000,5
SENSOR_DATA,"[1,1]","[0,254]",,1,2342.081586,2342.081765,0.000179,0.005003,0.002112,0.002112,0.000600,3
SENSOR_DATA,"[33,1]","[0,254]",,1,2342.598748,2342.599067,0.000319,0.005543,0.002112,0.002112,0.001000,5
SENSOR_DATA,"[12,1]","[0,254]",,1,2342.787308,2342.787542,0.000234,0.005258,0.002112,0.002112,0.000800,4
SENSOR_DATA,"[0,2]","[0,254]",,1,2344.741474,2344.741564,0.000090,0.004714,0.002112,0.002112,0.000400,2
SENSOR_DATA,"[12,3]","[0,254]",,1,2346.965071,2346.965310,0.000239,0.005263,0.002112,0.002112,0.000800,4
SENSOR_DATA,"[0,1]","[0,254]",,1,2346.999538,2346.999617,0.000079,0.004703,0.002112,0.002112,0.000400,2
SENSOR_DATA,"[0,3]","[0,254]",,1,2347.907825,2347.907891,0.000066,0.004690,0.002112,0.002112,0.000400,2
SENSOR_DATA,"[12,4]","[0,254]",,1,2347.907773,2347.907899,0.000125,0.004949,0.002112,0.002112,0.000600,3
SENSOR_DATA,"[3,1]","[0,254]",,1,2348.527649,2348.527781,0.000132,0.004956,0.002112,0.002112,0.000600,3
SENSOR_DATA,"[12,2]","[0,254]",,1,2348.607701,2348.607863,0.000162,0.004986,0.002112,0.002112,0.000600,3
SENSOR_DATA,"[24,1]","[0,254]",,1,2350.598362,2350.598671,0.000309,0.005533,0.002112,0.002112,0.001000,5
SENSOR_DATA,"[1,1]","[0,254]",,1,2352.081586,2352.081765,0.000179,0.005003,0.002112,0.002112,0.000600,3
SENSOR_DATA,"[33,1]","[0,254]",,1,2352.598748,2352.599067,0.000319,0.005543,0.002112,0.002112,0.001000,5
SENSOR_DATA,"[12,1]","[0,254]",,1,2352.787308,2352.787542,0.000234,0.005258,0.002112,0.002112,0.000800,4
SENSOR_DATA,"[0,2]","[0,254]",,1,2354.741474,2354.741564,0.000090,0.004714,0.002112,0.002112,0.000400,2
SENSOR_DATA,"[12,3]","[0,254]",,1,2356.965071,2356.965310,0.000239,0.005263,0.002112,0.002112,0.000800,4
SENSOR_DATA,"[0,1]","[0,254]",,1,2356.999538,2356.999617,0.000079,0.004703,0.002112,0.002112,0.000400,2
SENSOR_DATA,"[0,3]","[0,254]",,1,2357.907825,2357.907891,0.000066,0.004690,0.002112,0.002112,0.000400,2
SENSOR_DATA,"[12,4]","[0,254]",,1,2357.907773,2357.907899,0.000125,0.004949,0.002112,0.002112,0.000600,3
SENSOR_DATA,"[3,1]","[0,254]",,1,2358.527649,2358.527781,0.000132,0.004956,0.002112,0.002112,0.000600,3
SENSOR_DATA,"[12,2]","[0,254]",,1,2358.607701,2358.607863,0.000162,0.004986,0.002112,0.002112,0.000600,3
SENSOR_DATA,"[24,1]","[0,254]",,1,2360.598362,2360.598671,0.000309,0.005533,0.002112,0.002112,0.001000,5
SENSOR_DATA,"[1,1]","[0,254]",,1,2362.081586,2362.081765,0.000179,0.005003,0.002112,0.002112,0.000600,3
SENSOR_DATA,"[33,1]","[0,254]",,1,2362.598748,2362.599067,0.000319,0.005543,0.002112,0.002112,0.001000,5
SENSOR_DATA,"[12,1]","[0,254]",,1,2362.787308,2362.787542,0.000234,0.005258,0.002112,0.002112,0.000800,4
SENSOR_DATA,"[0,2]","[0,254]",,1,2364.741474,2364.741564,0.000090,0.004714,0.002112,0.002112,0.000400,2
SENSOR_DATA,"[12,3]","[0,254]",,1,2366.965071,2366.965310,0.000239,0.005263,0.002112,0.002112,0.000800,4
SENSOR_DATA,"[0,1]","[0,254]",,1,2366.999538,2366.999617,0.000079,0.004703,0.002112,0.002112,0.000400,2
SENSOR_DATA,"[0,3]","[0,254]",,1,2367.907825,2367.907891,0.000066,0.004690,0.002112,0.002112,0.000400,2
SENSOR_DATA,"[12,4]","[0,254]",,1,2367.907773,2367.907899,0.000125,0.004949,0.002112,0.002112,0.000600,3
SENSOR_DATA,"[3,1]","[0,254]",,1,2368.527649,2368.527781,0.000132,0.004956,0.002112,0.002112,0.000600,3
SENSOR_DATA,"[12,2]","[0,254]",,1,2368.607701,2368.607863,0.000162,0.004986,0.002112,0.002112,0.000600,3
SENSOR_DATA,"[24,1]","[0,254]",,1,2370.598362,2370.598671,0.000309,0.005533,0.002112,0.002112,0.001000,5
SENSOR_DATA,"[1,1]","[0,254]",,1,2372.081586,2372.081765,0.000179,0.005003,0.002112,0.002112,0.000600,3
SENSOR_DATA,"[33,1]","[0,254]",,1,2372.598748,2372.599067,0.000319,0.005543,0.002112,0.002112,0.001000,5
SENSOR_DATA,"[12,1]","[0,254]",,1,2372.787308,2372.787542,0.000234,0.005258,0.002112,0.002112,0.000800,4
SENSOR_DATA,"[0,2]","[0,254]",,1,2374.741474,2374.741564,0.000090,0.004714,0.002112,0.002112,0.000400,2
SENSOR_DATA,"[12,3]","[0,254]",,1,2376.965071,2376.965310,0.000239,0.005263,0.002112,0.002112,0.000800,4
SENSOR_DATA,"[0,1]","[0,254]",,1,2376.999538,2376.999617,0.000079,0.004703,0.002112,0.002112,0.000400,2
SENSOR_DATA,"[0,3]","[0,254]",,1,2377.907825,2377.907891,0.000066,0.004690,0.002112,0.002112,0.000400,2
SENSOR_DATA,"[12,4]","[0,254]",,1,2377.907773,2377.907899,0.000125,0.004949,0.002112,0.002112,0.000600,3
SENSOR_DATA,"[3,1]","[0,254]",,1,2378.527649,2378.527781,0.000132,0.004956,0.002112,0.002112,0.000600,3
SENSOR_DATA,"[12,2]","[0,254]",,1,2378.607701,2378.607863,0.000162,0.004986,0.002112,0.002112,0.000600,3
SENSOR_DATA,"[24,1]","[0,254]",,1,2380.598362,2380.598671,0.000309,0.005533,0.002112,0.002112,0.001000,5
SENSOR_DATA,"[1,1]","[0,254]",,1,2382.081586,2382.081765,0.000179,0.005003,0.002112,0.002112,0.000600,3
SENSOR_DATA,"[33,1]","[0,254]",,1,2382.598748,2382.599067,0.000319,0.005543,0.002112,0.002112,0.001000,5
SENSOR_DATA,"[12,1]","[0,254]",,1,2382.787308,2382.787542,0.000234,0.005258,0.002112,0.002112,0.000800,4
SENSOR_DATA,"[0,2]","[0,254]",,1,2384.741474,2384.741564,0.000090,0.004714,0.002112,0.002112,0.000400,2
SENSOR_DATA,"[12,3]","[0,254]",,1,2386.965071,2386.965310,0.000239,0.005263,0.002112,0.002112,0.000800,4
SENSOR_DATA,"[0,1]","[0,254]",,1,2386.999538,2386.999617,0.000079,0.004703,0.002112,0.002112,0.000400,2
SENSOR_DATA,"[0,3]","[0,254]",,1,2387.907825,2387.907891,0.000066,0.004690,0.002112,0.002112,0.000400,2
SENSOR_DATA,"[12,4]","[0,254]",,1,2387.907773,2387.907899,0.000125,0.004949,0.002112,0.002112,0.000600,3
SENSOR_DATA,"[3,1]","[0,254]",,1,2388.527649,2388.527781,0.000132,0.004956,0.002112,0.002112,0.000600,3
SENSOR_DATA,"[12,2]","[0,254]",,1,2388.607701,2388.607863,0.000162,0.004986,0.002112,0.002112,0.000600,3
SENSOR_DATA,"[24,1]","[0,254]",,1,2390.598362,2390.598671,0.000309,0.005533,0.002112,0.002112,0.001000,5
SENSOR_DATA,"[1,1]","[0,254]",,1,2392.081586,2392.081765,0.000179,0.005003,0.002112,0.002112,0.000600,3
SENSOR_DATA,"[33,1]","[0,254]",,1,2392.598748,2392.599067,0.000319,0.005543,0.002112,0.002112,0.001000,5
SENSOR_DATA,"[12,1]","[0,254]",,1,2392.787308,2392.787542,0.000234,0.005258,0.002112,0.002112,0.000800,4
SENSOR_DATA,"[0,2]","[0,254]",,1,2394.741474,2394.741564,0.000090,0.004714,0.002112,0.002112,0.000400,2
SENSOR_DATA,"[12,3]","[0,254]",,1,2396.965071,2396.965310,0.000239,0.005263,0.002112,0.002112,0.000800,4
SENSOR_DATA,"[0,1]","[0,254]",,1,2396.999538,2396.999617,0.000079,0.004703,0.002112,0.002112,0.000400,2
SENSOR_DATA,"[0,3]","[0,254]",,1,2397.907825,2397.907891,0.000066,0.004690,0.002112,0.002112,0.000400,2
SENSOR_DATA,"[12,4]","[0,254]",,1,2397.907773,2397.907899,0.000125,0.004949,0.002112,0.002112,0.000600,3
SENSOR_DATA,"[3,1]","[0,254]",,1,2398.527649,2398.527781,0.000132,0.004956,0.002112,0.002112,0.000600,3
SENSOR_DATA,"[12,2]","[0,254]",,1,2398.607701,2398.607863,0.000162,0.004986,0.002112,0.002112,0.000600,3
SENSOR_DATA,"[24,1]","[0,254]",,1,2400.598362,2400.598671,0.000309,0.005533,0.002112,0.002112,0.001000,5
SENSOR_DATA,"[1,1]","[0,254]",,1,2402.081586,2402.081765,0.000179,0.005003,0.002112,0.002112,0.000600,3
SENSOR_DATA,"[33,1]","[0,254]",,1,2402.598748,2402.599067,0.000319,0.005543,0.002112,0.002112,0.001000,5
SENSOR_DATA,"[12,1]","[0,254]",,1,2402.787308,2402.787542,0.000234,0.005258,0.002112,0.002112,0.000800,4
SENSOR_DATA,"[0,2]","[0,254]",,1,2404.741474,2404.741564,0.000090,0.004714,0.002112,0.002112,0.000400,2
SENSOR_DATA,"[12,3]","[0,254]",,1,2406.965071,2406.965310,0.000239,0.005263,0.002112,0.002112,0.000800,4
SENSOR_DATA,"[0,1]","[0,254]",,1,2406.999538,2406.999617,0.000079,0.004703,0.002112,0.002112,0.000400,2
SENSOR_DATA,"[0,3]","[0,254]",,1,2407.907825,2407.907891,0.000066,0.004690,0.002112,0.002112,0.000400,2
SENSOR_DATA,"[12,4]","[0,254]",,1,2407.907773,2407.907899,0.000125,0.004949,0.002112,0.002112,0.000600,3
SENSOR_DATA,"[3,1]","[0,254]",,1,2408.527649,2408.527781,0.000132,0.004956,0.002112,0.002112,0.000600,3
SENSOR_DATA,"[12,2]","[0,254]",,1,2408.607701,2408.607863,0.000162,0.004986,0.002112,0.002112,0.000600,3
SENSOR_DATA,"[24,1]","[0,254]",,1,2410.598362,2410.598671,0.000309,0.005533,0.002112,0.002112,0.001000,5
SENSOR_DATA,"[1,1]","[0,254]",,1,2412.081586,2412.081765,0.000179,0.005003,0.002112,0.002112,0.000600,3
SENSOR_DATA,"[33,1]","[0,254]",,1,2412.598748,2412.599067,0.000319,0.005543,0.002112,0.002112,0.001000,5
SENSOR_DATA,"[12,1]","[0,254]",,1,2412.787308,2412.787542,0.000234,0.005258,0.002112,0.002112,0.000800,4
SENSOR_DATA,"[0,2]","[0,254]",,1,2414.741474,2414.741564,0.000090,0.004714,0.002112,0.002112,0.000400,2
SENSOR_DATA,"[12,3]","[0,254]",,1,2416.965071,2416.965310,0.000239,0.005263,0.002112,0.002112,0.000800,4
SENSOR_DATA,"[0,1]","[0,254]",,1,2416.999538,2416.999617,0.000079,0.004703,0.002112,0.002112,0.000400,2
SENSOR_DATA,"[0,3]","[0,254]",,1,2417.907825,2417.907891,0.000066,0.004690,0.002112,0.002112,0.000400,2
SENSOR_DATA,"[12,4]","[0,254]",,1,2417.907773,2417.907899,0.000125,0.004949,0.002112,0.002112,0.000600,3
SENSOR_DATA,"[3,1]","[0,254]",,1,2418.527649,2418.527781,0.000132,0.004956,0.002112,0.002112,0.000600,3
SENSOR_DATA,"[12,2]","[0,254]",,1,2418.607701,2418.607863,0.000162,0.004986,0.002112,0.002112,0.000600,3
SENSOR_DATA,"[24,1]","[0,254]",,1,2420.598362,2420.598671,0.000309,0.005533,0.002112,0.002112,0.001000,5
SENSOR_DATA,"[1,1]","[0,254]",,1,2422.081586,2422.081765,0.000179,0.005003,0.002112,0.002112,0.000600,3
SENSOR_DATA,"[33,1]","[0,254]",,1,2422.598748,2422.599067,0.000319,0.005543,0.002112,0.002112,0.001000,5
SENSOR_DATA,"[12,1]","[0,254]",,1,2422.787308,2422.787542,0.000234,0.005258,0.002112,0.002112,0.000800,4
SENSOR_DATA,"[0,2]","[0,254]",,1,2424.741474,2424.741564,0.000090,0.004714,0.002112,0.002112,0.000400,2
SENSOR_DATA,"[12,3]","[0,254]",,1,2426.965071,2426.965310,0.000239,0.005263,0.002112,0.002112,0.000800,4
SENSOR_DATA,"[0,1]","[0,254]",,1,2426.999538,2426.999617,0.000079,0.004703,0.002112,0.002112,0.000400,2
SENSOR_DATA,"[0,3]","[0,254]",,1,2427.907825,2427.907891,0.000066,0.004690,0.002112,0.002112,0.000400,2
SENSOR_DATA,"[12,4]","[0,254]",,1,2427.907773,2427.907899,0.000125,0.004949,0.002112,0.002112,0.000600,3
SENSOR_DATA,"[3,1]","[0,254]",,1,2428.527649,2428.527781,0.000132,0.004956,0.002112,0.002112,0.000600,3
SENSOR_DATA,"[12,2]","[0,254]",,1,2428.607701,2428.607863,0.000162,0.004986,0.002112,0.002112,0.000600,3
SENSOR_DATA,"[24,1]","[0,254]",,1,2430.598362,2430.598671,0.000309,0.005533,0.002112,0.002112,0.001000,5
SENSOR_DATA,"[1,1]","[0,254]",,1,2432.081586,2432.081765,0.000179,0.005003,0.002112,0.002112,0.000600,3
SENSOR_DATA,"[33,1]","[0,254]",,1,2432.598748,2432.599067,0.000319,0.005543,0.002112,0.002112,0.001000,5
SENSOR_DATA,"[12,1]","[0,254]",,1,2432.787308,2432.787542,0.000234,0.005258,0.002112,0.002112,0.000800,4
SENSOR_DATA,"[0,2]","[0,254]",,1,2434.741474,2434.741564,0.000090,0.004714,0.002112,0.002112,0.000400,2
SENSOR_DATA,"[12,3]","[0,254]",,1,2436.965071,2436.965310,0.000239,0.005263,0.002112,0.002112,0.000800,4
SENSOR_DATA,"[0,1]","[0,254]",,1,2436.999538,2436.999617,0.000079,0.004703,0.002112,0.002112,0.000400,2
SENSOR_DATA,"[0,3]","[0,254]",,1,2437.907825,2437.907891,0.000066,0.004690,0.002112,0.002112,0.000400,2
SENSOR_DATA,"[12,4]","[0,254]",,1,2437.907773,2437.907899,0.000125,0.004949,0.002112,0.002112,0.000600,3
SENSOR_DATA,"[3,1]","[0,254]",,1,2438.527649,2438.527781,0.000132,0.004956,0.002112,0.002112,0.000600,3
SENSOR_DATA,"[12,2]","[0,254]",,1,2438.607701,2438.607863,0.000162,0.004986,0.002112,0.002112,0.000600,3
SENSOR_DATA,"[24,1]","[0,254]",,1,2440.598362,2440.598671,0.000309,0.005533,0.002112,0.002112,0.001000,5
SENSOR_DATA,"[1,1]","[0,254]",,1,2442.081586,2442.081765,0.000179,0.005003,0.002112,0.002112,0.000600,3
SENSOR_DATA,"[33,1]","[0,254]",,1,2442.598748,2442.599067,0.000319,0.005543,0.002112,0.002112,0.001000,5
SENSOR_DATA,"[12,1]","[0,254]",,1,2442.787308,2442.787542,0.000234,0.005258,0.002112,0.002112,0.000800,4
SENSOR_DATA,"[0,2]","[0,254]",,1,2444.741474,2444.741564,0.000090,0.004714,0.002112,0.002112,0.000400,2
SENSOR_DATA,"[12,3]","[0,254]",,1,2446.965071,2446.965310,0.000239,0.005263,0.002112,0.002112,0.000800,4
SENSOR_DATA,"[0,1]","[0,254]",,1,2446.999538,2446.999617,0.000079,0.004703,0.002112,0.002112,0.000400,2
SENSOR_DATA,"[0,3]","[0,254]",,1,2447.907825,2447.907891,0.000066,0.004690,0.002112,0.002112,0.000400,2
SENSOR_DATA,"[12,4]","[0,254]",,1,2447.907773,2447.907899,0.000125,0.004949,0.002112,0.002112,0.000600,3
SENSOR_DATA,"[3,1]","[0,254]",,1,2448.527649,2448.527781,0.000132,0.004956,0.002112,0.002112,0.000600,3
SENSOR_DATA,"[12,2]","[0,254]",,1,2448.607701,2448.607863,0.000162,0.004986,0.002112,0.002112,0.000600,3
SENSOR_DATA,"[24,1]","[0,254]",,1,2450.598362,2450.598671,0.000309,0.005533,0.002112,0.002112,0.001000,5
SENSOR_DATA,"[1,1]","[0,254]",,1,2452.081586,2452.081765,0.000179,0.005003,0.002112,0.002112,0.000600,3
SENSOR_DATA,"[33,1]","[0,254]",,1,2452.598748,2452.599067,0.000319,0.005543,0.002112,0.002112,0.001000,5
SENSOR_DATA,"[12,1]","[0,254]",,1,2452.787308,2452.787542,0.000234,0.005258,0.002112,0.002112,0.000800,4
SENSOR_DATA,"[0,2]","[0,254]",,1,2454.741474,2454.741564,0.000090,0.004714,0.002112,0.002112,0.000400,2
SENSOR_DATA,"[12,3]","[0,254]",,1,2456.965071,2456.965310,0.000239,0.005263,0.002112,0.002112,0.000800,4
SENSOR_DATA,"[0,1]","[0,254]",,1,2456.999538,2456.999617,0.000079,0.004703,0.002112,0.002112,0.000400,2
SENSOR_DATA,"[0,3]","[0,254]",,1,2457.907825,2457.907891,0.000066,0.004690,0.002112,0.002112,0.000400,2
SENSOR_DATA,"[12,4]","[0,254]",,1,2457.907773,2457.907899,0.000125,0.004949,0.002112,0.002112,0.000600,3
SENSOR_DATA,"[3,1]","[0,254]",,1,2458.527649,2458.527781,0.000132,0.004956,0.002112,0.002112,0.000600,3
SENSOR_DATA,"[12,2]","[0,254]",,1,2458.607701,2458.607863,0.000162,0.004986,0.002112,0.002112,0.000600,3
SENSOR_DATA,"[24,1]","[0,254]",,1,2460.598362,2460.598671,0.000309,0.005533,0.002112,0.002112,0.001000,5
SENSOR_DATA,"[1,1]","[0,254]",,1,2462.081586,2462.081765,0.000179,0.005003,0.002112,0.002112,0.000600,3
SENSOR_DATA,"[33,1]","[0,254]",,1,2462.598748,2462.599067,0.000319,0.005543,0.002112,0.002112,0.001000,5
SENSOR_DATA,"[12,1]","[0,254]",,1,2462.787308,2462.787542,0.000234,0.005258,0.002112,0.002112,0.000800,4
SENSOR_DATA,"[0,2]","[0,254]",,1,2464.741474,2464.741564,0.000090,0.004714,0.002112,0.002112,0.000400,2
SENSOR_DATA,"[12,3]","[0,254]",,1,2466.965071,2466.965310,0.000239,0.005263,0.002112,0.002112,0.000800,4
SENSOR_DATA,"[0,1]","[0,254]",,1,2466.999538,2466.999617,0.000079,0.004703,0.002112,0.002112,0.000400,2
SENSOR_DATA,"[0,3]","[0,254]",,1,2467.907825,2467.907891,0.000066,0.004690,0.002112,0.002112,0.000400,2
SENSOR_DATA,"[12,4]","[0,254]",,1,2467.907773,2467.907899,0.000125,0.004949,0.002112,0.002112,0.000600,3
SENSOR_DATA,"[3,1]","[0,254]",,1,2468.527649,2468.527781,0.000132,0.004956,0.002112,0.002112,0.000600,3
SENSOR_DATA,"[12,2]","[0,254]",,1,2468.607701,2468.607863,0.000162,0.004986,0.002112,0.002112,0.000600,3
SENSOR_DATA,"[24,1]","[0,254]",,1,2470.598362,2470.598671,0.000309,0.005533,0.002112,0.002112,0.001000,5
SENSOR_DATA,"[1,1]","[0,254]",,1,2472.081586,2472.081765,0.000179,0.005003,0.002112,0.002112,0.000600,3
SENSOR_DATA,"[33,1]","[0,254]",,1,2472.598748,2472.599067,0.000319,0.005543,0.002112,0.002112,0.001000,5
SENSOR_DATA,"[12,1]","[0,254]",,1,2472.787308,2472.787542,0.000234,0.005258,0.002112,0.002112,0.000800,4
SENSOR_DATA,"[0,2]","[0,254]",,1,2474.741474,2474.741564,0.000090,0.004714,0.002112,0.002112,0.000400,2
SENSOR_DATA,"[12,3]","[0,254]",,1,2476.965071,2476.965310,0.000239,0.005263,0.002112,0.002112,0.000800,4
SENSOR_DATA,"[0,1]","[0,254]",,1,2476.999538,2476.999617,0.000079,0.004703,0.002112,0.002112,0.000400,2
SENSOR_DATA,"[0,3]","[0,254]",,1,2477.907825,2477.907891,0.000066,0.004690,0.002112,0.002112,0.000400,2
SENSOR_DATA,"[12,4]","[0,254]",,1,2477.907773,2477.907899,0.000125,0.004949,0.002112,0.002112,0.000600,3
SENSOR_DATA,"[3,1]","[0,254]",,1,2478.527649,2478.527781,0.000132,0.004956,0.002112,0.002112,0.000600,3
SENSOR_DATA,"[12,2]","[0,254]",,1,2478.607701,2478.607863,0.000162,0.004986,0.002112,0.002112,0.000600,3
SENSOR_DATA,"[24,1]","[0,254]",,1,2480.598362,2480.598671,0.000309,0.005533,0.002112,0.002112,0.001000,5
SENSOR_DATA,"[1,1]","[0,254]",,1,2482.081586,2482.081765,0.000179,0.005003,0.002112,0.002112,0.000600,3
SENSOR_DATA,"[33,1]","[0,254]",,1,2482.598748,2482.599067,0.000319,0.005543,0.002112,0.002112,0.001000,5
SENSOR_DATA,"[12,1]","[0,254]",,1,2482.787308,2482.787542,0.000234,0.005258,0.002112,0.002112,0.000800,4
SENSOR_DATA,"[0,2]","[0,254]",,1,2484.741474,2484.741564,0.000090,0.004714,0.002112,0.002112,0.000400,2
SENSOR_DATA,"[12,3]","[0,254]",,1,2486.965071,2486.965310,0.000239,0.005263,0.002112,0.002112,0.000800,4
SENSOR_DATA,"[0,1]","[0,254]",,1,2486.999538,2486.999617,0.000079,0.004703,0.002112,0.002112,0.000400,2
SENSOR_DATA,"[0,3]","[0,254]",,1,2487.907825,2487.907891,0.000066,0.004690,0.002112,0.002112,0.000400,2
SENSOR_DATA,"[12,4]","[0,254]",,1,2487.907773,2487.907899,0.000125,0.004949,0.002112,0.002112,0.000600,3
SENSOR_DATA,"[3,1]","[0,254]",,1,2488.527649,2488.527781,0.000132,0.004956,0.002112,0.002112,0.000600,3
SENSOR_DATA,"[12,2]","[0,254]",,1,2488.607701,2488.607863,0.000162,0.004986,0.002112,0.002112,0.000600,3
SENSOR_DATA,"[24,1]","[0,254]",,1,2490.598362,2490.598671,0.000309,0.005533,0.002112,0.002112,0.001000,5
SENSOR_DATA,"[1,1]","[0,254]",,1,2492.081586,2492.081765,0.000179,0.005003,0.002112,0.002112,0.000600,3
SENSOR_DATA,"[33,1]","[0,254]",,1,2492.598748,2492.599067,0.000319,0.005543,0.002112,0.002112,0.001000,5
SENSOR_DATA,"[12,1]","[0,254]",,1,2492.787308,2492.787542,0.000234,0.005258,0.002112,0.002112,0.000800,4
SENSOR_DATA,"[0,2]","[0,254]",,1,2494.741474,2494.741564,0.000090,0.004714,0.002112,0.002112,0.000400,2
SENSOR_DATA,"[12,3]","[0,254]",,1,2496.965071,2496.965310,0.000239,0.005263,0.002112,0.002112,0.000800,4
SENSOR_DATA,"[0,1]","[0,254]",,1,2496.999538,2496.999617,0.000079,0.004703,0.002112,0.002112,0.000400,2
SENSOR_DATA,"[0,3]","[0,254]",,1,2497.907825,2497.907891,0.000066,0.004690,0.002112,0.002112,0.000400,2
SENSOR_DATA,"[12,4]","[0,254]",,1,2497.907773,2497.907899,0.000125,0.004949,0.002112,0.002112,0.000600,3
SENSOR_DATA,"[3,1]","[0,254]",,1,2498.527649,2498.527781,0.000132,0.004956,0.002112,0.002112,0.000600,3
SENSOR_DATA,"[12,2]","[0,254]",,1,2498.607701,2498.607863,0.000162,0.004986,0.002112,0.002112,0.000600,3
SENSOR_DATA,"[24,1]","[0,254]",,1,2500.598362,2500.598671,0.000309,0.005533,0.002112,0.002112,0.001000,5
SENSOR_DATA,"[1,1]","[0,254]",,1,2502.081586,2502.081765,0.000179,0.005003,0.002112,0.002112,0.000600,3
SENSOR_DATA,"[33,1]","[0,254]",,1,2502.598748,2502.599067,0.000319,0.005543,0.002112,0.002112,0.001000,5
SENSOR_DATA,"[12,1]","[0,254]",,1,2502.787308,2502.787542,0.000234,0.005258,0.002112,0.002112,0.000800,4
SENSOR_DATA,"[0,2]","[0,254]",,1,2504.741474,2504.741564,0.000090,0.004714,0.002112,0.002112,0.000400,2
SENSOR_DATA,"[12,3]","[0,254]",,1,2506.965071,2506.965310,0.000239,0.005263,0.002112,0.002112,0.000800,4
SENSOR_DATA,"[0,1]","[0,254]",,1,2506.999538,2506.999617,0.000079,0.004703,0.002112,0.002112,0.000400,2
SENSOR_DATA,"[0,3]","[0,254]",,1,2507.907825,2507.907891,0.000066,0.004690,0.002112,0.002112,0.000400,2
SENSOR_DATA,"[12,4]","[0,254]",,1,2507.907773,2507.907899,0.000125,0.004949,0.002112,0.002112,0.000600,3
SENSOR_DATA,"[3,1]","[0,254]",,1,2508.527649,2508.527781,0.000132,0.004956,0.002112,0.002112,0.000600,3
SENSOR_DATA,"[12,2]","[0,254]",,1,2508.607701,2508.607863,0.000162,0.004986,0.002112,0.002112,0.000600,3
SENSOR_DATA,"[24,1]","[0,254]",,1,2510.598362,2510.598671,0.000309,0.005533,0.002112,0.002112,0.001000,5
SENSOR_DATA,"[1,1]","[0,254]",,1,2512.081586,2512.081765,0.000179,0.005003,0.002112,0.002112,0.000600,3
SENSOR_DATA,"[33,1]","[0,254]",,1,2512.598748,2512.599067,0.000319,0.005543,0.002112,0.002112,0.001000,5
SENSOR_DATA,"[12,1]","[0,254]",,1,2512.787308,2512.787542,0.000234,0.005258,0.002112,0.002112,0.000800,4
SENSOR_DATA,"[0,2]","[0,254]",,1,2514.741474,2514.741564,0.000090,0.004714,0.002112,0.002112,0.000400,2
SENSOR_DATA,"[12,3]","[0,254]",,1,2516.965071,2516.965310,0.000239,0.005263,0.002112,0.002112,0.000800,4
SENSOR_DATA,"[0,1]","[0,254]",,1,2516.999538,2516.999617,0.000079,0.004703,0.002112,0.002112,0.000400,2
SENSOR_DATA,"[0,3]","[0,254]",,1,2517.907825,2517.907891,0.000066,0.004690,0.002112,0.002112,0.000400,2
SENSOR_DATA,"[12,4]","[0,254]",,1,2517.907773,2517.907899,0.000125,0.004949,0.002112,0.002112,0.000600,3
SENSOR_DATA,"[3,1]","[0,254]",,1,2518.527649,2518.527781,0.000132,0.004956,0.002112,0.002112,0.000600,3
SENSOR_DATA,"[12,2]","[0,254]",,1,2518.607701,2518.607863,0.000162,0.004986,0.002112,0.002112,0.000600,3
SENSOR_DATA,"[24,1]","[0,254]",,1,2520.598362,2520.598671,0.000309,0.005533,0.002112,0.002112,0.001000,5
SENSOR_DATA,"[1,1]","[0,254]",,1,2522.081586,2522.081765,0.000179,0.005003,0.002112,0.002112,0.000600,3
SENSOR_DATA,"[33,1]","[0,254]",,1,2522.598748,2522.599067,0.000319,0.005543,0.002112,0.002112,0.001000,5
SENSOR_DATA,"[12,1]","[0,254]",,1,2522.787308,2522.787542,0.000234,0.005258,0.002112,0.002112,0.000800,4
SENSOR_DATA,"[0,2]","[0,254]",,1,2524.741474,2524.741564,0.000090,0.004714,0.002112,0.002112,0.000400,2
SENSOR_DATA,"[12,3]","[0,254]",,1,2526.965071,2526.965310,0.000239,0.005263,0.002112,0.002112,0.000800,4
SENSOR_DATA,"[0,1]","[0,254]",,1,2526.999538,2526.999617,0.000079,0.004703,0.002112,0.002112,0.000400,2
SENSOR_DATA,"[0,3]","[0,254]",,1,2527.907825,2527.907891,0.000066,0.004690,0.002112,0.002112,0.000400,2
SENSOR_DATA,"[12,4]","[0,254]",,1,2527.907773,2527.907899,0.000125,0.004949,0.002112,0.002112,0.000600,3
SENSOR_DATA,"[3,1]","[0,254]",,1,2528.527649,2528.527781,0.000132,0.004956,0.002112,0.002112,0.000600,3
SENSOR_DATA,"[12,2]","[0,254]",,1,2528.607701,2528.607863,0.000162,0.004986,0.002112,0.002112,0.000600,3
SENSOR_DATA,"[24,1]","[0,254]",,1,2530.598362,2530.598671,0.000309,0.005533,0.002112,0.002112,0.001000,5
SENSOR_DATA,"[1,1]","[0,254]",,1,2532.081586,2532.081765,0.000179,0.005003,0.002112,0.002112,0.000600,3
SENSOR_DATA,"[33,1]","[0,254]",,1,2532.598748,2532.599067,0.000319,0.005543,0.002112,0.002112,0.001000,5
SENSOR_DATA,"[12,1]","[0,254]",,1,2532.787308,2532.787542,0.000234,0.005258,0.002112,0.002112,0.000800,4
SENSOR_DATA,"[0,2]","[0,254]",,1,2534.741474,2534.741564,0.000090,0.004714,0.002112,0.002112,0.000400,2
SENSOR_DATA,"[12,3]","[0,254]",,1,2536.965071,2536.965310,0.000239,0.005263,0.002112,0.002112,0.000800,4
SENSOR_DATA,"[0,1]","[0,254]",,1,2536.999538,2536.999617,0.000079,0.004703,0.002112,0.002112,0.000400,2
SENSOR_DATA,"[0,3]","[0,254]",,1,2537.907825,2537.907891,0.000066,0.004690,0.002112,0.002112,0.000400,2
SENSOR_DATA,"[12,4]","[0,254]",,1,2537.907773,2537.907899,0.000125,0.004949,0.002112,0.002112,0.000600,3
SENSOR_DATA,"[3,1]","[0,254]",,1,2538.527649,2538.527781,0.000132,0.004956,0.002112,0.002112,0.000600,3
SENSOR_DATA,"[12,2]","[0,254]",,1,2538.607701,2538.607863,0.000162,0.004986,0.002112,0.002112,0.000600,3
SENSOR_DATA,"[24,1]","[0,254]",,1,2540.598362,2540.598671,0.000309,0.005533,0.002112,0.002112,0.001000,5
SENSOR_DATA,"[1,1]","[0,254]",,1,2542.081586,2542.081765,0.000179,0.005003,0.002112,0.002112,0.000600,3
SENSOR_DATA,"[33,1]","[0,254]",,1,2542.598748,2542.599067,0.000319,0.005543,0.002112,0.002112,0.001000,5
SENSOR_DATA,"[12,1]","[0,254]",,1,2542.787308,2542.787542,0.000234,0.005258,0.002112,0.002112,0.000800,4
SENSOR_DATA,"[0,2]","[0,254]",,1,2544.741474,2544.741564,0.000090,0.004714,0.002112,0.002112,0.000400,2
SENSOR_DATA,"[12,3]","[0,254]",,1,2546.965071,2546.965310,0.000239,0.005263,0.002112,0.002112,0.000800,4
SENSOR_DATA,"[0,1]","[0,254]",,1,2546.999538,2546.999617,0.000079,0.004703,0.002112,0.002112,0.000400,2
SENSOR_DATA,"[0,3]","[0,254]",,1,2547.907825,2547.907891,0.000066,0.004690,0.002112,0.002112,0.000400,2
SENSOR_DATA,"[12,4]","[0,254]",,1,2547.907773,2547.907899,0.000125,0.004949,0.002112,0.002112,0.000600,3
SENSOR_DATA,"[3,1]","[0,254]",,1,2548.527649,2548.527781,0.000132,0.004956,0.002112,0.002112,0.000600,3
SENSOR_DATA,"[12,2]","[0,254]",,1,2548.607701,2548.607863,0.000162,0.004986,0.002112,0.002112,0.000600,3
SENSOR_DATA,"[24,1]","[0,254]",,1,2550.598362,2550.598671,0.000309,0.005533,0.002112,0.002112,0.001000,5
SENSOR_DATA,"[1,1]","[0,254]",,1,2552.081586,2552.081765,0.000179,0.005003,0.002112,0.002112,0.000600,3
SENSOR_DATA,"[33,1]","[0,254]",,1,2552.598748,2552.599067,0.000319,0.005543,0.002112,0.002112,0.001000,5
SENSOR_DATA,"[12,1]","[0,254]",,1,2552.787308,2552.787542,0.000234,0.005258,0.002112,0.002112,0.000800,4
SENSOR_DATA,"[0,2]","[0,254]",,1,2554.741474,2554.741564,0.000090,0.004714,0.002112,0.002112,0.000400,2
SENSOR_DATA,"[12,3]","[0,254]",,1,2556.965071,2556.965310,0.000239,0.005263,0.002112,0.002112,0.000800,4
SENSOR_DATA,"[0,1]","[0,254]",,1,2556.999538,2556.999617,0.000079,0.004703,0.002112,0.002112,0.000400,2
SENSOR_DATA,"[0,3]","[0,254]",,1,2557.907825,2557.907891,0.000066,0.004690,0.002112,0.002112,0.000400,2
SENSOR_DATA,"[12,4]","[0,254]",,1,2557.907773,2557.907899,0.000125,0.004949,0.002112,0.002112,0.000600,3
SENSOR_DATA,"[3,1]","[0,254]",,1,2558.527649,2558.527781,0.000132,0.004956,0.002112,0.002112,0.000600,3
SENSOR_DATA,"[12,2]","[0,254]",,1,2558.607701,2558.607863,0.000162,0.004986,0.002112,0.002112,0.000600,3
SENSOR_DATA,"[24,1]","[0,254]",,1,2560.598362,2560.598671,0.000309,0.005533,0.002112,0.002112,0.001000,5
SENSOR_DATA,"[1,1]","[0,254]",,1,2562.081586,2562.081765,0.000179,0.005003,0.002112,0.002112,0.000600,3
SENSOR_DATA,"[33,1]","[0,254]",,1,2562.598748,2562.599067,0.000319,0.005543,0.002112,0.002112,0.001000,5
SENSOR_DATA,"[12,1]","[0,254]",,1,2562.787308,2562.787542,0.000234,0.005258,0.002112,0.002112,0.000800,4
SENSOR_DATA,"[0,2]","[0,254]",,1,2564.741474,2564.741564,0.000090,0.004714,0.002112,0.002112,0.000400,2
SENSOR_DATA,"[12,3]","[0,254]",,1,2566.965071,2566.965310,0.000239,0.005263,0.002112,0.002112,0.000800,4
SENSOR_DATA,"[0,1]","[0,254]",,1,2566.999538,2566.999617,0.000079,0.004703,0.002112,0.002112,0.000400,2
SENSOR_DATA,"[0,3]","[0,254]",,1,2567.907825,2567.907891,0.000066,0.004690,0.002112,0.002112,0.000400,2
SENSOR_DATA,"[12,4]","[0,254]",,1,2567.907773,2567.907899,0.000125,0.004949,0.002112,0.002112,0.000600,3
SENSOR_DATA,"[3,1]","[0,254]",,1,2568.527649,2568.527781,0.000132,0.004956,0.002112,0.002112,0.000600,3
SENSOR_DATA,"[12,2]","[0,254]",,1,2568.607701,2568.607863,0.000162,0.004986,0.002112,0.002112,0.000600,3
SENSOR_DATA,"[24,1]","[0,254]",,1,2570.598362,2570.598671,0.000309,0.005533,0.002112,0.002112,0.001000,5
SENSOR_DATA,"[1,1]","[0,254]",,1,2572.081586,2572.081765,0.000179,0.005003,0.002112,0.002112,0.000600,3
SENSOR_DATA,"[33,1]","[0,254]",,1,2572.598748,2572.599067,0.000319,0.005543,0.002112,0.002112,0.001000,5
SENSOR_DATA,"[12,1]","[0,254]",,1,2572.787308,2572.787542,0.000234,0.005258,0.002112,0.002112,0.000800,4
SENSOR_DATA,"[0,2]","[0,254]",,1,2574.741474,2574.741564,0.000090,0.004714,0.002112,0.002112,0.000400,2
SENSOR_DATA,"[12,3]","[0,254]",,1,2576.965071,2576.965310,0.000239,0.005263,0.002112,0.002112,0.000800,4
SENSOR_DATA,"[0,1]","[0,254]",,1,2576.999538,2576.999617,0.000079,0.004703,0.002112,0.002112,0.000400,2
SENSOR_DATA,"[0,3]","[0,254]",,1,2577.907825,2577.907891,0.000066,0.004690,0.002112,0.002112,0.000400,2
SENSOR_DATA,"[12,4]","[0,254]",,1,2577.907773,2577.907899,0.000125,0.004949,0.002112,0.002112,0.000600,3
SENSOR_DATA,"[3,1]","[0,254]",,1,2578.527649,2578.527781,0.000132,0.004956,0.002112,0.002112,0.000600,3
SENSOR_DATA,"[12,2]","[0,254]",,1,2578.607701,2578.607863,0.000162,0.004986,0.002112,0.002112,0.000600,3
SENSOR_DATA,"[24,1]","[0,254]",,1,2580.598362,2580.598671,0.000309,0.005533,0.002112,0.002112,0.001000,5
SENSOR_DATA,"[1,1]","[0,254]",,1,2582.081586,2582.081765,0.000179,0.005003,0.002112,0.002112,0.000600,3
SENSOR_DATA,"[33,1]","[0,254]",,1,2582.598748,2582.599067,0.000319,0.005543,0.002112,0.002112,0.001000,5
SENSOR_DATA,"[12,1]","[0,254]",,1,2582.787308,2582.787542,0.000234,0.005258,0.002112,0.002112,0.000800,4
SENSOR_DATA,"[0,2]","[0,254]",,1,2584.741474,2584.741564,0.000090,0.004714,0.002112,0.002112,0.000400,2
SENSOR_DATA,"[12,3]","[0,254]",,1,2586.965071,2586.965310,0.000239,0.005263,0.002112,0.002112,0.000800,4
SENSOR_DATA,"[0,1]","[0,254]",,1,2586.999538,2586.999617,0.000079,0.004703,0.002112,0.002112,0.000400,2
SENSOR_DATA,"[0,3]","[0,254]",,1,2587.907825,2587.907891,0.000066,0.004690,0.002112,0.002112,0.000400,2
SENSOR_DATA,"[12,4]","[0,254]",,1,2587.907773,2587.907899,0.000125,0.004949,0.002112,0.002112,0.000600,3
SENSOR_DATA,"[3,1]","[0,254]",,1,2588.527649,2588.527781,0.000132,0.004956,0.002112,0.002112,0.000600,3
SENSOR_DATA,"[12,2]","[0,254]",,1,2588.607701,2588.607863,0.000162,0.004986,0.002112,0.002112,0.000600,3
SENSOR_DATA,"[24,1]","[0,254]",,1,2590.598362,2590.598671,0.000309,0.005533,0.002112,0.002112,0.001000,5
SENSOR_DATA,"[1,1]","[0,254]",,1,2592.081586,2592.081765,0.000179,0.005003,0.002112,0.002112,0.000600,3
SENSOR_DATA,"[33,1]","[0,254]",,1,2592.598748,2592.599067,0.000319,0.005543,0.002112,0.002112,0.001000,5
SENSOR_DATA,"[12,1]","[0,254]",,1,2592.787308,2592.787542,0.000234,0.005258,0.002112,0.002112,0.000800,4
SENSOR_DATA,"[0,2]","[0,254]",,1,2594.741474,2594.741564,0.000090,0.004714,0.002112,0.002112,0.000400,2
SENSOR_DATA,"[12,3]","[0,254]",,1,2596.965071,2596.965310,0.000239,0.005263,0.002112,0.002112,0.000800,4
SENSOR_DATA,"[0,1]","[0,254]",,1,2596.999538,2596.999617,0.000079,0.004703,0.002112,0.002112,0.000400,2
SENSOR_DATA,"[0,3]","[0,254]",,1,2597.907825,2597.907891,0.000066,0.004690,0.002112,0.002112,0.000400,2
SENSOR_DATA,"[12,4]","[0,254]",,1,2597.907773,2597.907899,0.000125,0.004949,0.002112,0.002112,0.000600,3
SENSOR_DATA,"[3,1]","[0,254]",,1,2598.527649,2598.527781,0.000132,0.004956,0.002112,0.002112,0.000600,3
SENSOR_DATA,"[12,2]","[0,254]",,1,2598.607701,2598.607863,0.000162,0.004986,0.002112,0.002112,0.000600,3
SENSOR_DATA,"[24,1]","[0,254]",,1,2600.598362,2600.598671,0.000309,0.005533,0.002112,0.002112,0.001000,5
SENSOR_DATA,"[1,1]","[0,254]",,1,2602.081586,2602.081765,0.000179,0.005003,0.002112,0.002112,0.000600,3
SENSOR_DATA,"[33,1]","[0,254]",,1,2602.598748,2602.599067,0.000319,0.005543,0.002112,0.002112,0.001000,5
SENSOR_DATA,"[12,1]","[0,254]",,1,2602.787308,2602.787542,0.000234,0.005258,0.002112,0.002112,0.000800,4
SENSOR_DATA,"[0,2]","[0,254]",,1,2604.741474,2604.741564,0.000090,0.004714,0.002112,0.002112,0.000400,2
SENSOR_DATA,"[12,3]","[0,254]",,1,2606.965071,2606.965310,0.000239,0.005263,0.002112,0.002112,0.000800,4
SENSOR_DATA,"[0,1]","[0,254]",,1,2606.999538,2606.999617,0.000079,0.004703,0.002112,0.002112,0.000400,2
SENSOR_DATA,"[0,3]","[0,254]",,1,2607.907825,2607.907891,0.000066,0.004690,0.002112,0.002112,0.000400,2
SENSOR_DATA,"[12,4]","[0,254]",,1,2607.907773,2607.907899,0.000125,0.004949,0.002112,0.002112,0.000600,3
SENSOR_DATA,"[3,1]","[0,254]",,1,2608.527649,2608.527781,0.000132,0.004956,0.002112,0.002112,0.000600,3
SENSOR_DATA,"[12,2]","[0,254]",,1,2608.607701,2608.607863,0.000162,0.004986,0.002112,0.002112,0.000600,3
SENSOR_DATA,"[24,1]","[0,254]",,1,2610.598362,2610.598671,0.000309,0.005533,0.002112,0.002112,0.001000,5
SENSOR_DATA,"[1,1]","[0,254]",,1,2612.081586,2612.081765,0.000179,0.005003,0.002112,0.002112,0.000600,3
SENSOR_DATA,"[33,1]","[0,254]",,1,2612.598748,2612.599067,0.000319,0.005543,0.002112,0.002112,0.001000,5
SENSOR_DATA,"[12,1]","[0,254]",,1,2612.787308,2612.787542,0.000234,0.005258,0.002112,0.002112,0.000800,4
SENSOR_DATA,"[0,2]","[0,254]",,1,2614.741474,2614.741564,0.000090,0.004714,0.002112,0.002112,0.000400,2
SENSOR_DATA,"[12,3]","[0,254]",,1,2616.965071,2616.965310,0.000239,0.005263,0.002112,0.002112,0.000800,4
SENSOR_DATA,"[0,1]","[0,254]",,1,2616.999538,2616.999617,0.000079,0.004703,0.002112,0.002112,0.000400,2
SENSOR_DATA,"[0,3]","[0,254]",,1,2617.907825,2617.907891,0.000066,0.004690,0.002112,0.002112,0.000400,2
SENSOR_DATA,"[12,4]","[0,254]",,1,2617.907773,2617.907899,0.000125,0.004949,0.002112,0.002112,0.000600,3
SENSOR_DATA,"[3,1]","[0,254]",,1,2618.527649,2618.527781,0.000132,0.004956,0.002112,0.002112,0.000600,3
SENSOR_DATA,"[12,2]","[0,254]",,1,2618.607701,2618.607863,0.000162,0.004986,0.002112,0.002112,0.000600,3
SENSOR_DATA,"[24,1]","[0,254]",,1,2620.598362,2620.598671,0.000309,0.005533,0.002112,0.002112,0.001000,5
SENSOR_DATA,"[1,1]","[0,254]",,1,2622.081586,2622.081765,0.000179,0.005003,0.002112,0.002112,0.000600,3
SENSOR_DATA,"[33,1]","[0,254]",,1,2622.598748,2622.599067,0.000319,0.005543,0.002112,0.002112,0.001000,5
SENSOR_DATA,"[12,1]","[0,254]",,1,2622.787308,2622.787542,0.000234,0.005258,0.002112,0.002112,0.000800,4
SENSOR_DATA,"[0,2]","[0,254]",,1,2624.741474,2624.741564,0.000090,0.004714,0.002112,0.002112,0.000400,2
SENSOR_DATA,"[12,3]","[0,254]",,1,2626.965071,2626.965310,0.000239,0.005263,0.002112,0.002112,0.000800,4
SENSOR_DATA,"[0,1]","[0,254]",,1,2626.999538,2626.999617,0.000079,0.004703,0.002112,0.002112,0.000400,2
SENSOR_DATA,"[0,3]","[0,254]",,1,2627.907825,2627.907891,0.000066,0.004690,0.002112,0.002112,0.000400,2
SENSOR_DATA,"[12,4]","[0,254]",,1,2627.907773,2627.907899,0.000125,0.004949,0.002112,0.002112,0.000600,3
SENSOR_DATA,"[3,1]","[0,254]",,1,2628.527649,2628.527781,0.000132,0.004956,0.002112,0.002112,0.000600,3
SENSOR_DATA,"[12,2]","[0,254]",,1,2628.607701,2628.607863,0.000162,0.004986,0.002112,0.002112,0.000600,3
SENSOR_DATA,"[24,1]","[0,254]",,1,2630.598362,2630.598671,0.000309,0.005533,0.002112,0.002112,0.001000,5
SENSOR_DATA,"[1,1]","[0,254]",,1,2632.081586,2632.081765,0.000179,0.005003,0.002112,0.002112,0.000600,3
SENSOR_DATA,"[33,1]","[0,254]",,1,2632.598748,2632.599067,0.000319,0.005543,0.002112,0.002112,0.001000,5
SENSOR_DATA,"[12,1]","[0,254]",,1,2632.787308,2632.787542,0.000234,0.005258,0.002112,0.002112,0.000800,4
SENSOR_DATA,"[0,2]","[0,254]",,1,2634.741474,2634.741564,0.000090,0.004714,0.002112,0.002112,0.000400,2
SENSOR_DATA,"[12,3]","[0,254]",,1,2636.965071,2636.965310,0.000239,0.005263,0.002112,0.002112,0.000800,4
SENSOR_DATA,"[0,1]","[0,254]",,1,2636.999538,2636.999617,0.000079,0.004703,0.002112,0.002112,0.000400,2
SENSOR_DATA,"[0,3]","[0,254]",,1,2637.907825,2637.907891,0.000066,0.004690,0.002112,0.002112,0.000400,2
SENSOR_DATA,"[12,4]","[0,254]",,1,2637.907773,2637.907899,0.000125,0.004949,0.002112,0.002112,0.000600,3
SENSOR_DATA,"[3,1]","[0,254]",,1,2638.527649,2638.527781,0.000132,0.004956,0.002112,0.002112,0.000600,3
SENSOR_DATA,"[12,2]","[0,254]",,1,2638.607701,2638.607863,0.000162,0.004986,0.002112,0.002112,0.000600,3
SENSOR_DATA,"[24,1]","[0,254]",,1,2640.598362,2640.598671,0.000309,0.005533,0.002112,0.002112,0.001000,5
SENSOR_DATA,"[1,1]","[0,254]",,1,2642.081586,2642.081765,0.000179,0.005003,0.002112,0.002112,0.000600,3
SENSOR_DATA,"[33,1]","[0,254]",,1,2642.598748,2642.599067,0.000319,0.005543,0.002112,0.002112,0.001000,5
SENSOR_DATA,"[12,1]","[0,254]",,1,2642.787308,2642.787542,0.000234,0.005258,0.002112,0.002112,0.000800,4
SENSOR_DATA,"[0,2]","[0,254]",,1,2644.741474,2644.741564,0.000090,0.004714,0.002112,0.002112,0.000400,2
SENSOR_DATA,"[12,3]","[0,254]",,1,2646.965071,2646.965310,0.000239,0.005263,0.002112,0.002112,0.000800,4
SENSOR_DATA,"[0,1]","[0,254]",,1,2646.999538,2646.999617,0.000079,0.004703,0.002112,0.002112,0.000400,2
SENSOR_DATA,"[0,3]","[0,254]",,1,2647.907825,2647.907891,0.000066,0.004690,0.002112,0.002112,0.000400,2
SENSOR_DATA,"[12,4]","[0,254]",,1,2647.907773,2647.907899,0.000125,0.004949,0.002112,0.002112,0.000600,3
SENSOR_DATA,"[3,1]","[0,254]",,1,2648.527649,2648.527781,0.000132,0.004956,0.002112,0.002112,0.000600,3
SENSOR_DATA,"[12,2]","[0,254]",,1,2648.607701,2648.607863,0.000162,0.004986,0.002112,0.002112,0.000600,3
SENSOR_DATA,"[24,1]","[0,254]",,1,2650.598362,2650.598671,0.000309,0.005533,0.002112,0.002112,0.001000,5
SENSOR_DATA,"[1,1]","[0,254]",,1,2652.081586,2652.081765,0.000179,0.005003,0.002112,0.002112,0.000600,3
SENSOR_DATA,"[33,1]","[0,254]",,1,2652.598748,2652.599067,0.000319,0.005543,0.002112,0.002112,0.001000,5
SENSOR_DATA,"[12,1]","[0,254]",,1,2652.787308,2652.787542,0.000234,0.005258,0.002112,0.002112,0.000800,4
SENSOR_DATA,"[0,2]","[0,254]",,1,2654.741474,2654.741564,0.000090,0.004714,0.002112,0.002112,0.000400,2
SENSOR_DATA,"[12,3]","[0,254]",,1,2656.965071,2656.965310,0.000239,0.005263,0.002112,0.002112,0.000800,4
SENSOR_DATA,"[0,1]","[0,254]",,1,2656.999538,2656.999617,0.000079,0.004703,0.002112,0.002112,0.000400,2
SENSOR_DATA,"[0,3]","[0,254]",,1,2657.907825,2657.907891,0.000066,0.004690,0.002112,0.002112,0.000400,2
SENSOR_DATA,"[12,4]","[0,254]",,1,2657.907773,2657.907899,0.000125,0.004949,0.002112,0.002112,0.000600,3
SENSOR_DATA,"[3,1]","[0,254]",,1,2658.527649,2658.527781,0.000132,0.004956,0.002112,0.002112,0.000600,3
SENSOR_DATA,"[12,2]","[0,254]",,1,2658.607701,2658.607863,0.000162,0.004986,0.002112,0.002112,0.000600,3
SENSOR_DATA,"[24,1]","[0,254]",,1,2660.598362,2660.598671,0.000309,0.005533,0.002112,0.002112,0.001000,5
SENSOR_DATA,"[1,1]","[0,254]",,1,2662.081586,2662.081765,0.000179,0.005003,0.002112,0.002112,0.000600,3
SENSOR_DATA,"[33,1]","[0,254]",,1,2662.598748,2662.599067,0.000319,0.005543,0.002112,0.002112,0.001000,5
SENSOR_DATA,"[12,1]","[0,254]",,1,2662.787308,2662.787542,0.000234,0.005258,0.002112,0.002112,0.000800,4
SENSOR_DATA,"[0,2]","[0,254]",,1,2664.741474,2664.741564,0.000090,0.004714,0.002112,0.002112,0.000400,2
SENSOR_DATA,"[12,3]","[0,254]",,1,2666.965071,2666.965310,0.000239,0.005263,0.002112,0.002112,0.000800,4
SENSOR_DATA,"[0,1]","[0,254]",,1,2666.999538,2666.999617,0.000079,0.004703,0.002112,0.002112,0.000400,2
SENSOR_DATA,"[0,3]","[0,254]",,1,2667.907825,2667.907891,0.000066,0.004690,0.002112,0.002112,0.000400,2
SENSOR_DATA,"[12,4]","[0,254]",,1,2667.907773,2667.907899,0.000125,0.004949,0.002112,0.002112,0.000600,3
SENSOR_DATA,"[3,1]","[0,254]",,1,2668.527649,2668.527781,0.000132,0.004956,0.002112,0.002112,0.000600,3
SENSOR_DATA,"[12,2]","[0,254]",,1,2668.607701,2668.607863,0.000162,0.004986,0.002112,0.002112,0.000600,3
SENSOR_DATA,"[24,1]","[0,254]",,1,2670.598362,2670.598671,0.000309,0.005533,0.002112,0.002112,0.001000,5
SENSOR_DATA,"[1,1]","[0,254]",,1,2672.081586,2672.081765,0.000179,0.005003,0.002112,0.002112,0.000600,3
SENSOR_DATA,"[33,1]","[0,254]",,1,2672.598748,2672.599067,0.000319,0.005543,0.002112,0.002112,0.001000,5
SENSOR_DATA,"[12,1]","[0,254]",,1,2672.787308,2672.787542,0.000234,0.005258,0.002112,0.002112,0.000800,4
SENSOR_DATA,"[0,2]","[0,254]",,1,2674.741474,2674.741564,0.000090,0.004714,0.002112,0.002112,0.000400,2
SENSOR_DATA,"[12,3]","[0,254]",,1,2676.965071,2676.965310,0.000239,0.005263,0.002112,0.002112,0.000800,4
SENSOR_DATA,"[0,1]","[0,254]",,1,2676.999538,2676.999617,0.000079,0.004703,0.002112,0.002112,0.000400,2
SENSOR_DATA,"[0,3]","[0,254]",,1,2677.907825,2677.907891,0.000066,0.004690,0.002112,0.002112,0.000400,2
SENSOR_DATA,"[12,4]","[0,254]",,1,2677.907773,2677.907899,0.000125,0.004949,0.002112,0.002112,0.000600,3
SENSOR_DATA,"[3,1]","[0,254]",,1,2678.527649,2678.527781,0.000132,0.004956,0.002112,0.002112,0.000600,3
SENSOR_DATA,"[12,2]","[0,254]",,1,2678.607701,2678.607863,0.000162,0.004986,0.002112,0.002112,0.000600,3
SENSOR_DATA,"[24,1]","[0,254]",,1,2680.598362,2680.598671,0.000309,0.005533,0.002112,0.002112,0.001000,5
SENSOR_DATA,"[1,1]","[0,254]",,1,2682.081586,2682.081765,0.000179,0.005003,0.002112,0.002112,0.000600,3
SENSOR_DATA,"[33,1]","[0,254]",,1,2682.598748,2682.599067,0.000319,0.005543,0.002112,0.002112,0.001000,5
SENSOR_DATA,"[12,1]","[0,254]",,1,2682.787308,2682.787542,0.000234,0.005258,0.002112,0.002112,0.000800,4
SENSOR_DATA,"[0,2]","[0,254]",,1,2684.741474,2684.741564,0.000090,0.004714,0.002112,0.002112,0.000400,2
SENSOR_DATA,"[12,3]","[0,254]",,1,2686.965071,2686.965310,0.000239,0.005263,0.002112,0.002112,0.000800,4
SENSOR_DATA,"[0,1]","[0,254]",,1,2686.999538,2686.999617,0.000079,0.004703,0.002112,0.002112,0.000400,2
SENSOR_DATA,"[0,3]","[0,254]",,1,2687.907825,2687.907891,0.000066,0.004690,0.002112,0.002112,0.000400,2
SENSOR_DATA,"[12,4]","[0,254]",,1,2687.907773,2687.907899,0.000125,0.004949,0.002112,0.002112,0.000600,3
SENSOR_DATA,"[3,1]","[0,254]",,1,2688.527649,2688.527781,0.000132,0.004956,0.002112,0.002112,0.000600,3
SENSOR_DATA,"[12,2]","[0,254]",,1,2688.607701,2688.607863,0.000162,0.004986,0.002112,0.002112,0.000600,3
SENSOR_DATA,"[24,1]","[0,254]",,1,2690.598362,2690.598671,0.000309,0.005533,0.002112,0.002112,0.001000,5
SENSOR_DATA,"[1,1]","[0,254]",,1,2692.081586,2692.081765,0.000179,0.005003,0.002112,0.002112,0.000600,3
SENSOR_DATA,"[33,1]","[0,254]",,1,2692.598748,2692.599067,0.000319,0.005543,0.002112,0.002112,0.001000,5
SENSOR_DATA,"[12,1]","[0,254]",,1,2692.787308,2692.787542,0.000234,0.005258,0.002112,0.002112,0.000800,4
SENSOR_DATA,"[0,2]","[0,254]",,1,2694.741474,2694.741564,0.000090,0.004714,0.002112,0.002112,0.000400,2
SENSOR_DATA,"[12,3]","[0,254]",,1,2696.965071,2696.965310,0.000239,0.005263,0.002112,0.002112,0.000800,4
SENSOR_DATA,"[0,1]","[0,254]",,1,2696.999538,2696.999617,0.000079,0.004703,0.002112,0.002112,0.000400,2
SENSOR_DATA,"[0,3]","[0,254]",,1,2697.907825,2697.907891,0.000066,0.004690,0.002112,0.002112,0.000400,2
SENSOR_DATA,"[12,4]","[0,254]",,1,2697.907773,2697.907899,0.000125,0.004949,0.002112,0.002112,0.000600,3
SENSOR_DATA,"[3,1]","[0,254]",,1,2698.527649,2698.527781,0.000132,0.004956,0.002112,0.002112,0.000600,3
SENSOR_DATA,"[12,2]","[0,254]",,1,2698.607701,2698.607863,0.000162,0.004986,0.002112,0.002112,0.000600,3
SENSOR_DATA,"[24,1]","[0,254]",,1,2700.598362,2700.598671,0.000309,0.005533,0.002112,0.002112,0.001000,5
SENSOR_DATA,"[1,1]","[0,254]",,1,2702.081586,2702.081765,0.000179,0.005003,0.002112,0.002112,0.000600,3
SENSOR_DATA,"[33,1]","[0,254]",,1,2702.598748,2702.599067,0.000319,0.005543,0.002112,0.002112,0.001000,5
SENSOR_DATA,"[12,1]","[0,254]",,1,2702.787308,2702.787542,0.000234,0.005258,0.002112,0.002112,0.000800,4
SENSOR_DATA,"[0,2]","[0,254]",,1,2704.741474,2704.741564,0.000090,0.004714,0.002112,0.002112,0.000400,2
SENSOR_DATA,"[12,3]","[0,254]",,1,2706.965071,2706.965310,0.000239,0.005263,0.002112,0.002112,0.000800,4
SENSOR_DATA,"[0,1]","[0,254]",,1,2706.999538,2706.999617,0.000079,0.004703,0.002112,0.002112,0.000400,2
SENSOR_DATA,"[0,3]","[0,254]",,1,2707.907825,2707.907891,0.000066,0.004690,0.002112,0.002112,0.000400,2
SENSOR_DATA,"[12,4]","[0,254]",,1,2707.907773,2707.907899,0.000125,0.004949,0.002112,0.002112,0.000600,3
SENSOR_DATA,"[3,1]","[0,254]",,1,2708.527649,2708.527781,0.000132,0.004956,0.002112,0.002112,0.000600,3
SENSOR_DATA,"[12,2]","[0,254]",,1,2708.607701,2708.607863,0.000162,0.004986,0.002112,0.002112,0.000600,3
SENSOR_DATA,"[24,1]","[0,254]",,1,2710.598362,2710.598671,0.000309,0.005533,0.002112,0.002112,0.001000,5
SENSOR_DATA,"[1,1]","[0,254]",,1,2712.081586,2712.081765,0.000179,0.005003,0.002112,0.002112,0.000600,3
SENSOR_DATA,"[33,1]","[0,254]",,1,2712.598748,2712.599067,0.000319,0.005543,0.002112,0.002112,0.001000,5
SENSOR_DATA,"[12,1]","[0,254]",,1,2712.787308,2712.787542,0.000234,0.005258,0.002112,0.002112,0.000800,4
SENSOR_DATA,"[0,2]","[0,254]",,1,2714.741474,2714.741564,0.000090,0.004714,0.002112,0.002112,0.000400,2
SENSOR_DATA,"[12,3]","[0,254]",,1,2716.965071,2716.965310,0.000239,0.005263,0.002112,0.002112,0.000800,4
SENSOR_DATA,"[0,1]","[0,254]",,1,2716.999538,2716.999617,0.000079,0.004703,0.002112,0.002112,0.000400,2
SENSOR_DATA,"[0,3]","[0,254]",,1,2717.907825,2717.907891,0.000066,0.004690,0.002112,0.002112,0.000400,2
SENSOR_DATA,"[12,4]","[0,254]",,1,2717.907773,2717.907899,0.000125,0.004949,0.002112,0.002112,0.000600,3
SENSOR_DATA,"[3,1]","[0,254]",,1,2718.527649,2718.527781,0.000132,0.004956,0.002112,0.002112,0.000600,3
SENSOR_DATA,"[12,2]","[0,254]",,1,2718.607701,2718.607863,0.000162,0.004986,0.002112,0.002112,0.000600,3
SENSOR_DATA,"[24,1]","[0,254]",,1,2720.598362,2720.598671,0.000309,0.005533,0.002112,0.002112,0.001000,5
SENSOR_DATA,"[1,1]","[0,254]",,1,2722.081586,2722.081765,0.000179,0.005003,0.002112,0.002112,0.000600,3
SENSOR_DATA,"[33,1]","[0,254]",,1,2722.598748,2722.599067,0.000319,0.005543,0.002112,0.002112,0.001000,5
SENSOR_DATA,"[12,1]","[0,254]",,1,2722.787308,2722.787542,0.000234,0.005258,0.002112,0.002112,0.000800,4
SENSOR_DATA,"[0,2]","[0,254]",,1,2724.741474,2724.741564,0.000090,0.004714,0.002112,0.002112,0.000400,2
SENSOR_DATA,"[12,3]","[0,254]",,1,2726.965071,2726.965310,0.000239,0.005263,0.002112,0.002112,0.000800,4
SENSOR_DATA,"[0,1]","[0,254]",,1,2726.999538,2726.999617,0.000079,0.004703,0.002112,0.002112,0.000400,2
SENSOR_DATA,"[0,3]","[0,254]",,1,2727.907825,2727.907891,0.000066,0.004690,0.002112,0.002112,0.000400,2
SENSOR_DATA,"[12,4]","[0,254]",,1,2727.907773,2727.907899,0.000125,0.004949,0.002112,0.002112,0.000600,3
SENSOR_DATA,"[3,1]","[0,254]",,1,2728.527649,2728.527781,0.000132,0.004956,0.002112,0.002112,0.000600,3
SENSOR_DATA,"[12,2]","[0,254]",,1,2728.607701,2728.607863,0.000162,0.004986,0.002112,0.002112,0.000600,3
SENSOR_DATA,"[24,1]","[0,254]",,1,2730.598362,2730.598671,0.000309,0.005533,0.002112,0.002112,0.001000,5
SENSOR_DATA,"[1,1]","[0,254]",,1,2732.081586,2732.081765,0.000179,0.005003,0.002112,0.002112,0.000600,3
SENSOR_DATA,"[33,1]","[0,254]",,1,2732.598748,2732.599067,0.000319,0.005543,0.002112,0.002112,0.001000,5
SENSOR_DATA,"[12,1]","[0,254]",,1,2732.787308,2732.787542,0.000234,0.005258,0.002112,0.002112,0.000800,4
SENSOR_DATA,"[0,2]","[0,254]",,1,2734.741474,2734.741564,0.000090,0.004714,0.002112,0.002112,0.000400,2
SENSOR_DATA,"[12,3]","[0,254]",,1,2736.965071,2736.965310,0.000239,0.005263,0.002112,0.002112,0.000800,4
SENSOR_DATA,"[0,1]","[0,254]",,1,2736.999538,2736.999617,0.000079,0.004703,0.002112,0.002112,0.000400,2
SENSOR_DATA,"[0,3]","[0,254]",,1,2737.907825,2737.907891,0.000066,0.004690,0.002112,0.002112,0.000400,2
SENSOR_DATA,"[12,4]","[0,254]",,1,2737.907773,2737.907899,0.000125,0.004949,0.002112,0.002112,0.000600,3
SENSOR_DATA,"[3,1]","[0,254]",,1,2738.527649,2738.527781,0.000132,0.004956,0.002112,0.002112,0.000600,3
SENSOR_DATA,"[12,2]","[0,254]",,1,2738.607701,2738.607863,0.000162,0.004986,0.002112,0.002112,0.000600,3
SENSOR_DATA,"[24,1]","[0,254]",,1,2740.598362,2740.598671,0.000309,0.005533,0.002112,0.002112,0.001000,5
SENSOR_DATA,"[1,1]","[0,254]",,1,2742.081586,2742.081765,0.000179,0.005003,0.002112,0.002112,0.000600,3
SENSOR_DATA,"[33,1]","[0,254]",,1,2742.598748,2742.599067,0.000319,0.005543,0.002112,0.002112,0.001000,5
SENSOR_DATA,"[12,1]","[0,254]",,1,2742.787308,2742.787542,0.000234,0.005258,0.002112,0.002112,0.000800,4
SENSOR_DATA,"[0,2]","[0,254]",,1,2744.741474,2744.741564,0.000090,0.004714,0.002112,0.002112,0.000400,2
SENSOR_DATA,"[12,3]","[0,254]",,1,2746.965071,2746.965310,0.000239,0.005263,0.002112,0.002112,0.000800,4
SENSOR_DATA,"[0,1]","[0,254]",,1,2746.999538,2746.999617,0.000079,0.004703,0.002112,0.002112,0.000400,2
SENSOR_DATA,"[0,3]","[0,254]",,1,2747.907825,2747.907891,0.000066,0.004690,0.002112,0.002112,0.000400,2
SENSOR_DATA,"[12,4]","[0,254]",,1,2747.907773,2747.907899,0.000125,0.004949,0.002112,0.002112,0.000600,3
SENSOR_DATA,"[3,1]","[0,254]",,1,2748.527649,2748.527781,0.000132,0.004956,0.002112,0.002112,0.000600,3
SENSOR_DATA,"[12,2]","[0,254]",,1,2748.607701,2748.607863,0.000162,0.004986,0.002112,0.002112,0.000600,3
SENSOR_DATA,"[24,1]","[0,254]",,1,2750.598362,2750.598671,0.000309,0.005533,0.002112,0.002112,0.001000,5
SENSOR_DATA,"[1,1]","[0,254]",,1,2752.081586,2752.081765,0.000179,0.005003,0.002112,0.002112,0.000600,3
SENSOR_DATA,"[33,1]","[0,254]",,1,2752.598748,2752.599067,0.000319,0.005543,0.002112,0.002112,0.001000,5
SENSOR_DATA,"[12,1]","[0,254]",,1,2752.787308,2752.787542,0.000234,0.005258,0.002112,0.002112,0.000800,4
SENSOR_DATA,"[0,2]","[0,254]",,1,2754.741474,2754.741564,0.000090,0.004714,0.002112,0.002112,0.000400,2
SENSOR_DATA,"[12,3]","[0,254]",,1,2756.965071,2756.965310,0.000239,0.005263,0.002112,0.002112,0.000800,4
SENSOR_DATA,"[0,1]","[0,254]",,1,2756.999538,2756.999617,0.000079,0.004703,0.002112,0.002112,0.000400,2
SENSOR_DATA,"[0,3]","[0,254]",,1,2757.907825,2757.907891,0.000066,0.004690,0.002112,0.002112,0.000400,2
SENSOR_DATA,"[12,4]","[0,254]",,1,2757.907773,2757.907899,0.000125,0.004949,0.002112,0.002112,0.000600,3
SENSOR_DATA,"[3,1]","[0,254]",,1,2758.527649,2758.527781,0.000132,0.004956,0.002112,0.002112,0.000600,3
SENSOR_DATA,"[12,2]","[0,254]",,1,2758.607701,2758.607863,0.000162,0.004986,0.002112,0.002112,0.000600,3
SENSOR_DATA,"[24,1]","[0,254]",,1,2760.598362,2760.598671,0.000309,0.005533,0.002112,0.002112,0.001000,5
SENSOR_DATA,"[1,1]","[0,254]",,1,2762.081586,2762.081765,0.000179,0.005003,0.002112,0.002112,0.000600,3
SENSOR_DATA,"[33,1]","[0,254]",,1,2762.598748,2762.599067,0.000319,0.005543,0.002112,0.002112,0.001000,5
SENSOR_DATA,"[12,1]","[0,254]",,1,2762.787308,2762.787542,0.000234,0.005258,0.002112,0.002112,0.000800,4
SENSOR_DATA,"[0,2]","[0,254]",,1,2764.741474,2764.741564,0.000090,0.004714,0.002112,0.002112,0.000400,2
SENSOR_DATA,"[12,3]","[0,254]",,1,2766.965071,2766.965310,0.000239,0.005263,0.002112,0.002112,0.000800,4
SENSOR_DATA,"[0,1]","[0,254]",,1,2766.999538,2766.999617,0.000079,0.004703,0.002112,0.002112,0.000400,2
SENSOR_DATA,"[0,3]","[0,254]",,1,2767.907825,2767.907891,0.000066,0.004690,0.002112,0.002112,0.000400,2
SENSOR_DATA,"[12,4]","[0,254]",,1,2767.907773,2767.907899,0.000125,0.004949,0.002112,0.002112,0.000600,3
SENSOR_DATA,"[3,1]","[0,254]",,1,2768.527649,2768.527781,0.000132,0.004956,0.002112,0.002112,0.000600,3
SENSOR_DATA,"[12,2]","[0,254]",,1,2768.607701,2768.607863,0.000162,0.004986,0.002112,0.002112,0.000600,3
SENSOR_DATA,"[24,1]","[0,254]",,1,2770.598362,2770.598671,0.000309,0.005533,0.002112,0.002112,0.001000,5
SENSOR_DATA,"[1,1]","[0,254]",,1,2772.081586,2772.081765,0.000179,0.005003,0.002112,0.002112,0.000600,3
SENSOR_DATA,"[33,1]","[0,254]",,1,2772.598748,2772.599067,0.000319,0.005543,0.002112,0.002112,0.001000,5
SENSOR_DATA,"[12,1]","[0,254]",,1,2772.787308,2772.787542,0.000234,0.005258,0.002112,0.002112,0.000800,4
SENSOR_DATA,"[0,2]","[0,254]",,1,2774.741474,2774.741564,0.000090,0.004714,0.002112,0.002112,0.000400,2
SENSOR_DATA,"[12,3]","[0,254]",,1,2776.965071,2776.965310,0.000239,0.005263,0.002112,0.002112,0.000800,4
SENSOR_DATA,"[0,1]","[0,254]",,1,2776.999538,2776.999617,0.000079,0.004703,0.002112,0.002112,0.000400,2
SENSOR_DATA,"[0,3]","[0,254]",,1,2777.907825,2777.907891,0.000066,0.004690,0.002112,0.002112,0.000400,2
SENSOR_DATA,"[12,4]","[0,254]",,1,2777.907773,2777.907899,0.000125,0.004949,0.002112,0.002112,0.000600,3
SENSOR_DATA,"[3,1]","[0,254]",,1,2778.527649,2778.527781,0.000132,0.004956,0.002112,0.002112,0.000600,3
SENSOR_DATA,"[12,2]","[0,254]",,1,2778.607701,2778.607863,0.000162,0.004986,0.002112,0.002112,0.000600,3
SENSOR_DATA,"[24,1]","[0,254]",,1,2780.598362,2780.598671,0.000309,0.005533,0.002112,0.002112,0.001000,5
SENSOR_DATA,"[1,1]","[0,254]",,1,2782.081586,2782.081765,0.000179,0.005003,0.002112,0.002112,0.000600,3
SENSOR_DATA,"[33,1]","[0,254]",,1,2782.598748,2782.599067,0.000319,0.005543,0.002112,0.002112,0.001000,5
SENSOR_DATA,"[12,1]","[0,254]",,1,2782.787308,2782.787542,0.000234,0.005258,0.002112,0.002112,0.000800,4
SENSOR_DATA,"[0,2]","[0,254]",,1,2784.741474,2784.741564,0.000090,0.004714,0.002112,0.002112,0.000400,2
SENSOR_DATA,"[12,3]","[0,254]",,1,2786.965071,2786.965310,0.000239,0.005263,0.002112,0.002112,0.000800,4
SENSOR_DATA,"[0,1]","[0,254]",,1,2786.999538,2786.999617,0.000079,0.004703,0.002112,0.002112,0.000400,2
SENSOR_DATA,"[0,3]","[0,254]",,1,2787.907825,2787.907891,0.000066,0.004690,0.002112,0.002112,0.000400,2
SENSOR_DATA,"[12,4]","[0,254]",,1,2787.907773,2787.907899,0.000125,0.004949,0.002112,0.002112,0.000600,3
SENSOR_DATA,"[3,1]","[0,254]",,1,2788.527649,2788.527781,0.000132,0.004956,0.002112,0.002112,0.000600,3
SENSOR_DATA,"[12,2]","[0,254]",,1,2788.607701,2788.607863,0.000162,0.004986,0.002112,0.002112,0.000600,3
SENSOR_DATA,"[24,1]","[0,254]",,1,2790.598362,2790.598671,0.000309,0.005533,0.002112,0.002112,0.001000,5
SENSOR_DATA,"[1,1]","[0,254]",,1,2792.081586,2792.081765,0.000179,0.005003,0.002112,0.002112,0.000600,3
SENSOR_DATA,"[33,1]","[0,254]",,1,2792.598748,2792.599067,0.000319,0.005543,0.002112,0.002112,0.001000,5
SENSOR_DATA,"[12,1]","[0,254]",,1,2792.787308,2792.787542,0.000234,0.005258,0.002112,0.002112,0.000800,4
SENSOR_DATA,"[0,2]","[0,254]",,1,2794.741474,2794.741564,0.000090,0.004714,0.002112,0.002112,0.000400,2
SENSOR_DATA,"[12,3]","[0,254]",,1,2796.965071,2796.965310,0.000239,0.005263,0.002112,0.002112,0.000800,4
SENSOR_DATA,"[0,1]","[0,254]",,1,2796.999538,2796.999617,0.000079,0.004703,0.002112,0.002112,0.000400,2
SENSOR_DATA,"[0,3]","[0,254]",,1,2797.907825,2797.907891,0.000066,0.004690,0.002112,0.002112,0.000400,2
SENSOR_DATA,"[12,4]","[0,254]",,1,2797.907773,2797.907899,0.000125,0.004949,0.002112,0.002112,0.000600,3
SENSOR_DATA,"[3,1]","[0,254]",,1,2798.527649,2798.527781,0.000132,0.004956,0.002112,0.002112,0.000600,3
SENSOR_DATA,"[12,2]","[0,254]",,1,2798.607701,2798.607863,0.000162,0.004986,0.002112,0.002112,0.000600,3
SENSOR_DATA,"[24,1]","[0,254]",,1,2800.598362,2800.598671,0.000309,0.005533,0.002112,0.002112,0.001000,5
SENSOR_DATA,"[1,1]","[0,254]",,1,2802.081586,2802.081765,0.000179,0.005003,0.002112,0.002112,0.000600,3
SENSOR_DATA,"[33,1]","[0,254]",,1,2802.598748,2802.599067,0.000319,0.005543,0.002112,0.002112,0.001000,5
SENSOR_DATA,"[12,1]","[0,254]",,1,2802.787308,2802.787542,0.000234,0.005258,0.002112,0.002112,0.000800,4
SENSOR_DATA,"[0,2]","[0,254]",,1,2804.741474,2804.741564,0.000090,0.004714,0.002112,0.002112,0.000400,2
SENSOR_DATA,"[12,3]","[0,254]",,1,2806.965071,2806.965310,0.000239,0.005263,0.002112,0.002112,0.000800,4
SENSOR_DATA,"[0,1]","[0,254]",,1,2806.999538,2806.999617,0.000079,0.004703,0.002112,0.002112,0.000400,2
SENSOR_DATA,"[0,3]","[0,254]",,1,2807.907825,2807.907891,0.000066,0.004690,0.002112,0.002112,0.000400,2
SENSOR_DATA,"[12,4]","[0,254]",,1,2807.907773,2807.907899,0.000125,0.004949,0.002112,0.002112,0.000600,3
SENSOR_DATA,"[3,1]","[0,254]",,1,2808.527649,2808.527781,0.000132,0.004956,0.002112,0.002112,0.000600,3
SENSOR_DATA,"[12,2]","[0,254]",,1,2808.607701,2808.607863,0.000162,0.004986,0.002112,0.002112,0.000600,3
SENSOR_DATA,"[24,1]","[0,254]",,1,2810.598362,2810.598671,0.000309,0.005533,0.002112,0.002112,0.001000,5
SENSOR_DATA,"[1,1]","[0,254]",,1,2812.081586,2812.081765,0.000179,0.005003,0.002112,0.002112,0.000600,3
SENSOR_DATA,"[33,1]","[0,254]",,1,2812.598748,2812.599067,0.000319,0.005543,0.002112,0.002112,0.001000,5
SENSOR_DATA,"[12,1]","[0,254]",,1,2812.787308,2812.787542,0.000234,0.005258,0.002112,0.002112,0.000800,4
SENSOR_DATA,"[0,2]","[0,254]",,1,2814.741474,2814.741564,0.000090,0.004714,0.002112,0.002112,0.000400,2
SENSOR_DATA,"[12,3]","[0,254]",,1,2816.965071,2816.965310,0.000239,0.005263,0.002112,0.002112,0.000800,4
SENSOR_DATA,"[0,1]","[0,254]",,1,2816.999538,2816.999617,0.000079,0.004703,0.002112,0.002112,0.000400,2
SENSOR_DATA,"[0,3]","[0,254]",,1,2817.907825,2817.907891,0.000066,0.004690,0.002112,0.002112,0.000400,2
SENSOR_DATA,"[12,4]","[0,254]",,1,2817.907773,2817.907899,0.000125,0.004949,0.002112,0.002112,0.000600,3
SENSOR_DATA,"[3,1]","[0,254]",,1,2818.527649,2818.527781,0.000132,0.004956,0.002112,0.002112,0.000600,3
SENSOR_DATA,"[12,2]","[0,254]",,1,2818.607701,2818.607863,0.000162,0.004986,0.002112,0.002112,0.000600,3
SENSOR_DATA,"[24,1]","[0,254]",,1,2820.598362,2820.598671,0.000309,0.005533,0.002112,0.002112,0.001000,5
SENSOR_DATA,"[1,1]","[0,254]",,1,2822.081586,2822.081765,0.000179,0.005003,0.002112,0.002112,0.000600,3
SENSOR_DATA,"[33,1]","[0,254]",,1,2822.598748,2822.599067,0.000319,0.005543,0.002112,0.002112,0.001000,5
SENSOR_DATA,"[12,1]","[0,254]",,1,2822.787308,2822.787542,0.000234,0.005258,0.002112,0.002112,0.000800,4
SENSOR_DATA,"[0,2]","[0,254]",,1,2824.741474,2824.741564,0.000090,0.004714,0.002112,0.002112,0.000400,2
SENSOR_DATA,"[12,3]","[0,254]",,1,2826.965071,2826.965310,0.000239,0.005263,0.002112,0.002112,0.000800,4
SENSOR_DATA,"[0,1]","[0,254]",,1,2826.999538,2826.999617,0.000079,0.004703,0.002112,0.002112,0.000400,2
SENSOR_DATA,"[0,3]","[0,254]",,1,2827.907825,2827.907891,0.000066,0.004690,0.002112,0.002112,0.000400,2
SENSOR_DATA,"[12,4]","[0,254]",,1,2827.907773,2827.907899,0.000125,0.004949,0.002112,0.002112,0.000600,3
SENSOR_DATA,"[3,1]","[0,254]",,1,2828.527649,2828.527781,0.000132,0.004956,0.002112,0.002112,0.000600,3
SENSOR_DATA,"[12,2]","[0,254]",,1,2828.607701,2828.607863,0.000162,0.004986,0.002112,0.002112,0.000600,3
SENSOR_DATA,"[24,1]","[0,254]",,1,2830.598362,2830.598671,0.000309,0.005533,0.002112,0.002112,0.001000,5
SENSOR_DATA,"[1,1]","[0,254]",,1,2832.081586,2832.081765,0.000179,0.005003,0.002112,0.002112,0.000600,3
SENSOR_DATA,"[33,1]","[0,254]",,1,2832.598748,2832.599067,0.000319,0.005543,0.002112,0.002112,0.001000,5
SENSOR_DATA,"[12,1]","[0,254]",,1,2832.787308,2832.787542,0.000234,0.005258,0.002112,0.002112,0.000800,4
SENSOR_DATA,"[0,2]","[0,254]",,1,2834.741474,2834.741564,0.000090,0.004714,0.002112,0.002112,0.000400,2
SENSOR_DATA,"[12,3]","[0,254]",,1,2836.965071,2836.965310,0.000239,0.005263,0.002112,0.002112,0.000800,4
SENSOR_DATA,"[0,1]","[0,254]",,1,2836.999538,2836.999617,0.000079,0.004703,0.002112,0.002112,0.000400,2
SENSOR_DATA,"[0,3]","[0,254]",,1,2837.907825,2837.907891,0.000066,0.004690,0.002112,0.002112,0.000400,2
SENSOR_DATA,"[12,4]","[0,254]",,1,2837.907773,2837.907899,0.000125,0.004949,0.002112,0.002112,0.000600,3
SENSOR_DATA,"[3,1]","[0,254]",,1,2838.527649,2838.527781,0.000132,0.004956,0.002112,0.002112,0.000600,3
SENSOR_DATA,"[12,2]","[0,254]",,1,2838.607701,2838.607863,0.000162,0.004986,0.002112,0.002112,0.000600,3
SENSOR_DATA,"[24,1]","[0,254]",,1,2840.598362,2840.598671,0.000309,0.005533,0.002112,0.002112,0.001000,5
SENSOR_DATA,"[1,1]","[0,254]",,1,2842.081586,2842.081765,0.000179,0.005003,0.002112,0.002112,0.000600,3
SENSOR_DATA,"[33,1]","[0,254]",,1,2842.598748,2842.599067,0.000319,0.005543,0.002112,0.002112,0.001000,5
SENSOR_DATA,"[12,1]","[0,254]",,1,2842.787308,2842.787542,0.000234,0.005258,0.002112,0.002112,0.000800,4
SENSOR_DATA,"[0,2]","[0,254]",,1,2844.741474,2844.741564,0.000090,0.004714,0.002112,0.002112,0.000400,2
SENSOR_DATA,"[12,3]","[0,254]",,1,2846.965071,2846.965310,0.000239,0.005263,0.002112,0.002112,0.000800,4
SENSOR_DATA,"[0,1]","[0,254]",,1,2846.999538,2846.999617,0.000079,0.004703,0.002112,0.002112,0.000400,2
SENSOR_DATA,"[0,3]","[0,254]",,1,2847.907825,2847.907891,0.000066,0.004690,0.002112,0.002112,0.000400,2
SENSOR_DATA,"[12,4]","[0,254]",,1,2847.907773,2847.907899,0.000125,0.004949,0.002112,0.002112,0.000600,3
SENSOR_DATA,"[3,1]","[0,254]",,1,2848.527649,2848.527781,0.000132,0.004956,0.002112,0.002112,0.000600,3
SENSOR_DATA,"[12,2]","[0,254]",,1,2848.607701,2848.607863,0.000162,0.004986,0.002112,0.002112,0.000600,3
SENSOR_DATA,"[24,1]","[0,254]",,1,2850.598362,2850.598671,0.000309,0.005533,0.002112,0.002112,0.001000,5
SENSOR_DATA,"[1,1]","[0,254]",,1,2852.081586,2852.081765,0.000179,0.005003,0.002112,0.002112,0.000600,3
SENSOR_DATA,"[33,1]","[0,254]",,1,2852.598748,2852.599067,0.000319,0.005543,0.002112,0.002112,0.001000,5
SENSOR_DATA,"[12,1]","[0,254]",,1,2852.787308,2852.787542,0.000234,0.005258,0.002112,0.002112,0.000800,4
SENSOR_DATA,"[0,2]","[0,254]",,1,2854.741474,2854.741564,0.000090,0.004714,0.002112,0.002112,0.000400,2
SENSOR_DATA,"[12,3]","[0,254]",,1,2856.965071,2856.965310,0.000239,0.005263,0.002112,0.002112,0.000800,4
SENSOR_DATA,"[0,1]","[0,254]",,1,2856.999538,2856.999617,0.000079,0.004703,0.002112,0.002112,0.000400,2
SENSOR_DATA,"[0,3]","[0,254]",,1,2857.907825,2857.907891,0.000066,0.004690,0.002112,0.002112,0.000400,2
SENSOR_DATA,"[12,4]","[0,254]",,1,2857.907773,2857.907899,0.000125,0.004949,0.002112,0.002112,0.000600,3
SENSOR_DATA,"[3,1]","[0,254]",,1,2858.527649,2858.527781,0.000132,0.004956,0.002112,0.002112,0.000600,3
SENSOR_DATA,"[12,2]","[0,254]",,1,2858.607701,2858.607863,0.000162,0.004986,0.002112,0.002112,0.000600,3
SENSOR_DATA,"[24,1]","[0,254]",,1,2860.598362,2860.598671,0.000309,0.005533,0.002112,0.002112,0.001000,5
SENSOR_DATA,"[1,1]","[0,254]",,1,2862.081586,2862.081765,0.000179,0.005003,0.002112,0.002112,0.000600,3
SENSOR_DATA,"[33,1]","[0,254]",,1,2862.598748,2862.599067,0.000319,0.005543,0.002112,0.002112,0.001000,5
SENSOR_DATA,"[12,1]","[0,254]",,1,2862.787308,2862.787542,0.000234,0.005258,0.002112,0.002112,0.000800,4
SENSOR_DATA,"[0,2]","[0,254]",,1,2864.741474,2864.741564,0.000090,0.004714,0.002112,0.002112,0.000400,2
SENSOR_DATA,"[12,3]","[0,254]",,1,2866.965071,2866.965310,0.000239,0.005263,0.002112,0.002112,0.000800,4
SENSOR_DATA,"[0,1]","[0,254]",,1,2866.999538,2866.999617,0.000079,0.004703,0.002112,0.002112,0.000400,2
SENSOR_DATA,"[0,3]","[0,254]",,1,2867.907825,2867.907891,0.000066,0.004690,0.002112,0.002112,0.000400,2
SENSOR_DATA,"[12,4]","[0,254]",,1,2867.907773,2867.907899,0.000125,0.004949,0.002112,0.002112,0.000600,3
SENSOR_DATA,"[3,1]","[0,254]",,1,2868.527649,2868.527781,0.000132,0.004956,0.002112,0.002112,0.000600,3
SENSOR_DATA,"[12,2]","[0,254]",,1,2868.607701,2868.607863,0.000162,0.004986,0.002112,0.002112,0.000600,3
SENSOR_DATA,"[24,1]","[0,254]",,1,2870.598362,2870.598671,0.000309,0.005533,0.002112,0.002112,0.001000,5
SENSOR_DATA,"[1,1]","[0,254]",,1,2872.081586,2872.081765,0.000179,0.005003,0.002112,0.002112,0.000600,3
SENSOR_DATA,"[33,1]","[0,254]",,1,2872.598748,2872.599067,0.000319,0.005543,0.002112,0.002112,0.001000,5
SENSOR_DATA,"[12,1]","[0,254]",,1,2872.787308,2872.787542,0.000234,0.005258,0.002112,0.002112,0.000800,4
SENSOR_DATA,"[0,2]","[0,254]",,1,2874.741474,2874.741564,0.000090,0.004714,0.002112,0.002112,0.000400,2
SENSOR_DATA,"[12,3]","[0,254]",,1,2876.965071,2876.965310,0.000239,0.005263,0.002112,0.002112,0.000800,4
SENSOR_DATA,"[0,1]","[0,254]",,1,2876.999538,2876.999617,0.000079,0.004703,0.002112,0.002112,0.000400,2
SENSOR_DATA,"[0,3]","[0,254]",,1,2877.907825,2877.907891,0.000066,0.004690,0.002112,0.002112,0.000400,2
SENSOR_DATA,"[12,4]","[0,254]",,1,2877.907773,2877.907899,0.000125,0.004949,0.002112,0.002112,0.000600,3
SENSOR_DATA,"[3,1]","[0,254]",,1,2878.527649,2878.527781,0.000132,0.004956,0.002112,0.002112,0.000600,3
SENSOR_DATA,"[12,2]","[0,254]",,1,2878.607701,2878.607863,0.000162,0.004986,0.002112,0.002112,0.000600,3
SENSOR_DATA,"[24,1]","[0,254]",,1,2880.598362,2880.598671,0.000309,0.005533,0.002112,0.002112,0.001000,5
SENSOR_DATA,"[1,1]","[0,254]",,1,2882.081586,2882.081765,0.000179,0.005003,0.002112,0.002112,0.000600,3
SENSOR_DATA,"[33,1]","[0,254]",,1,2882.598748,2882.599067,0.000319,0.005543,0.002112,0.002112,0.001000,5
SENSOR_DATA,"[12,1]","[0,254]",,1,2882.787308,2882.787542,0.000234,0.005258,0.002112,0.002112,0.000800,4
SENSOR_DATA,"[0,2]","[0,254]",,1,2884.741474,2884.741564,0.000090,0.004714,0.002112,0.002112,0.000400,2
SENSOR_DATA,"[12,3]","[0,254]",,1,2886.965071,2886.965310,0.000239,0.005263,0.002112,0.002112,0.000800,4
SENSOR_DATA,"[0,1]","[0,254]",,1,2886.999538,2886.999617,0.000079,0.004703,0.002112,0.002112,0.000400,2
SENSOR_DATA,"[0,3]","[0,254]",,1,2887.907825,2887.907891,0.000066,0.004690,0.002112,0.002112,0.000400,2
SENSOR_DATA,"[12,4]","[0,254]",,1,2887.907773,2887.907899,0.000125,0.004949,0.002112,0.002112,0.000600,3
SENSOR_DATA,"[3,1]","[0,254]",,1,2888.527649,2888.527781,0.000132,0.004956,0.002112,0.002112,0.000600,3
SENSOR_DATA,"[12,2]","[0,254]",,1,2888.607701,2888.607863,0.000162,0.004986,0.002112,0.002112,0.000600,3
SENSOR_DATA,"[24,1]","[0,254]",,1,2890.598362,2890.598671,0.000309,0.005533,0.002112,0.002112,0.001000,5
SENSOR_DATA,"[1,1]","[0,254]",,1,2892.081586,2892.081765,0.000179,0.005003,0.002112,0.002112,0.000600,3
SENSOR_DATA,"[33,1]","[0,254]",,1,2892.598748,2892.599067,0.000319,0.005543,0.002112,0.002112,0.001000,5
SENSOR_DATA,"[12,1]","[0,254]",,1,2892.787308,2892.787542,0.000234,0.005258,0.002112,0.002112,0.000800,4
SENSOR_DATA,"[0,2]","[0,254]",,1,2894.741474,2894.741564,0.000090,0.004714,0.002112,0.002112,0.000400,2
SENSOR_DATA,"[12,3]","[0,254]",,1,2896.965071,2896.965310,0.000239,0.005263,0.002112,0.002112,0.000800,4
SENSOR_DATA,"[0,1]","[0,254]",,1,2896.999538,2896.999617,0.000079,0.004703,0.002112,0.002112,0.000400,2
SENSOR_DATA,"[0,3]","[0,254]",,1,2897.907825,2897.907891,0.000066,0.004690,0.002112,0.002112,0.000400,2
SENSOR_DATA,"[12,4]","[0,254]",,1,2897.907773,2897.907899,0.000125,0.004949,0.002112,0.002112,0.000600,3
SENSOR_DATA,"[3,1]","[0,254]",,1,2898.527649,2898.527781,0.000132,0.004956,0.002112,0.002112,0.000600,3
SENSOR_DATA,"[12,2]","[0,254]",,1,2898.607701,2898.607863,0.000162,0.004986,0.002112,0.002112,0.000600,3
SENSOR_DATA,"[24,1]","[0,254]",,1,2900.598362,2900.598671,0.000309,0.005533,0.002112,0.002112,0.001000,5
SENSOR_DATA,"[1,1]","[0,254]",,1,2902.081586,2902.081765,0.000179,0.005003,0.002112,0.002112,0.000600,3
SENSOR_DATA,"[33,1]","[0,254]",,1,2902.598748,2902.599067,0.000319,0.005543,0.002112,0.002112,0.001000,5
SENSOR_DATA,"[12,1]","[0,254]",,1,2902.787308,2902.787542,0.000234,0.005258,0.002112,0.002112,0.000800,4
SENSOR_DATA,"[0,2]","[0,254]",,1,2904.741474,2904.741564,0.000090,0.004714,0.002112,0.002112,0.000400,2
SENSOR_DATA,"[12,3]","[0,254]",,1,2906.965071,2906.965310,0.000239,0.005263,0.002112,0.002112,0.000800,4
SENSOR_DATA,"[0,1]","[0,254]",,1,2906.999538,2906.999617,0.000079,0.004703,0.002112,0.002112,0.000400,2
SENSOR_DATA,"[0,3]","[0,254]",,1,2907.907825,2907.907891,0.000066,0.004690,0.002112,0.002112,0.000400,2
SENSOR_DATA,"[12,4]","[0,254]",,1,2907.907773,2907.907899,0.000125,0.004949,0.002112,0.002112,0.000600,3
SENSOR_DATA,"[3,1]","[0,254]",,1,2908.527649,2908.527781,0.000132,0.004956,0.002112,0.002112,0.000600,3
SENSOR_DATA,"[12,2]","[0,254]",,1,2908.607701,2908.607863,0.000162,0.004986,0.002112,0.002112,0.000600,3
SENSOR_DATA,"[24,1]","[0,254]",,1,2910.598362,2910.598671,0.000309,0.005533,0.002112,0.002112,0.001000,5
SENSOR_DATA,"[1,1]","[0,254]",,1,2912.081586,2912.081765,0.000179,0.005003,0.002112,0.002112,0.000600,3
SENSOR_DATA,"[33,1]","[0,254]",,1,2912.598748,2912.599067,0.000319,0.005543,0.002112,0.002112,0.001000,5
SENSOR_DATA,"[12,1]","[0,254]",,1,2912.787308,2912.787542,0.000234,0.005258,0.002112,0.002112,0.000800,4
SENSOR_DATA,"[0,2]","[0,254]",,1,2914.741474,2914.741564,0.000090,0.004714,0.002112,0.002112,0.000400,2
SENSOR_DATA,"[12,3]","[0,254]",,1,2916.965071,2916.965310,0.000239,0.005263,0.002112,0.002112,0.000800,4
SENSOR_DATA,"[0,1]","[0,254]",,1,2916.999538,2916.999617,0.000079,0.004703,0.002112,0.002112,0.000400,2
SENSOR_DATA,"[0,3]","[0,254]",,1,2917.907825,2917.907891,0.000066,0.004690,0.002112,0.002112,0.000400,2
SENSOR_DATA,"[12,4]","[0,254]",,1,2917.907773,2917.907899,0.000125,0.004949,0.002112,0.002112,0.000600,3
SENSOR_DATA,"[3,1]","[0,254]",,1,2918.527649,2918.527781,0.000132,0.004956,0.002112,0.002112,0.000600,3
SENSOR_DATA,"[12,2]","[0,254]",,1,2918.607701,2918.607863,0.000162,0.004986,0.002112,0.002112,0.000600,3
SENSOR_DATA,"[24,1]","[0,254]",,1,2920.598362,2920.598671,0.000309,0.005533,0.002112,0.002112,0.001000,5
SENSOR_DATA,"[1,1]","[0,254]",,1,2922.081586,2922.081765,0.000179,0.005003,0.002112,0.002112,0.000600,3
SENSOR_DATA,"[33,1]","[0,254]",,1,2922.598748,2922.599067,0.000319,0.005543,0.002112,0.002112,0.001000,5
SENSOR_DATA,"[12,1]","[0,254]",,1,2922.787308,2922.787542,0.000234,0.005258,0.002112,0.002112,0.000800,4
SENSOR_DATA,"[0,2]","[0,254]",,1,2924.741474,2924.741564,0.000090,0.004714,0.002112,0.002112,0.000400,2
SENSOR_DATA,"[12,3]","[0,254]",,1,2926.965071,2926.965310,0.000239,0.005263,0.002112,0.002112,0.000800,4
SENSOR_DATA,"[0,1]","[0,254]",,1,2926.999538,2926.999617,0.000079,0.004703,0.002112,0.002112,0.000400,2
SENSOR_DATA,"[0,3]","[0,254]",,1,2927.907825,2927.907891,0.000066,0.004690,0.002112,0.002112,0.000400,2
SENSOR_DATA,"[12,4]","[0,254]",,1,2927.907773,2927.907899,0.000125,0.004949,0.002112,0.002112,0.000600,3
SENSOR_DATA,"[3,1]","[0,254]",,1,2928.527649,2928.527781,0.000132,0.004956,0.002112,0.002112,0.000600,3
SENSOR_DATA,"[12,2]","[0,254]",,1,2928.607701,2928.607863,0.000162,0.004986,0.002112,0.002112,0.000600,3
SENSOR_DATA,"[24,1]","[0,254]",,1,2930.598362,2930.598671,0.000309,0.005533,0.002112,0.002112,0.001000,5
SENSOR_DATA,"[1,1]","[0,254]",,1,2932.081586,2932.081765,0.000179,0.005003,0.002112,0.002112,0.000600,3
SENSOR_DATA,"[33,1]","[0,254]",,1,2932.598748,2932.599067,0.000319,0.005543,0.002112,0.002112,0.001000,5
SENSOR_DATA,"[12,1]","[0,254]",,1,2932.787308,2932.787542,0.000234,0.005258,0.002112,0.002112,0.000800,4
SENSOR_DATA,"[0,2]","[0,254]",,1,2934.741474,2934.741564,0.000090,0.004714,0.002112,0.002112,0.000400,2
SENSOR_DATA,"[12,3]","[0,254]",,1,2936.965071,2936.965310,0.000239,0.005263,0.002112,0.002112,0.000800,4
SENSOR_DATA,"[0,1]","[0,254]",,1,2936.999538,2936.999617,0.000079,0.004703,0.002112,0.002112,0.000400,2
SENSOR_DATA,"[0,3]","[0,254]",,1,2937.907825,2937.907891,0.000066,0.004690,0.002112,0.002112,0.000400,2
SENSOR_DATA,"[12,4]","[0,254]",,1,2937.907773,2937.907899,0.000125,0.004949,0.002112,0.002112,0.000600,3
SENSOR_DATA,"[3,1]","[0,254]",,1,2938.527649,2938.527781,0.000132,0.004956,0.002112,0.002112,0.000600,3
SENSOR_DATA,"[12,2]","[0,254]",,1,2938.607701,2938.607863,0.000162,0.004986,0.002112,0.002112,0.000600,3
SENSOR_DATA,"[24,1]","[0,254]",,1,2940.598362,2940.598671,0.000309,0.005533,0.002112,0.002112,0.001000,5
SENSOR_DATA,"[1,1]","[0,254]",,1,2942.081586,2942.081765,0.000179,0.005003,0.002112,0.002112,0.000600,3
SENSOR_DATA,"[33,1]","[0,254]",,1,2942.598748,2942.599067,0.000319,0.005543,0.002112,0.002112,0.001000,5
SENSOR_DATA,"[12,1]","[0,254]",,1,2942.787308,2942.787542,0.000234,0.005258,0.002112,0.002112,0.000800,4
SENSOR_DATA,"[0,2]","[0,254]",,1,2944.741474,2944.741564,0.000090,0.004714,0.002112,0.002112,0.000400,2
SENSOR_DATA,"[12,3]","[0,254]",,1,2946.965071,2946.965310,0.000239,0.005263,0.002112,0.002112,0.000800,4
SENSOR_DATA,"[0,1]","[0,254]",,1,2946.999538,2946.999617,0.000079,0.004703,0.002112,0.002112,0.000400,2
SENSOR_DATA,"[0,3]","[0,254]",,1,2947.907825,2947.907891,0.000066,0.004690,0.002112,0.002112,0.000400,2
SENSOR_DATA,"[12,4]","[0,254]",,1,2947.907773,2947.907899,0.000125,0.004949,0.002112,0.002112,0.000600,3
SENSOR_DATA,"[3,1]","[0,254]",,1,2948.527649,2948.527781,0.000132,0.004956,0.002112,0.002112,0.000600,3
SENSOR_DATA,"[12,2]","[0,254]",,1,2948.607701,2948.607863,0.000162,0.004986,0.002112,0.002112,0.000600,3
SENSOR_DATA,"[24,1]","[0,254]",,1,2950.598362,2950.598671,0.000309,0.005533,0.002112,0.002112,0.001000,5
SENSOR_DATA,"[1,1]","[0,254]",,1,2952.081586,2952.081765,0.000179,0.005003,0.002112,0.002112,0.000600,3
SENSOR_DATA,"[33,1]","[0,254]",,1,2952.598748,2952.599067,0.000319,0.005543,0.002112,0.002112,0.001000,5
SENSOR_DATA,"[12,1]","[0,254]",,1,2952.787308,2952.787542,0.000234,0.005258,0.002112,0.002112,0.000800,4
SENSOR_DATA,"[0,2]","[0,254]",,1,2954.741474,2954.741564,0.000090,0.004714,0.002112,0.002112,0.000400,2
SENSOR_DATA,"[12,3]","[0,254]",,1,2956.965071,2956.965310,0.000239,0.005263,0.002112,0.002112,0.000800,4
SENSOR_DATA,"[0,1]","[0,254]",,1,2956.999538,2956.999617,0.000079,0.004703,0.002112,0.002112,0.000400,2
SENSOR_DATA,"[0,3]","[0,254]",,1,2957.907825,2957.907891,0.000066,0.004690,0.002112,0.002112,0.000400,2
SENSOR_DATA,"[12,4]","[0,254]",,1,2957.907773,2957.907899,0.000125,0.004949,0.002112,0.002112,0.000600,3
SENSOR_DATA,"[3,1]","[0,254]",,1,2958.527649,2958.527781,0.000132,0.004956,0.002112,0.002112,0.000600,3
SENSOR_DATA,"[12,2]","[0,254]",,1,2958.607701,2958.607863,0.000162,0.004986,0.002112,0.002112,0.000600,3
SENSOR_DATA,"[24,1]","[0,254]",,1,2960.598362,2960.598671,0.000309,0.005533,0.002112,0.002112,0.001000,5
SENSOR_DATA,"[1,1]","[0,254]",,1,2962.081586,2962.081765,0.000179,0.005003,0.002112,0.002112,0.000600,3
SENSOR_DATA,"[33,1]","[0,254]",,1,2962.598748,2962.599067,0.000319,0.005543,0.002112,0.002112,0.001000,5
SENSOR_DATA,"[12,1]","[0,254]",,1,2962.787308,2962.787542,0.000234,0.005258,0.002112,0.002112,0.000800,4
SENSOR_DATA,"[0,2]","[0,254]",,1,2964.741474,2964.741564,0.000090,0.004714,0.002112,0.002112,0.000400,2
SENSOR_DATA,"[12,3]","[0,254]",,1,2966.965071,2966.965310,0.000239,0.005263,0.002112,0.002112,0.000800,4
SENSOR_DATA,"[0,1]","[0,254]",,1,2966.999538,2966.999617,0.000079,0.004703,0.002112,0.002112,0.000400,2
SENSOR_DATA,"[0,3]","[0,254]",,1,2967.907825,2967.907891,0.000066,0.004690,0.002112,0.002112,0.000400,2
SENSOR_DATA,"[12,4]","[0,254]",,1,2967.907773,2967.907899,0.000125,0.004949,0.002112,0.002112,0.000600,3
SENSOR_DATA,"[3,1]","[0,254]",,1,2968.527649,2968.527781,0.000132,0.004956,0.002112,0.002112,0.000600,3
SENSOR_DATA,"[12,2]","[0,254]",,1,2968.607701,2968.607863,0.000162,0.004986,0.002112,0.002112,0.000600,3
SENSOR_DATA,"[24,1]","[0,254]",,1,2970.598362,2970.598671,0.000309,0.005533,0.002112,0.002112,0.001000,5
SENSOR_DATA,"[1,1]","[0,254]",,1,2972.081586,2972.081765,0.000179,0.005003,0.002112,0.002112,0.000600,3
SENSOR_DATA,"[33,1]","[0,254]",,1,2972.598748,2972.599067,0.000319,0.005543,0.002112,0.002112,0.001000,5
SENSOR_DATA,"[12,1]","[0,254]",,1,2972.787308,2972.787542,0.000234,0.005258,0.002112,0.002112,0.000800,4
SENSOR_DATA,"[0,2]","[0,254]",,1,2974.741474,2974.741564,0.000090,0.004714,0.002112,0.002112,0.000400,2
SENSOR_DATA,"[12,3]","[0,254]",,1,2976.965071,2976.965310,0.000239,0.005263,0.002112,0.002112,0.000800,4
SENSOR_DATA,"[0,1]","[0,254]",,1,2976.999538,2976.999617,0.000079,0.004703,0.002112,0.002112,0.000400,2
SENSOR_DATA,"[0,3]","[0,254]",,1,2977.907825,2977.907891,0.000066,0.004690,0.002112,0.002112,0.000400,2
SENSOR_DATA,"[12,4]","[0,254]",,1,2977.907773,2977.907899,0.000125,0.004949,0.002112,0.002112,0.000600,3
SENSOR_DATA,"[3,1]","[0,254]",,1,2978.527649,2978.527781,0.000132,0.004956,0.002112,0.002112,0.000600,3
SENSOR_DATA,"[12,2]","[0,254]",,1,2978.607701,2978.607863,0.000162,0.004986,0.002112,0.002112,0.000600,3
